icon,name,rarity,capacity,value,how_to_get,category
https://static.wikia.nocookie.net/monsterhunter/images/9/90/MH4G-Medicine_Icon_Green.png,Potion,1,10,7,Combine Herb and Blue Mushroom,Restoration & Enhancement
https://static.wikia.nocookie.net/monsterhunter/images/9/90/MH4G-Medicine_Icon_Green.png,Mega Potion,2,10,16,Combine Potion and Honey,Restoration & Enhancement
https://static.wikia.nocookie.net/monsterhunter/images/2/2d/MH4G-Medicine_Icon_Light_Blue.png,Nutrients,2,5,25,Combine Blue Mushroom and Godbug,Restoration & Enhancement
https://static.wikia.nocookie.net/monsterhunter/images/2/2d/MH4G-Medicine_Icon_Light_Blue.png,Mega Nutrients,3,5,92,Combine Nutrients and Honey,Restoration & Enhancement
https://static.wikia.nocookie.net/monsterhunter/images/c/c9/MH4G-Medicine_Icon_Blue.png,Antidote,1,10,6,Combine Antidote Herb and Blue Mushroom,Restoration & Enhancement
https://static.wikia.nocookie.net/monsterhunter/images/c/c7/MH4G-Medicine_Icon_Yellow.png,Immunizer,3,10,92,Combine Catalyst and Dragon Toadstool,Restoration & Enhancement
https://static.wikia.nocookie.net/monsterhunter/images/c/c7/MH4G-Medicine_Icon_Yellow.png,Dash Juice,2,5,29,Combine Catalyst and Rare Steak,Restoration & Enhancement
https://static.wikia.nocookie.net/monsterhunter/images/c/c7/MH4G-Medicine_Icon_Yellow.png,Mega Dash Juice,3,5,205,Combine Well-Done Steak and Dash Extract,Restoration & Enhancement
https://static.wikia.nocookie.net/monsterhunter/images/1/1f/MH4G-Medicine_Icon_Red.png,Demondrug,4,5,67,Combine Catalyst and Might Seed,Restoration & Enhancement
https://static.wikia.nocookie.net/monsterhunter/images/1/1f/MH4G-Medicine_Icon_Red.png,Mega Demondrug,5,5,283,Combine Demondrug and Pale Extract,Restoration & Enhancement
https://static.wikia.nocookie.net/monsterhunter/images/1/15/MH4G-Sac_Icon_Red.png,Might Pill,1,5,280,Combine Immunizer and Might Seed,Restoration & Enhancement
https://static.wikia.nocookie.net/monsterhunter/images/b/b5/MH4G-Medicine_Icon_Orange.png,Armorskin,4,5,58,Combine Catalyst and Adamant Seed,Restoration & Enhancement
https://static.wikia.nocookie.net/monsterhunter/images/b/b5/MH4G-Medicine_Icon_Orange.png,Mega Armorskin,5,5,269,Combine Armorskin and Pale Extract,Restoration & Enhancement
https://static.wikia.nocookie.net/monsterhunter/images/6/6b/MH4G-Sac_Icon_Orange.png,Adamant Pill,1,5,260,Combine Immunizer and Adamant Seed,Restoration & Enhancement
https://static.wikia.nocookie.net/monsterhunter/images/2/26/MH4G-Medicine_Icon_White.png,Cool Drink,1,5,30,Combine Ice Crystal and Bitterbug,Restoration & Enhancement
https://static.wikia.nocookie.net/monsterhunter/images/1/1f/MH4G-Medicine_Icon_Red.png,Hot Drink,1,5,25,Combine Hot Pepper and Bitterbug,Restoration & Enhancement
https://static.wikia.nocookie.net/monsterhunter/images/2/2d/MH4G-Medicine_Icon_Light_Blue.png,Cleanser,2,10,14,Combine Catalyst and Popfish,Restoration & Enhancement
https://static.wikia.nocookie.net/monsterhunter/images/b/b5/MH4G-Medicine_Icon_Orange.png,Psychoserum,3,10,30,Trader,Restoration & Enhancement
https://static.wikia.nocookie.net/monsterhunter/images/8/82/MH4G-Sac_Icon_White.png,Herbal Medicine,2,10,25,Combine Gloamgrass Root and Bitterbug,Restoration & Enhancement
https://static.wikia.nocookie.net/monsterhunter/images/b/b5/MH4G-Sac_Icon_Yellow.png,Max Potion,3,2,210,Combine Mega Nutrients and Dragon Toadstool,Restoration & Enhancement
https://static.wikia.nocookie.net/monsterhunter/images/1/15/MH4G-Sac_Icon_Red.png,Ancient Potion,5,1,345,Combine Immunizer and Kelbi Horn,Restoration & Enhancement
https://static.wikia.nocookie.net/monsterhunter/images/c/c7/MH4G-Medicine_Icon_Yellow.png,Energy Drink,2,10,5,Combine Honey and Nitroshroom,Restoration & Enhancement
https://static.wikia.nocookie.net/monsterhunter/images/8/82/MH4G-Sac_Icon_White.png,Lifepowder,4,3,315,Combine Lifecrystals and Wyvern Claw,Restoration & Enhancement
https://static.wikia.nocookie.net/monsterhunter/images/f/f9/MH4G-Sac_Icon_Green.png,Dust of Life,5,2,1005,Trade 15 Horns Coins (HR 11 required),Restoration & Enhancement
https://static.wikia.nocookie.net/monsterhunter/images/f/fb/FourthGen-Medicine_Icon_Dark_Red.png,Hunter's Drink,5,3,350,Combine Hyper Extract and Catalyst,Restoration & Enhancement
https://static.wikia.nocookie.net/monsterhunter/images/0/08/MH4G-Smoke_Icon_Light_Blue.png,Deodorant,2,10,8,Combine Bomb Casing and Bitterbug,Restoration & Enhancement
https://static.wikia.nocookie.net/monsterhunter/images/0/08/MH4G-Book_Icon_Grey.png,Book of Combos 1,4,1,100,Buy from the Item Shop,Tools
https://static.wikia.nocookie.net/monsterhunter/images/0/08/MH4G-Book_Icon_Grey.png,Book of Combos 2,4,1,200,Buy from the Item Shop,Tools
https://static.wikia.nocookie.net/monsterhunter/images/a/ab/MH4G-Book_Icon_White.png,Book of Combos 3,4,1,500,Buy from the Item Shop,Tools
https://static.wikia.nocookie.net/monsterhunter/images/a/ab/MH4G-Book_Icon_White.png,Book of Combos 4,5,1,1000,Buy from the Item Shop,Tools
https://static.wikia.nocookie.net/monsterhunter/images/4/48/MH4G-Book_Icon_Yellow.png,Book of Combos 5,5,1,1500,Buy from the Item Shop,Tools
https://static.wikia.nocookie.net/monsterhunter/images/e/e2/MH4G-Binoculars_Icon_White.png,Binoculars,1,1,5,Buy from the Item Shop,Tools
https://static.wikia.nocookie.net/monsterhunter/images/1/13/MH4G-Sac_Icon_Grey.png,Catalyst,2,5,48,Combine Honey and Bitterbug,Tools
https://static.wikia.nocookie.net/monsterhunter/images/1/15/MH4G-Sac_Icon_Red.png,Gunpowder,2,20,45,Combine Fire Herb and Nitroshroom,Tools
https://static.wikia.nocookie.net/monsterhunter/images/8/82/MH4G-Sac_Icon_White.png,Lifecrystals,3,3,59,Combine Godbug and Wyvern Fang,Tools
https://static.wikia.nocookie.net/monsterhunter/images/1/1f/MH4G-Medicine_Icon_Red.png,Tranquilizer,4,10,15,Combine Sleep Herb and Parashroom,Tools
https://static.wikia.nocookie.net/monsterhunter/images/a/a8/MH4G-Egg_Icon_White.png,Yukumo Egg,1,5,1,Given by Bath Cattendant at Yukumo Footbath,Tools
https://static.wikia.nocookie.net/monsterhunter/images/8/82/MH4G-Sac_Icon_White.png,Tanzia Chips,2,5,10,Given by Tanzia Port Boss at Yukumo Footbath,Tools
https://static.wikia.nocookie.net/monsterhunter/images/1/15/MH4G-Sac_Icon_Red.png,Powercharm,5,1,3600,Buy from the Item Shop,Tools
https://static.wikia.nocookie.net/monsterhunter/images/c/c9/MH4G-Claw_Icon_Red.png,Powertalon,5,1,6840,Combine Powercharm and Deviljho Talon,Tools
https://static.wikia.nocookie.net/monsterhunter/images/6/6b/MH4G-Sac_Icon_Orange.png,Armorcharm,5,1,2400,Buy from the Item Shop,Tools
https://static.wikia.nocookie.net/monsterhunter/images/4/46/MH4G-Claw_Icon_Orange.png,Armortalon,5,1,5040,Combine Armorcharm and Deviljho Talon,Tools
https://static.wikia.nocookie.net/monsterhunter/images/5/51/MH4G-BBQ_Icon_Red.png,BBQ Spit,4,1,56,Buy from the Item Shop,Tools
https://static.wikia.nocookie.net/monsterhunter/images/f/f1/MH4G-Meat_Icon_Red.png,Raw Meat,1,10,5,"Carve Aptonoth, Gargwa, Kelbi, Popo, Rhenoplos, or Slagtoth",Tools
https://static.wikia.nocookie.net/monsterhunter/images/f/fa/MH4G-Meat_Icon_Purple.png,Poisoned Meat,1,10,19,Combine Raw Meat and Toadstool,Tools
https://static.wikia.nocookie.net/monsterhunter/images/d/d9/MH4G-Meat_Icon_Yellow.png,Tinged Meat,2,10,30,Combine Raw Meat and Parashroom,Tools
https://static.wikia.nocookie.net/monsterhunter/images/9/97/MH4G-Meat_Icon_Light_Blue.png,Drugged Meat,1,10,32,Combine Raw Meat and Sleep Herb,Tools
https://static.wikia.nocookie.net/monsterhunter/images/e/ea/MH4G-Meat_Icon_Orange.png,Rare Steak,1,10,3,Cook Raw Meat,Tools
https://static.wikia.nocookie.net/monsterhunter/images/e/ea/MH4G-Meat_Icon_Orange.png,Well-done Steak,2,10,48,Cook Raw Meat,Tools
https://static.wikia.nocookie.net/monsterhunter/images/5/56/MH4G-Meat_Icon_Grey.png,Burnt Meat,1,10,1,Cook Raw Meat,Tools
https://static.wikia.nocookie.net/monsterhunter/images/9/97/MH4G-Meat_Icon_Light_Blue.png,Chilled Meat,1,10,30,Combine Well-done Steak and Ice Crystal,Tools
https://static.wikia.nocookie.net/monsterhunter/images/f/f1/MH4G-Meat_Icon_Red.png,Hot Meat,1,10,25,Combine Well-done Steak and Hot Pepper,Tools
https://static.wikia.nocookie.net/monsterhunter/images/1/17/MH4G-Meat_Icon_Pink.png,Mosswine Jerky,2,5,10,Given by Master Tool at Yukumo Footbath,Tools
https://static.wikia.nocookie.net/monsterhunter/images/e/ea/MH4G-Meat_Icon_Orange.png,Kingmeat,6,99,550,"Reward from Village Quest ""Advanced: Jurassic Treasure""",Tools
https://static.wikia.nocookie.net/monsterhunter/images/f/f3/MH4G-Whetstone_Icon_Yellow.png,Whetstone,1,20,8,Buy from the Item Shop or gather in most areas,Tools
https://static.wikia.nocookie.net/monsterhunter/images/3/37/MH4G-Pickaxe_Icon_Grey.png,Old Pickaxe,1,5,6,Combine Stone and Mystery Bone,Tools
https://static.wikia.nocookie.net/monsterhunter/images/9/97/MH4G-Pickaxe_Icon_White.png,Iron Pickaxe,1,5,16,Combine Iron Ore and Mystery Bone,Tools
https://static.wikia.nocookie.net/monsterhunter/images/c/cc/MH4G-Pickaxe_Icon_Yellow.png,Mega Pickaxe,3,5,24,Combine Machalite Ore and Mystery Bone,Tools
https://static.wikia.nocookie.net/monsterhunter/images/8/84/MH4G-Bugnet_Icon_Grey.png,Old Bug Net,1,5,3,Combine Ivy and Mystery Bone,Tools
https://static.wikia.nocookie.net/monsterhunter/images/c/ce/MH4G-Bugnet_Icon_White.png,Bug Net,1,5,8,Combine Ivy and Monster Bone S,Tools
https://static.wikia.nocookie.net/monsterhunter/images/1/17/MH4G-Bugnet_Icon_Yellow.png,Mega Bug Net,3,5,12,Combine Ivy and Monster Bone M,Tools
https://static.wikia.nocookie.net/monsterhunter/images/3/3a/MH4G-Boomerang_Icon_Yellow.png,Boomerang,4,5,15,Combine Whetstone and Monster Bone S,Tools
https://static.wikia.nocookie.net/monsterhunter/images/3/38/MH4G-Ball_Icon_White.png,Bomb Casing,1,30,15,Combine Sap Plant and Stone or Sap Plant and Iron Ore,Tools
https://static.wikia.nocookie.net/monsterhunter/images/2/25/MH4G-Ball_Icon_Pink.png,Paintball,1,99,10,Combine Bomb Casing and Paintberry,Tools
https://static.wikia.nocookie.net/monsterhunter/images/1/16/MH4G-Ball_Icon_Yellow.png,Flash Bomb,2,5,57,Combine Bomb Casing and Flashbug,Tools
https://static.wikia.nocookie.net/monsterhunter/images/5/5b/MH4G-Ball_Icon_Grey.png,Sonic Bomb,2,10,45,Combine Gunpowder and Screamer,Tools
https://static.wikia.nocookie.net/monsterhunter/images/3/35/MH4G-Ball_Icon_Red.png,Tranq Bomb,4,8,35,Combine Tranquilizer and Bomb Casing,Tools
https://static.wikia.nocookie.net/monsterhunter/images/c/c9/MH4G-Smoke_Icon_White.png,Smoke Bomb,2,10,80,Combine Bomb Casing and Ivy,Tools
https://static.wikia.nocookie.net/monsterhunter/images/d/d0/MH4G-Smoke_Icon_Purple.png,Poison Smoke Bomb,2,10,60,Combine Bomb Casing and Toadstool or Bomb Casing and Poison Sac,Tools
https://static.wikia.nocookie.net/monsterhunter/images/6/6f/MH4G-Smoke_Icon_Green.png,Farcaster,3,1,30,Combine Bomb Casing and Exciteshroom,Tools
https://static.wikia.nocookie.net/monsterhunter/images/f/f5/MH4G-Dung_Icon_Brown.png,Dung Bomb,2,10,80,Combine Bomb Casing and Dung,Tools
https://static.wikia.nocookie.net/monsterhunter/images/f/f5/MH4G-Dung_Icon_Brown.png,Dung,1,10,1,"Search dung piles in Jurassic Frontier, Verdant Hills, Misty Peaks, Dunes, Deserted Island, Ancestral Steppe, Volcanic Hollow, Desert, and Jungle",Tools
https://static.wikia.nocookie.net/monsterhunter/images/a/ae/MH4G-Trap_Tool_Icon_Green.png,Trap Tool,3,2,20,Buy from the Item Shop,Tools
https://static.wikia.nocookie.net/monsterhunter/images/e/ed/MH4G-Spiderweb_Icon_White.png,Spider Web,1,10,6,"Search spiderwebs in Jurassic Frontier, Verdant Hills, Misty Peaks, Dunes, Deserted Island, Marshlands, Ancestral Steppe, Volcanic Hollow, Primal Forest, and Jungle",Tools
https://static.wikia.nocookie.net/monsterhunter/images/e/ed/MH4G-Spiderweb_Icon_White.png,Net,2,10,54,Combine Spider Web and Ivy,Tools
https://static.wikia.nocookie.net/monsterhunter/images/2/25/MH4G-Trap_Icon_Green.png,Pitfall Trap,3,1,46,Combine Net and Trap Tool,Tools
https://static.wikia.nocookie.net/monsterhunter/images/7/71/MH4G-Trap_Icon_Purple.png,Shock Trap,3,1,160,Combine Trap Tool and Thunderbug,Tools
https://static.wikia.nocookie.net/monsterhunter/images/1/17/MH4G-Barrel_Icon_Grey.png,Barrel Lid,5,99,10,"Gather at Lynian stockpiles in Verdant Hills, Marshlands, Desert, and Jurassic Frontier",Tools
https://static.wikia.nocookie.net/monsterhunter/images/9/96/MH4G-Barrel_Icon_Yellow.png,Small Barrel,1,10,8,Buy from the Item Shop,Tools
https://static.wikia.nocookie.net/monsterhunter/images/9/9a/MH4G-Barrel_Icon_Red.png,Large Barrel,2,10,21,Buy from the Item Shop,Tools
https://static.wikia.nocookie.net/monsterhunter/images/2/24/MH4G-Bomb_Icon_Yellow.png,Barrel Bomb S,2,10,16,Combine Small Barrel and Fire Herb,Tools
https://static.wikia.nocookie.net/monsterhunter/images/a/a3/MH4G-Bomb_Icon_Red.png,Barrel Bomb L,3,3,52,Combine Gunpowder and Large Barrel,Tools
https://static.wikia.nocookie.net/monsterhunter/images/a/a3/MH4G-Bomb_Icon_Red.png,Barrel Bomb L+,4,2,80,Combine Barrel Bomb L and Scatterfish,Tools
https://static.wikia.nocookie.net/monsterhunter/images/0/0a/MH4G-Bomb_Icon_Blue.png,Bounce Bomb,2,10,18,Combine Barrel Bomb S and Bnahabra Wing,Tools
https://static.wikia.nocookie.net/monsterhunter/images/0/0a/MH4G-Bomb_Icon_Blue.png,Bounce Bomb+,4,10,68,Combine Bounce Bomb and Bomb Arowana,Tools
https://static.wikia.nocookie.net/monsterhunter/images/0/05/FourthGen-Blade_Oil_Icon_Red.png,Affinity Oil,4,5,14,Buy from the Item Shop,Tools
https://static.wikia.nocookie.net/monsterhunter/images/5/5a/FourthGen-Blade_Oil_Icon_Green.png,Destroyer Oil,4,5,25,Buy from the Item Shop,Tools
https://static.wikia.nocookie.net/monsterhunter/images/2/26/FourthGen-Blade_Oil_Icon_Light_Blue.png,Exhaust Oil,4,5,14,Buy from the Item Shop,Tools
https://static.wikia.nocookie.net/monsterhunter/images/a/ac/FourthGen-Blade_Oil_Icon_White.png,Mind's Eye Oil,4,5,25,Buy from the Item Shop,Tools
https://static.wikia.nocookie.net/monsterhunter/images/6/6c/MH4G-Bait_Icon_Grey.png,Worm,1,10,2,Gather in most areas,Tools
https://static.wikia.nocookie.net/monsterhunter/images/9/92/MH4G-Bait_Icon_Pink.png,Mega Fishing Fly,3,10,3,"Gather in Misty Peaks, Dunes, Deserted Island, Ancestral Steppe, Volcanic Hollow, Primal Forest, Frozen Seaway, and Ruined Pinnacle",Tools
https://static.wikia.nocookie.net/monsterhunter/images/0/0d/MH4G-Bait_Icon_Blue.png,Frog,2,10,15,Search near bodies of water,Tools
https://static.wikia.nocookie.net/monsterhunter/images/6/6b/MH4G-Bait_Icon_Orange.png,Sushifish Bait,2,5,2,Combine Mega Fishing Fly and Insect Husk,Tools
https://static.wikia.nocookie.net/monsterhunter/images/6/6e/MH4G-Bait_Icon_Red.png,Burst Bait,2,5,7,Combine Mega Fishing Fly and Stinkhopper,Tools
https://static.wikia.nocookie.net/monsterhunter/images/f/f0/MH4G-Bait_Icon_Yellow.png,Goldenfish Bait,4,5,30,Combine Mega Fishing Fly and Snakebee Larva,Tools
https://static.wikia.nocookie.net/monsterhunter/images/f/f4/MH4G-Horn_Icon_Yellow.png,Field Horn,2,1,48,Buy from the Item Shop,Tools
https://static.wikia.nocookie.net/monsterhunter/images/8/82/MH4G-Horn_Icon_Green.png,Health Horn,4,1,550,Combine Lifecrystals and Field Horn,Tools
https://static.wikia.nocookie.net/monsterhunter/images/3/3a/MH4G-Horn_Icon_Blue.png,Antidote Horn,4,1,300,Combine Antidote and Field Horn,Tools
https://static.wikia.nocookie.net/monsterhunter/images/6/6f/MH4G-Horn_Icon_Red.png,Demon Horn,5,1,1080,Combine Mega Demondrug and Field Horn,Tools
https://static.wikia.nocookie.net/monsterhunter/images/5/51/MH4G-Horn_Icon_Orange.png,Armor Horn,5,1,986,Combine Mega Armorskin and Field Horn,Tools
https://static.wikia.nocookie.net/monsterhunter/images/a/af/MH4G-Pickaxe_Icon_Purple.png,Slickaxe,4,99,0,Reward from certain gathering quests (Paw Pass Ticket),Tools
https://static.wikia.nocookie.net/monsterhunter/images/a/a1/MH4G-Meat_Icon_Brown.png,Alchemy Food,3,10,0,Shake Alchemy Barrel one time,Alchemy Items
https://static.wikia.nocookie.net/monsterhunter/images/4/4a/MH4G-Whetstone_Icon_Brown.png,Alchemy Whetstone,3,8,0,Shake Alchemy Barrel one time (Blademaster only),Alchemy Items
https://static.wikia.nocookie.net/monsterhunter/images/6/67/MH4G-Shot_Icon_Brown.png,Alchemy Bullet,3,30,0,Shake Alchemy Barrel one time (Gunner-Bowguns only),Alchemy Items
https://static.wikia.nocookie.net/monsterhunter/images/a/ac/MH4G-Coating_Icon_Brown.png,Alchemy Coating,3,20,0,Shake Alchemy Barrel one time (Gunner-Bow only),Alchemy Items
https://static.wikia.nocookie.net/monsterhunter/images/4/41/MH4G-Seed_Icon_Brown.png,Alchemy Immunizer,3,10,0,Shake Alchemy Barrel two times,Alchemy Items
https://static.wikia.nocookie.net/monsterhunter/images/5/5a/MH4G-Ball_Icon_Brown.png,Alchemy Sonic Boom,4,3,0,Shake Alchemy Barrel two times,Alchemy Items
https://static.wikia.nocookie.net/monsterhunter/images/4/4f/MH4G-Sac_Icon_Brown.png,Alchemy Earplugs,3,3,0,Shake Alchemy Barrel three times,Alchemy Items
https://static.wikia.nocookie.net/monsterhunter/images/b/bd/MH4G-Medicine_Icon_Brown.png,Alchemy Booster,4,1,0,Shake Alchemy Barrel three times,Alchemy Items
https://static.wikia.nocookie.net/monsterhunter/images/1/17/MH4G-Frenzy_Wyvern_Crystal_Brown.png,Alchemy Slick,4,1,0,Shake Alchemy Barrel four times,Alchemy Items
https://static.wikia.nocookie.net/monsterhunter/images/7/7d/MH4G-Egg_Icon_Brown.png,Alchemy Fireball,5,3,0,Shake Alchemy Barrel four times,Alchemy Items
https://static.wikia.nocookie.net/monsterhunter/images/8/85/MH4G-Smoke_Icon_Brown.png,Alchemy Cheer,5,1,0,Shake Alchemy Barrel five times,Alchemy Items
https://static.wikia.nocookie.net/monsterhunter/images/8/85/MH4G-Barrel_Icon_Brown.png,Alchemy Remedy,5,1,0,Shake Alchemy Barrel five times,Alchemy Items
https://static.wikia.nocookie.net/monsterhunter/images/4/45/MH4G-Shot_Icon_White.png,Normal S Lv1 LV1,1,,0,Always have when equipped with a Bowgun,Ammo & Coatings
https://static.wikia.nocookie.net/monsterhunter/images/4/45/MH4G-Shot_Icon_White.png,Normal S Lv2 LV2,1,99,1,Combine Huskberry and Needleberry,Ammo & Coatings
https://static.wikia.nocookie.net/monsterhunter/images/4/45/MH4G-Shot_Icon_White.png,Normal S Lv3 LV3,2,99,2,Combine Huskberry and Popfish,Ammo & Coatings
https://static.wikia.nocookie.net/monsterhunter/images/4/45/MH4G-Shot_Icon_White.png,Pierce S Lv1 LV1,2,60,1,Combine Huskberry and Latchberry,Ammo & Coatings
https://static.wikia.nocookie.net/monsterhunter/images/4/45/MH4G-Shot_Icon_White.png,Pierce S Lv2 LV2,2,60,2,Combine Bone Husk and Bird Wyvern Fang,Ammo & Coatings
https://static.wikia.nocookie.net/monsterhunter/images/4/45/MH4G-Shot_Icon_White.png,Pierce S Lv3 LV3,3,60,3,Combine Bone Husk and Pin Tuna,Ammo & Coatings
https://static.wikia.nocookie.net/monsterhunter/images/4/45/MH4G-Shot_Icon_White.png,Pellet S Lv1 LV1,2,80,1,Combine Huskberry and Scatternut,Ammo & Coatings
https://static.wikia.nocookie.net/monsterhunter/images/4/45/MH4G-Shot_Icon_White.png,Pellet S Lv2 LV2,2,70,2,Combine Huskberry and Wyvern Fang,Ammo & Coatings
https://static.wikia.nocookie.net/monsterhunter/images/4/45/MH4G-Shot_Icon_White.png,Pellet S Lv3 LV3,3,60,2,Combine Bone Husk and Wyvern Fang,Ammo & Coatings
https://static.wikia.nocookie.net/monsterhunter/images/4/45/MH4G-Shot_Icon_White.png,Crag S Lv1 LV1,3,9,4,Combine Huskberry and Nitroshroom,Ammo & Coatings
https://static.wikia.nocookie.net/monsterhunter/images/4/45/MH4G-Shot_Icon_White.png,Crag S Lv2 LV2,3,9,7,Combine Huskberry and Burst Arowana,Ammo & Coatings
https://static.wikia.nocookie.net/monsterhunter/images/4/45/MH4G-Shot_Icon_White.png,Crag S Lv3 LV3,3,9,7,Combine Huskberry and Bomb Arowana,Ammo & Coatings
https://static.wikia.nocookie.net/monsterhunter/images/4/45/MH4G-Shot_Icon_White.png,Clust S Lv1 LV1,2,3,4,Combine Huskberry and Bomberry,Ammo & Coatings
https://static.wikia.nocookie.net/monsterhunter/images/4/45/MH4G-Shot_Icon_White.png,Clust S Lv2 LV2,3,5,6,Combine Bone Husk and Wyvern Claw,Ammo & Coatings
https://static.wikia.nocookie.net/monsterhunter/images/4/45/MH4G-Shot_Icon_White.png,Clust S Lv3 LV3,3,5,10,Combine Bone Husk and Scatterfish,Ammo & Coatings
https://static.wikia.nocookie.net/monsterhunter/images/9/98/MH4G-Shot_Icon_Red.png,Flaming S LV1 LV1,3,60,2,Combine Huskberry and Fire Herb,Ammo & Coatings
https://static.wikia.nocookie.net/monsterhunter/images/9/98/MH4G-Shot_Icon_Red.png,Flaming S LV2 LV2,3,60,2,Certain Light Bowguns or Heavy Bowguns,Ammo & Coatings
https://static.wikia.nocookie.net/monsterhunter/images/9/98/MH4G-Shot_Icon_Red.png,P.Flaming S LV1 LV1,3,60,2,Certain Light Bowguns or Heavy Bowguns,Ammo & Coatings
https://static.wikia.nocookie.net/monsterhunter/images/9/98/MH4G-Shot_Icon_Red.png,P.Flaming S LV2 LV2,3,60,2,Certain Light Bowguns or Heavy Bowguns,Ammo & Coatings
https://static.wikia.nocookie.net/monsterhunter/images/9/90/MH4G-Shot_Icon_Light_Blue.png,Water S LV1 LV1,3,60,2,Combine Huskberry and Whetfish,Ammo & Coatings
https://static.wikia.nocookie.net/monsterhunter/images/9/90/MH4G-Shot_Icon_Light_Blue.png,Water S LV2 LV2,3,60,2,Certain Light Bowguns or Heavy Bowguns,Ammo & Coatings
https://static.wikia.nocookie.net/monsterhunter/images/9/90/MH4G-Shot_Icon_Light_Blue.png,P.Water S LV1 LV1,3,60,2,Certain Light Bowguns or Heavy Bowguns,Ammo & Coatings
https://static.wikia.nocookie.net/monsterhunter/images/9/90/MH4G-Shot_Icon_Light_Blue.png,P.Water S LV2 LV2,3,60,2,Certain Light Bowguns or Heavy Bowguns,Ammo & Coatings
https://static.wikia.nocookie.net/monsterhunter/images/f/f0/MH4G-Shot_Icon_Yellow.png,Thunder S LV1 LV1,3,60,2,Combine Huskberry and Flashbug,Ammo & Coatings
https://static.wikia.nocookie.net/monsterhunter/images/f/f0/MH4G-Shot_Icon_Yellow.png,Thunder S LV2 LV2,3,60,2,Certain Light Bowguns or Heavy Bowguns,Ammo & Coatings
https://static.wikia.nocookie.net/monsterhunter/images/f/f0/MH4G-Shot_Icon_Yellow.png,P.Thunder S LV1 LV1,3,60,2,Certain Light Bowguns or Heavy Bowguns,Ammo & Coatings
https://static.wikia.nocookie.net/monsterhunter/images/f/f0/MH4G-Shot_Icon_Yellow.png,P.Thunder S LV2 LV2,3,60,2,Certain Light Bowguns or Heavy Bowguns,Ammo & Coatings
https://static.wikia.nocookie.net/monsterhunter/images/0/04/MH4G-Shot_Icon_Blue.png,Freeze S LV1 LV1,3,60,2,Combine Huskberry and Ice Crystal,Ammo & Coatings
https://static.wikia.nocookie.net/monsterhunter/images/0/04/MH4G-Shot_Icon_Blue.png,Freeze S LV2 LV2,3,60,2,Certain Light Bowguns or Heavy Bowguns,Ammo & Coatings
https://static.wikia.nocookie.net/monsterhunter/images/0/04/MH4G-Shot_Icon_Blue.png,P.Freeze S LV1 LV1,3,60,2,Certain Light Bowguns or Heavy Bowguns,Ammo & Coatings
https://static.wikia.nocookie.net/monsterhunter/images/0/04/MH4G-Shot_Icon_Blue.png,P.Freeze S LV2 LV2,3,60,2,Certain Light Bowguns or Heavy Bowguns,Ammo & Coatings
https://static.wikia.nocookie.net/monsterhunter/images/9/98/MH4G-Shot_Icon_Red.png,Dragon S LV1 LV1,5,20,10,Combine Bone Husk and Dragonfell Berry,Ammo & Coatings
https://static.wikia.nocookie.net/monsterhunter/images/9/98/MH4G-Shot_Icon_Red.png,Dragon S LV2 LV2,5,20,10,Certain Light Bowguns or Heavy Bowguns,Ammo & Coatings
https://static.wikia.nocookie.net/monsterhunter/images/3/3f/MH4G-Shot_Icon_Purple.png,Poison S Lv1 LV1,2,12,2,Combine Huskberry and Toadstool,Ammo & Coatings
https://static.wikia.nocookie.net/monsterhunter/images/3/3f/MH4G-Shot_Icon_Purple.png,Poison S Lv2 LV2,3,8,2,Combine Bone Husk and Ioprey Fang,Ammo & Coatings
https://static.wikia.nocookie.net/monsterhunter/images/3/3f/MH4G-Shot_Icon_Purple.png,Poison Smoke S,3,8,2,Certain Light Bowguns or Heavy Bowguns,Ammo & Coatings
https://static.wikia.nocookie.net/monsterhunter/images/f/f0/MH4G-Shot_Icon_Yellow.png,Para S Lv1 LV1,3,12,3,Combine Huskberry and Parashroom,Ammo & Coatings
https://static.wikia.nocookie.net/monsterhunter/images/f/f0/MH4G-Shot_Icon_Yellow.png,Para S Lv2 LV2,4,8,5,Combine Bone Husk and Genprey Fang,Ammo & Coatings
https://static.wikia.nocookie.net/monsterhunter/images/9/90/MH4G-Shot_Icon_Light_Blue.png,Sleep S Lv1 LV1,3,12,2,Combine Huskberry and Sleep Herb,Ammo & Coatings
https://static.wikia.nocookie.net/monsterhunter/images/9/90/MH4G-Shot_Icon_Light_Blue.png,Sleep S Lv2 LV2,4,8,3,Combine Bone Husk and Sleepyfish,Ammo & Coatings
https://static.wikia.nocookie.net/monsterhunter/images/0/04/MH4G-Shot_Icon_Blue.png,Remedy S,2,12,3,Certain Light Bowguns or Heavy Bowguns,Ammo & Coatings
https://static.wikia.nocookie.net/monsterhunter/images/0/04/MH4G-Shot_Icon_Blue.png,Exhaust S Lv1 LV1,2,12,3,Combine Huskberry and Staminashroom,Ammo & Coatings
https://static.wikia.nocookie.net/monsterhunter/images/0/04/MH4G-Shot_Icon_Blue.png,Exhaust S Lv2 LV2,3,8,5,Combine Bone Husk and Wanchovy,Ammo & Coatings
https://static.wikia.nocookie.net/monsterhunter/images/4/45/MH4G-Shot_Icon_White.png,Rapid S RAPID,3,30,3,"Using the Hunter Art, Rapid Fire Rain",Ammo & Coatings
https://static.wikia.nocookie.net/monsterhunter/images/4/45/MH4G-Shot_Icon_White.png,Slicing S LV1 LV1,3,30,3,Certain Light Bowguns or Heavy Bowguns,Ammo & Coatings
https://static.wikia.nocookie.net/monsterhunter/images/4/45/MH4G-Shot_Icon_White.png,Slicing S LV2 LV2,3,30,3,Certain Light Bowguns or Heavy Bowguns,Ammo & Coatings
https://static.wikia.nocookie.net/monsterhunter/images/4/45/MH4G-Shot_Icon_White.png,Sharpnel S,3,30,3,Certain Light Bowguns or Heavy Bowguns,Ammo & Coatings
https://static.wikia.nocookie.net/monsterhunter/images/9/98/MH4G-Shot_Icon_Red.png,Wyvern S,4,10,6,Combine Bone Husk and Burst Arowana,Ammo & Coatings
https://static.wikia.nocookie.net/monsterhunter/images/9/98/MH4G-Shot_Icon_Red.png,Cannon S Lv1 LV1,4,10,6,Certain Light Bowguns or Heavy Bowguns,Ammo & Coatings
https://static.wikia.nocookie.net/monsterhunter/images/9/98/MH4G-Shot_Icon_Red.png,Cannon S Lv2 LV2,4,10,6,Certain Light Bowguns or Heavy Bowguns,Ammo & Coatings
https://static.wikia.nocookie.net/monsterhunter/images/c/cf/MH4G-Shot_Icon_Orange.png,Blast S LV1,4,12,6,Combine Huskberry and Bomb Arowana,Ammo & Coatings
https://static.wikia.nocookie.net/monsterhunter/images/c/cf/MH4G-Shot_Icon_Orange.png,Blast S LV2,4,12,6,Combine Huskberry and Bomb Arowana,Ammo & Coatings
https://static.wikia.nocookie.net/monsterhunter/images/c/cf/MH4G-Shot_Icon_Orange.png,Triblast S,4,12,6,Certain Light Bowguns or Heavy Bowguns,Ammo & Coatings
https://static.wikia.nocookie.net/monsterhunter/images/3/34/MH4G-Shot_Icon_Green.png,Recover S Lv1 LV1,1,12,2,Combine Huskberry and Herb,Ammo & Coatings
https://static.wikia.nocookie.net/monsterhunter/images/3/34/MH4G-Shot_Icon_Green.png,Recover S Lv2 LV2,2,12,2,Combine Potion and Huskberry,Ammo & Coatings
https://static.wikia.nocookie.net/monsterhunter/images/3/34/MH4G-Shot_Icon_Green.png,Group Recover S,2,12,2,Certain Light Bowguns or Heavy Bowguns,Ammo & Coatings
https://static.wikia.nocookie.net/monsterhunter/images/9/98/MH4G-Shot_Icon_Red.png,Demon S,3,5,9,Certain Light Bowguns or Heavy Bowguns,Ammo & Coatings
https://static.wikia.nocookie.net/monsterhunter/images/9/98/MH4G-Shot_Icon_Red.png,Demon Aff S,3,5,9,Certain Light Bowguns or Heavy Bowguns,Ammo & Coatings
https://static.wikia.nocookie.net/monsterhunter/images/c/cf/MH4G-Shot_Icon_Orange.png,Armor S,3,5,7,Certain Light Bowguns or Heavy Bowguns,Ammo & Coatings
https://static.wikia.nocookie.net/monsterhunter/images/c/cf/MH4G-Shot_Icon_Orange.png,Super Armor S,3,5,7,Certain Light Bowguns or Heavy Bowguns,Ammo & Coatings
https://static.wikia.nocookie.net/monsterhunter/images/9/91/MH4G-Shot_Icon_Pink.png,Paint S,1,99,6,Combine Huskberry and Paintberry,Ammo & Coatings
https://static.wikia.nocookie.net/monsterhunter/images/9/98/MH4G-Shot_Icon_Red.png,Tranq S,3,8,4,Combine Tranquilizer and Bone Husk,Ammo & Coatings
https://static.wikia.nocookie.net/monsterhunter/images/9/98/MH4G-Shot_Icon_Red.png,Stone S,3,8,4,Certain Light Bowguns or Heavy Bowguns,Ammo & Coatings
https://static.wikia.nocookie.net/monsterhunter/images/f/f0/MH4G-Shot_Icon_Yellow.png,Flash S,3,12,3,Certain Light Bowguns or Heavy Bowguns,Ammo & Coatings
https://static.wikia.nocookie.net/monsterhunter/images/f/f0/MH4G-Shot_Icon_Yellow.png,Dazzling S,3,12,3,Certain Light Bowguns or Heavy Bowguns,Ammo & Coatings
https://static.wikia.nocookie.net/monsterhunter/images/1/14/MH4G-Empty_Bottle_Icon_White.png,Empty Phial,1,99,1,Combine Bone Husk and Whetstone,Ammo & Coatings
https://static.wikia.nocookie.net/monsterhunter/images/d/d4/MH4G-Coating_Icon_Red.png,Power Coating LV1 LV1,2,50,3,Combine Empty Phial and Fire Herb,Ammo & Coatings
https://static.wikia.nocookie.net/monsterhunter/images/d/d4/MH4G-Coating_Icon_Red.png,Power Coating LV2 LV2,2,50,3,Combine Empty Phial and Nitroshroom,Ammo & Coatings
https://static.wikia.nocookie.net/monsterhunter/images/e/e0/MH4G-Coating_Icon_Pink.png,Elem Coating LV1 LV1,2,50,3,Combine Empty Phial and Bitterbug,Ammo & Coatings
https://static.wikia.nocookie.net/monsterhunter/images/e/e0/MH4G-Coating_Icon_Pink.png,Elem Coating LV2 LV2,2,50,3,Combine Empty Phial and Gloamgrass Root,Ammo & Coatings
https://static.wikia.nocookie.net/monsterhunter/images/2/27/MH4G-Coating_Icon_White.png,C.Range Coating,2,20,3,Combine Empty Phial and Whetfish,Ammo & Coatings
https://static.wikia.nocookie.net/monsterhunter/images/f/fb/MH4G-Coating_Icon_Purple.png,Poison Coating,3,20,2,Combine Empty Phial and Toadstool,Ammo & Coatings
https://static.wikia.nocookie.net/monsterhunter/images/f/f6/MH4G-Coating_Icon_Yellow.png,Para Coating,3,20,3,Combine Empty Phial and Parashroom,Ammo & Coatings
https://static.wikia.nocookie.net/monsterhunter/images/1/18/MH4G-Coating_Icon_Light_Blue.png,Sleep Coating,3,20,2,Combine Empty Phial and Sleep Herb,Ammo & Coatings
https://static.wikia.nocookie.net/monsterhunter/images/e/e9/MH4G-Coating_Icon_Blue.png,Exhaust Coating,3,20,2,Combine Empty Phial and Staminashroom,Ammo & Coatings
https://static.wikia.nocookie.net/monsterhunter/images/5/52/MH4G-Coating_Icon_Light_Green.png,Blast Coating,3,20,6,Combine Empty Phial and Bomb Arowana,Ammo & Coatings
https://static.wikia.nocookie.net/monsterhunter/images/e/e0/MH4G-Coating_Icon_Pink.png,Paint Coating,1,99,6,Combine Empty Phial and Paintberry,Ammo & Coatings
https://static.wikia.nocookie.net/monsterhunter/images/f/f5/MH4G-Husk_Icon_Grey.png,Huskberry,1,99,1,Search plants in most areas,Plants
https://static.wikia.nocookie.net/monsterhunter/images/5/54/MH4G-Webbing_Icon_Orange.png,Honey,2,10,45,Search beehives in most areas,Plants
https://static.wikia.nocookie.net/monsterhunter/images/f/f6/MH4G-Herb_Icon_Green.png,Herb,1,10,2,Search plants in most areas,Plants
https://static.wikia.nocookie.net/monsterhunter/images/2/27/MH4G-Herb_Icon_Blue.png,Antidote Herb,1,10,2,Search plants in most areas,Plants
https://static.wikia.nocookie.net/monsterhunter/images/3/34/MH4G-Herb_Icon_Red.png,Fire Herb,2,20,4,"Search plants in Dunes, Volcano, Volcanic Hollow, Desert, and Ingle Isle",Plants
https://static.wikia.nocookie.net/monsterhunter/images/f/f6/MH4G-Herb_Icon_Green.png,Ivy,1,10,8,Search plants in most areas,Plants
https://static.wikia.nocookie.net/monsterhunter/images/f/f7/MH4G-Herb_Icon_Light_Blue.png,Sleep Herb,1,10,5,Search plants in most areas,Plants
https://static.wikia.nocookie.net/monsterhunter/images/8/8e/MH4G-Herb_Icon_White.png,Sap Plant,1,30,2,Search plants in most areas,Plants
https://static.wikia.nocookie.net/monsterhunter/images/0/03/MH4G-Herb_Icon_Yellow.png,Felvine,1,10,1,Search plants in most areas,Plants
https://static.wikia.nocookie.net/monsterhunter/images/5/59/MH4G-Herb_Icon_Pink.png,Gloamgrass Root,2,10,10,"Search plants in Verdant Hills, Arctic Ridge, Dunes, Marshlands, Volcanic Hollow, Desert, or Jungle",Plants
https://static.wikia.nocookie.net/monsterhunter/images/3/34/MH4G-Herb_Icon_Red.png,Hot Pepper,2,10,4,"Search plants in Dunes, Marshlands, Volcano, Desert, Jungle, or Primal Forest",Plants
https://static.wikia.nocookie.net/monsterhunter/images/2/27/MH4G-Herb_Icon_Blue.png,Snow Herb,2,99,6,"Gather in Jurassic Frontier, Arctic Ridge, Misty Peaks, or Ruined Pinnacle",Plants
https://static.wikia.nocookie.net/monsterhunter/images/f/f5/MH4G-Mushroom_Icon_Orange.png,Spicy Mushroom,3,5,54,Combine Hot Pepper and Unique Mushroom,Plants
https://static.wikia.nocookie.net/monsterhunter/images/4/49/MH4G-Seed_Icon_Pink.png,Frozen Berry,3,10,54,Combine Ice Crystal and Tropical Berry,Plants
https://static.wikia.nocookie.net/monsterhunter/images/f/f6/MH4G-Herb_Icon_Green.png,King Cactus,5,99,500,"Reward from Village Quest ""Royal Pains""",Plants
https://static.wikia.nocookie.net/monsterhunter/images/3/34/MH4G-Herb_Icon_Red.png,Dosbiscus,5,99,20,By-product of trade with Sunsnug Isle,Plants
https://static.wikia.nocookie.net/monsterhunter/images/0/03/MH4G-Herb_Icon_Yellow.png,Heftcorn,5,99,500,"Reward from Village Quest ""Lagiacrus Fuss""",Plants
https://static.wikia.nocookie.net/monsterhunter/images/3/34/MH4G-Herb_Icon_Red.png,Stargazer Flower,4,99,120,"Reward from Village Quests ""On the Rebound,"" ""Moofah Must-haves,"" or ""Advanced: The Goliaths""",Plants
https://static.wikia.nocookie.net/monsterhunter/images/5/59/MH4G-Herb_Icon_Pink.png,Prismatic Dandelion,4,99,150,"Reward from Hub Quests ""Hyper for Holes,"" ""Daimyo of the Deserted Island,"" or ""Bring On the Shogun"" and Armory Granny's item delivery request",Plants
https://static.wikia.nocookie.net/monsterhunter/images/6/66/MH4G-Herb_Icon_Purple.png,Dragonvine,6,99,600,Search plants in Ruined Pinnacle,Plants
https://static.wikia.nocookie.net/monsterhunter/images/8/89/FourthGen-Herb_Icon_Dark_Purple.png,Tough Dragonvine,8,99,800,Search plants in G-Rank Ruined Pinnacle,Plants
https://static.wikia.nocookie.net/monsterhunter/images/a/a2/MH4G-Mushroom_Icon_Blue.png,Blue Mushroom,2,10,2,Search mushrooms in most areas,Plants
https://static.wikia.nocookie.net/monsterhunter/images/9/96/MH4G-Mushroom_Icon_Red.png,Nitroshroom,2,20,6,Search mushrooms in most areas,Plants
https://static.wikia.nocookie.net/monsterhunter/images/f/f0/MH4G-Mushroom_Icon_Yellow.png,Parashroom,3,10,15,"Search mushrooms in Arctic Ridge, Marshlands, Volcanic Hollow, Primal Forest, or Jungle",Plants
https://static.wikia.nocookie.net/monsterhunter/images/6/60/MH4G-Mushroom_Icon_Purple.png,Toadstool,2,10,8,"Search mushrooms in Misty Peaks, Marshlands, or Primal Forest",Plants
https://static.wikia.nocookie.net/monsterhunter/images/d/df/MH4G-Mushroom_Icon_Light_Blue.png,Mopeshroom,2,10,9,"Search mushrooms in Jurassic Frontier, Misty Peaks, Dunes, Deserted Island, Ancestral Steppe, or Primal Forest",Plants
https://static.wikia.nocookie.net/monsterhunter/images/6/60/MH4G-Mushroom_Icon_Purple.png,Exciteshroom,3,10,18,"Search mushrooms in Jurassic Frontier, Dunes, Deserted Island, Marshlands, Ancestral Steppe, Volcanic Hollow, Primal Forest, Jungle, or Ruined Pinnacle",Plants
https://static.wikia.nocookie.net/monsterhunter/images/9/96/MH4G-Mushroom_Icon_Red.png,Dragon Toadstool,3,10,40,"Search mushrooms in Jurassic Frontier, Misty Peaks, Deserted Island, Volcano, Desert, or Ruined Pinnacle",Plants
https://static.wikia.nocookie.net/monsterhunter/images/6/60/MH4G-Mushroom_Icon_Purple.png,Chaos Mushroom,5,99,40,By-product of trade with Jumbo Shroom Mountain,Plants
https://static.wikia.nocookie.net/monsterhunter/images/f/f0/MH4G-Mushroom_Icon_Yellow.png,Bindshroom,5,99,40,By-product of trade with Jumbo Shroom Mountain,Plants
https://static.wikia.nocookie.net/monsterhunter/images/9/96/MH4G-Mushroom_Icon_Red.png,Restshroom,4,99,250,"Reward from Village Quest ""Royal Honey Hunt""",Plants
https://static.wikia.nocookie.net/monsterhunter/images/4/49/MH4G-Seed_Icon_Pink.png,Paintberry,1,99,6,Search plants in most areas,Plants
https://static.wikia.nocookie.net/monsterhunter/images/0/0c/MH4G-Seed_Icon_Red.png,Might Seed,2,10,140,Search plants in most areas,Plants
https://static.wikia.nocookie.net/monsterhunter/images/b/bc/MH4G-Seed_Icon_Orange.png,Adamant Seed,2,10,110,Search plants in most areas,Plants
https://static.wikia.nocookie.net/monsterhunter/images/9/9e/MH4G-Seed_Icon_Blue.png,Nulberry,2,10,120,Search plants in most areas,Plants
https://static.wikia.nocookie.net/monsterhunter/images/0/0c/MH4G-Seed_Icon_Red.png,Dragonfell Berry,4,10,78,"Search plants in Volcano, Volcanic Hollow, Ruined Pinnacle, or Ingle Isle Carve Uroktor",Plants
https://static.wikia.nocookie.net/monsterhunter/images/1/1d/MH4G-Seed_Icon_Grey.png,Scatternut,2,30,4,Search plants in most areas,Plants
https://static.wikia.nocookie.net/monsterhunter/images/1/1d/MH4G-Seed_Icon_Grey.png,Needleberry,1,99,1,Search plants in most areas,Plants
https://static.wikia.nocookie.net/monsterhunter/images/f/f5/MH4G-Seed_Icon_Light_Blue.png,Latchberry,1,60,4,Search plants in most areas,Plants
https://static.wikia.nocookie.net/monsterhunter/images/1/1d/MH4G-Seed_Icon_Grey.png,Bomberry,2,10,12,"Search plants in Dunes, Marshlands, Volcano, Primal Forest, Frozen Seaway, and Desert",Plants
https://static.wikia.nocookie.net/monsterhunter/images/b/bc/MH4G-Seed_Icon_Orange.png,Bumblepumpkin,2,10,12,By-product of trade with Sunsnug Isle,Plants
https://static.wikia.nocookie.net/monsterhunter/images/b/bc/MH4G-Seed_Icon_Orange.png,Giant Acorn,4,99,130,"Reward from Village Quest ""Cancer of the Dunes""",Plants
https://static.wikia.nocookie.net/monsterhunter/images/b/bc/MH4G-Seed_Icon_Orange.png,Spiky Acorn,4,99,120,"Reward from Village Quest ""Hunt-a-thon: Velocidrome""",Plants
https://static.wikia.nocookie.net/monsterhunter/images/8/8a/FourthGen-Wood_Icon_Yellow.png,Yukumo Wood,4,99,50,Carve fallen logs in Misty Peaks,Plants
https://static.wikia.nocookie.net/monsterhunter/images/8/88/FourthGen-Wood_Icon_Orange.png,Yukumo Hardwood,6,99,350,Carve fallen logs in High-rank Misty Peaks,Plants
https://static.wikia.nocookie.net/monsterhunter/images/1/10/FourthGen-Wood_Icon_Brown.png,Yukumo Stoutwood,8,99,650,Carve fallen logs in G-rank Misty Peaks,Plants
https://static.wikia.nocookie.net/monsterhunter/images/2/25/MH4G-Ore_Icon_Grey.png,Stone,1,99,1,Mining in most areas,Minerals & Ores
https://static.wikia.nocookie.net/monsterhunter/images/2/25/MH4G-Ore_Icon_Grey.png,Iron Ore,4,99,60,Mining in most Low-rank areas,Minerals & Ores
https://static.wikia.nocookie.net/monsterhunter/images/5/5f/MH4G-Ore_Icon_White.png,Earth Crystal,4,99,80,Mining in most areas,Minerals & Ores
https://static.wikia.nocookie.net/monsterhunter/images/9/99/MH4G-Ore_Icon_Blue.png,Machalite Ore,4,99,160,Mining in most Low-rank areas,Minerals & Ores
https://static.wikia.nocookie.net/monsterhunter/images/2/25/MH4G-Ore_Icon_Grey.png,Disc Stone,4,99,68,"Mining in the Verdant Hills, Arctic Ridge, Marshlands, Volcano, or Jungle",Minerals & Ores
https://static.wikia.nocookie.net/monsterhunter/images/f/f0/MH4G-Ore_Icon_Light_Blue.png,Ice Crystal,4,20,60,"Mining in the Arctic Ridge, Marshlands, Dunes, Frozen Seaway, or Desert Shiny drop from Zamtrios",Minerals & Ores
https://static.wikia.nocookie.net/monsterhunter/images/f/f0/MH4G-Ore_Icon_Light_Blue.png,Bealite Ore,4,99,140,"Mining in Deserted Island, Misty Peaks, and Ruined Pinnacle",Minerals & Ores
https://static.wikia.nocookie.net/monsterhunter/images/2/25/MH4G-Ore_Icon_Grey.png,Lightcrystal,4,99,1150,"Hunting Low-rank Gypceros and Kirin or mining in the Low-rank Marshlands and High-rank Arctic Ridge, Marshlands and Frozen Seaway",Minerals & Ores
https://static.wikia.nocookie.net/monsterhunter/images/f/f6/MH4G-Ore_Icon_Green.png,Dragonite Ore,4,99,480,Mining in the Low-rank Volcano and most High-rank areas,Minerals & Ores
https://static.wikia.nocookie.net/monsterhunter/images/f/f7/MH4G-Ore_Icon_Red.png,Firestone,4,99,860,Mining in the Low-rank Volcano and Volcanic Hollow,Minerals & Ores
https://static.wikia.nocookie.net/monsterhunter/images/f/f7/MH4G-Ore_Icon_Red.png,Allfire Stone,8,99,5160,Mining in the G-Rank Volcano and Volcanic Hollow,Minerals & Ores
https://static.wikia.nocookie.net/monsterhunter/images/d/d1/MH4G-Ore_Icon_Orange.png,Lava Nugget,4,99,530,"Hunting Uragaan, Crystalbeard Uragaan, or Lavasioth",Minerals & Ores
https://static.wikia.nocookie.net/monsterhunter/images/9/9d/MH4G-Ore_Icon_Purple.png,Carbalite Ore,6,99,680,Mining in most High-rank areas,Minerals & Ores
https://static.wikia.nocookie.net/monsterhunter/images/f/f7/MH4G-Ore_Icon_Red.png,Eltalite Ore,8,99,1280,Mining in most G-rank areas,Minerals & Ores
https://static.wikia.nocookie.net/monsterhunter/images/5/5f/MH4G-Ore_Icon_White.png,Meldspar Ore,8,99,1920,"Mining in G-Rank Deserted Island, Marshlands, Volcano, Frozen Seaway, or Jungle",Minerals & Ores
https://static.wikia.nocookie.net/monsterhunter/images/5/5f/MH4G-Ore_Icon_White.png,Novacrystal,6,99,2440,Hunting High-Rank Gypceros and Kirin or mining in the High-rank Marshlands and Frozen Seaway,Minerals & Ores
https://static.wikia.nocookie.net/monsterhunter/images/f/f0/MH4G-Ore_Icon_Light_Blue.png,Purecrystal,8,99,7320,"Hunting G-Rank Gypceros, Kirin, Fatalis, Crimson Fatalis, or White Fatalis, mining Ahtal-Neset, mining in G-rank Marshlands and Jungle, or the secret gathering point in Dunes, Ancestral Steppe, Primal Forest, Frozen Seaway, and Ruined Pinnacle",Minerals & Ores
https://static.wikia.nocookie.net/monsterhunter/images/9/9e/MH4G-Ore_Icon_Pink.png,Fucium Ore,6,99,1020,Mining in most High-rank areas,Minerals & Ores
https://static.wikia.nocookie.net/monsterhunter/images/d/d1/MH4G-Ore_Icon_Orange.png,Firecell Stone,6,99,1720,"Hunting Agnaktor, Akantor, Gravios, Uragaan, or Crystalbeard Uragaan or mining in the High-rank Volcano and Volcanic Hollow",Minerals & Ores
https://static.wikia.nocookie.net/monsterhunter/images/9/9e/MH4G-Ore_Icon_Pink.png,Rainbow Ore,5,99,960,Reward from 5★ Hub dual monster quests (Bherna Request),Minerals & Ores
https://static.wikia.nocookie.net/monsterhunter/images/9/99/MH4G-Ore_Icon_Blue.png,Immaculate Ore,8,99,80,Horns Coins Exchange,Minerals & Ores
https://static.wikia.nocookie.net/monsterhunter/images/9/9d/MH4G-Ore_Icon_Purple.png,Pristine Ore,8,99,960,Horns Coins Exchange,Minerals & Ores
https://static.wikia.nocookie.net/monsterhunter/images/9/94/MH4G-Ore_Icon_Yellow.png,Ultimas Crystal,8,99,7500,Mining in G-Rank Volcanic Hollow,Minerals & Ores
https://static.wikia.nocookie.net/monsterhunter/images/4/4e/MH4G-Jewel_Icon_Light_Blue.png,Aquaglow Jewel,4,99,50,"Low-Rank Quest rewards, mining in most Low-rank areas",Minerals & Ores
https://static.wikia.nocookie.net/monsterhunter/images/7/73/MH4G-Jewel_Icon_White.png,Sunspire Jewel,4,99,350,"Low-Rank Quest rewards, mining in most areas",Minerals & Ores
https://static.wikia.nocookie.net/monsterhunter/images/6/66/MH4G-Jewel_Icon_Purple.png,Bloodrun Jewel,5,99,530,"High-Rank Quest rewards, mining in most High-rank areas",Minerals & Ores
https://static.wikia.nocookie.net/monsterhunter/images/3/36/MH4G-Jewel_Icon_Yellow.png,Lazurite Jewel,5,99,880,"High-Rank Quest rewards, mining in most High-rank areas",Minerals & Ores
https://static.wikia.nocookie.net/monsterhunter/images/8/87/MH4G-Jewel_Icon_Brown.png,Adamant Orb,8,99,1000,"G-Rank Quest rewards, mining in most G-rank areas",Minerals & Ores
https://static.wikia.nocookie.net/monsterhunter/images/2/2f/MH4G-Jewel_Icon_Red.png,Sovereign Orb,8,99,1500,"G-Rank Quest rewards, mining in G-Rank Marshlands, Volcano, Volcanic Hollow, Frozen Seaway, and Jungle",Minerals & Ores
https://static.wikia.nocookie.net/monsterhunter/images/5/5f/MH4G-Ore_Icon_White.png,Armor Stone,4,99,150,Quest rewards and Hunters for Hire,Minerals & Ores
https://static.wikia.nocookie.net/monsterhunter/images/f/f2/MH4G-Armor_Sphere_Icon_Blue.png,Armor Sphere,4,99,80,"Low-Rank Quest rewards, mining in most Low-rank areas",Minerals & Ores
https://static.wikia.nocookie.net/monsterhunter/images/f/ff/MH4G-Armor_Sphere_Icon_Green.png,Armor Sphere+,4,99,300,"Low-Rank Quest rewards, mining in most areas",Minerals & Ores
https://static.wikia.nocookie.net/monsterhunter/images/7/71/MH4G-Armor_Sphere_Icon_Orange.png,Adv Armor Sphere,5,99,300,"High-Rank Quest rewards, mining in most High-rank areas",Minerals & Ores
https://static.wikia.nocookie.net/monsterhunter/images/c/c1/MH4G-Armor_Sphere_Icon_Purple.png,Hard Armor Sphere,5,99,400,"High-Rank Quest rewards, mining in most G-Rank areas",Minerals & Ores
https://static.wikia.nocookie.net/monsterhunter/images/4/4a/MH4G-Armor_Sphere_Icon_Red.png,Heavy Armor Sphere,6,99,600,"High-rank Quest rewards, mining in most G-Rank areas",Minerals & Ores
https://static.wikia.nocookie.net/monsterhunter/images/9/97/MH4G-Armor_Sphere_Icon_Yellow.png,King Armor Sphere,8,99,700,"G-rank Quest rewards, mining in G-rank Marshlands, Volcano, and Volcanic Hollow",Minerals & Ores
https://static.wikia.nocookie.net/monsterhunter/images/f/fd/ItemIcon019e.png,True Armor Sphere,9,99,800,G-rank Quest rewards,Minerals & Ores
https://static.wikia.nocookie.net/monsterhunter/images/d/da/MH4G-Charm_Icon_White.png,Mystery Charm,4,10,0,Mining in most areas,Minerals & Ores
https://static.wikia.nocookie.net/monsterhunter/images/e/ee/MH4G-Charm_Icon_Yellow.png,Shining Charm,5,10,0,Mining in most High-rank areas,Minerals & Ores
https://static.wikia.nocookie.net/monsterhunter/images/7/70/MH4G-Charm_Icon_Red.png,Timeworn Charm,6,10,0,"Mining in the High-rank Volcano, Volcanic Hollow, and Frozen Seaway and most G-rank areas, gather in the High-rank Deserted Island and Marshlands secret area",Minerals & Ores
https://static.wikia.nocookie.net/monsterhunter/images/6/67/MH4G-Charm_Icon_Light_Blue.png,Enduring Charm,8,10,0,"Village ★10 and G3/G4 Quest Rewards, mining in the G-rank Volcano, Volcanic Hollow, and Frozen Seaway, gather in the G-rank Deserted Island and Marshlands secret area",Minerals & Ores
https://static.wikia.nocookie.net/monsterhunter/images/5/5a/MH4G-Question_Mark_Icon_Grey.png,Rustshard,5,3,0,"Mining in the Volcano, Low-rank Elder Dragon and High-rank quest rewards",Minerals & Ores
https://static.wikia.nocookie.net/monsterhunter/images/5/5a/MH4G-Question_Mark_Icon_Grey.png,Ancient Shard,7,3,0,"Mining in High-rank areas, High and G-rank quest rewards",Minerals & Ores
https://static.wikia.nocookie.net/monsterhunter/images/8/8f/MH4G-Fish_Icon_Light_Blue.png,Rare Fish,1,10,2,Rife Roast,Fish
https://static.wikia.nocookie.net/monsterhunter/images/b/be/MH4G-Fish_Icon_Grey.png,Burnt Fish,1,10,1,Rife Roast,Fish
https://static.wikia.nocookie.net/monsterhunter/images/4/43/MH4G-Fish_Icon_Orange.png,Gourmet Fish,2,10,40,Rife Roast,Fish
https://static.wikia.nocookie.net/monsterhunter/images/1/12/MH4G-Fish_Icon_Yellow.png,Whetfish,1,10,45,Fish in most areas,Fish
https://static.wikia.nocookie.net/monsterhunter/images/4/43/MH4G-Fish_Icon_Orange.png,Sushifish,1,10,45,Fish in most areas,Fish
https://static.wikia.nocookie.net/monsterhunter/images/8/8f/MH4G-Fish_Icon_Light_Blue.png,Sleepyfish,2,10,45,Fish in most areas,Fish
https://static.wikia.nocookie.net/monsterhunter/images/b/be/MH4G-Fish_Icon_Grey.png,Pin Tuna,1,30,50,Fish in most areas,Fish
https://static.wikia.nocookie.net/monsterhunter/images/2/25/MH4G-Fish_Icon_Blue.png,Speartuna,5,10,1000,"Fish in Verdant Hills, Frozen Seaway, Jungle, and Ruined Pinnacle",Fish
https://static.wikia.nocookie.net/monsterhunter/images/b/be/MH4G-Fish_Icon_Grey.png,Popfish,2,30,15,Fish in most areas,Fish
https://static.wikia.nocookie.net/monsterhunter/images/b/be/MH4G-Fish_Icon_Grey.png,Scatterfish,4,10,150,"Fish in Dunes, Marshlands, Ancestral Steppe, Primal Forest, and Ruined Pinnacle",Fish
https://static.wikia.nocookie.net/monsterhunter/images/0/03/MH4G-Fish_Icon_Green.png,Burst Arowana,4,10,45,"Fish in Verdant Hills, Arctic Ridge, Misty Peaks, Marshlands Ancestral Steppe, Primal Forest, Desert, and Jungle",Fish
https://static.wikia.nocookie.net/monsterhunter/images/0/08/MH4G-Fish_Icon_Purple.png,Bomb Arowana,4,10,135,"Fish in Arctic Ridge, Deserted Island, Marshlands, Ancestral Steppe, Primal Forest, and Ruined Pinnacle",Fish
https://static.wikia.nocookie.net/monsterhunter/images/4/43/MH4G-Fish_Icon_Orange.png,Glutton Tuna,4,10,13,"Fish in Jurassic Frontier, Dunes, Marshlands, and Ancestral Steppe",Fish
https://static.wikia.nocookie.net/monsterhunter/images/4/43/MH4G-Fish_Icon_Orange.png,Gastronome Tuna,5,5,23,"Fish in High-Rank Jurassic Frontier, Dunes, Marshlands, Primal Forest, Frozen Seaway, Desert, Jungle, and Ruined Pinnacle",Fish
https://static.wikia.nocookie.net/monsterhunter/images/a/a1/MH4G-Fish_Icon_White.png,Ancient Fish,5,5,23,"Fish in High-Rank Verdant Hills, Misty Peaks, Deserted Island, Marshlands, Ancestral Steppe, and Frozen Seaway",Fish
https://static.wikia.nocookie.net/monsterhunter/images/1/12/MH4G-Fish_Icon_Yellow.png,Small Goldenfish,4,99,500,Fish in most areas,Fish
https://static.wikia.nocookie.net/monsterhunter/images/0/03/MH4G-Fish_Icon_Green.png,Wanchovy,2,20,48,"Fish in Jurassic Frontier, Arctic Ridge, Ancestral Steppe, and Frozen Seaway",Fish
https://static.wikia.nocookie.net/monsterhunter/images/8/8f/MH4G-Fish_Icon_Light_Blue.png,Blue Cutthroat,4,99,100,"Quest reward from Hub Quest ""Isle About that Bass""",Fish
https://static.wikia.nocookie.net/monsterhunter/images/3/3f/MH4G-Scale_Icon_White.png,Humspun Conch,4,99,100,"Quest reward from Village Quest ""Island Menace""",Fish
https://static.wikia.nocookie.net/monsterhunter/images/a/a1/MH4G-Fish_Icon_White.png,Armored Bream,5,99,60,By-product of trade with Tanzia Port,Fish
https://static.wikia.nocookie.net/monsterhunter/images/3/3e/MH4G-Hide_Icon_Blue.png,Sharqskin,4,99,380,"Quest reward from Hub Quest ""Lagiacrushed""",Fish
https://static.wikia.nocookie.net/monsterhunter/images/1/14/MH4G-Fish_Icon_Pink.png,Springnight Carp,5,99,100,By-product of trade with Tanzia Port,Fish
https://static.wikia.nocookie.net/monsterhunter/images/4/4b/MH4G-Hide_Icon_Light_Blue.png,Tailed Frog,4,99,100,"Quest reward from Village Quest ""Jurassic Treasure: The Frog""",Fish
https://static.wikia.nocookie.net/monsterhunter/images/e/e0/MH4G-Fish_Icon_Brown.png,Guardfish,8,99,2500,"Fish in G-Rank Jurassic Frontier, Arctic Ridge, Dunes, Primal Forest, Desert, Jungle, and Ruined Pinnacle",Fish
https://static.wikia.nocookie.net/monsterhunter/images/a/a0/MH4G-Bug_Icon_Grey.png,Insect Husk,1,10,1,Catch in most areas,Insects
https://static.wikia.nocookie.net/monsterhunter/images/d/d3/MH4G-Bug_Icon_White.png,Godbug,4,10,210,Catch in most areas,Insects
https://static.wikia.nocookie.net/monsterhunter/images/d/db/MH4G-Bug_Icon_Blue.png,Bitterbug,1,10,2,Catch in most areas,Insects
https://static.wikia.nocookie.net/monsterhunter/images/3/37/MH4G-Bug_Icon_Yellow.png,Flashbug,2,10,48,Catch in most areas,Insects
https://static.wikia.nocookie.net/monsterhunter/images/3/37/MH4G-Bug_Icon_Yellow.png,Thunderbug,4,99,150,Catch in most areas,Insects
https://static.wikia.nocookie.net/monsterhunter/images/a/ae/MH4G-Bug_Icon_Red.png,Stinkhopper,1,99,6,"Catch in Dunes, Deserted Island, Ancestral Steppe, Primal Forest, Frozen Seaway, Jungle, and Ruined Pinnacle",Insects
https://static.wikia.nocookie.net/monsterhunter/images/2/28/MH4G-Bug_Icon_Orange.png,Snakebee Larva,1,99,30,Search beehives in most areas,Insects
https://static.wikia.nocookie.net/monsterhunter/images/a/a0/MH4G-Bug_Icon_Grey.png,Carpenterbug,1,99,120,Catch in most areas,Insects
https://static.wikia.nocookie.net/monsterhunter/images/6/6d/MH4G-Bug_Icon_Green.png,Shiny Beetle,4,99,200,"Catch in Verdant Hills, Arctic Ridge, Dunes, Marshlands, Volcano, Primal Forest, Frozen Seaway, Desert, Jungle, and Ruined Pinnacle",Insects
https://static.wikia.nocookie.net/monsterhunter/images/a/ae/MH4G-Bug_Icon_Red.png,Hercudrome,4,99,540,Catch in Low-rank Volcano and most High-rank areas,Insects
https://static.wikia.nocookie.net/monsterhunter/images/d/db/MH4G-Bug_Icon_Blue.png,Fulgurbug,4,99,350,Catch from Zinogre,Insects
https://static.wikia.nocookie.net/monsterhunter/images/b/b6/MH4G-Bug_Icon_Purple.png,King Scarab,6,99,800,Catch in most High-rank areas,Insects
https://static.wikia.nocookie.net/monsterhunter/images/3/37/MH4G-Bug_Icon_Yellow.png,Rare Scarab,6,99,1000,"Catch in High-rank Deserted Island, Marshlands, Volcano, Volcanic Hollow, Frozen Seaway, and Jungle or most G-rank areas",Insects
https://static.wikia.nocookie.net/monsterhunter/images/4/4c/MH4G-Bug_Icon_Pink.png,Blossom Cricket,4,99,180,"Reward from Village Quest ""Jurassic Treasure: The Bug""",Insects
https://static.wikia.nocookie.net/monsterhunter/images/b/b6/MH4G-Bug_Icon_Purple.png,Great Hornfly,5,99,60,By-product of trade with Moga Bee Yard,Insects
https://static.wikia.nocookie.net/monsterhunter/images/a/a0/MH4G-Bug_Icon_Grey.png,Butterfly Beetle,5,99,220,By-product of trade with Moga Bee Yard,Insects
https://static.wikia.nocookie.net/monsterhunter/images/a/ae/MH4G-Bug_Icon_Red.png,Great Ladybug,5,99,60,"Reward from Hub Quest ""The New Tenant"" (5★)",Insects
https://static.wikia.nocookie.net/monsterhunter/images/0/0f/MH4G-Bug_Icon_Brown.png,Emperor Hopper,8,99,1200,Catch in most G-rank areas,Insects
https://static.wikia.nocookie.net/monsterhunter/images/d/d3/MH4G-Bug_Icon_White.png,Flutterfly,8,99,1800,"Catch in G-rank Deserted Island, Marshlands, Volcano, and Jungle",Insects
https://static.wikia.nocookie.net/monsterhunter/images/5/5b/FourthGen-Bug_Icon_Dark_Purple.png,Stygian Worm,8,99,2000,Catch in G-rank Jungle,Insects
https://static.wikia.nocookie.net/monsterhunter/images/3/37/MH4G-Bug_Icon_Yellow.png,Toxic Kumori,4,99,480,Send Meownster Hunters to Rare Spots in the Low-rank Tundra,Insects
https://static.wikia.nocookie.net/monsterhunter/images/3/37/MH4G-Bug_Icon_Yellow.png,Large Toxic Kumori,6,99,960,Send Meownster Hunters to Rare Spots in the High-rank Tundra,Insects
https://static.wikia.nocookie.net/monsterhunter/images/3/37/MH4G-Bug_Icon_Yellow.png,Lethal Kumori,8,99,1920,Send Meownster Hunters to Rare Spots in the G-rank Tundra,Insects
https://static.wikia.nocookie.net/monsterhunter/images/a/a0/MH4G-Bug_Icon_Grey.png,Dracophage Bug,4,99,500,Send Meownster Hunters to the Wetlands,Insects
https://static.wikia.nocookie.net/monsterhunter/images/a/ac/MH4G-Nectar_Icon_Red.png,Larval Extract,5,99,240,Gather nectar plants in most areas,Kinsect Nectar
https://static.wikia.nocookie.net/monsterhunter/images/b/b0/MH4G-Nectar_Icon_Blue.png,Paralarval Extract,6,99,320,Gather nectar plants in most High-rank areas,Kinsect Nectar
https://static.wikia.nocookie.net/monsterhunter/images/a/ac/MH4G-Nectar_Icon_Pink.png,Power Jelly,4,99,100,"Gather nectar plants in Jurassic Frontier, Arctic Ridge, Deserted Island, and Primal Forest",Kinsect Nectar
https://static.wikia.nocookie.net/monsterhunter/images/0/07/MH4G-Nectar_Icon_Orange.png,Heavy Jelly,4,99,100,"Gather nectar plants in Jurassic Frontier, Misty Peaks, Dunes, Volcano, Desert, and Jungle",Kinsect Nectar
https://static.wikia.nocookie.net/monsterhunter/images/1/1a/MH4G-Nectar_Icon_White.png,Speed Jelly,4,99,100,"Gather nectar plants in Jurassic Frontier, Verdant Hills, Marshlands, and Ancestral Steppe",Kinsect Nectar
https://static.wikia.nocookie.net/monsterhunter/images/a/ac/MH4G-Nectar_Icon_Red.png,Fire Ambrosia,4,99,100,"Gather nectar plants in Dunes, Volcanic Hollow, Primal Forest, Desert, and Ruined Pinnacle",Kinsect Nectar
https://static.wikia.nocookie.net/monsterhunter/images/b/b0/MH4G-Nectar_Icon_Blue.png,Water Ambrosia,4,99,100,"Gather nectar plants in Misty Peaks, Deserted Island, Frozen Seaway, Jungle, and Ruined Pinnacle",Kinsect Nectar
https://static.wikia.nocookie.net/monsterhunter/images/9/97/MH4G-Nectar_Icon_Yellow.png,Thunder Ambrosia,4,99,100,"Gather nectar plants in Dunes, Volcanic Hollow, Primal Forest, Desert, and Ruined Pinnacle",Kinsect Nectar
https://static.wikia.nocookie.net/monsterhunter/images/0/0f/MH4G-Nectar_Icon_Light_Blue.png,Ice Ambrosia,4,99,100,"Gather nectar plants in Arctic Ridge, Frozen Seaway, and Ruined Pinnacle",Kinsect Nectar
https://static.wikia.nocookie.net/monsterhunter/images/2/21/MH4G-Nectar_Icon_Purple.png,Dragon Ambrosia,4,99,100,"Gather nectar plants in Volcano, Volcanic Hollow, and Ruined Pinnacle",Kinsect Nectar
https://static.wikia.nocookie.net/monsterhunter/images/a/ac/MH4G-Nectar_Icon_Pink.png,Power Jelly+,5,99,240,Combine Power Jelly and Larval Extract,Kinsect Nectar
https://static.wikia.nocookie.net/monsterhunter/images/0/07/MH4G-Nectar_Icon_Orange.png,Heavy Jelly+,5,99,240,Combine Heavy Jelly and Larval Extract,Kinsect Nectar
https://static.wikia.nocookie.net/monsterhunter/images/1/1a/MH4G-Nectar_Icon_White.png,Speed Jelly+,5,99,240,Combine Speed Jelly and Larval Extract,Kinsect Nectar
https://static.wikia.nocookie.net/monsterhunter/images/a/ac/MH4G-Nectar_Icon_Pink.png,Power Jelly++,5,99,240,Combine Power Jelly and Paralarval Extract,Kinsect Nectar
https://static.wikia.nocookie.net/monsterhunter/images/0/07/MH4G-Nectar_Icon_Orange.png,Heavy Jelly++,5,99,240,Combine Heavy Jelly and Paralarval Extract,Kinsect Nectar
https://static.wikia.nocookie.net/monsterhunter/images/1/1a/MH4G-Nectar_Icon_White.png,Speed Jelly++,5,99,240,Combine Speed Jelly and Paralarval Extract,Kinsect Nectar
https://static.wikia.nocookie.net/monsterhunter/images/a/ac/MH4G-Nectar_Icon_Red.png,Fire Ambrosia+,5,99,240,Combine Fire Ambrosia and Larval Extract,Kinsect Nectar
https://static.wikia.nocookie.net/monsterhunter/images/b/b0/MH4G-Nectar_Icon_Blue.png,Water Ambrosia+,5,99,240,Combine Water Ambrosia and Larval Extract,Kinsect Nectar
https://static.wikia.nocookie.net/monsterhunter/images/9/97/MH4G-Nectar_Icon_Yellow.png,Thunder Ambrosia+,5,99,240,Combine Thunder Ambrosia and Larval Extract,Kinsect Nectar
https://static.wikia.nocookie.net/monsterhunter/images/0/0f/MH4G-Nectar_Icon_Light_Blue.png,Ice Ambrosia+,5,99,240,Combine Ice Ambrosia and Larval Extract,Kinsect Nectar
https://static.wikia.nocookie.net/monsterhunter/images/2/21/MH4G-Nectar_Icon_Purple.png,Dragon Ambrosia+,5,99,240,Combine Dragon Ambrosia and Larval Extract,Kinsect Nectar
https://static.wikia.nocookie.net/monsterhunter/images/7/75/FourthGen-Nectar_Icon_Dark_Red.png,Douse Ambrosia,5,99,180,Combine Fire Ambrosia and Burnt Meat,Kinsect Nectar
https://static.wikia.nocookie.net/monsterhunter/images/c/c3/FourthGen-Nectar_Icon_Dark_Blue.png,Drought Ambrosia,5,99,180,Combine Water Ambrosia and Burnt Meat,Kinsect Nectar
https://static.wikia.nocookie.net/monsterhunter/images/0/04/MH4G-Nectar_Icon_Brown.png,Resistor Ambrosia,5,99,180,Combine Thunder Ambrosia and Burnt Meat,Kinsect Nectar
https://static.wikia.nocookie.net/monsterhunter/images/9/9a/MH4G-Nectar_Icon_Teal.png,Melt Ambrosia,5,99,180,Combine Ice Ambrosia and Burnt Meat,Kinsect Nectar
https://static.wikia.nocookie.net/monsterhunter/images/2/2c/FourthGen-Nectar_Icon_Dark_Purple.png,De-wyrm Ambrosia,5,99,180,Combine Dragon Ambrosia and Burnt Meat,Kinsect Nectar
https://static.wikia.nocookie.net/monsterhunter/images/f/f2/MH4G-Nectar_Icon_Grey.png,Reverse Ambrosia,4,99,10,Trader,Kinsect Nectar
https://static.wikia.nocookie.net/monsterhunter/images/3/3d/MH4G-Husk_Icon_White.png,Bone Husk,2,99,3,Search bone piles in many areas,Bones
https://static.wikia.nocookie.net/monsterhunter/images/e/ec/MH4G-Bone_Icon_Yellow.png,Monster Bone S,3,99,10,Carve from multiple small monsters or search bone piles in many areas,Bones
https://static.wikia.nocookie.net/monsterhunter/images/e/ec/MH4G-Bone_Icon_Yellow.png,Monster Bone M,4,99,210,Carve from multiple small monsters,Bones
https://static.wikia.nocookie.net/monsterhunter/images/e/ec/MH4G-Bone_Icon_Yellow.png,Monster Bone L,4,99,440,Quest Rewards for many Low-rank quests,Bones
https://static.wikia.nocookie.net/monsterhunter/images/e/ec/MH4G-Bone_Icon_Yellow.png,Mystery Bone,1,99,1,Search bone piles in many areas,Bones
https://static.wikia.nocookie.net/monsterhunter/images/e/ec/MH4G-Bone_Icon_Yellow.png,Unknown Skull,4,99,120,Search bone piles in many areas,Bones
https://static.wikia.nocookie.net/monsterhunter/images/e/ec/MH4G-Bone_Icon_Yellow.png,Huge Unknown Skull,8,99,780,Search bone piles in many G-Rank areas,Bones
https://static.wikia.nocookie.net/monsterhunter/images/e/e6/MH4G-Bone_Icon_Orange.png,Monster Bone+,4,99,560,Quest Rewards for many Low-rank and High-rank quests,Bones
https://static.wikia.nocookie.net/monsterhunter/images/2/23/MH4G-Bone_Icon_Pink.png,Monster Keenbone,6,99,660,Quest Rewards for Many High-rank Quests,Bones
https://static.wikia.nocookie.net/monsterhunter/images/f/f5/MH4G-Bone_Icon_Red.png,Monster Hardbone,6,99,840,Quest Rewards for many High-rank quests,Bones
https://static.wikia.nocookie.net/monsterhunter/images/5/5a/FourthGen-Bone_Icon_Dark_Red.png,Monster Toughbone,8,99,1090,Quest Rewards for many G-rank quests,Bones
https://static.wikia.nocookie.net/monsterhunter/images/d/d5/MH4G-Bone_Icon_Grey.png,Monster Slogbone,8,99,1320,Quest Rewards for many G-rank quests,Bones
https://static.wikia.nocookie.net/monsterhunter/images/5/5c/MH4G-Bone_Icon_Purple.png,Elder Dragon Bone,6,99,880,Quest Rewards from Elder Dragons,Bones
https://static.wikia.nocookie.net/monsterhunter/images/5/5c/MH4G-Bone_Icon_Purple.png,Lrg ElderDragon Bone,8,99,1500,Quest Rewards from G-rank Elder Dragons,Bones
https://static.wikia.nocookie.net/monsterhunter/images/6/6e/MH4G-Bone_Icon_Blue.png,Avian Finebone,6,99,210,Carve High-rank small Bird Wyverns,Bones
https://static.wikia.nocookie.net/monsterhunter/images/4/48/MH4G-Bone_Icon_Light_Blue.png,Avian Stoutbone,8,99,800,Carve G-rank small Bird Wyverns,Bones
https://static.wikia.nocookie.net/monsterhunter/images/f/f1/MH4G-Bone_Icon_Dark_Green.png,Large Herbivore Bone,8,99,630,Carve G-rank Herbivores,Bones
https://static.wikia.nocookie.net/monsterhunter/images/f/ff/MH4G-Bone_Icon_White.png,Brute Bone,4,99,20,"Carve Low-rank Popo, Blango, or Bullfango",Bones
https://static.wikia.nocookie.net/monsterhunter/images/f/ff/MH4G-Bone_Icon_White.png,Jumbo Bone,4,99,150,"Carve Low-rank Fanged Beasts (except Gammoth), Popo, Tetsucabra, Ceanataur, or Shogun Ceanataur",Bones
https://static.wikia.nocookie.net/monsterhunter/images/f/ff/MH4G-Bone_Icon_White.png,Stoutbone,6,99,600,"Carve High-rank Fanged Beasts (except Gammoth), Popo, Tetsucabra, Ceanataur, or Shogun Ceanataur",Bones
https://static.wikia.nocookie.net/monsterhunter/images/f/ff/MH4G-Bone_Icon_White.png,Massive Bone,8,99,1200,Carve G-rank Fanged Beasts (except Gammoth) or Tetsucabra,Bones
https://static.wikia.nocookie.net/monsterhunter/images/f/ff/MH4G-Bone_Icon_White.png,Dragonbone Relic,6,99,600,Search bone piles in High-rank,Bones
https://static.wikia.nocookie.net/monsterhunter/images/a/a6/MH4G-Bone_Icon_Brown.png,Dragonbone Artifact,8,99,1500,Search bone piles in G-rank,Bones
https://static.wikia.nocookie.net/monsterhunter/images/f/ff/MH4G-Bone_Icon_White.png,Irregular Bone,6,99,660,Quest reward from Deviant quests,Bones
https://static.wikia.nocookie.net/monsterhunter/images/f/ff/MH4G-Bone_Icon_White.png,Irregular Stoutbone,7,99,880,Quest reward from Lv5 or higher Deviant quests,Bones
https://static.wikia.nocookie.net/monsterhunter/images/f/ff/MH4G-Bone_Icon_White.png,Irregular Slogbone,9,99,1140,Quest reward from LvG3 or higher G-rank Deviant quests,Bones
https://static.wikia.nocookie.net/monsterhunter/images/e/e4/MH4G-Claw_Icon_White.png,Wyvern Fang,3,50,6,Quest reward from many quests,Bones
https://static.wikia.nocookie.net/monsterhunter/images/e/e4/MH4G-Claw_Icon_White.png,Wyvern Claw,3,50,18,Quest reward from many quests,Bones
https://static.wikia.nocookie.net/monsterhunter/images/1/13/MH4G-Sac_Icon_Grey.png,Screamer Sac,4,99,15,"Carve Velocidrome, Yian Kut-Ku, and Giadrome",Sacs & Fluids
https://static.wikia.nocookie.net/monsterhunter/images/b/bd/MH4G-Sac_Icon_Purple.png,Poison Sac,4,99,96,Carve Low-rank Iodrome and Gypceros,Sacs & Fluids
https://static.wikia.nocookie.net/monsterhunter/images/b/bd/MH4G-Sac_Icon_Purple.png,Toxin Sac,6,99,288,"Carve High-rank Iodrome, Gypceros, and Basarios",Sacs & Fluids
https://static.wikia.nocookie.net/monsterhunter/images/b/bd/MH4G-Sac_Icon_Purple.png,Deadly Poison Sac,8,99,864,"Carve G-rank Iodrome, Gypceros, and Basarios",Sacs & Fluids
https://static.wikia.nocookie.net/monsterhunter/images/b/b5/MH4G-Sac_Icon_Yellow.png,Paralysis Sac,4,99,120,"Carve Low-rank Gendrome, Volvidon, and Najarala",Sacs & Fluids
https://static.wikia.nocookie.net/monsterhunter/images/b/b5/MH4G-Sac_Icon_Yellow.png,Omniplegia Sac,6,99,360,"Carve High-rank Gendrome, Volvidon, and Najarala",Sacs & Fluids
https://static.wikia.nocookie.net/monsterhunter/images/b/b5/MH4G-Sac_Icon_Yellow.png,Ultraplegia Sac,8,99,1080,"Carve G-rank Gendrome, Volvidon, and Najarala",Sacs & Fluids
https://static.wikia.nocookie.net/monsterhunter/images/1/1f/MH4G-Sac_Icon_Blue.png,Sleep Sac,4,99,230,Carve Low-rank Malfestio,Sacs & Fluids
https://static.wikia.nocookie.net/monsterhunter/images/1/1f/MH4G-Sac_Icon_Blue.png,Coma Sac,6,99,690,"Carve High-rank Malfestio, Gravios, or Nerscylla",Sacs & Fluids
https://static.wikia.nocookie.net/monsterhunter/images/1/1f/MH4G-Sac_Icon_Blue.png,Torpor Sac,8,99,2070,"Carve G-rank Malfestio, Gravios, or Nerscylla",Sacs & Fluids
https://static.wikia.nocookie.net/monsterhunter/images/1/15/MH4G-Sac_Icon_Red.png,Flame Sac,4,99,240,Reward from Low-rank Yian Garuga or carve Low-rank Yian Kut-Ku and any of the Rath species,Sacs & Fluids
https://static.wikia.nocookie.net/monsterhunter/images/1/15/MH4G-Sac_Icon_Red.png,Inferno Sac,6,99,720,"Reward from High-rank Yian Garuga or carve High-rank Yian Kut-Ku, Gravios, and any of the Rath species",Sacs & Fluids
https://static.wikia.nocookie.net/monsterhunter/images/1/15/MH4G-Sac_Icon_Red.png,Conflagrant Sac,8,99,1920,"Reward from G-rank Yian Garuga or carve G-Rank Yian Kut-Ku or Gravios, and any of the Rath species",Sacs & Fluids
https://static.wikia.nocookie.net/monsterhunter/images/b/b5/MH4G-Sac_Icon_Yellow.png,Electro Sac,4,99,480,Carve or Capture Low-rank Khezu,Sacs & Fluids
https://static.wikia.nocookie.net/monsterhunter/images/b/b5/MH4G-Sac_Icon_Yellow.png,Thunder Sac,6,99,960,Carve or Capture High-rank Khezu,Sacs & Fluids
https://static.wikia.nocookie.net/monsterhunter/images/b/b5/MH4G-Sac_Icon_Yellow.png,Lightning Sac,8,99,2400,Carve or Capture G-rank Khezu,Sacs & Fluids
https://static.wikia.nocookie.net/monsterhunter/images/8/82/MH4G-Sac_Icon_White.png,Freezer Sac,6,99,870,Carve or Capture High-rank Zamtrios and Barioth,Sacs & Fluids
https://static.wikia.nocookie.net/monsterhunter/images/8/82/MH4G-Sac_Icon_White.png,Cryo Sac,8,99,1200,Carve or Capture G-rank Zamtrios and Barioth,Sacs & Fluids
https://static.wikia.nocookie.net/monsterhunter/images/c/c7/MH4G-Sac_Icon_Light_Blue.png,Aqua Sac,4,99,170,Carve or Capture Low-rank Royal Ludroth,Sacs & Fluids
https://static.wikia.nocookie.net/monsterhunter/images/c/c7/MH4G-Sac_Icon_Light_Blue.png,Torrent Sac,6,99,510,"Carve or Capture High-rank Royal Ludroth, Seltas, Seltas Queen, and Kecha Wacha",Sacs & Fluids
https://static.wikia.nocookie.net/monsterhunter/images/c/c7/MH4G-Sac_Icon_Light_Blue.png,Flood Sac,8,99,1020,"Carve or Capture G-rank Royal Ludroth, Seltas, Seltas Queen, and Kecha Wacha",Sacs & Fluids
https://static.wikia.nocookie.net/monsterhunter/images/c/c7/MH4G-Medicine_Icon_Yellow.png,Dash Extract,4,20,56,Carve or Capture Gypceros and Royal Ludroth,Sacs & Fluids
https://static.wikia.nocookie.net/monsterhunter/images/2/26/MH4G-Medicine_Icon_White.png,Pale Extract,4,20,122,Carve or Capture Khezu,Sacs & Fluids
https://static.wikia.nocookie.net/monsterhunter/images/2/2d/MH4G-Medicine_Icon_Light_Blue.png,Monster Fluid,4,99,500,Carve Low-rank Neopterons,Sacs & Fluids
https://static.wikia.nocookie.net/monsterhunter/images/c/c9/MH4G-Medicine_Icon_Blue.png,Monster Broth,6,99,1000,Carve High-rank Neopterons and Temnocerans,Sacs & Fluids
https://static.wikia.nocookie.net/monsterhunter/images/c/c9/MH4G-Medicine_Icon_Blue.png,Monster Essence,8,99,2000,Carve G-rank Neopterons and Temnocerans,Sacs & Fluids
https://static.wikia.nocookie.net/monsterhunter/images/1/1f/MH4G-Medicine_Icon_Red.png,Elder Dragon Blood,4,99,1500,Reward from Low-rank Elder Dragons,Sacs & Fluids
https://static.wikia.nocookie.net/monsterhunter/images/1/1f/MH4G-Medicine_Icon_Red.png,Pure Dragon Blood,6,99,4500,Reward from High-rank Elder Dragons,Sacs & Fluids
https://static.wikia.nocookie.net/monsterhunter/images/f/fb/FourthGen-Medicine_Icon_Dark_Red.png,Viscous Dragon Blood,8,99,13500,Reward from G-rank Elder Dragons,Sacs & Fluids
https://static.wikia.nocookie.net/monsterhunter/images/3/35/FourthGen-Medicine_Icon_Dark_Purple.png,Hyper Extract,6,10,1000,High-rank Hyper Monster quests,Hyper Monster Items
https://static.wikia.nocookie.net/monsterhunter/images/f/fb/FourthGen-Medicine_Icon_Dark_Red.png,Potent Hyper Extract,8,99,3000,G-rank Hyper Monster quests,Hyper Monster Items
https://static.wikia.nocookie.net/monsterhunter/images/3/3e/FourthGen-Claw_Icon_Dark_Purple.png,Hyper Fang,6,99,1200,"High-rank Hyper Blangonga, Lavasioth, Najarala, Nargacuga, Tetsucabra, or Zamtrios quests",Hyper Monster Items
https://static.wikia.nocookie.net/monsterhunter/images/3/3e/FourthGen-Claw_Icon_Dark_Purple.png,Hyper Fang+,6,99,2400,"High-rank Hyper Deviljho, Gammoth, Glavenus, orTigrex quests",Hyper Monster Items
https://static.wikia.nocookie.net/monsterhunter/images/7/71/FourthGen-Claw_Icon_Dark_Red.png,Hyper Heavyfang,8,99,3600,G-rank Hyper Tetsucabra quest,Hyper Monster Items
https://static.wikia.nocookie.net/monsterhunter/images/7/71/FourthGen-Claw_Icon_Dark_Red.png,Hyper Keenfang,8,99,4800,"G-rank Hyper Blangonga, Congalala, Lavasioth, Najarala, Nargacuga, or Zamtrios quests",Hyper Monster Items
https://static.wikia.nocookie.net/monsterhunter/images/7/71/FourthGen-Claw_Icon_Dark_Red.png,Hyper Solidfang,8,99,7200,"G-rank Hyper Barioth, Deviljho, Diablos, Gammoth, Glavenus, or Tigrex quests",Hyper Monster Items
https://static.wikia.nocookie.net/monsterhunter/images/3/3e/FourthGen-Claw_Icon_Dark_Purple.png,Hyper Claw,6,99,1200,"High-rank Hyper Daimyo Hermitaur, Kecha Wacha, Malfestio, Nibelsnarf, Rathian, Royal Ludroth, Shogun Ceanataur, or Tetsucabra quests",Hyper Monster Items
https://static.wikia.nocookie.net/monsterhunter/images/3/3e/FourthGen-Claw_Icon_Dark_Purple.png,Hyper Claw+,6,99,2400,"High-rank Hyper Agnaktor, Gore Magala, Lagiacrus, Mizutsune, Seltas Queen, Seregios, Rathalos, or Tigrex quests",Hyper Monster Items
https://static.wikia.nocookie.net/monsterhunter/images/7/71/FourthGen-Claw_Icon_Dark_Red.png,Hyper Heavyclaw,8,99,3600,"G-rank Hyper Daimyo Hermitaur, Kecha Wacha, Royal Ludroth, or Tetsucabra quests",Hyper Monster Items
https://static.wikia.nocookie.net/monsterhunter/images/7/71/FourthGen-Claw_Icon_Dark_Red.png,Hyper Keenclaw,8,99,4800,"G-rank Hyper Barroth, Congalala, Malfestio, Nerscylla, Nibelsnarf, Rathian, or Shogun Ceanataur quests",Hyper Monster Items
https://static.wikia.nocookie.net/monsterhunter/images/7/71/FourthGen-Claw_Icon_Dark_Red.png,Hyper Solidclaw,8,99,7200,"G-rank Hyper Agnaktor, Gore Magala, Lagiacrus, Mizutsune, Seltas Queen, Seregios, Rathalos, or Tigrex quests",Hyper Monster Items
https://static.wikia.nocookie.net/monsterhunter/images/6/68/FourthGen-Bone_Icon_Dark_Purple.png,Hyper Monster Bone,6,99,1200,"High-rank Hyper Brachydios, Daimyo Hermitaur, Duramboros, Gypceros, Khezu, Nargacuga, Shogun Ceanataur, Yian Garuga, or Yian Kut-Ku quests",Hyper Monster Items
https://static.wikia.nocookie.net/monsterhunter/images/5/5a/FourthGen-Bone_Icon_Dark_Red.png,Hyper MnstrToughbone,8,99,3600,"G-rank Hyper Barroth, Daimyo Hermitaur, Gypceros, Khezu, Nargacuga, Shogun Ceanataur, or Yian Kut-Ku quests",Hyper Monster Items
https://static.wikia.nocookie.net/monsterhunter/images/5/5a/FourthGen-Bone_Icon_Dark_Red.png,Hyper MnstrSlogbone,8,99,7200,"G-rank Hyper Brachydios, Duramboros, Glavenus, or Seregios quests",Hyper Monster Items
https://static.wikia.nocookie.net/monsterhunter/images/3/3e/FourthGen-Claw_Icon_Dark_Purple.png,Hyper Horn+,6,99,2400,"High-rank Hyper Astalos, Duramboros, Gore Magala, Lagiacrus, Rajang, Seregios, or Zinogre quests",Hyper Monster Items
https://static.wikia.nocookie.net/monsterhunter/images/7/71/FourthGen-Claw_Icon_Dark_Red.png,Hyper Hardhorn,8,99,7200,"G-rank Hyper Astalos, Diablos, Duramboros, Rajang, Seregios, or Zinogre quests. Also obtainable from subquest of ""Setting the Barioth High""",Hyper Monster Items
https://static.wikia.nocookie.net/monsterhunter/images/c/cf/FourthGen-Sac_Icon_Dark_Purple.png,Hyper Flame Sac,6,99,1500,"High-rank Hyper Rathalos, Silver Rathalos, Rathian, Gold Rathian, Yian Garuga, or Yian Kut-Ku quests",Hyper Monster Items
https://static.wikia.nocookie.net/monsterhunter/images/a/a3/FourthGen-Sac_Icon_Dark_Red.png,Hyper Conflagrant Sac,8,99,4500,"G-rank Hyper Basarios, Gravios, Rathalos, Silver Rathalos, Rathian, Gold Rathian, Yian Garuga, or Yian Kut-Ku quests",Hyper Monster Items
https://static.wikia.nocookie.net/monsterhunter/images/e/e7/FourthGen-Scale_Icon_Dark_Purple.png,Hyper Pyroscale,6,99,1500,"High-rank Hyper Agnaktor, Glavenus, Lavasioth, Uragaan, or Yian Kut-Ku quests",Hyper Monster Items
https://static.wikia.nocookie.net/monsterhunter/images/0/09/FourthGen-Scale_Icon_Dark_Red.png,Hyper Flarescale,8,99,4500,"G-rank Hyper Agnaktor, Glavenus, Lavasioth, Uragaan, or Yian Garuga quests",Hyper Monster Items
https://static.wikia.nocookie.net/monsterhunter/images/c/cf/FourthGen-Sac_Icon_Dark_Purple.png,Hyper Aqua Sac,6,99,1500,"High-rank Hyper Kecha Wacha, Royal Ludroth, or Seltas Queen quests",Hyper Monster Items
https://static.wikia.nocookie.net/monsterhunter/images/a/a3/FourthGen-Sac_Icon_Dark_Red.png,Hyper Flood Sac,8,99,4500,"G-rank Hyper Kecha Wacha, Royal Ludroth, or Seltas Queen quests",Hyper Monster Items
https://static.wikia.nocookie.net/monsterhunter/images/3/35/FourthGen-Medicine_Icon_Dark_Purple.png,Hyper Fluid,6,99,1500,"High-rank Hyper Nibelsnarf, Mizutsune, Plesioth, orRoyal Ludroth quests",Hyper Monster Items
https://static.wikia.nocookie.net/monsterhunter/images/f/fb/FourthGen-Medicine_Icon_Dark_Red.png,Hyper Viscous Fluid,8,99,4500,"G-rank Hyper Nibelsnarf, Mizutsune, Plesioth, orRoyal Ludroth quests",Hyper Monster Items
https://static.wikia.nocookie.net/monsterhunter/images/c/cf/FourthGen-Sac_Icon_Dark_Purple.png,Hyper Thunder Sac,6,99,1500,High-rank Hyper Khezu quests,Hyper Monster Items
https://static.wikia.nocookie.net/monsterhunter/images/a/a3/FourthGen-Sac_Icon_Dark_Red.png,Hyper Lightning Sac,8,99,4500,G-rank Hyper Khezu quests,Hyper Monster Items
https://static.wikia.nocookie.net/monsterhunter/images/5/5d/FourthGen-Carapace_Icon_Dark_Purple.png,Hyper Charged Shell,6,99,1500,High-rank Hyper Astalos or Lagiacrus quests,Hyper Monster Items
https://static.wikia.nocookie.net/monsterhunter/images/0/0f/FourthGen-Carapace_Icon_Dark_Red.png,Hyper Amped Shell,8,99,4500,"G-rank Hyper Astalos or Lagiacrus quests. Also obtainable from subquest of ""Setting the Barioth High""",Hyper Monster Items
https://static.wikia.nocookie.net/monsterhunter/images/8/88/FourthGen-Monster_Parts_Icon_Dark_Purple.png,Hyper Shockfur,6,99,1500,High-rank Hyper Rajang or Zinogre quests,Hyper Monster Items
https://static.wikia.nocookie.net/monsterhunter/images/b/be/FourthGen-Monster_Parts_Icon_Dark_Red.png,Hyper Fluxfur,8,99,4500,G-rank Hyper Rajang or Zinogre quests,Hyper Monster Items
https://static.wikia.nocookie.net/monsterhunter/images/c/c7/FourthGen-Ore_Icon_Dark_Purple.png,Hyper Ice Block,6,99,1500,"High-rank Hyper Blangonga, Gammoth, or Zamtrios quests",Hyper Monster Items
https://static.wikia.nocookie.net/monsterhunter/images/a/a0/FourthGen-Ore_Icon_Dark_Red.png,Hyper Ice Chunk,8,99,4500,"G-rank Hyper Barioth, Blangonga, Gammoth, or Zamtrios quests",Hyper Monster Items
https://static.wikia.nocookie.net/monsterhunter/images/e/e7/FourthGen-Scale_Icon_Dark_Purple.png,Hyper Draco. Scale,6,99,2000,"High-rank Hyper Deviljho, Gold Rathian, Gore Magala, or Silver Rathalos quests",Hyper Monster Items
https://static.wikia.nocookie.net/monsterhunter/images/0/09/FourthGen-Scale_Icon_Dark_Red.png,Hyper Draco. Scale+,8,99,6000,"G-rank Hyper Deviljho, Gold Rathian, Gore Magala, or Silver Rathalos quests",Hyper Monster Items
https://static.wikia.nocookie.net/monsterhunter/images/3/35/FourthGen-Medicine_Icon_Dark_Purple.png,Hyper Toxin,6,99,1500,"High-rank Hyper Gypceros, Rathalos, Rathian, Gold Rathian, or Yian Garuga quests",Hyper Monster Items
https://static.wikia.nocookie.net/monsterhunter/images/f/fb/FourthGen-Medicine_Icon_Dark_Red.png,Hyper Potent Toxin,8,99,4500,"G-rank Hyper Basarios, Gypceros, Nerscylla, Rathalos, Rathian, Gold Rathian, or Yian Garuga quests",Hyper Monster Items
https://static.wikia.nocookie.net/monsterhunter/images/3/35/FourthGen-Medicine_Icon_Dark_Purple.png,Hyper Paratoxin,6,99,1500,High-rank Hyper Najarala quests,Hyper Monster Items
https://static.wikia.nocookie.net/monsterhunter/images/f/fb/FourthGen-Medicine_Icon_Dark_Red.png,Hyper Potent Paratoxin,8,99,4500,G-rank Hyper Najarala quests,Hyper Monster Items
https://static.wikia.nocookie.net/monsterhunter/images/c/cf/FourthGen-Sac_Icon_Dark_Purple.png,Hyper Sleep Sac,6,99,1500,High-rank Hyper Malfestio quests,Hyper Monster Items
https://static.wikia.nocookie.net/monsterhunter/images/a/a3/FourthGen-Sac_Icon_Dark_Red.png,Hyper Torpor Sac,8,99,4500,"G-rank Hyper Malfestio, Gravios, or Nerscylla quests",Hyper Monster Items
https://static.wikia.nocookie.net/monsterhunter/images/3/35/FourthGen-Medicine_Icon_Dark_Purple.png,Hyper Narcotoxin,6,99,1500,High-rank Hyper Plesioth or Uragaan quests,Hyper Monster Items
https://static.wikia.nocookie.net/monsterhunter/images/f/fb/FourthGen-Medicine_Icon_Dark_Red.png,Hyper Potent Narcotoxin,8,99,4500,G-rank Hyper Plesioth or Uragaan quests,Hyper Monster Items
https://static.wikia.nocookie.net/monsterhunter/images/3/35/FourthGen-Medicine_Icon_Dark_Purple.png,Hyper Catalyst,6,99,2000,High-rank Hyper Brachydios quests,Hyper Monster Items
https://static.wikia.nocookie.net/monsterhunter/images/f/fb/FourthGen-Medicine_Icon_Dark_Red.png,Hyper Catalyst+,8,99,6000,G-rank Hyper Brachydios quests,Hyper Monster Items
https://static.wikia.nocookie.net/monsterhunter/images/2/2c/MH4G-Coin_Icon_White.png,Khezu Coin,4,99,300,"Reward from Arena Quest ""Grudge Match: Khezu""",Coins & Tickets
https://static.wikia.nocookie.net/monsterhunter/images/2/27/MH4G-Coin_Icon_Brown.png,Najarala Coin,4,99,400,"Reward from Arena Quest ""Grudge Match: Najarala""",Coins & Tickets
https://static.wikia.nocookie.net/monsterhunter/images/2/29/MH4G-Coin_Icon_Red.png,Rathalos Coin,4,99,500,"Reward from Arena Quest ""Grudge Match: Rathalos""",Coins & Tickets
https://static.wikia.nocookie.net/monsterhunter/images/6/69/MH4G-Coin_Icon_Orange.png,Kecha Coin,6,99,800,"Reward from Arena Quest ""Grudge Match: Kecha Wacha""",Coins & Tickets
https://static.wikia.nocookie.net/monsterhunter/images/a/a4/MH4G-Coin_Icon_Blue.png,Plesioth Coin,6,99,900,"Reward from Arena Quest ""Grudge Match: Plesioth""",Coins & Tickets
https://static.wikia.nocookie.net/monsterhunter/images/a/a4/MH4G-Coin_Icon_Blue.png,Brachydios Coin,6,99,1000,"Reward from Arena Quest ""Grudge Match: Brachydios""",Coins & Tickets
https://static.wikia.nocookie.net/monsterhunter/images/a/a4/MH4G-Coin_Icon_Blue.png,Gypceros Coin,4,99,300,"Reward from Arena Quest ""Grudge Match: Gypceros""",Coins & Tickets
https://static.wikia.nocookie.net/monsterhunter/images/a/a6/MH4G-Coin_Icon_Green.png,Drome Coin,6,99,900,"Reward from Arena Quest ""Grudge Match: Bird Wyverns""",Coins & Tickets
https://static.wikia.nocookie.net/monsterhunter/images/6/6f/MH4G-Coin_Icon_Purple.png,Garuga Coin,8,99,1500,"Reward from Arena Quest ""Grudge Match: Yian Garuga""",Coins & Tickets
https://static.wikia.nocookie.net/monsterhunter/images/2/27/MH4G-Coin_Icon_Brown.png,Uragaan Coin,8,99,1700,"Reward from Arena Quest ""Grudge Match: Uragaan""",Coins & Tickets
https://static.wikia.nocookie.net/monsterhunter/images/0/00/MH4G-Coin_Icon_Yellow.png,Seregios Coin,8,99,1900,"Reward from Arena Quest ""Grudge Match: Seregios""",Coins & Tickets
https://static.wikia.nocookie.net/monsterhunter/images/2/29/MH4G-Coin_Icon_Red.png,Tetsucabra Coin,8,99,600,"Reward from Arena Quest ""Grudge Match: Tetsucabra""",Coins & Tickets
https://static.wikia.nocookie.net/monsterhunter/images/4/47/MH4G-Coin_Icon_Pink.png,Congalala Coin,8,99,300,"Reward from Arena Quest ""Grudge Match: Congalala""",Coins & Tickets
https://static.wikia.nocookie.net/monsterhunter/images/6/6f/MH4G-Coin_Icon_Purple.png,Horns Coin,8,99,0,Reward from G-rank quests,Coins & Tickets
https://static.wikia.nocookie.net/monsterhunter/images/e/e9/MH4G-Meal_Ticket_Icon_White.png,Voucher,4,99,500,Reward from eating at the Canteen,Coins & Tickets
https://static.wikia.nocookie.net/monsterhunter/images/1/1f/MH4G-Meal_Ticket_Icon_Yellow.png,Gourmet Voucher,5,99,1000,Reward from eating at the Canteen,Coins & Tickets
https://static.wikia.nocookie.net/monsterhunter/images/f/f9/MH4G-Ticket_Icon_Orange.png,Commendation,4,99,0,Reward from some Low-rank and High-rank Elder Dragon and multi-monster quests,Coins & Tickets
https://static.wikia.nocookie.net/monsterhunter/images/f/f9/MH4G-Ticket_Icon_Orange.png,Commendation G,5,99,0,Reward from some High-rank and G-rank Elder Dragon and multi-monster quests,Coins & Tickets
https://static.wikia.nocookie.net/monsterhunter/images/f/f9/MH4G-Ticket_Icon_Orange.png,Commendation XX,8,99,0,Reward from some G-rank Elder Dragon and multi-monster quests,Coins & Tickets
https://static.wikia.nocookie.net/monsterhunter/images/a/af/MH4G-Ticket_Icon_Yellow.png,Accolade,4,99,0,Reward from some Low-rank and High-rank multi-monster quests,Coins & Tickets
https://static.wikia.nocookie.net/monsterhunter/images/a/af/MH4G-Ticket_Icon_Yellow.png,Accolade G,5,99,0,Reward from some High-rank and G-rank multi-monster and Elder Dragon quests,Coins & Tickets
https://static.wikia.nocookie.net/monsterhunter/images/a/af/MH4G-Ticket_Icon_Yellow.png,Accolade XX,8,99,0,Reward from some G-rank Elder Dragon and multi-monster quests,Coins & Tickets
https://static.wikia.nocookie.net/monsterhunter/images/0/01/MH4G-Ticket_Icon_White.png,Distinction,9,99,0,Reward from G4 single-monster (non-Elder Dragon) quests,Coins & Tickets
https://static.wikia.nocookie.net/monsterhunter/images/7/75/MH4G-Ticket_Icon_Dark_Green.png,Privilege,8,99,0,Horns Coins Exchange (HR 11 required),Coins & Tickets
https://static.wikia.nocookie.net/monsterhunter/images/7/75/MH4G-Ticket_Icon_Dark_Green.png,Privilege G,9,99,0,Horns Coins Exchange (HR break required),Coins & Tickets
https://static.wikia.nocookie.net/monsterhunter/images/f/f9/MH4G-Ticket_Icon_Orange.png,Triumph,9,99,0,"G-rank Nakarkos, Akantor, Ukanlos, Amatsu, Alatreon, Fatalis, Crimson Fatalis, and White Fatalis quests",Coins & Tickets
https://static.wikia.nocookie.net/monsterhunter/images/0/01/MH4G-Ticket_Icon_White.png,Pawprint Stamp,5,99,0,Shiny drop from Felyne and Melynx,Coins & Tickets
https://static.wikia.nocookie.net/monsterhunter/images/0/01/MH4G-Ticket_Icon_White.png,Pawprint Ticket,8,99,0,Shiny drop from G-rank Felyne and Melynx,Coins & Tickets
https://static.wikia.nocookie.net/monsterhunter/images/9/9b/MH4G-Ticket_Icon_Light_Green.png,Bherna Ticket,5,99,0,Reward from Bherna Elder for completing Bherna Village requests,Coins & Tickets
https://static.wikia.nocookie.net/monsterhunter/images/9/9b/MH4G-Ticket_Icon_Light_Green.png,Bherna Ticket G,8,99,0,Reward from Bherna Elder for completing G-rank Bherna Village requests,Coins & Tickets
https://static.wikia.nocookie.net/monsterhunter/images/a/af/MH4G-Ticket_Icon_Yellow.png,Kokoto Ticket,5,99,0,Reward from Kokoto Elder for completing Kokoto Village requests,Coins & Tickets
https://static.wikia.nocookie.net/monsterhunter/images/a/af/MH4G-Ticket_Icon_Yellow.png,Kokoto Ticket G,8,99,0,Reward from Kokoto Elder for completing G-rank Kokoto Village requests,Coins & Tickets
https://static.wikia.nocookie.net/monsterhunter/images/3/35/MH4G-Ticket_Icon_Light_Blue.png,Pokke Ticket,5,99,0,Reward from Pokke Elder for completing Pokke Village requests,Coins & Tickets
https://static.wikia.nocookie.net/monsterhunter/images/3/35/MH4G-Ticket_Icon_Light_Blue.png,Pokke Ticket G,8,99,0,Reward from Pokke Elder for completing G-rank Pokke Village requests,Coins & Tickets
https://static.wikia.nocookie.net/monsterhunter/images/b/b3/MH4G-Ticket_Icon_Red.png,Yukumo Ticket,5,99,0,Reward from Yukumo Elder for completing Yukumo Village requests,Coins & Tickets
https://static.wikia.nocookie.net/monsterhunter/images/b/b3/MH4G-Ticket_Icon_Red.png,Yukumo Ticket G,8,99,0,Reward from Yukumo Elder for completing G-rank Yukumo Village requests,Coins & Tickets
https://static.wikia.nocookie.net/monsterhunter/images/9/99/MH4G-Ticket_Icon_Blue.png,Wycademy Ticket,5,99,0,Reward from Chief Researcher for hunting Gold Crown-sized monsters,Coins & Tickets
https://static.wikia.nocookie.net/monsterhunter/images/9/99/MH4G-Ticket_Icon_Blue.png,Wycademy Ticket G,8,99,0,Reward from Chief Researcher for completing G-rank quests,Coins & Tickets
https://static.wikia.nocookie.net/monsterhunter/images/3/35/MH4G-Ticket_Icon_Light_Blue.png,Soaratorium Ticket,7,99,0,Reward from Wyventurer for completing High-rank village quests,Coins & Tickets
https://static.wikia.nocookie.net/monsterhunter/images/1/1e/MH4G-Ticket_Icon_Purple.png,Pub Ticket,8,99,0,Reward from Pub Manager for completing certain G-rank quests,Coins & Tickets
https://static.wikia.nocookie.net/monsterhunter/images/9/99/MH4G-Ticket_Icon_Blue.png,Palico Ticket,5,99,0,Reward for using Palicos in quests,Coins & Tickets
https://static.wikia.nocookie.net/monsterhunter/images/9/99/MH4G-Ticket_Icon_Blue.png,Palico Ticket G,8,99,0,Reward for using Palicos in G-rank quests,Coins & Tickets
https://static.wikia.nocookie.net/monsterhunter/images/a/af/MH4G-Ticket_Icon_Yellow.png,Airship Ticket,5,99,0,Reward for completing quests,Coins & Tickets
https://static.wikia.nocookie.net/monsterhunter/images/a/af/MH4G-Ticket_Icon_Yellow.png,Airship Ticket G,8,99,0,Reward for completing G-rank quests,Coins & Tickets
https://static.wikia.nocookie.net/monsterhunter/images/1/1f/MH4G-Meal_Ticket_Icon_Yellow.png,Bistro Ticket,5,99,0,Reward from Felyne Chefs for eating at the Canteen,Coins & Tickets
https://static.wikia.nocookie.net/monsterhunter/images/1/1f/MH4G-Meal_Ticket_Icon_Yellow.png,Bistro Ticket G,8,99,0,Reward from Gourmew Chef for eating at the Canteen,Coins & Tickets
https://static.wikia.nocookie.net/monsterhunter/images/a/af/MH4G-Ticket_Icon_Yellow.png,Trade Ticket,5,99,0,"Reward from Neko (Means ""Cat"") for using the Trader",Coins & Tickets
https://static.wikia.nocookie.net/monsterhunter/images/a/af/MH4G-Ticket_Icon_Yellow.png,Footbath Ticket,5,99,0,Reward from Bath Cattendant for completing requests from Yukumo Village footbath visitors,Coins & Tickets
https://static.wikia.nocookie.net/monsterhunter/images/c/ce/MH4G-Ticket_Icon_Brown.png,Bronze Guild Ticket,5,99,0,Reward from quests given by Guild Managers,Coins & Tickets
https://static.wikia.nocookie.net/monsterhunter/images/c/ce/MH4G-Ticket_Icon_Brown.png,Gold Guild Ticket,8,99,0,Reward from some G-rank multi-monster quests,Coins & Tickets
https://static.wikia.nocookie.net/monsterhunter/images/5/5e/MH4G-Ticket_Icon_Green.png,Blackbelt Ticket,4,99,0,Reward from Low-rank Arena Quests,Coins & Tickets
https://static.wikia.nocookie.net/monsterhunter/images/5/5e/MH4G-Ticket_Icon_Green.png,Expert Ticket,5,99,0,Reward from High-rank Arena Quests,Coins & Tickets
https://static.wikia.nocookie.net/monsterhunter/images/5/5e/MH4G-Ticket_Icon_Green.png,Expert Ticket G,8,99,0,Reward from G-rank Arena Quests,Coins & Tickets
https://static.wikia.nocookie.net/monsterhunter/images/5/5e/MH4G-Ticket_Icon_Green.png,Legend Ticket,6,99,0,Reward from High-rank Arena Quests,Coins & Tickets
https://static.wikia.nocookie.net/monsterhunter/images/5/5e/MH4G-Ticket_Icon_Green.png,Legend Ticket G,9,99,0,Reward from G-rank Arena Quests,Coins & Tickets
https://static.wikia.nocookie.net/monsterhunter/images/5/5e/MH4G-Ticket_Icon_Green.png,VE Ticket,4,99,0,Reward for accumulating HR Points,Coins & Tickets
https://static.wikia.nocookie.net/monsterhunter/images/5/5e/MH4G-Ticket_Icon_Green.png,VE Deluxe Ticket,4,99,0,Reward for accumulating HR Points,Coins & Tickets
https://static.wikia.nocookie.net/monsterhunter/images/9/9b/MH4G-Ticket_Icon_Grey.png,VE Bronze Ticket,4,99,0,Reward for Raising the Unity Level on your Guild Card,Coins & Tickets
https://static.wikia.nocookie.net/monsterhunter/images/0/01/MH4G-Ticket_Icon_White.png,VE Silver Ticket,4,99,0,Reward for Raising the Unity Level on your Guild Card,Coins & Tickets
https://static.wikia.nocookie.net/monsterhunter/images/a/af/MH4G-Ticket_Icon_Yellow.png,VE Golden Ticket,4,99,0,Reward for Raising the Unity Level on your Guild Card,Coins & Tickets
https://static.wikia.nocookie.net/monsterhunter/images/3/35/MH4G-Ticket_Icon_Light_Blue.png,VE Cosmic Ticket,4,99,0,Reward for Raising the Unity Level on your Guild Card,Coins & Tickets
https://static.wikia.nocookie.net/monsterhunter/images/b/b3/MH4G-Ticket_Icon_Red.png,EX Rathalos Ticket EX,6,99,0,"Reward from Village Quest ""Advanced: Invoking Rath""",Coins & Tickets
https://static.wikia.nocookie.net/monsterhunter/images/b/b3/MH4G-Ticket_Icon_Red.png,EX Rathalos Ticket S EX,7,99,0,"Reward from Hub Quest ""Wyverns All Around Us""",Coins & Tickets
https://static.wikia.nocookie.net/monsterhunter/images/9/9b/MH4G-Ticket_Icon_Grey.png,EX Lavasioth Ticket EX,6,99,0,"Reward from Hub Quest ""The Magma's Rage""",Coins & Tickets
https://static.wikia.nocookie.net/monsterhunter/images/a/af/MH4G-Ticket_Icon_Yellow.png,EX Tigrex Ticket EX,6,99,0,"Reward from Hub Quest ""Tigrex, Tigrex, Burning Bright""",Coins & Tickets
https://static.wikia.nocookie.net/monsterhunter/images/a/af/MH4G-Ticket_Icon_Yellow.png,EX Tigrex Ticket S EX,7,99,0,"Reward from Village Quest ""Advanced: Seismic Scares""",Coins & Tickets
https://static.wikia.nocookie.net/monsterhunter/images/6/66/MH4G-Ticket_Icon_Teal.png,EX Zinogre Ticket EX,6,99,0,"Reward from Hub Quest ""The Wolf and the Footbath""",Coins & Tickets
https://static.wikia.nocookie.net/monsterhunter/images/9/99/MH4G-Ticket_Icon_Blue.png,EX Brachydios Ticket EX,6,99,0,"Reward from Hub Quest ""Steam and Smoke""",Coins & Tickets
https://static.wikia.nocookie.net/monsterhunter/images/9/9b/MH4G-Ticket_Icon_Grey.png,EX Gore Magala Ticket EX,6,99,0,"Reward from Hub Quest ""Watch Your Steppe""",Coins & Tickets
https://static.wikia.nocookie.net/monsterhunter/images/0/01/MH4G-Ticket_Icon_White.png,EX S.Magala Ticket EX,7,99,0,"Reward from Village Quest ""Advanced: Nothing is Sacred""",Coins & Tickets
https://static.wikia.nocookie.net/monsterhunter/images/9/9b/MH4G-Ticket_Icon_Grey.png,EX Daora Ticket EX,7,99,0,"Reward from Event Quest ""The Steel Vanguard""",Coins & Tickets
https://static.wikia.nocookie.net/monsterhunter/images/1/1e/MH4G-Ticket_Icon_Purple.png,EX Chameleos Ticket EX,7,99,0,"Reward from Event Quest ""The Formless One""",Coins & Tickets
https://static.wikia.nocookie.net/monsterhunter/images/b/b3/MH4G-Ticket_Icon_Red.png,EX Teostra Ticket EX,7,99,0,"Reward from Event Quest ""The Exploding Flame King""",Coins & Tickets
https://static.wikia.nocookie.net/monsterhunter/images/a/af/MH4G-Ticket_Icon_Yellow.png,EX G.Rathian Ticket EX,7,99,0,"Reward from Event Quest ""Moonlit Tryst""",Coins & Tickets
https://static.wikia.nocookie.net/monsterhunter/images/0/01/MH4G-Ticket_Icon_White.png,EX S.Rathalos Ticket EX,7,99,0,"Reward from Event Quest ""Moonlit Tryst""",Coins & Tickets
https://static.wikia.nocookie.net/monsterhunter/images/1/19/MH4G-Ticket_Icon_Pink.png,EX Congalala Ticket EX,8,99,0,"Reward from Hub Quest ""Interruption: Conga Line""",Coins & Tickets
https://static.wikia.nocookie.net/monsterhunter/images/b/b3/MH4G-Ticket_Icon_Red.png,EX Lao-Shan Lung Ticket EX,9,99,0,"Reward from Hub Quest ""Material Old Girl""",Coins & Tickets
https://static.wikia.nocookie.net/monsterhunter/images/b/b3/MH4G-Ticket_Icon_Red.png,EX Lao-Shan Lung Ticket S EX,9,99,0,"Reward from Event Quest ""Lao-Shan Lung Time No See""",Coins & Tickets
https://static.wikia.nocookie.net/monsterhunter/images/b/b3/MH4G-Ticket_Icon_Red.png,EX C.Fatalis Ticket EX,9,99,0,"Reward from Event Quest ""To Slay a Legend""",Coins & Tickets
https://static.wikia.nocookie.net/monsterhunter/images/0/01/MH4G-Ticket_Icon_White.png,EX Old Fatalis Ticket EX,9,99,0,"Reward from Event Quest ""Defy the Prophecy""",Coins & Tickets
https://static.wikia.nocookie.net/monsterhunter/images/c/cb/FourthGen-Ticket_Icon_Dark_Purple.png,Hyper Hunter I,6,99,0,Reward from 6★ Hyper Monster quests,Coins & Tickets
https://static.wikia.nocookie.net/monsterhunter/images/c/cb/FourthGen-Ticket_Icon_Dark_Purple.png,Hyper Hunter II,6,99,0,Reward from 7★ Hyper Monster quests,Coins & Tickets
https://static.wikia.nocookie.net/monsterhunter/images/c/cb/FourthGen-Ticket_Icon_Dark_Purple.png,Hyper Hunter III,6,99,0,Reward from 7★ Hyper Monster marathon and 6★ Threat Level Hyper Monster quests,Coins & Tickets
https://static.wikia.nocookie.net/monsterhunter/images/1/1c/FourthGen-Ticket_Icon_Dark_Red.png,Hyper Hunter IV,8,99,0,Reward from G2 Hyper Monster quests,Coins & Tickets
https://static.wikia.nocookie.net/monsterhunter/images/1/1c/FourthGen-Ticket_Icon_Dark_Red.png,Hyper Hunter V,8,99,0,Reward from G3 Hyper Monster quests,Coins & Tickets
https://static.wikia.nocookie.net/monsterhunter/images/1/1c/FourthGen-Ticket_Icon_Dark_Red.png,Hyper Hunter VI,8,99,0,Reward from G4 Hyper Monster quests,Coins & Tickets
https://static.wikia.nocookie.net/monsterhunter/images/b/b3/MH4G-Ticket_Icon_Red.png,Redhelm Hunter I - XV -15,6-8,99,0,Reward from Redhelm Arzuros Special Permit Quests,Coins & Tickets
https://static.wikia.nocookie.net/monsterhunter/images/c/ce/MH4G-Ticket_Icon_Brown.png,Snowbaron Hunter I - XV -15,6-8,99,0,Reward from Snowbaron Lagombi Special Permit Quests,Coins & Tickets
https://static.wikia.nocookie.net/monsterhunter/images/1/1c/FourthGen-Ticket_Icon_Dark_Red.png,Stonefist Hunter I - XV -15,6-8,99,0,Reward from Stonefist Hermitaur Special Permit Quests,Coins & Tickets
https://static.wikia.nocookie.net/monsterhunter/images/1/1e/MH4G-Ticket_Icon_Purple.png,Dreadqueen Hunter I - XV -15,6-8,99,0,Reward from Dreadqueen Rathian Special Permit Quests,Coins & Tickets
https://static.wikia.nocookie.net/monsterhunter/images/1/1c/FourthGen-Ticket_Icon_Dark_Red.png,Drilltusk Hunter I - XV -15,6-8,99,0,Reward from Drilltusk Tetsucabra Special Permit Quests,Coins & Tickets
https://static.wikia.nocookie.net/monsterhunter/images/8/8a/FourthGen-Ticket_Icon_Dark_Blue.png,Silverwind Hunter I - XV -15,6-8,99,0,Reward from Silverwind Nargacuga Special Permit Quests,Coins & Tickets
https://static.wikia.nocookie.net/monsterhunter/images/c/ce/MH4G-Ticket_Icon_Brown.png,Crystalbeard Hunter I - XV -15,6-8,99,0,Reward from Crystalbeard Uragaan Special Permit Quests,Coins & Tickets
https://static.wikia.nocookie.net/monsterhunter/images/c/cb/FourthGen-Ticket_Icon_Dark_Purple.png,Deadeye Hunter I - XV -15,6-8,99,0,Reward from Deadeye Yian Garuga Special Permit Quests,Coins & Tickets
https://static.wikia.nocookie.net/monsterhunter/images/1/1c/FourthGen-Ticket_Icon_Dark_Red.png,Dreadking Hunter I - XV -15,6-8,99,0,Reward from Dreadking Rathalos Special Permit Quests,Coins & Tickets
https://static.wikia.nocookie.net/monsterhunter/images/a/af/MH4G-Ticket_Icon_Yellow.png,Thunderlord Hunter I - XV -15,6-8,99,0,Reward from Thunderlord Zinogre Special Permit Quests,Coins & Tickets
https://static.wikia.nocookie.net/monsterhunter/images/9/99/MH4G-Ticket_Icon_Blue.png,Grimclaw Hunter I - XV -15,6-8,99,0,Reward from Grimclaw Tigrex Special Permit Quests,Coins & Tickets
https://static.wikia.nocookie.net/monsterhunter/images/1/1c/FourthGen-Ticket_Icon_Dark_Red.png,Hellblade Hunter I - XV -15,6-8,99,0,Reward from Hellblade Glavenus Special Permit Quests,Coins & Tickets
https://static.wikia.nocookie.net/monsterhunter/images/8/8a/FourthGen-Ticket_Icon_Dark_Blue.png,Nightcloak Hunter I - V -,8,99,0,Reward from Nightcloak Malfestio Special Permit Quests,Coins & Tickets
https://static.wikia.nocookie.net/monsterhunter/images/9/99/MH4G-Ticket_Icon_Blue.png,Rustrazor Hunter I - V -,8,99,0,Reward from Rustrazor Ceanataur Special Permit Quests,Coins & Tickets
https://static.wikia.nocookie.net/monsterhunter/images/0/01/MH4G-Ticket_Icon_White.png,Soulseer Hunter I - V -,8,99,0,Reward from Soulseer Mizutsune Special Permit Quests,Coins & Tickets
https://static.wikia.nocookie.net/monsterhunter/images/6/66/MH4G-Ticket_Icon_Teal.png,Boltreaver Hunter I - V -,8,99,0,Reward from Boltreaver Astalos Special Permit Quests,Coins & Tickets
https://static.wikia.nocookie.net/monsterhunter/images/0/01/MH4G-Ticket_Icon_White.png,Elderfrost Hunter I - V -,8,99,0,Reward from Elderfrost Gammoth Special Permit Quests,Coins & Tickets
https://static.wikia.nocookie.net/monsterhunter/images/1/1c/FourthGen-Ticket_Icon_Dark_Red.png,Bloodbath Hunter I - V -,8,99,0,Reward from Bloodbath Diablos Special Permit Quests,Coins & Tickets
https://static.wikia.nocookie.net/monsterhunter/images/5/53/MH4G-Map_Icon_White.png,Map,1,1,0,Always in supply box,Supply Items
https://static.wikia.nocookie.net/monsterhunter/images/9/90/MH4G-Medicine_Icon_Green.png,First-aid Med,1,10,0,"Supply Box or gathering in Arena, Slayground, or Moat Arena or shiny drop from Felyne",Supply Items
https://static.wikia.nocookie.net/monsterhunter/images/9/90/MH4G-Medicine_Icon_Green.png,First-aid Med+,2,10,0,"Combine Honey and First-aid Med or Supply Box in G-rank quests and high-end High-rank quests or gathering in Arena, Slayground, or Moat Arena",Supply Items
https://static.wikia.nocookie.net/monsterhunter/images/e/ea/MH4G-Meat_Icon_Orange.png,Ration,1,10,0,"Supply Box or gathering in Arena, Slayground, or Moat Arena, also a Melynx Shiny Drop",Supply Items
https://static.wikia.nocookie.net/monsterhunter/images/1/1f/MH4G-BBQ_Icon_Orange.png,Portable Spit,1,1,0,Supply Box during the tutorial quests,Supply Items
https://static.wikia.nocookie.net/monsterhunter/images/f/f3/MH4G-Whetstone_Icon_Yellow.png,Mini Whetstone,1,10,0,"Supply Box or gathering in Arena, Slayground, or Moat Arena",Supply Items
https://static.wikia.nocookie.net/monsterhunter/images/1/1f/MH4G-Sac_Icon_Blue.png,EZ Max Potion,2,3,0,Supply Box during specific Quests,Supply Items
https://static.wikia.nocookie.net/monsterhunter/images/1/1f/MH4G-Sac_Icon_Blue.png,EZ Lifepowder,2,2,0,Supply Box during specific Quests,Supply Items
https://static.wikia.nocookie.net/monsterhunter/images/e/e1/MH4G-Sac_Icon_Teal.png,EZ Dust of Life,3,2,0,Supply Box during specific Quests,Supply Items
https://static.wikia.nocookie.net/monsterhunter/images/f/fb/FourthGen-Medicine_Icon_Dark_Red.png,EZ Hunter's Drink,3,3,0,Supply Box during specific Quests,Supply Items
https://static.wikia.nocookie.net/monsterhunter/images/a/ac/MH4G-Ball_Icon_Blue.png,EZ Flash Bomb,2,1,0,"Supply Box or gathering in Arena, Slayground, or Moat Arena, also a Felyne Shiny Drop",Supply Items
https://static.wikia.nocookie.net/monsterhunter/images/7/7d/MH4G-Ball_Icon_Dark_Green.png,EZ Sonic Bomb,2,1,0,Supply Box during specific Quests,Supply Items
https://static.wikia.nocookie.net/monsterhunter/images/6/6f/MH4G-Smoke_Icon_Green.png,EZ Farcaster,2,1,0,Supply Box during specific Quests,Supply Items
https://static.wikia.nocookie.net/monsterhunter/images/7/71/MH4G-Trap_Icon_Purple.png,EZ Shock Trap,3,1,0,"Supply Box or gathering in Arena, Slayground, or Moat Arena, also a Melynx Shiny Drop",Supply Items
https://static.wikia.nocookie.net/monsterhunter/images/8/84/MH4G-Trap_Icon_Blue.png,EZ Pitfall Trap,3,1,0,Supply Box during specific Quests,Supply Items
https://static.wikia.nocookie.net/monsterhunter/images/0/0a/MH4G-Bomb_Icon_Blue.png,EZ Barrel Bomb L,3,1,0,"Supply Box during specific Quests, gathering in Arena, Slayground, or Moat Arena",Supply Items
https://static.wikia.nocookie.net/monsterhunter/images/2/24/MH4G-Bomb_Icon_Yellow.png,Anti-dragon Bomb,3,10,0,Supply Box during specific Quests,Supply Items
https://static.wikia.nocookie.net/monsterhunter/images/e/e2/MH4G-Shot_Icon_Grey.png,Ballista Ammo,5,10,0,"Supply Box during specific Quests, gathering in Sacred Pinnacle, Wyvern's End, Fortress, Castle Schrade",Supply Items
https://static.wikia.nocookie.net/monsterhunter/images/c/cf/MH4G-Shot_Icon_Orange.png,One-shot Binder,3,1,0,"Shiny Drop from Nakarkos, gathering in Castle Schrade",Supply Items
https://static.wikia.nocookie.net/monsterhunter/images/0/00/MH4G-Coin_Icon_Yellow.png,Dense Marcoal,5,1,0,Supply Box in Fortress,Supply Items
https://static.wikia.nocookie.net/monsterhunter/images/e/e2/MH4G-Shot_Icon_Grey.png,Cannon Ammo,5,1,0,"Gathering in Fortress and Castle Schrade, supply drop in Forlorn Citadel",Supply Items
https://static.wikia.nocookie.net/monsterhunter/images/0/01/MH4G-Ticket_Icon_White.png,Paw Pass Ticket,5,1,0,Supply Box during Harvest Tour and Gather/Hunt-a-thon Quests,Supply Items
https://static.wikia.nocookie.net/monsterhunter/images/1/1f/MH4G-Knife_Icon_White.png,Throwing Knife,1,5,0,Gather in Lynian stockpiles or ruined campsites,Supply Items
https://static.wikia.nocookie.net/monsterhunter/images/3/32/MH4G-Knife_Icon_Purple.png,Poison Knife,1,5,0,Combine Throwing Knife and Toadstool,Supply Items
https://static.wikia.nocookie.net/monsterhunter/images/c/c9/MH4G-Knife_Icon_Light_Blue.png,Sleep Knife,1,5,0,Combine Throwing Knife and Sleep herb,Supply Items
https://static.wikia.nocookie.net/monsterhunter/images/c/cc/MH4G-Knife_Icon_Yellow.png,Paralysis Knife,1,5,0,Combine Throwing Knife and Parashroom,Supply Items
https://static.wikia.nocookie.net/monsterhunter/images/0/08/MH4G-Knife_Icon_Red.png,Tranq Knife,4,5,0,Combine Tranquilizer and Throwing Knife,Supply Items
https://static.wikia.nocookie.net/monsterhunter/images/b/b9/MH4G-Webbing_Icon_Red.png,Royal Honey,3,10,120,Gather from beehives in the Misty Peaks,Account Items
https://static.wikia.nocookie.net/monsterhunter/images/4/41/MH4G-Mushroom_Icon_White.png,Unique Mushroom,2,10,40,"Carve Mosswine or gather from Mushroom spots in Jurassic Frontier, Verdant Hills, Misty Peaks, Deserted Island, Marshlands, Ancestral Steppe, and Jungle",Account Items
https://static.wikia.nocookie.net/monsterhunter/images/4/41/MH4G-Mushroom_Icon_White.png,Choice Mushroom,2,10,300,"Carve High and G-Rank Mosswine or gather from Mushroom spots in Jurassic Frontier, Verdant Hills, Misty Peaks, Deserted Island, Marshlands, Ancestral Steppe, and Jungle",Account Items
https://static.wikia.nocookie.net/monsterhunter/images/9/90/MH4G-Mushroom_Icon_Green.png,Ripened Mushroom,3,10,50,Shiny Drop from Altaroth when they have Blue Stomach,Account Items
https://static.wikia.nocookie.net/monsterhunter/images/f/f5/MH4G-Mushroom_Icon_Orange.png,Great Shroom,3,10,500,Gather from Mushroom spots in the Misty Peaks,Account Items
https://static.wikia.nocookie.net/monsterhunter/images/b/b5/MH4G-Mushroom_Icon_Brown.png,Abyssal Mushroom,2,10,120,Gather from Mushroom spots in the depths of the Jurassic Frontier,Account Items
https://static.wikia.nocookie.net/monsterhunter/images/3/3a/FourthGen-Bamboo_Icon_Yellow.png,Super Sprout,2,10,60,Gather from bamboo shoots in the Misty Peaks,Account Items
https://static.wikia.nocookie.net/monsterhunter/images/0/0c/MH4G-Seed_Icon_Red.png,Tropical Berry,3,10,40,Gathering from the Dunes or Desert,Account Items
https://static.wikia.nocookie.net/monsterhunter/images/f/f7/MH4G-Herb_Icon_Light_Blue.png,Mountain Herbs,4,20,50,Gathering at plants in the Arctic Ridge,Account Items
https://static.wikia.nocookie.net/monsterhunter/images/f/f6/MH4G-Herb_Icon_Green.png,Unique Fern,2,20,55,Gathering at plants in the Jurassic Frontier,Account Items
https://static.wikia.nocookie.net/monsterhunter/images/f/f6/MH4G-Herb_Icon_Green.png,Choice Fern,4,10,550,Gathering at plants in High-rank Jurassic Frontier,Account Items
https://static.wikia.nocookie.net/monsterhunter/images/1/12/MH4G-Fish_Icon_Yellow.png,Goldenfish,3,10,500,Fishing in most areas or by using a Goldenfish Bait,Account Items
https://static.wikia.nocookie.net/monsterhunter/images/a/a1/MH4G-Fish_Icon_White.png,Silverfish,5,10,1500,"Fishing in High-rank Misty Peaks, Dunes, Deserted Island, Marshlands, Primal Forest, Desert, and Jungle",Account Items
https://static.wikia.nocookie.net/monsterhunter/images/8/8c/MH4G-Fish_Icon_Red.png,Brocadefish,3,10,540,Fishing in Jurassic Frontier and Arctic Ridge,Account Items
https://static.wikia.nocookie.net/monsterhunter/images/8/8c/MH4G-Fish_Icon_Red.png,King Brocadefish,5,10,1620,Fishing in High-rank Jurassic Frontier and Arctic Ridge,Account Items
https://static.wikia.nocookie.net/monsterhunter/images/a/a1/MH4G-Fish_Icon_White.png,Premium Sashimi,5,10,180,Fishing in Verdant Hills,Account Items
https://static.wikia.nocookie.net/monsterhunter/images/8/89/MH4G-Bug_Icon_Light_Blue.png,Royal Rhino,2,10,80,"Catch in Primal Forest, Marshlands, Jurassic Frontier, and Verdant Hills",Account Items
https://static.wikia.nocookie.net/monsterhunter/images/8/89/MH4G-Bug_Icon_Light_Blue.png,Divine Rhino,4,10,1000,Catch in High rank areas,Account Items
https://static.wikia.nocookie.net/monsterhunter/images/d/d3/MH4G-Bug_Icon_White.png,Silver Cricket,2,10,210,"Catch in Deserted Island, Ancestral Steppe, Volcanic Hollow, and Ruined Pinnacle",Account Items
https://static.wikia.nocookie.net/monsterhunter/images/3/37/MH4G-Bug_Icon_Yellow.png,Gold Cricket,4,10,980,"Catch in High-rank Deserted Island, Ancestral Steppe, Volcanic Hollow, and Ruined Pinnacle",Account Items
https://static.wikia.nocookie.net/monsterhunter/images/9/98/MH4G-Bug_Icon_Teal.png,Immortal Moth,2,10,160,Catch in Jurassic Frontier,Account Items
https://static.wikia.nocookie.net/monsterhunter/images/9/98/MH4G-Bug_Icon_Teal.png,Large Immortal Moth,4,10,1200,Catch in High-rank Jurassic Frontier,Account Items
https://static.wikia.nocookie.net/monsterhunter/images/9/94/MH4G-Ore_Icon_Yellow.png,Auristone Piece,3,10,200,"Mining in Verdant Hills, Arctic Ridge, Dunes, Deserted Island, Marshlands, Ancestral Steppe, Desert, and Jungle",Account Items
https://static.wikia.nocookie.net/monsterhunter/images/9/94/MH4G-Ore_Icon_Yellow.png,Auristone Chunk,4,10,1000,"Mining in High-rank Verdant Hills, Arctic Ridge, Dunes, Deserted Island, Marshlands, Ancestral Steppe, Desert, and Jungle",Account Items
https://static.wikia.nocookie.net/monsterhunter/images/9/9e/MH4G-Ore_Icon_Pink.png,Balmstone Piece,3,10,180,Mining in Misty Peaks,Account Items
https://static.wikia.nocookie.net/monsterhunter/images/9/9e/MH4G-Ore_Icon_Pink.png,Balmstone Chunk,4,10,900,Mining in High-rank Misty Peaks,Account Items
https://static.wikia.nocookie.net/monsterhunter/images/d/d1/MH4G-Ore_Icon_Orange.png,Dragon Amber Piece,3,10,180,Mining in Jurassic Frontier,Account Items
https://static.wikia.nocookie.net/monsterhunter/images/d/d1/MH4G-Ore_Icon_Orange.png,Dragon Amber Chunk,4,10,1400,Mining in High-rank Jurassic Frontier,Account Items
https://static.wikia.nocookie.net/monsterhunter/images/5/5c/MH4G-Bone_Icon_Purple.png,Crystal Bone,2,10,60,Mining in Primal Forest,Account Items
https://static.wikia.nocookie.net/monsterhunter/images/f/f7/MH4G-Ore_Icon_Red.png,Bloodstone,3,10,90,Mining in Frozen Seaway,Account Items
https://static.wikia.nocookie.net/monsterhunter/images/f/f7/MH4G-Ore_Icon_Red.png,Deep Bloodstone,4,10,900,Mining in Frozen Seaway,Account Items
https://static.wikia.nocookie.net/monsterhunter/images/2/25/MH4G-Ore_Icon_Grey.png,Coal,3,10,60,Mining in Volcano and Volcanic Hollow or gather from Uragaan's body,Account Items
https://static.wikia.nocookie.net/monsterhunter/images/f/f7/MH4G-Ore_Icon_Red.png,Volatile Coal,4,10,1250,Mining in High-rank Volcano and Volcanic Hollow or gather from Uragaan's body,Account Items
https://static.wikia.nocookie.net/monsterhunter/images/f/ff/MH4G-Bone_Icon_White.png,Fossilized Bone,2,10,60,Gathering from Bones Piles from most Areas,Account Items
https://static.wikia.nocookie.net/monsterhunter/images/d/d3/MH4G-Scale_Icon_Grey.png,Decayed Scale,5,10,200,Gather or mine from Kushala Daora skin,Account Items
https://static.wikia.nocookie.net/monsterhunter/images/0/05/MH4G-Meat_Icon_White.png,White Liver,2,10,50,Carve from Kelbi and Anteka,Account Items
https://static.wikia.nocookie.net/monsterhunter/images/9/90/MH4G-Medicine_Icon_Green.png,Slagtoth Oil,3,10,60,Carve Slagtoth,Account Items
https://static.wikia.nocookie.net/monsterhunter/images/1/17/MH4G-Seed_Icon_Green.png,Secret Stash,3,10,80,Shiny Drop from Melynx,Account Items
https://static.wikia.nocookie.net/monsterhunter/images/1/17/MH4G-Seed_Icon_Green.png,Round Acorn,3,10,0,Shiny Drop from Felyne,Account Items
https://static.wikia.nocookie.net/monsterhunter/images/b/b5/MH4G-Sac_Icon_Yellow.png,Fine Stomach,2,10,400,Shiny Drop from Altaroth when they have Blue Stomach,Account Items
https://static.wikia.nocookie.net/monsterhunter/images/6/6b/MH4G-Sac_Icon_Orange.png,Luminous Stomach,3,10,800,Shiny Drop from Altaroth when they have Gold Stomach,Account Items
https://static.wikia.nocookie.net/monsterhunter/images/b/b1/MH4G-Monster_Parts_Icon_Yellow.png,Monster Guts,3,10,90,Carve Zamite,Account Items
https://static.wikia.nocookie.net/monsterhunter/images/b/b1/MH4G-Monster_Parts_Icon_Yellow.png,Piscine Liver,3,10,90,"Carve Cephalos, Shiny Drop from Cephadrome",Account Items
https://static.wikia.nocookie.net/monsterhunter/images/f/f1/MH4G-Meat_Icon_Red.png,Popo Tongue,3,10,60,Carve Popo,Account Items
https://static.wikia.nocookie.net/monsterhunter/images/b/b1/MH4G-Monster_Parts_Icon_Yellow.png,Apceros Liver,3,10,200,Carve Apceros,Account Items
https://static.wikia.nocookie.net/monsterhunter/images/2/26/MH4G-Seed_Icon_Dark_Green.png,Ancient Berry,2,10,120,Shiny Drop from Larinoth while they are eating,Account Items
https://static.wikia.nocookie.net/monsterhunter/images/3/3d/MH4G-Herb_Icon_Dark_Green.png,Water Lily Root,3,10,80,Shiny Drop from Larinoth while they are drinking,Account Items
https://static.wikia.nocookie.net/monsterhunter/images/3/3d/MH4G-Herb_Icon_Dark_Green.png,Water Lily Tuber,4,10,800,Shiny Drop from Larinoth while they are drinking,Account Items
https://static.wikia.nocookie.net/monsterhunter/images/1/19/MH4G-Hide_Icon_Yellow.png,Moofah Fur,3,10,50,Shiny Drop or Carve from Moofah,Account Items
https://static.wikia.nocookie.net/monsterhunter/images/3/32/MH4G-Scale_Icon_Pink.png,Beautiful Shell,2,10,40,Gather at beachside bone piles in the Jungle,Account Items
https://static.wikia.nocookie.net/monsterhunter/images/a/a0/FourthGen-Ore_Icon_Dark_Red.png,Comet Rock,4,10,1250,Mine in Ruined Pinnacle,Account Items
https://static.wikia.nocookie.net/monsterhunter/images/1/17/MH4G-Mushroom_Icon_Grey.png,Tall Mushroom,4,10,700,Gather mushrooms in Ruined Pinnacle,Account Items
https://static.wikia.nocookie.net/monsterhunter/images/2/25/MH4G-Ore_Icon_Grey.png,Dragon Healing Crystal,8,99,5000,Gather from Lao-Shan Lung's back,Account Items
https://static.wikia.nocookie.net/monsterhunter/images/c/c2/MH4G-Egg_Icon_Blue.png,Gargwa Egg,4,1,0,Egg Drop from Gargwa,Account Items
https://static.wikia.nocookie.net/monsterhunter/images/f/f7/MH4G-Egg_Icon_Yellow.png,Gold Gargwa Egg,5,1,500,Golden Egg Drop from Gargwa,Account Items
https://static.wikia.nocookie.net/monsterhunter/images/a/a8/MH4G-Egg_Icon_White.png,Wyvern Egg,5,1,0,Gathering from the Wyvern Nest in each Area.,Account Items
https://static.wikia.nocookie.net/monsterhunter/images/2/25/MH4G-Ore_Icon_Grey.png,Sootstone Ore,5,1,800,Mine the Special Ore Spot in Low-rank Marshlands and High-/Grank Arctic Ridge and Volcanic Hollow,Account Items
https://static.wikia.nocookie.net/monsterhunter/images/2/25/MH4G-Ore_Icon_Grey.png,Quartz Ore,5,1,2500,Mine the Special Ore Spot in High and G-rank Marshlands,Account Items
https://static.wikia.nocookie.net/monsterhunter/images/f/f7/MH4G-Ore_Icon_Red.png,Powderstone,5,1,800,Gathering in the Volcanic Hollow and Volcano,Account Items
https://static.wikia.nocookie.net/monsterhunter/images/a/ab/MH4G-Egg_Icon_Orange.png,Carnivore Egg,5,1,700,Gathering from the Carnivore Nest in the Arctic Ridge and Jungle and G-rank Jurassic Frontier,Account Items
https://static.wikia.nocookie.net/monsterhunter/images/9/99/MH4G-Ore_Icon_Blue.png,Meteor Chunk,5,1,1000,Mining from the Meteor in Area 8 of the Dunes,Account Items
https://static.wikia.nocookie.net/monsterhunter/images/2/25/MH4G-Ore_Icon_Grey.png,Eternal Fossil,5,1,1500,Mining from the Fossil in Area 11 of the Jurassic Frontier,Account Items
https://static.wikia.nocookie.net/monsterhunter/images/7/7d/MH4G-Egg_Icon_Brown.png,Herbivore Egg,5,1,700,Gathering from the Herbivore Nest in Area 10 of the Desert,Account Items
https://static.wikia.nocookie.net/monsterhunter/images/4/4b/MH4G-Question_Mark_Icon_Yellow.png,Guild Flag,3,1,0,Supply Box during Kirin Quests in the Arctic Ridge,Account Items
https://static.wikia.nocookie.net/monsterhunter/images/f/f5/MH4G-Dung_Icon_Brown.png,Gargwa Guano,2,10,25,Shiny Drop from Gargwa,Account Items
https://static.wikia.nocookie.net/monsterhunter/images/c/c0/MH4G-Dung_Icon_Orange.png,Territorial Dung,3,10,500,Shiny Drop from Blangonga and Congalala,Account Items
https://static.wikia.nocookie.net/monsterhunter/images/c/c0/MH4G-Dung_Icon_Orange.png,Territorial Dung+,5,10,2500,Shiny Drop from High-rank Blangonga and Congalala,Account Items
https://static.wikia.nocookie.net/monsterhunter/images/c/c7/MH4G-Medicine_Icon_Yellow.png,Drone Substance,3,10,450,Shiny Drop from Neopteron and Temnoceran Class Monsters,Account Items
https://static.wikia.nocookie.net/monsterhunter/images/c/c7/MH4G-Medicine_Icon_Yellow.png,Queen Substance,5,10,2200,Shiny Drop from Neopteron and Temnoceran Class Monsters,Account Items
https://static.wikia.nocookie.net/monsterhunter/images/7/7b/MH4G-Monster_Parts_Icon_Brown.png,Toad Tear,3,10,400,Low-rank Shiny Drop from Amphibian Class Monsters,Account Items
https://static.wikia.nocookie.net/monsterhunter/images/7/7b/MH4G-Monster_Parts_Icon_Brown.png,Large Toad Tear,5,10,1800,High rank Shiny Drop from Amphibian Class Monsters,Account Items
https://static.wikia.nocookie.net/monsterhunter/images/f/f5/MH4G-Monster_Parts_Icon_Orange.png,Carapaceon Brains,3,10,10,Carve Hermitaur and Ceanataur,Account Items
https://static.wikia.nocookie.net/monsterhunter/images/f/f5/MH4G-Monster_Parts_Icon_Orange.png,Carapaceon Brains+,3,10,50,Carve High-rank Hermitaur and Ceanataur,Account Items
https://static.wikia.nocookie.net/monsterhunter/images/e/e8/MH4G-Monster_Parts_Icon_Grey.png,Crab Pearl,3,10,500,Shiny Drop from Carapaceon Class Monsters,Account Items
https://static.wikia.nocookie.net/monsterhunter/images/e/e8/MH4G-Monster_Parts_Icon_Grey.png,Crab Pearl+,3,10,2500,Shiny Drop from High rank Carapaceon Class Monsters,Account Items
https://static.wikia.nocookie.net/monsterhunter/images/c/c2/MH4G-Monster_Parts_Icon_Blue.png,Wyvern Tear,3,10,500,Low-rank Shiny Drop from Wyvern Class Monsters,Account Items
https://static.wikia.nocookie.net/monsterhunter/images/c/c2/MH4G-Monster_Parts_Icon_Blue.png,Large Wyvern Tear,3,10,2500,High rank Shiny Drop from Wyvern Class Monsters,Account Items
https://static.wikia.nocookie.net/monsterhunter/images/f/f8/MH4G-Monster_Parts_Icon_Light_Blue.png,Beast Tear,3,10,400,Low-rank Shiny Drop from Fanged Beast Class Monsters,Account Items
https://static.wikia.nocookie.net/monsterhunter/images/f/f8/MH4G-Monster_Parts_Icon_Light_Blue.png,Large Beast Tear,5,10,1800,High rank Shiny Drop from Fanged Beast Class Monsters,Account Items
https://static.wikia.nocookie.net/monsterhunter/images/4/44/MH4G-Monster_Parts_Icon_Purple.png,Dragon Treasure,3,10,800,Shiny Drop from Elder Dragons,Account Items
https://static.wikia.nocookie.net/monsterhunter/images/4/44/MH4G-Monster_Parts_Icon_Purple.png,Old Dragon Treasure,5,10,4000,Shiny Drop from High rank Elder Dragons,Account Items
https://static.wikia.nocookie.net/monsterhunter/images/6/63/MH4G-Frenzy_Wyvern_Crystal_Purple.png,Frenzy Shard,4,10,400,Shiny Drop from Low-rank and High-rank Gore Magala,Account Items
https://static.wikia.nocookie.net/monsterhunter/images/6/63/MH4G-Frenzy_Wyvern_Crystal_Purple.png,Frenzy Crystal,5,10,700,Shiny Drop from Low/High-rank Gore Magala and Low-rank Shagaru Magala,Account Items
https://static.wikia.nocookie.net/monsterhunter/images/6/63/MH4G-Frenzy_Wyvern_Crystal_Purple.png,Vile Frenzy Crystal,6,10,3000,Shiny Drop from G-rank Gore Magala and High/G-rank Shagaru Magala,Account Items
https://static.wikia.nocookie.net/monsterhunter/images/e/e8/MH4G-Monster_Parts_Icon_Grey.png,Khezu Whelp,4,10,400,Gather or mine from Kushala Daora skin,Account Items
https://static.wikia.nocookie.net/monsterhunter/images/6/67/MH4G-Shot_Icon_Brown.png,Timeworn Ballista Shot,5,10,0,Shiny Drop from Nakarkos,Account Items
https://static.wikia.nocookie.net/monsterhunter/images/3/3b/MH4G-Egg_Icon_Grey.png,Steel Egg,4,99,1000,"Reward from Low and High-rank Accounting quests, Wycademy Point Subquests, Horns Coins Exchange",Account Items
https://static.wikia.nocookie.net/monsterhunter/images/a/a8/MH4G-Egg_Icon_White.png,Silver Egg,4,99,10000,"Reward from various High and G-rank Event/Marathon/Mining quests, Horns Coins Exchange",Account Items
https://static.wikia.nocookie.net/monsterhunter/images/f/f7/MH4G-Egg_Icon_Yellow.png,Golden Egg,4,99,20000,"Reward from high-end High and G-rank Event/Marathon/Mining quests, Horns Coins Exchange, mine Ahtal-Neset",Account Items
https://static.wikia.nocookie.net/monsterhunter/images/a/a8/MH4G-Egg_Icon_White.png,Platinum Egg,9,99,100000,Reward from Extra Special Permit Quests and high-end G-rank Event Quests,Account Items
https://static.wikia.nocookie.net/monsterhunter/images/5/5b/MH4G-Ball_Icon_Grey.png,Felyne Fur Ruby,6,99,1000,"Lynian encampment and secret gathering point in High-Rank Verdant Hills, Marshlands, and Desert",Miscellaneous Items
https://static.wikia.nocookie.net/monsterhunter/images/5/5a/MH4G-Question_Mark_Icon_Grey.png,Rusted Fragment,4,99,180,Send Meownster Hunters to Rare Spots in the Low-rank Volcano,Miscellaneous Items
https://static.wikia.nocookie.net/monsterhunter/images/5/5a/MH4G-Question_Mark_Icon_Grey.png,Ancient Fragment,6,99,360,Send Meownster Hunters to Rare Spots in the High-rank Volcano,Miscellaneous Items
https://static.wikia.nocookie.net/monsterhunter/images/5/5a/MH4G-Question_Mark_Icon_Grey.png,Mythical Fragment,8,99,720,Send Meownster Hunters to Rare Spots in the G-rank Volcano,Miscellaneous Items
https://static.wikia.nocookie.net/monsterhunter/images/5/5a/MH4G-Question_Mark_Icon_Grey.png,Sinister Cloth,4,99,480,Send Meownster Hunters to Rare Spots in the Low-rank Wetlands,Miscellaneous Items
https://static.wikia.nocookie.net/monsterhunter/images/5/5a/MH4G-Question_Mark_Icon_Grey.png,Sinister Darkcloth,6,99,960,Send Meownster Hunters to Rare Spots in the High-rank Wetlands,Miscellaneous Items
https://static.wikia.nocookie.net/monsterhunter/images/5/5a/MH4G-Question_Mark_Icon_Grey.png,Sinister Gloomcloth,8,99,1920,Send Meownster Hunters to Rare Spots in the G-rank Wetlands,Miscellaneous Items
https://static.wikia.nocookie.net/monsterhunter/images/b/b5/MH4G-Sac_Icon_Yellow.png,Extravagant Artifact,4,99,910,Send Meownster Hunters to Rare Spots in the Low-rank Coast,Miscellaneous Items
https://static.wikia.nocookie.net/monsterhunter/images/b/b5/MH4G-Sac_Icon_Yellow.png,Opulent Artifact,6,99,1820,Send Meownster Hunters to Rare Spots in the High-rank Coast,Miscellaneous Items
https://static.wikia.nocookie.net/monsterhunter/images/b/b5/MH4G-Sac_Icon_Yellow.png,Decadent Artifact,8,99,3640,Send Meownster Hunters to Rare Spots in the G-rank Coast,Miscellaneous Items
https://static.wikia.nocookie.net/monsterhunter/images/5/5a/MH4G-Question_Mark_Icon_Grey.png,Broken Statue,4,99,300,Send Meownster Hunters to Rare Spots in the Low-rank Forest or Desert,Miscellaneous Items
https://static.wikia.nocookie.net/monsterhunter/images/5/5a/MH4G-Question_Mark_Icon_Grey.png,Giant Broken Statue,6,99,600,Send Meownster Hunters to Rare Spots in the High-rank Forest or Desert,Miscellaneous Items
https://static.wikia.nocookie.net/monsterhunter/images/5/5a/MH4G-Question_Mark_Icon_Grey.png,Broken Cat God Statue,8,99,1200,Send Meownster Hunters to Rare Spots in the G-rank Forest or Desert,Miscellaneous Items
https://static.wikia.nocookie.net/monsterhunter/images/d/d3/MH4G-Scale_Icon_Grey.png,Dark Piece,5,99,260,"Mine the Giant Sword in Pokke Village, reward from Fatalis Quests",Miscellaneous Items
https://static.wikia.nocookie.net/monsterhunter/images/3/3b/MH4G-Egg_Icon_Grey.png,Dark Stone,5,99,530,"Mine the Giant Sword in Pokke Village, reward from Fatalis Quests",Miscellaneous Items
https://static.wikia.nocookie.net/monsterhunter/images/5/59/MH4G-Question_Mark_Icon_Orange.png,Felyne Kettle,4,99,630,"Reward from Village Quest ""Drawing the Waterline""",Miscellaneous Items
https://static.wikia.nocookie.net/monsterhunter/images/8/82/MH4G-Sac_Icon_White.png,Yukumo Riceflour,4,99,310,"Reward from Village Quest ""Hunt-a-thon: Gypceros""",Miscellaneous Items
https://static.wikia.nocookie.net/monsterhunter/images/e/ef/MH4G-Question_Mark_Icon_Green.png,Doll Parts,4,99,490,"Reward from Hub Quest ""Fossilized Memories""",Miscellaneous Items
https://static.wikia.nocookie.net/monsterhunter/images/6/6c/MH4G-Book_Icon_Blue.png,Weapon Codex,5,99,0,"Reward from Argosy Captain for completing Village Quest ""Ahoy! Royal Ludroth"" (only one)",Miscellaneous Items
https://static.wikia.nocookie.net/monsterhunter/images/e/e8/MH4G-Book_Icon_Green.png,Bowgun Codex,5,99,0,"Reward from Argosy Captain for completing Village Quest ""The Perilous Pair"" (only one)",Miscellaneous Items
https://static.wikia.nocookie.net/monsterhunter/images/8/85/MH4G-Barrel_Icon_Brown.png,Deluxe Barrel Timber,8,99,850,"Reward from Hub Quest ""Pleasantly Sozzled""",Miscellaneous Items
https://static.wikia.nocookie.net/monsterhunter/images/7/7b/MH4G-Monster_Parts_Icon_Brown.png,Ancient Talisman,9,99,3500,"Reward from Hub Quest ""The Ol' Razzle Dazzle""",Miscellaneous Items
https://static.wikia.nocookie.net/monsterhunter/images/3/34/MH4G-Frenzy_Wyvern_Crystal_White.png,Damaged Amber,8,99,1900,"Reward from Hub Quest ""Commission: Hyper Kecha Wacha""",Miscellaneous Items
https://static.wikia.nocookie.net/monsterhunter/images/d/d3/MH4G-Scale_Icon_Grey.png,Cloudy Fragment,9,99,3900,"Reward from Hub Quest ""Primal Screams""",Miscellaneous Items
https://static.wikia.nocookie.net/monsterhunter/images/a/aa/MH4G-Question_Mark_Icon_Blue.png,Strange Mask,9,99,2600,"Reward from Hub Quest ""Arena Bakalaka-Battle! Woo!""",Miscellaneous Items
https://static.wikia.nocookie.net/monsterhunter/images/b/be/MH4G-Fish_Icon_Grey.png,Sunmarge Crystal,9,99,2600,"Reward from Hub Quest ""Uragaan Grief""",Miscellaneous Items
https://static.wikia.nocookie.net/monsterhunter/images/e/e5/MH4G-Mantle_Icon_Light_Blue.png,Ocean Pyroxene,9,99,3800,"Reward from Hub Quests ""Seeking the Sea King,"" ""Zinogre-enthusiasm,"" and ""Even Brachydios Need A Holiday""",Miscellaneous Items
https://static.wikia.nocookie.net/monsterhunter/images/3/39/MH4G-Hide_Icon_White.png,Fluffy White Ball,7,99,780,"Reward from Village Quest ""The Perils of Commerce""",Miscellaneous Items
https://static.wikia.nocookie.net/monsterhunter/images/4/40/MH4G-Hide_Icon_Grey.png,Fluffy Black Ball,9,99,2700,"Reward from Hub Quest ""Sweets for My Sweets""",Miscellaneous Items
https://static.wikia.nocookie.net/monsterhunter/images/9/99/MH4G-Ore_Icon_Blue.png,Fusion Material - Head,8,99,0,Horns Coins Exchange,Miscellaneous Items
https://static.wikia.nocookie.net/monsterhunter/images/f/f7/MH4G-Ore_Icon_Red.png,Fusion Material - Chest,8,99,0,Horns Coins Exchange (HR break required),Miscellaneous Items
https://static.wikia.nocookie.net/monsterhunter/images/9/94/MH4G-Ore_Icon_Yellow.png,Fusion Material - Arms,8,99,0,Horns Coins Exchange (HR break required),Miscellaneous Items
https://static.wikia.nocookie.net/monsterhunter/images/f/f6/MH4G-Ore_Icon_Green.png,Fusion Material - Waist,8,99,0,Horns Coins Exchange (HR break required),Miscellaneous Items
https://static.wikia.nocookie.net/monsterhunter/images/9/9d/MH4G-Ore_Icon_Purple.png,Fusion Material - Legs,8,99,0,Horns Coins Exchange (HR break required),Miscellaneous Items
https://static.wikia.nocookie.net/monsterhunter/images/4/4f/FourthGen-Ore_Icon_Dark_Blue.png,F Fusion Material - Head,8,99,0,Horns Coins Exchange,Miscellaneous Items
https://static.wikia.nocookie.net/monsterhunter/images/a/a0/FourthGen-Ore_Icon_Dark_Red.png,F Fusion Material - Chest,8,99,0,Horns Coins Exchange,Miscellaneous Items
https://static.wikia.nocookie.net/monsterhunter/images/1/17/MH4G-Seed_Icon_Green.png,Lagniapple,4,99,100,"Gather from plants near Lynian encampments in Low-rank areas, reward from Low-rank Prowler Quests",Miscellaneous Items
https://static.wikia.nocookie.net/monsterhunter/images/4/41/MH4G-Seed_Icon_Brown.png,Big Lagniapple,6,99,200,"Gather from plants near Lynian encampments in High-rank areas, reward from High-rank Prowler Quests",Miscellaneous Items
https://static.wikia.nocookie.net/monsterhunter/images/9/9f/MH4G-Seed_Icon_Purple.png,Huge Lagniapple,8,99,300,"Gather from plants near Lynian encampments in G-rank areas, reward from G-rank Prowler Quests",Miscellaneous Items
https://static.wikia.nocookie.net/monsterhunter/images/6/66/MH4G-Book_Icon_Light_Blue.png,Training Guide,4,99,500,Reward for leveling up Palicoes,Miscellaneous Items
https://static.wikia.nocookie.net/monsterhunter/images/c/ca/MH4G-Book_Icon_Red.png,Training Codex,6,99,1000,Reward for leveling up Palicoes,Miscellaneous Items
https://static.wikia.nocookie.net/monsterhunter/images/1/12/FourthGen-Book_Icon_Dark_Purple.png,Training Compendium,8,99,2000,Reward for leveling up Palicoes,Miscellaneous Items
https://static.wikia.nocookie.net/monsterhunter/images/a/ad/MH4G-Book_Icon_Dark_Green.png,Felyne Codex,6,99,2000,Reward from certain Village High-rank and G-rank Prowler Quests,Miscellaneous Items
https://static.wikia.nocookie.net/monsterhunter/images/f/fb/FourthGen-Medicine_Icon_Dark_Red.png,Tomato Juice,5,5,0,"Reward from Event Quest ""CoroCoro: Lost in the Swamp""",Event Items
https://static.wikia.nocookie.net/monsterhunter/images/a/a4/MH4G-Coin_Icon_Blue.png,Fairy Tail Mark,5,5,0,"Reward from Event Quest ""The King of Lynians!""",Event Items
https://static.wikia.nocookie.net/monsterhunter/images/2/29/MH4G-Coin_Icon_Red.png,F Pirate Coin J,5,5,0,"Reward from Event Quest ""Jump: Crimson Strongmen""",Event Items
https://static.wikia.nocookie.net/monsterhunter/images/3/3b/MH4G-Trap_Tool_Icon_Brown.png,Cardboard,5,5,0,"Reward from Event Quest ""Initiate: Operation Moofah""",Event Items
https://static.wikia.nocookie.net/monsterhunter/images/a/a6/MH4G-Coin_Icon_Green.png,Uniqlo Coin,5,5,0,"Reward from Event Quest ""The Uniqlo Avant-garde""",Event Items
https://static.wikia.nocookie.net/monsterhunter/images/4/45/MH4G-Coin_Icon_Grey.png,Crows Coin,5,5,0,"Reward from Event Quest ""Crows: The Black Crows""",Event Items
https://static.wikia.nocookie.net/monsterhunter/images/0/01/MH4G-Ticket_Icon_White.png,Bicycle Club Application,5,5,0,"Reward from Event Quest ""Yowamushi Pedal: Princess""",Event Items
https://static.wikia.nocookie.net/monsterhunter/images/b/b3/MH4G-Ticket_Icon_Red.png,Arena Ticket,5,5,0,"Reward from Event Quest ""Baki: Biggest vs. Strongest""",Event Items
https://static.wikia.nocookie.net/monsterhunter/images/2/27/MH4G-Coin_Icon_Brown.png,Grandpaw Coin,5,5,0,"Reward from Event Quest ""CoroCoro: Big Bad Bugs""",Event Items
https://static.wikia.nocookie.net/monsterhunter/images/b/b3/MH4G-Ticket_Icon_Red.png,CoroCoro Ticket,5,5,0,"Reward from Event Quest ""CoroCoro: Rolling Bowlers""",Event Items
https://static.wikia.nocookie.net/monsterhunter/images/2/27/MH4G-Coin_Icon_Brown.png,Ushio Coin,5,5,0,"Reward from Event Quest ""Ushio & Tora: White Mizutsune""",Event Items
https://static.wikia.nocookie.net/monsterhunter/images/9/9d/MH4G-Ore_Icon_Purple.png,Pluto Stardust,5,5,0,"Reward from Event Quest ""The Exploding Flame King""",Event Items
https://static.wikia.nocookie.net/monsterhunter/images/a/a4/MH4G-Coin_Icon_Blue.png,Magi Coin,5,5,0,"Reward from Event Quest ""Magi: Rescue from the Fall""",Event Items
https://static.wikia.nocookie.net/monsterhunter/images/0/08/MH4G-Book_Icon_Grey.png,Roll of Fate,5,5,0,"Reward from Event Quest ""Yu-Gi-Oh: A Beautiful Wyvern""",Event Items
https://static.wikia.nocookie.net/monsterhunter/images/b/b3/MH4G-Ticket_Icon_Red.png,Pirate Ticket J,5,5,0,"Reward from Event Quest ""Jump: Boiling Magma""",Event Items
https://static.wikia.nocookie.net/monsterhunter/images/9/99/MH4G-Ticket_Icon_Blue.png,Famitsu Ticket,5,5,0,"Reward from Event Quest ""Famitsu: Mizutsune Feature""",Event Items
https://static.wikia.nocookie.net/monsterhunter/images/a/af/MH4G-Ticket_Icon_Yellow.png,Dengeki Ticket,5,5,0,"Reward from Event Quest ""Dengeki: Turbulent Seas""",Event Items
https://static.wikia.nocookie.net/monsterhunter/images/a/a6/MH4G-Coin_Icon_Green.png,Uniqlo Coin S,5,5,0,"Reward from Event Quest ""Uniqlo Shock Fest""",Event Items
https://static.wikia.nocookie.net/monsterhunter/images/e/e1/MH4G-Question_Mark_Icon_White.png,Wind Waker,5,5,0,"Reward from Event Quest ""A Hero's Return""",Event Items
https://static.wikia.nocookie.net/monsterhunter/images/0/01/MH4G-Ticket_Icon_White.png,Arwing Boarding Pass,5,5,0,"Reward from Event Quest ""Star Fox: Battle at Arctic Ridge""",Event Items
https://static.wikia.nocookie.net/monsterhunter/images/9/96/MH4G-Mushroom_Icon_Red.png,Super Mushroom,5,5,0,"Reward from Event Quest ""Mario: The White Donkey Kong?""",Event Items
https://static.wikia.nocookie.net/monsterhunter/images/b/b3/MH4G-Ticket_Icon_Red.png,Design Pattern,5,5,0,"Reward from Event Quest ""Animal Crossing: Picnic Day""",Event Items
https://static.wikia.nocookie.net/monsterhunter/images/a/af/MH4G-Ticket_Icon_Yellow.png,Triforce,5,5,0,"Reward from Event Quest ""The Three Virtues""",Event Items
https://static.wikia.nocookie.net/monsterhunter/images/6/69/MH4G-Coin_Icon_Orange.png,Samus Coin,5,5,0,"Reward from Event Quest ""Metroid: Special Mission""",Event Items
https://static.wikia.nocookie.net/monsterhunter/images/4/4e/MH4G-Jewel_Icon_Light_Blue.png,Goddess's Grace,5,5,0,"Reward from Event Quest ""The Steel Vanguard""",Event Items
https://static.wikia.nocookie.net/monsterhunter/images/e/e5/MH4G-Mantle_Icon_Light_Blue.png,Goddess's Embrace,5,5,0,"Reward from Event Quest ""The Voracious King""",Event Items
https://static.wikia.nocookie.net/monsterhunter/images/4/47/MH4G-Coin_Icon_Pink.png,SF Coin,5,5,0,"Reward from Event Quest ""SF: Ultimate Entrance Exam""",Event Items
https://static.wikia.nocookie.net/monsterhunter/images/d/dc/MH4G-Egg_Icon_Red.png,Red Orb,5,5,0,"Reward from Event Quest ""DMC: The Seltas Queen's Cry""",Event Items
https://static.wikia.nocookie.net/monsterhunter/images/9/99/MH4G-Ore_Icon_Blue.png,Ceratanium,5,5,0,"Reward from Event Quest ""Mega Man: Yellow Devil""",Event Items
https://static.wikia.nocookie.net/monsterhunter/images/b/b3/MH4G-Ticket_Icon_Red.png,Hero's Seal,5,5,0,"Reward from Event Quest ""Capcom: Brilliant Orchestra""",Event Items
https://static.wikia.nocookie.net/monsterhunter/images/b/b0/MH4G-Book_Icon_Orange.png,Baby Journal,5,5,0,In Item Box at the start of the game,Event Items
https://static.wikia.nocookie.net/monsterhunter/images/f/fa/MH4G-Book_Icon_Pink.png,Sunsnug Journal,5,5,0,"Reward from Event Quest ""​Felyne Village: The Tourney""",Event Items
https://static.wikia.nocookie.net/monsterhunter/images/1/19/MH4G-Ticket_Icon_Pink.png,Fan Club Newsletter,5,5,0,"Reward from Event Quest ""Fan Club: Arena Action""",Event Items
https://static.wikia.nocookie.net/monsterhunter/images/1/19/MH4G-Ticket_Icon_Pink.png,Fan Club Application,5,5,0,"Reward from Event Quest ""Fan Club: Great All Stars""",Event Items
https://static.wikia.nocookie.net/monsterhunter/images/1/19/MH4G-Ticket_Icon_Pink.png,Fan Club Invite,5,5,0,"Reward from Event Quest ""Fan Club: Remobra Removal""",Event Items
https://static.wikia.nocookie.net/monsterhunter/images/0/01/MH4G-Ticket_Icon_White.png,Puppet Ticket,5,5,0,"Reward from Event Quest ""Capcom: White & Black""",Event Items
https://static.wikia.nocookie.net/monsterhunter/images/2/25/MH4G-Ore_Icon_Grey.png,Great Stone,5,5,0,"Reward from Event Quest ""Capcom: The Ruler's Rage""",Event Items
https://static.wikia.nocookie.net/monsterhunter/images/0/01/MH4G-Ticket_Icon_White.png,Courier's Letter,5,5,0,"Reward from Event Quest ""Too Hot to Handle""",Event Items
https://static.wikia.nocookie.net/monsterhunter/images/b/b7/ItemIcon006.png,JDL Badge,5,5,0,"Reward from Event Quest ""Case Closed: Monster Files""",Event Items
https://static.wikia.nocookie.net/monsterhunter/images/2/27/MH4G-Coin_Icon_Brown.png,Salaryman Coin,5,5,0,"Reward from Event Quest ""CoroCoro: Fart of Darkness""",Event Items
https://static.wikia.nocookie.net/monsterhunter/images/2/25/MH4G-Ore_Icon_Grey.png,Silver Crystal,5,5,0,"Reward from Event Quest ""Nakayoshi: Silver Crystal""",Event Items
https://static.wikia.nocookie.net/monsterhunter/images/b/b3/MH4G-Ticket_Icon_Red.png,Kaioh Certificate,5,5,0,"Reward from Event Quest ""Baki: Deadly Claws""",Event Items
https://static.wikia.nocookie.net/monsterhunter/images/6/6f/MH4G-Coin_Icon_Purple.png,WORST Coin,5,5,0,"Reward from Event Quest ""WORST: Skull Motif""",Event Items
https://static.wikia.nocookie.net/monsterhunter/images/a/af/MH4G-Ticket_Icon_Yellow.png,Celestial Scroll,5,5,0,"Reward from Event Quest ""Okami: Most Wanted""",Event Items
https://static.wikia.nocookie.net/monsterhunter/images/2/23/MH3icon-Plate.png,Arthur's Armor,5,5,0,"Reward from Event Quest ""Ghosts 'n Goblins: Seeing Red""",Event Items
https://static.wikia.nocookie.net/monsterhunter/images/a/af/MH4G-Ticket_Icon_Yellow.png,Turnabout Ticket,5,5,0,"Reward from Event Quest ""Turnabout Takedown""",Event Items
https://static.wikia.nocookie.net/monsterhunter/images/a/af/MH4G-Ticket_Icon_Yellow.png,Navirou Ticket,5,5,0,In Item Box at the start of the game,Event Items
https://static.wikia.nocookie.net/monsterhunter/images/b/b7/ItemIcon006.png,F Spirit Stone,5,5,0,"Reward from Event Quest ""Capcom: Prowler's Spirit""",Event Items
https://static.wikia.nocookie.net/monsterhunter/images/9/99/MH4G-Ticket_Icon_Blue.png,Famitsu Coupon,5,5,0,"Reward from Event Quest ""Famitsu: Kecha the Scoop!""",Event Items
https://static.wikia.nocookie.net/monsterhunter/images/a/af/MH4G-Ticket_Icon_Yellow.png,Dengeki Ticket XX,5,5,0,"Reward from Event Quest ""Dengeki: Top of Old Sparky""",Event Items
https://static.wikia.nocookie.net/monsterhunter/images/b/b3/MH4G-Ticket_Icon_Red.png,Buccaneer Ticket J,5,5,0,"Reward from Event Quest ""Jump: The Desert Crown""",Event Items
https://static.wikia.nocookie.net/monsterhunter/images/0/01/MH4G-Ticket_Icon_White.png,Flying Xin Mark,5,5,0,"Reward from Event Quest ""Kingdom: Test of the Best!""",Event Items
https://static.wikia.nocookie.net/monsterhunter/images/1/1c/FourthGen-Ticket_Icon_Dark_Red.png,Evidence,5,5,0,"Reward from Event Quest ""Case Closed: Desert Arrest!""",Event Items
https://static.wikia.nocookie.net/monsterhunter/images/4/4b/MH4G-Question_Mark_Icon_Yellow.png,Magic Realm Key,5,5,0,"Reward from Event Quest ""Shonen: Winged Nocturne""",Event Items
https://static.wikia.nocookie.net/monsterhunter/images/0/01/MH4G-Ticket_Icon_White.png,Taisha-ryu Codex,5,5,0,"Reward from Event Quest ""Drifters: Isle of Lost Souls""",Event Items
https://static.wikia.nocookie.net/monsterhunter/images/9/94/MH4G-Ore_Icon_Yellow.png,Zaruba Fragment,5,5,0,"Reward from Event Quest ""Into the Maw of Darkness""",Event Items
https://static.wikia.nocookie.net/monsterhunter/images/3/35/MH4G-Ticket_Icon_Light_Blue.png,Zelda Ticket,5,5,0,"Reward from Event Quest ""The Legend of Zelda: Power""",Event Items
https://static.wikia.nocookie.net/monsterhunter/images/3/35/MH4G-Ticket_Icon_Light_Blue.png,Zelda Ticket G,5,5,0,"Reward from Event Quest ""The Legend of Zelda: Courage""",Event Items
https://static.wikia.nocookie.net/monsterhunter/images/3/35/MH4G-Ticket_Icon_Light_Blue.png,Zelda Ticket P,5,5,0,"Reward from Event Quest ""The Legend of Zelda: Wisdom""",Event Items
https://static.wikia.nocookie.net/monsterhunter/images/1/11/MH4G-Jewel_Icon_Orange.png,Sealing Shield,5,5,0,"Reward from Event Quest ""Fire Emblem: Warding Despair""",Event Items
https://static.wikia.nocookie.net/monsterhunter/images/1/19/MH4G-Ticket_Icon_Pink.png,Club Promotion,5,5,0,"Reward from Event Quest ""Fan Club: Climbing The Ranks""",Event Items
https://static.wikia.nocookie.net/monsterhunter/images/1/17/MH4G-Mushroom_Icon_Grey.png,Option,5,5,0,"Reward from Event Quest ""Strider: Frozen Mission""",Event Items
https://static.wikia.nocookie.net/monsterhunter/images/9/99/MH4G-Ticket_Icon_Blue.png,Studio Pass,5,5,0,"Reward from Event Quest ""Flames of Savagery at USJ""",Event Items
https://static.wikia.nocookie.net/monsterhunter/images/f/f7/MH4G-Egg_Icon_Yellow.png,Happy Egg,5,5,0,"Reward from Event Quest ""サンリオ・ひとぐでしようぜ""",Event Items
https://static.wikia.nocookie.net/monsterhunter/images/b/b7/ItemIcon006.png,Spirits Stone,5,5,0,"Reward from Event Quest ""カプコン・燃えるスピリッツ""",Event Items
https://static.wikia.nocookie.net/monsterhunter/images/9/99/MH4G-Ticket_Icon_Blue.png,Extraordinary Pass,5,5,0,"Reward from Event Quest ""Dance of Dreams at USJ""",Event Items
https://static.wikia.nocookie.net/monsterhunter/images/a/af/MH4G-Ticket_Icon_Yellow.png,Gold Studio Pass,5,5,0,"Reward from Event Quest ""Blazing Thunder at USJ""",Event Items
https://static.wikia.nocookie.net/monsterhunter/images/9/99/MH4G-Ticket_Icon_Blue.png,Wonderful Pass,5,5,0,"Reward from Event Quest ""Frost and Fire at USJ""",Event Items
https://static.wikia.nocookie.net/monsterhunter/images/1/14/MH4G-Fish_Icon_Pink.png,Salmon Fillet,5,5,0,"Reward from Event Quest ""サンリオ・お魚たちを救え!""",Event Items
https://static.wikia.nocookie.net/monsterhunter/images/b/b7/ItemIcon006.png,Macross Delta Coin,5,5,0,"Reward from Event Quest ""マクロスΔ・新たなる戦乙女達""",Event Items
https://static.wikia.nocookie.net/monsterhunter/images/f/f7/MH4G-Egg_Icon_Yellow.png,Wonderful Egg,5,5,0,"Reward from Event Quest ""サンリオ・ひとぐでしようニャ""",Event Items
https://static.wikia.nocookie.net/monsterhunter/images/b/b7/ItemIcon006.png,Hunter Certificate,5,5,0,"Reward from Event Quest ""ハンター×ハンター・最終試験""",Event Items
https://static.wikia.nocookie.net/monsterhunter/images/9/99/MH4G-Ticket_Icon_Blue.png,Unique Pass,5,5,0,"Reward from Event Quest ""ＵＳＪ・幻惑なる２頭の輪舞曲""",Event Items
https://static.wikia.nocookie.net/monsterhunter/images/9/99/MH4G-Ticket_Icon_Blue.png,Original Pass,5,5,0,"Reward from Event Quest ""ＵＳＪ・天翔ける輝星の軌跡""",Event Items
https://static.wikia.nocookie.net/monsterhunter/images/9/99/MH4G-Ticket_Icon_Blue.png,Exceptional Pass,5,5,0,"Reward from Event Quest ""ＵＳＪ・霊峰に吹き荒れる嵐""",Event Items
https://static.wikia.nocookie.net/monsterhunter/images/9/99/MH4G-Ticket_Icon_Blue.png,Novel Pass,5,5,0,"Reward from Event Quest ""ＵＳＪ・乱れ荒れ暴れ狂う角""",Event Items
https://static.wikia.nocookie.net/monsterhunter/images/b/b3/MH4G-Ticket_Icon_Red.png,Live Ticket,5,5,0,"Reward from Event Quest ""サンリオ・紅蓮の炎に抱かれて""",Event Items
