skill_tree,armor,armor_set_id,points
Psychic,Hunting Helm,0,3
Psychic,Hunting Mail,0,2
Psychic,Hunting Braces,0,5
Speed Setup,Hunting Faulds,0,3
Speed Setup,Hunting Greaves,0,3
Speed Setup,Hunter's Helm,1,2
Ranger,Hunter's Helm,1,3
Speed Setup,Hunter's Mail,1,2
Speed Setup,Hunter's Vambraces,1,3
Ranger,Hunter's Faulds,1,6
Ranger,Hunter's Greaves,1,1
KO,Bone Helm,2,4
KO,Bone Mail,2,2
Maestro,Bone Mail,2,4
KO,Bone Vambraces,2,2
KO,Bone Faulds,2,2
Maestro,Bone Greaves,2,6
Status,Chaoshroom,3,3
Status,Chaos Plate,3,2
Botany,Trapper's Gauntlets,4,3
Botany,Trapper's Greaves,4,5
Stam Drain,Maccao Gauntlets,5,4
Stam Drain,Maccao Shinguards,5,3
Expert,Jaggi Gauntlets,6,4
Expert,Jaggi Shinguards,6,3
Attack,Jaggi Helm,7,3
Fire Atk,Jaggi Helm,7,1
Defense,Jaggi Helm,7,-2
Attack,Jaggi Mail,7,3
Defense,Jaggi Mail,7,-2
Fire Atk,Jaggi Vambraces,7,3
Attack,Jaggi Faulds,7,4
Defense,Jaggi Faulds,7,-2
Fire Atk,Jaggi Greaves,7,2
Vault,Maccao Helm,8,3
Vault,Maccao Mail,8,4
Stam Drain,Maccao Mail,8,1
Vault,Maccao Braces,8,1
Stam Drain,Maccao Faulds,8,2
Vault,Maccao Greaves,8,2
Stun,Velociprey Helm,9,3
Paralysis,Velociprey Helm,9,-3
Stun,Velociprey Mail,9,4
Paralysis,Velociprey Mail,9,-4
Water Atk,Velociprey Braces,9,4
Water Atk,Velociprey Tassets,9,4
Stun,Velociprey Greaves,9,3
Paralysis,Velociprey Greaves,9,-3
Ice Atk,Giaprey Helm,10,3
Bind Res,Giaprey Helm,10,3
Sleep,Giaprey Helm,10,-3
Ice Atk,Giaprey Mail,10,5
Bind Res,Giaprey Vambraces,10,2
Sleep,Giaprey Vambraces,10,-2
Bind Res,Giaprey Tassets,10,5
Sleep,Giaprey Tassets,10,-5
Paralysis,Genprey Helm,11,2
Poison,Genprey Helm,11,-2
Thunder Atk,Genprey Mail,11,3
Paralysis,Genprey Mail,11,3
Poison,Genprey Mail,11,-3
Paralysis,Genprey Vambraces,11,3
Poison,Genprey Vambraces,11,-3
Paralysis,Genprey Tassets,11,2
Poison,Genprey Tassets,11,-2
Thunder Atk,Genprey Greaves,11,5
Status,Vespoid Helm,12,1
Elemental,Vespoid Helm,12,-2
Sheathing,Vespoid Mail,12,2
Sheathing,Vespoid Vambraces,12,3
Sheathing,Vespoid Tassets,12,5
Status,Vespoid Greaves,12,2
Elemental,Vespoid Greaves,12,-1
Dragon Atk,Hornetaur Helm,13,3
Dragon Atk,Hornetaur Mail,13,4
Dragon Res,Hornetaur Mail,13,1
Dragon Res,Hornetaur Braces,13,3
Dragon Res,Hornetaur Tassets,13,4
Dragon Atk,Hornetaur Greaves,13,3
Dragon Res,Hornetaur Greaves,13,3
Sharpness,Bnahabra Hat,14,1
Fire Res,Bnahabra Hat,14,-2
Sharpness,Bnahabra Suit,14,2
Status,Bnahabra Suit,14,2
Fire Res,Bnahabra Suit,14,-2
Sharpness,Bnahabra Gloves,14,2
Fire Res,Bnahabra Gloves,14,-2
Status,Bnahabra Coil,14,3
Fire Res,Bnahabra Coil,14,-2
Sharpness,Bnahabra Boots,14,5
Fire Res,Bnahabra Boots,14,-3
Guard,Konchu Helm,15,2
Constitution,Konchu Helm,15,-2
Guard,Konchu Braces,15,4
Constitution,Konchu Braces,15,-2
Artillery,Rhenoplos Helm,16,5
Artillery,Rhenoplos Mail,16,1
Water Atk,Rhenoplos Mail,16,3
Water Atk,Rhenoplos Vambraces,16,2
Artillery,Rhenoplos Coil,16,1
Water Atk,Rhenoplos Coil,16,1
Artillery,Rhenoplos Greaves,16,3
Potential,Bulldrome Helm,17,3
Attack,Bulldrome Helm,17,2
Protection,Bulldrome Helm,17,-3
Potential,Bulldrome Mail,17,4
Protection,Bulldrome Mail,17,-4
Attack,Bulldrome Braces,17,3
Potential,Bulldrome Faulds,17,3
Protection,Bulldrome Faulds,17,-3
Attack,Bulldrome Greaves,17,3
Honey,Arzuros Helm,18,3
Defense,Arzuros Mail,18,2
Honey,Arzuros Mail,18,2
Attack,Arzuros Mail,18,-2
Defense,Arzuros Vambraces,18,3
Honey,Arzuros Vambraces,18,3
Attack,Arzuros Vambraces,18,-3
Defense,Arzuros Greaves,18,5
Honey,Arzuros Greaves,18,2
Attack,Arzuros Greaves,18,-5
Heat Res,Cephalos Helm,19,2
Water Atk,Cephalos Helm,19,2
Cold Res,Cephalos Helm,19,-2
Water Atk,Cephalos Mail,19,4
Heat Res,Cephalos Braces,19,2
Cold Res,Cephalos Braces,19,-2
Heat Res,Cephalos Tassets,19,5
Cold Res,Cephalos Tassets,19,-5
Heat Res,Cephalos Greaves,19,1
Water Atk,Cephalos Greaves,19,3
Cold Res,Cephalos Greaves,19,-1
Psychic,Hunting Cap,19,4
Psychic,Hunting Vest,19,2
Psychic,Hunting Guards,19,4
Speed Setup,Hunting Coat,19,3
Speed Setup,Hunting Leggings,19,3
Speed Setup,Hunter's Cap,20,3
Ranger,Hunter's Cap,20,3
Speed Setup,Hunter's Vest,20,2
Speed Setup,Hunter's Guards,20,2
Ranger,Hunter's Coat,20,6
Ranger,Hunter's Leggings,20,1
KO,Bone Cap,21,5
KO,Bone Vest,21,2
Maestro,Bone Vest,21,4
KO,Bone Guards,21,2
KO,Bone Coat,21,1
Maestro,Bone Leggings,21,6
Status,Chaos Diadem,22,4
Status,Chaos Brigandine,22,1
Botany,Trapper's Gloves,23,3
Botany,Trapper's Boots,23,5
Stam Drain,Maccao Gloves,24,4
Stam Drain,Maccao Boots,24,3
Expert,Jaggi Gloves,25,4
Expert,Jaggi Boots,25,3
Attack,Jaggi Cap,26,3
Fire Atk,Jaggi Cap,26,2
Defense,Jaggi Cap,26,-2
Attack,Jaggi Vest,26,3
Defense,Jaggi Vest,26,-2
Fire Atk,Jaggi Guards,26,2
Attack,Jaggi Coat,26,4
Defense,Jaggi Coat,26,-2
Fire Atk,Jaggi Leggings,26,2
Vault,Maccao Cap,27,4
Vault,Maccao Vest,27,4
Stam Drain,Maccao Vest,27,1
Vault,Maccao Guards,27,1
Stam Drain,Maccao Coat,27,2
Vault,Maccao Leggings,27,1
Stun,Velociprey Cap,28,4
Paralysis,Velociprey Cap,28,-3
Stun,Velociprey Vest,28,4
Paralysis,Velociprey Vest,28,-4
Water Atk,Velociprey Guards,28,4
Water Atk,Velociprey Coat,28,4
Stun,Velociprey Leggings,28,2
Paralysis,Velociprey Leggings,28,-3
Ice Atk,Giaprey Cap,29,3
Bind Res,Giaprey Cap,29,4
Sleep,Giaprey Cap,29,-3
Ice Atk,Giaprey Vest,29,5
Bind Res,Giaprey Guards,29,2
Sleep,Giaprey Guards,29,-2
Bind Res,Giaprey Coat,29,4
Sleep,Giaprey Coat,29,-5
Paralysis,Genprey Cap,30,3
Poison,Genprey Cap,30,-2
Thunder Atk,Genprey Vest,30,3
Paralysis,Genprey Vest,30,3
Poison,Genprey Vest,30,-3
Paralysis,Genprey Guards,30,3
Poison,Genprey Guards,30,-3
Paralysis,Genprey Coat,30,1
Poison,Genprey Coat,30,-2
Thunder Atk,Genprey Leggings,30,5
Status,Vespoid Cap,31,2
Elemental,Vespoid Cap,31,-2
Sheathing,Vespoid Vest,31,2
Sheathing,Vespoid Guards,31,3
Sheathing,Vespoid Coat,31,5
Status,Vespoid Leggings,31,1
Elemental,Vespoid Leggings,31,-1
Dragon Atk,Hornetaur Cap,32,4
Dragon Atk,Hornetaur Vest,32,4
Dragon Res,Hornetaur Vest,32,1
Dragon Res,Hornetaur Guards,32,3
Dragon Res,Hornetaur Coat,32,4
Dragon Atk,Hornetaur Leggings,32,2
Dragon Res,Hornetaur Leggings,32,3
Ammo Saver,Bnahabra Headpiece,33,1
Fire Res,Bnahabra Headpiece,33,-2
Ammo Saver,Bnahabra Vest,33,2
Status,Bnahabra Vest,33,2
Fire Res,Bnahabra Vest,33,-2
Ammo Saver,Bnahabra Sleeves,33,2
Fire Res,Bnahabra Sleeves,33,-2
Status,Bnahabra Coat,33,3
Fire Res,Bnahabra Coat,33,-2
Ammo Saver,Bnahabra Pants,33,5
Fire Res,Bnahabra Pants,33,-3
Precision,Konchu Cap,34,2
Constitution,Konchu Cap,34,-2
Precision,Konchu Guards,34,4
Constitution,Konchu Guards,34,-2
Artillery,Rhenoplos Cap,35,6
Artillery,Rhenoplos Vest,35,1
Water Atk,Rhenoplos Vest,35,3
Water Atk,Rhenoplos Guards,35,2
Artillery,Rhenoplos Coat,35,1
Water Atk,Rhenoplos Coat,35,1
Artillery,Rhenoplos Leggings,35,2
Potential,Bulldrome Cap,36,3
Attack,Bulldrome Cap,36,3
Protection,Bulldrome Cap,36,-3
Potential,Bulldrome Vest,36,4
Protection,Bulldrome Vest,36,-4
Attack,Bulldrome Guards,36,2
Potential,Bulldrome Coat,36,3
Protection,Bulldrome Coat,36,-3
Attack,Bulldrome Leggings,36,3
Honey,Arzuros Cap,37,4
Defense,Arzuros Vest,37,2
Honey,Arzuros Vest,37,2
Attack,Arzuros Vest,37,-2
Defense,Arzuros Guards,37,3
Honey,Arzuros Guards,37,2
Attack,Arzuros Guards,37,-3
Defense,Arzuros Leggings,37,5
Honey,Arzuros Leggings,37,2
Attack,Arzuros Leggings,37,-5
Heat Res,Cephalos Cap,38,2
Water Atk,Cephalos Cap,38,3
Cold Res,Cephalos Cap,38,-2
Water Atk,Cephalos Vest,38,4
Heat Res,Cephalos Guards,38,2
Cold Res,Cephalos Guards,38,-2
Heat Res,Cephalos Coat,38,5
Cold Res,Cephalos Coat,38,-5
Heat Res,Cephalos Leggings,38,1
Water Atk,Cephalos Leggings,38,2
Cold Res,Cephalos Leggings,38,-1
Sharpener,Alloy Helm,38,3
Wind Res,Alloy Helm,38,2
Sharpener,Alloy Mail,38,2
Sharpener,Alloy Vambraces,38,4
Wind Res,Alloy Vambraces,38,2
Wind Res,Alloy Coil,38,3
Sharpener,Alloy Greaves,38,1
Attack,Battle Helm,39,2
Guard,Battle Mail,39,2
Guard,Battle Vambraces,39,1
Attack,Battle Vambraces,39,2
Guard,Battle Tassets,39,4
Attack,Battle Tassets,39,2
Guard,Battle Greaves,39,3
Ice Atk,Ingot Helm,40,3
Wind Res,Ingot Mail,40,4
Ice Atk,Ingot Mail,40,1
Fate,Ingot Mail,40,-2
Ice Atk,Ingot Vambraces,40,5
Wind Res,Ingot Coil,40,1
Ice Atk,Ingot Coil,40,1
Fate,Ingot Coil,40,-1
Wind Res,Ingot Greaves,40,5
Fate,Ingot Greaves,40,-2
Hearing,High Metal Helm,41,3
Protection,High Metal Helm,41,-3
Hearing,High Metal Mail,41,1
Thunder Res,High Metal Mail,41,4
Hearing,High Metal Braces,41,2
Thunder Res,High Metal Braces,41,2
Protection,High Metal Braces,41,-1
Hearing,High Metal Tassets,41,2
Protection,High Metal Tassets,41,-1
Hearing,High Metal Greaves,41,1
Thunder Res,High Metal Greaves,41,4
Fire Atk,Metal Boots,42,7
Gathering,Melahoa Hat,43,2
Gathering,Melahoa Jacket,43,2
Gathering,Melahoa Branch,43,3
Botany,Melahoa Branch,43,3
Gathering,Melahoa Folia,43,2
Gathering,Melahoa Roots,43,4
Botany,Melahoa Roots,43,2
Combo Rate,Makluva Hood,44,3
Lasting Pwr,Makluva Hood,44,1
Combo Rate,Makluva Cover,44,2
Lasting Pwr,Makluva Cover,44,2
Lasting Pwr,Makluva Sleeves,44,5
Combo Rate,Makluva Coil,44,4
Combo Rate,Makluva Pants,44,1
Eating,Bistro Toque,45,2
Rec Level,Bistro Toque,45,-1
Eating,Bistro Suit,45,2
Rec Level,Bistro Suit,45,-1
Eating,Bistro Sarong,45,2
Rec Level,Bistro Sarong,45,-1
Attack,Obituary Vertex,46,3
Constitution,Obituary Vertex,46,2
Stamina,Obituary Vertex,46,-1
Constitution,Obituary Thorax,46,1
Attack,Obituary Brachia,46,5
Constitution,Obituary Elytra,46,3
Stamina,Obituary Elytra,46,-2
Attack,Obituary Crura,46,2
Constitution,Obituary Crura,46,4
Stamina,Obituary Crura,46,-2
Attack,Butterfly Vertex,47,3
Constitution,Butterfly Vertex,47,2
Stamina,Butterfly Vertex,47,-1
Constitution,Butterfly Thorax,47,1
Attack,Butterfly Brachia,47,5
Constitution,Butterfly Elytra,47,3
Stamina,Butterfly Elytra,47,-2
Attack,Butterfly Crura,47,2
Constitution,Butterfly Crura,47,4
Stamina,Butterfly Crura,47,-2
Frenzy Res,Death Stench Brain,48,2
Dragon Atk,Death Stench Brain,48,2
Evasion,Death Stench Brain,48,-2
Dragon Atk,Death Stench Muscle,48,3
Frenzy Res,Death Stench Grip,48,3
Evasion,Death Stench Grip,48,-1
Frenzy Res,Death Stench Bowels,48,5
Evasion,Death Stench Bowels,48,-3
Dragon Atk,Death Stench Heel,48,5
Team Player,Acorn Helm,49,4
Artillery,Acorn Mail,49,3
Team Player,Acorn Mail,49,4
Fire Atk,Mosgharl Vizor,50,4
FastCharge,Mosgharl Ribplate,50,3
Fire Atk,Mosgharl Ribplate,50,2
Constitution,Mosgharl Ribplate,50,-3
FastCharge,Mosgharl Creeper,50,2
Constitution,Mosgharl Creeper,50,-1
Fire Atk,Mosgharl Folia,50,4
FastCharge,Mosgharl Roots,50,5
Constitution,Mosgharl Roots,50,-3
Fire Atk,Mosgharl Vizor,51,4
FastCharge,Mosgharl Ribplate,51,3
Fire Atk,Mosgharl Ribplate,51,2
Constitution,Mosgharl Ribplate,51,-3
FastCharge,Mosgharl Creeper,51,2
Constitution,Mosgharl Creeper,51,-1
Fire Atk,Mosgharl Folia,51,4
FastCharge,Mosgharl Roots,51,5
Constitution,Mosgharl Roots,51,-3
Botany,Edel Vizor,52,3
Wide-Range,Edel Ribplate,52,3
Botany,Edel Creeper,52,4
Wide-Range,Edel Folia,52,4
Wide-Range,Edel Roots,52,3
Botany,Edel Roots,52,3
Crit Status,Skalda Vertex,53,1
Expert,Skalda Vertex,53,2
Attack,Skalda Vertex,53,-1
Expert,Skalda Thorax,53,5
Crit Status,Skalda Brachia,53,4
Attack,Skalda Brachia,53,-2
Crit Status,Skalda Elytra,53,3
Expert,Skalda Elytra,53,3
Attack,Skalda Elytra,53,-2
Crit Status,Skalda Crura,53,2
Attack,Skalda Crura,53,-1
Crit Status,Spio Vertex,54,1
Expert,Spio Vertex,54,2
Attack,Spio Vertex,54,-1
Expert,Spio Thorax,54,5
Crit Status,Spio Brachia,54,4
Attack,Spio Brachia,54,-2
Crit Status,Spio Elytra,54,3
Expert,Spio Elytra,54,3
Attack,Spio Elytra,54,-2
Crit Status,Spio Crura,54,2
Attack,Spio Crura,54,-1
Light Eater,Droth Mail,55,3
Light Eater,Droth Faulds,55,2
Light Eater,Droth Greaves,55,2
Guard Up,Uroktor Torso,56,3
Guard Up,Uroktor Tassets,56,4
Cold Res,Moofah Head,57,3
Thunder Atk,Moofah Suit,57,2
Cold Res,Moofah Suit,57,3
Thunder Atk,Moofah Claws,57,5
Thunder Atk,Moofah Coil,57,4
Cold Res,Moofah Coil,57,2
Fate,Velociprey Head,58,2
Protection,Velociprey Head,58,-2
Fate,Velociprey Body,58,2
Protection,Velociprey Body,58,-2
Fate,Velociprey Claws,58,2
Protection,Velociprey Claws,58,-2
Fate,Velociprey Feet,58,2
Protection,Velociprey Feet,58,-2
Fate,Genprey Head,59,2
Protection,Genprey Head,59,-2
Fate,Genprey Body,59,2
Protection,Genprey Body,59,-2
Fate,Genprey Claws,59,2
Protection,Genprey Claws,59,-2
Fate,Genprey Feet,59,2
Protection,Genprey Feet,59,-2
Fate,Ioprey Head,60,2
Protection,Ioprey Head,60,-2
Fate,Ioprey Body,60,2
Protection,Ioprey Body,60,-2
Fate,Ioprey Claws,60,2
Protection,Ioprey Claws,60,-2
Fate,Ioprey Feet,60,2
Protection,Ioprey Feet,60,-2
Fate,Remobra Headgear,61,2
Protection,Remobra Headgear,61,-2
Fate,Remobra Suit,61,2
Protection,Remobra Suit,61,-2
Fate,Remobra Gloves,61,2
Protection,Remobra Gloves,61,-2
Fate,Remobra Belt,61,2
Protection,Remobra Belt,61,-2
Fate,Remobra Feet,61,2
Protection,Remobra Feet,61,-2
Perception,Ioprey Helm,62,2
Poison,Ioprey Mail,62,2
Perception,Ioprey Mail,62,2
Stun,Ioprey Mail,62,-2
Poison,Ioprey Vambraces,62,2
Perception,Ioprey Vambraces,62,2
Stun,Ioprey Vambraces,62,-2
Poison,Ioprey Tassets,62,1
Perception,Ioprey Tassets,62,2
Stun,Ioprey Tassets,62,-1
Poison,Ioprey Greaves,62,5
Stun,Ioprey Greaves,62,-5
Fire Atk,Kut-Ku Helm,63,2
Attack,Kut-Ku Helm,63,3
Defense,Kut-Ku Helm,63,-3
Fire Atk,Kut-Ku Mail,63,2
Attack,Kut-Ku Mail,63,3
Defense,Kut-Ku Mail,63,-3
Fire Atk,Kut-Ku Vambraces,63,7
Attack,Kut-Ku Tassets,63,2
Defense,Kut-Ku Tassets,63,-2
Attack,Kut-Ku Greaves,63,1
Defense,Kut-Ku Greaves,63,-1
Evasion,Lagombi Helm,64,1
Bind Res,Lagombi Helm,64,3
Health,Lagombi Helm,64,-1
Evasion,Lagombi Mail,64,2
Bind Res,Lagombi Mail,64,3
Health,Lagombi Mail,64,-2
Evasion,Lagombi Vambraces,64,1
Bind Res,Lagombi Vambraces,64,4
Health,Lagombi Vambraces,64,-1
Evasion,Lagombi Faulds,64,2
Health,Lagombi Faulds,64,-2
Evasion,Lagombi Greaves,64,3
Health,Lagombi Greaves,64,-3
Poison,Gypceros Helm,65,2
Stamina,Gypceros Helm,65,2
Hunger,Gypceros Helm,65,-2
Poison,Gypceros Mail,65,4
Stamina,Gypceros Mail,65,1
Hunger,Gypceros Mail,65,-1
Poison,Gypceros Braces,65,4
Stamina,Gypceros Braces,65,1
Hunger,Gypceros Braces,65,-1
Poison,Gypceros Tassets,65,3
Stamina,Gypceros Tassets,65,3
Hunger,Gypceros Tassets,65,-3
Stamina,Gypceros Greaves,65,3
Hunger,Gypceros Greaves,65,-3
Health,Tetsucabra Helm,66,3
Tremor Res,Tetsucabra Helm,66,2
Sleep,Tetsucabra Helm,66,-3
Health,Tetsucabra Mail,66,2
Tremor Res,Tetsucabra Mail,66,1
Sleep,Tetsucabra Mail,66,-1
Health,Tetsucabra Braces,66,5
Tremor Res,Tetsucabra Faulds,66,3
Sleep,Tetsucabra Faulds,66,-3
Tremor Res,Tetsucabra Greaves,66,4
Sleep,Tetsucabra Greaves,66,-3
Guard,Hermitaur Helm,67,2
Defense,Hermitaur Helm,67,3
Constitution,Hermitaur Helm,67,-2
Guard,Hermitaur Mail,67,3
Health,Hermitaur Mail,67,2
Constitution,Hermitaur Mail,67,-3
Guard,Hermitaur Braces,67,1
Defense,Hermitaur Braces,67,2
Constitution,Hermitaur Braces,67,-1
Guard,Hermitaur Tassets,67,4
Constitution,Hermitaur Tassets,67,-3
FastCharge,Volvidon Helm,68,4
Biology,Volvidon Helm,68,1
Stam Recov,Volvidon Helm,68,-2
FastCharge,Volvidon Mail,68,1
Biology,Volvidon Mail,68,3
Stam Recov,Volvidon Mail,68,-2
FastCharge,Volvidon Vambraces,68,1
Biology,Volvidon Vambraces,68,2
Stam Recov,Volvidon Vambraces,68,-2
Biology,Volvidon Faulds,68,4
Stam Recov,Volvidon Faulds,68,-2
FastCharge,Volvidon Greaves,68,2
Stam Recov,Volvidon Greaves,68,-2
Stam Recov,Ludroth Helm,69,1
Hunger,Ludroth Helm,69,3
Evasion,Ludroth Helm,69,-2
Stam Recov,Ludroth Mail,69,3
Evasion,Ludroth Mail,69,-3
Stam Recov,Ludroth Braces,69,1
Hunger,Ludroth Braces,69,4
Stam Recov,Ludroth Faulds,69,4
Evasion,Ludroth Faulds,69,-3
Stam Recov,Ludroth Greaves,69,1
Hunger,Ludroth Greaves,69,3
Tenderizer,Malfestio Helm,70,2
Sleep,Malfestio Helm,70,4
Tenderizer,Malfestio Mail,70,2
Sleep,Malfestio Mail,70,1
Tenderizer,Malfestio Braces,70,2
Sleep,Malfestio Braces,70,1
Tenderizer,Malfestio Faulds,70,2
Sleep,Malfestio Faulds,70,4
Tenderizer,Malfestio Greaves,70,2
Rec Speed,Khezu Helm,71,3
Rec Speed,Khezu Mail,71,2
Rec Level,Khezu Mail,71,3
Rec Speed,Khezu Vambraces,71,1
Rec Level,Khezu Tassets,71,4
Rec Speed,Khezu Greaves,71,4
Rec Level,Khezu Greaves,71,1
Rec Level,Rathian Helm,72,1
Health,Rathian Helm,72,2
Rec Speed,Rathian Helm,72,-1
Rec Level,Rathian Mail,72,2
Health,Rathian Mail,72,2
Rec Speed,Rathian Mail,72,-2
Rec Level,Rathian Braces,72,1
Health,Rathian Braces,72,3
Rec Speed,Rathian Braces,72,-1
Rec Level,Rathian Faulds,72,2
Health,Rathian Faulds,72,2
Rec Speed,Rathian Faulds,72,-2
Rec Level,Rathian Greaves,72,3
Health,Rathian Greaves,72,1
Rec Speed,Rathian Greaves,72,-3
Eating,Nibelsnarf Helm,73,4
Rec Level,Nibelsnarf Helm,73,-2
Eating,Nibelsnarf Mail,73,3
Gluttony,Nibelsnarf Mail,73,3
Rec Level,Nibelsnarf Mail,73,-1
Eating,Nibelsnarf Braces,73,1
Gluttony,Nibelsnarf Braces,73,2
Rec Level,Nibelsnarf Braces,73,-1
Gluttony,Nibelsnarf Faulds,73,4
Rec Level,Nibelsnarf Faulds,73,-1
Eating,Nibelsnarf Greaves,73,2
Gluttony,Nibelsnarf Greaves,73,2
Rec Level,Nibelsnarf Greaves,73,-1
Constitution,Blango Helm,74,2
Ice Atk,Blango Helm,74,3
Stamina,Blango Helm,74,-2
Constitution,Blango Mail,74,4
Stamina,Blango Mail,74,-2
Constitution,Blango Vambraces,74,2
Ice Atk,Blango Vambraces,74,2
Stamina,Blango Vambraces,74,-1
Constitution,Blango Tassets,74,2
Ice Atk,Blango Tassets,74,2
Stamina,Blango Tassets,74,-2
Ice Atk,Blango Greaves,74,6
Sharpness,Ceanataur Helm,75,1
Expert,Ceanataur Helm,75,5
Thunder Res,Ceanataur Helm,75,-2
Sharpness,Ceanataur Mail,75,2
Expert,Ceanataur Mail,75,2
Thunder Res,Ceanataur Mail,75,-2
Sharpness,Ceanataur Braces,75,4
Thunder Res,Ceanataur Braces,75,-2
Sharpness,Ceanataur Tassets,75,2
Expert,Ceanataur Tassets,75,3
Thunder Res,Ceanataur Tassets,75,-2
Sharpness,Ceanataur Greaves,75,1
Expert,Ceanataur Greaves,75,3
Thunder Res,Ceanataur Greaves,75,-2
Hearing,Najarala Helm,76,4
Capturer,Najarala Helm,76,1
Protection,Najarala Helm,76,-2
Hearing,Najarala Mail,76,3
Capturer,Najarala Mail,76,1
Protection,Najarala Mail,76,-2
Hearing,Najarala Braces,76,2
Capturer,Najarala Braces,76,2
Protection,Najarala Braces,76,-1
Hearing,Najarala Faulds,76,1
Capturer,Najarala Faulds,76,3
Protection,Najarala Faulds,76,-1
Capturer,Najarala Greaves,76,3
Evade Dist,Nargacuga Helm,77,3
Expert,Nargacuga Helm,77,2
Dragon Res,Nargacuga Helm,77,-2
Evade Dist,Nargacuga Mail,77,2
Expert,Nargacuga Mail,77,3
Dragon Res,Nargacuga Mail,77,-2
Evade Dist,Nargacuga Braces,77,1
Expert,Nargacuga Braces,77,3
Dragon Res,Nargacuga Braces,77,-2
Evade Dist,Nargacuga Greaves,77,4
Capturer,Scholarly Hood,78,2
Biology,Scholarly Hood,78,3
Potential,Scholarly Hood,78,-2
Capturer,Scholarly Suit,78,3
Potential,Scholarly Suit,78,-2
Capturer,Scholarly Grips,78,1
Biology,Scholarly Grips,78,3
Potential,Scholarly Grips,78,-2
Capturer,Scholarly Sash,78,3
Biology,Scholarly Sash,78,3
Potential,Scholarly Sash,78,-2
Capturer,Scholarly Boots,78,1
Biology,Scholarly Boots,78,4
Potential,Scholarly Boots,78,-2
Reload Spd,Alloy Cap,78,3
Wind Res,Alloy Cap,78,2
Reload Spd,Alloy Vest,78,2
Reload Spd,Alloy Guards,78,4
Wind Res,Alloy Guards,78,2
Wind Res,Alloy Coat,78,3
Reload Spd,Alloy Leggings,78,1
Attack,Battle Cap,79,3
Recoil,Battle Vest,79,2
Recoil,Battle Guards,79,1
Attack,Battle Guards,79,2
Recoil,Battle Coat,79,4
Attack,Battle Coat,79,1
Recoil,Battle Leggings,79,3
Ice Atk,Ingot Cap,80,4
Wind Res,Ingot Vest,80,4
Ice Atk,Ingot Vest,80,1
Fate,Ingot Vest,80,-2
Ice Atk,Ingot Guards,80,4
Wind Res,Ingot Coat,80,1
Ice Atk,Ingot Coat,80,1
Fate,Ingot Coat,80,-1
Wind Res,Ingot Leggings,80,5
Fate,Ingot Leggings,80,-2
Hearing,High Metal Cap,81,4
Protection,High Metal Cap,81,-3
Hearing,High Metal Vest,81,1
Thunder Res,High Metal Vest,81,4
Hearing,High Metal Guards,81,2
Thunder Res,High Metal Guards,81,2
Protection,High Metal Guards,81,-1
Hearing,High Metal Coat,81,2
Protection,High Metal Coat,81,-1
Hearing,High Metal Leggings,81,1
Thunder Res,High Metal Leggings,81,4
Fire Atk,Metal Feet,82,7
Gathering,Melahoa Bloom,83,3
Gathering,Melahoa Stalk,83,2
Gathering,Melahoa Petal,83,3
Botany,Melahoa Petal,83,3
Gathering,Melahoa Trunk,83,1
Gathering,Melahoa Taproot,83,4
Botany,Melahoa Taproot,83,2
Combo Rate,Makluva Gills,84,4
Lasting Pwr,Makluva Gills,84,1
Combo Rate,Makluva Scale,84,2
Lasting Pwr,Makluva Scale,84,2
Lasting Pwr,Makluva Sucker,84,5
Combo Rate,Makluva Fin,84,3
Combo Rate,Makluva Leggings,84,1
Eating,Bistro Cap,85,3
Rec Level,Bistro Cap,85,-1
Eating,Bistro Vest,85,2
Rec Level,Bistro Vest,85,-1
Eating,Bistro Apron,85,1
Rec Level,Bistro Apron,85,-1
Attack,Obituary Clypeus,86,3
Constitution,Obituary Clypeus,86,3
Stamina,Obituary Clypeus,86,-1
Constitution,Obituary Pleuron,86,1
Attack,Obituary Manus,86,5
Constitution,Obituary Alae,86,3
Stamina,Obituary Alae,86,-2
Attack,Obituary Tarsi,86,2
Constitution,Obituary Tarsi,86,3
Stamina,Obituary Tarsi,86,-2
Attack,Butterfly Clypeus,87,3
Constitution,Butterfly Clypeus,87,3
Stamina,Butterfly Clypeus,87,-1
Constitution,Butterfly Pleuron,87,1
Attack,Butterfly Manus,87,5
Constitution,Butterfly Alae,87,3
Stamina,Butterfly Alae,87,-2
Attack,Butterfly Tarsi,87,2
Constitution,Butterfly Tarsi,87,3
Stamina,Butterfly Tarsi,87,-2
Frenzy Res,Death Stench Soul,88,3
Dragon Atk,Death Stench Soul,88,2
Evasion,Death Stench Soul,88,-2
Dragon Atk,Death Stench Heart,88,3
Frenzy Res,Death Stench Grasp,88,2
Evasion,Death Stench Grasp,88,-1
Frenzy Res,Death Stench Belly,88,5
Evasion,Death Stench Belly,88,-3
Dragon Atk,Death Stench March,88,5
Team Player,Acorn Cap,89,5
Artillery,Acorn Vest,89,3
Team Player,Acorn Vest,89,3
Fire Atk,Mosgharl Brim,90,5
FastCharge,Mosgharl Ribguard,90,3
Fire Atk,Mosgharl Ribguard,90,2
Constitution,Mosgharl Ribguard,90,-3
FastCharge,Mosgharl Tendril,90,2
Constitution,Mosgharl Tendril,90,-1
Fire Atk,Mosgharl Fronds,90,3
FastCharge,Mosgharl Radicles,90,5
Constitution,Mosgharl Radicles,90,-3
Fire Atk,Mosgharl Brim,91,5
FastCharge,Mosgharl Ribguard,91,3
Fire Atk,Mosgharl Ribguard,91,2
Constitution,Mosgharl Ribguard,91,-3
FastCharge,Mosgharl Tendril,91,2
Constitution,Mosgharl Tendril,91,-1
Fire Atk,Mosgharl Fronds,91,3
FastCharge,Mosgharl Radicles,91,5
Constitution,Mosgharl Radicles,91,-3
Botany,Edel Bloom,92,4
Wide-Range,Edel Ribguard,92,3
Botany,Edel Tendril,92,4
Wide-Range,Edel Fronds,92,4
Wide-Range,Edel Radicles,92,3
Botany,Edel Radicles,92,2
Crit Status,Skalda Clypeus,93,2
Expert,Skalda Clypeus,93,2
Attack,Skalda Clypeus,93,-1
Expert,Skalda Pleuron,93,5
Crit Status,Skalda Manus,93,3
Attack,Skalda Manus,93,-2
Crit Status,Skalda Alae,93,3
Expert,Skalda Alae,93,3
Attack,Skalda Alae,93,-2
Crit Status,Skalda Tarsi,93,2
Attack,Skalda Tarsi,93,-1
Crit Status,Spio Clypeus,94,2
Expert,Spio Clypeus,94,2
Attack,Spio Clypeus,94,-1
Expert,Spio Pleuron,94,5
Crit Status,Spio Manus,94,3
Attack,Spio Manus,94,-2
Crit Status,Spio Alae,94,3
Expert,Spio Alae,94,3
Attack,Spio Alae,94,-2
Crit Status,Spio Tarsi,94,2
Attack,Spio Tarsi,94,-1
Light Eater,Droth Vest,95,3
Light Eater,Droth Coat,95,2
Light Eater,Droth Leggings,95,2
Haphazard,Uroktor Vest,96,3
Haphazard,Uroktor Coat,96,4
Cold Res,Moofah Wig,97,4
Thunder Atk,Moofah Jacket,97,2
Cold Res,Moofah Jacket,97,3
Thunder Atk,Moofah Sleeves,97,5
Thunder Atk,Moofah Coat,97,4
Cold Res,Moofah Coat,97,1
Fate,Velociprey Mask,98,3
Protection,Velociprey Mask,98,-2
Fate,Velociprey Suit,98,1
Protection,Velociprey Suit,98,-2
Fate,Velociprey Gloves,98,2
Protection,Velociprey Gloves,98,-2
Fate,Velociprey Tights,98,2
Protection,Velociprey Tights,98,-2
Fate,Genprey Mask,99,3
Protection,Genprey Mask,99,-2
Fate,Genprey Suit,99,1
Protection,Genprey Suit,99,-2
Fate,Genprey Gloves,99,2
Protection,Genprey Gloves,99,-2
Fate,Genprey Tights,99,2
Protection,Genprey Tights,99,-2
Fate,Ioprey Mask,100,3
Protection,Ioprey Mask,100,-2
Fate,Ioprey Wear,100,1
Protection,Ioprey Wear,100,-2
Fate,Ioprey Gloves,100,2
Protection,Ioprey Gloves,100,-2
Fate,Ioprey Tights,100,2
Protection,Ioprey Tights,100,-2
Fate,Remobra Mask,101,3
Protection,Remobra Mask,101,-2
Fate,Remobra Wear,101,1
Protection,Remobra Wear,101,-2
Fate,Remobra Hands,101,2
Protection,Remobra Hands,101,-2
Fate,Remobra Band,101,2
Protection,Remobra Band,101,-2
Fate,Remobra Tights,101,2
Protection,Remobra Tights,101,-2
Perception,Ioprey Cap,102,3
Poison,Ioprey Vest,102,2
Perception,Ioprey Vest,102,2
Stun,Ioprey Vest,102,-2
Poison,Ioprey Guards,102,2
Perception,Ioprey Guards,102,2
Stun,Ioprey Guards,102,-2
Poison,Ioprey Coat,102,1
Perception,Ioprey Coat,102,1
Stun,Ioprey Coat,102,-1
Poison,Ioprey Leggings,102,5
Stun,Ioprey Leggings,102,-5
Fire Atk,Kut-Ku Cap,103,3
Attack,Kut-Ku Cap,103,3
Defense,Kut-Ku Cap,103,-3
Fire Atk,Kut-Ku Vest,103,2
Attack,Kut-Ku Vest,103,3
Defense,Kut-Ku Vest,103,-3
Fire Atk,Kut-Ku Guards,103,7
Attack,Kut-Ku Coat,103,2
Defense,Kut-Ku Coat,103,-2
Attack,Kut-Ku Leggings,103,1
Defense,Kut-Ku Leggings,103,-1
Evasion,Lagombi Cap,104,1
Bind Res,Lagombi Cap,104,4
Health,Lagombi Cap,104,-1
Evasion,Lagombi Vest,104,2
Bind Res,Lagombi Vest,104,3
Health,Lagombi Vest,104,-2
Evasion,Lagombi Guards,104,1
Bind Res,Lagombi Guards,104,3
Health,Lagombi Guards,104,-1
Evasion,Lagombi Coat,104,2
Health,Lagombi Coat,104,-2
Evasion,Lagombi Leggings,104,3
Health,Lagombi Leggings,104,-3
Poison,Gypceros Cap,105,3
Stamina,Gypceros Cap,105,2
Hunger,Gypceros Cap,105,-2
Poison,Gypceros Vest,105,3
Stamina,Gypceros Vest,105,1
Hunger,Gypceros Vest,105,-1
Poison,Gypceros Guards,105,4
Stamina,Gypceros Guards,105,1
Hunger,Gypceros Guards,105,-1
Poison,Gypceros Coat,105,3
Stamina,Gypceros Coat,105,3
Hunger,Gypceros Coat,105,-3
Stamina,Gypceros Leggings,105,3
Hunger,Gypceros Leggings,105,-3
Health,Tetsucabra Cap,106,3
Tremor Res,Tetsucabra Cap,106,3
Sleep,Tetsucabra Cap,106,-3
Health,Tetsucabra Vest,106,2
Tremor Res,Tetsucabra Vest,106,1
Sleep,Tetsucabra Vest,106,-1
Health,Tetsucabra Guards,106,5
Tremor Res,Tetsucabra Coat,106,3
Sleep,Tetsucabra Coat,106,-3
Tremor Res,Tetsucabra Leggings,106,3
Sleep,Tetsucabra Leggings,106,-3
Recoil,Hermitaur Cap,107,2
Defense,Hermitaur Cap,107,3
Reload Spd,Hermitaur Cap,107,-2
Recoil,Hermitaur Vest,107,3
Health,Hermitaur Vest,107,2
Reload Spd,Hermitaur Vest,107,-3
Recoil,Hermitaur Guards,107,1
Defense,Hermitaur Guards,107,2
Reload Spd,Hermitaur Guards,107,-1
Recoil,Hermitaur Coat,107,4
Reload Spd,Hermitaur Coat,107,-3
FastCharge,Volvidon Cap,108,4
Biology,Volvidon Cap,108,2
Stam Recov,Volvidon Cap,108,-2
FastCharge,Volvidon Vest,108,1
Biology,Volvidon Vest,108,3
Stam Recov,Volvidon Vest,108,-2
FastCharge,Volvidon Guards,108,1
Biology,Volvidon Guards,108,2
Stam Recov,Volvidon Guards,108,-2
Biology,Volvidon Coat,108,3
Stam Recov,Volvidon Coat,108,-2
FastCharge,Volvidon Leggings,108,2
Stam Recov,Volvidon Leggings,108,-2
Stam Recov,Ludroth Cap,109,2
Hunger,Ludroth Cap,109,3
Evasion,Ludroth Cap,109,-2
Stam Recov,Ludroth Vest,109,2
Evasion,Ludroth Vest,109,-3
Stam Recov,Ludroth Guards,109,1
Hunger,Ludroth Guards,109,4
Stam Recov,Ludroth Coat,109,4
Evasion,Ludroth Coat,109,-3
Stam Recov,Ludroth Leggings,109,1
Hunger,Ludroth Leggings,109,3
Tenderizer,Malfestio Cap,110,3
Sleep,Malfestio Cap,110,4
Tenderizer,Malfestio Vest,110,2
Sleep,Malfestio Vest,110,1
Tenderizer,Malfestio Guards,110,2
Sleep,Malfestio Guards,110,1
Tenderizer,Malfestio Coat,110,2
Sleep,Malfestio Coat,110,4
Tenderizer,Malfestio Leggings,110,1
Rec Speed,Khezu Cap,111,4
Rec Speed,Khezu Vest,111,1
Rec Level,Khezu Vest,111,3
Rec Speed,Khezu Guards,111,1
Rec Level,Khezu Coat,111,4
Rec Speed,Khezu Leggings,111,4
Rec Level,Khezu Leggings,111,1
Rec Level,Rathian Cap,112,2
Health,Rathian Cap,112,2
Rec Speed,Rathian Cap,112,-1
Rec Level,Rathian Vest,112,2
Health,Rathian Vest,112,2
Rec Speed,Rathian Vest,112,-2
Rec Level,Rathian Guards,112,1
Health,Rathian Guards,112,3
Rec Speed,Rathian Guards,112,-1
Rec Level,Rathian Coat,112,1
Health,Rathian Coat,112,2
Rec Speed,Rathian Coat,112,-2
Rec Level,Rathian Leggings,112,3
Health,Rathian Leggings,112,1
Rec Speed,Rathian Leggings,112,-3
Eating,Nibelsnarf Cap,113,4
Rec Level,Nibelsnarf Cap,113,-2
Eating,Nibelsnarf Vest,113,3
Gluttony,Nibelsnarf Vest,113,3
Rec Level,Nibelsnarf Vest,113,-1
Eating,Nibelsnarf Guards,113,1
Gluttony,Nibelsnarf Guards,113,2
Rec Level,Nibelsnarf Guards,113,-1
Gluttony,Nibelsnarf Coat,113,4
Rec Level,Nibelsnarf Coat,113,-1
Eating,Nibelsnarf Leggings,113,2
Gluttony,Nibelsnarf Leggings,113,2
Rec Level,Nibelsnarf Leggings,113,-1
Constitution,Blango Cap,114,3
Ice Atk,Blango Cap,114,3
Stamina,Blango Cap,114,-2
Constitution,Blango Vest,114,4
Stamina,Blango Vest,114,-2
Constitution,Blango Guards,114,1
Ice Atk,Blango Guards,114,2
Stamina,Blango Guards,114,-1
Constitution,Blango Coat,114,2
Ice Atk,Blango Coat,114,2
Stamina,Blango Coat,114,-2
Ice Atk,Blango Leggings,114,6
Ammo Saver,Ceanataur Cap,115,1
Expert,Ceanataur Cap,115,5
Thunder Res,Ceanataur Cap,115,-2
Ammo Saver,Ceanataur Vest,115,2
Expert,Ceanataur Vest,115,2
Thunder Res,Ceanataur Vest,115,-2
Ammo Saver,Ceanataur Guards,115,4
Thunder Res,Ceanataur Guards,115,-2
Ammo Saver,Ceanataur Coat,115,2
Expert,Ceanataur Coat,115,3
Thunder Res,Ceanataur Coat,115,-2
Ammo Saver,Ceanataur Leggings,115,1
Expert,Ceanataur Leggings,115,3
Thunder Res,Ceanataur Leggings,115,-2
Hearing,Najarala Cap,116,4
Capturer,Najarala Cap,116,2
Protection,Najarala Cap,116,-2
Hearing,Najarala Vest,116,3
Capturer,Najarala Vest,116,1
Protection,Najarala Vest,116,-2
Hearing,Najarala Guards,116,2
Capturer,Najarala Guards,116,2
Protection,Najarala Guards,116,-1
Hearing,Najarala Coat,116,1
Capturer,Najarala Coat,116,2
Protection,Najarala Coat,116,-1
Capturer,Najarala Leggings,116,3
Evade Dist,Nargacuga Cap,117,3
Expert,Nargacuga Cap,117,3
Dragon Res,Nargacuga Cap,117,-2
Evade Dist,Nargacuga Vest,117,2
Expert,Nargacuga Vest,117,3
Dragon Res,Nargacuga Vest,117,-2
Evade Dist,Nargacuga Guards,117,1
Expert,Nargacuga Guards,117,2
Dragon Res,Nargacuga Guards,117,-2
Evade Dist,Nargacuga Leggings,117,4
Capturer,Scholarly Cap,118,3
Biology,Scholarly Cap,118,3
Potential,Scholarly Cap,118,-2
Capturer,Scholarly Vest,118,2
Potential,Scholarly Vest,118,-2
Capturer,Scholarly Cuffs,118,1
Biology,Scholarly Cuffs,118,3
Potential,Scholarly Cuffs,118,-2
Capturer,Scholarly Coat,118,3
Biology,Scholarly Coat,118,3
Potential,Scholarly Coat,118,-2
Capturer,Scholarly Tights,118,1
Biology,Scholarly Tights,118,4
Potential,Scholarly Tights,118,-2
Water Atk,Vaik Helm,118,2
Bomb Boost,Vaik Helm,118,2
Water Atk,Vaik Mail,118,2
Bomb Boost,Vaik Mail,118,2
Water Atk,Vaik Braces,118,5
Bomb Boost,Vaik Faulds,118,4
Water Atk,Vaik Greaves,118,5
Expert,Aelucanth Vertex,120,5
Expert,Aelucanth Thorax,120,2
Stam Recov,Aelucanth Thorax,120,1
Expert,Aelucanth Brachia,120,1
Stam Recov,Aelucanth Brachia,120,3
Expert,Aelucanth Elytra,120,5
Stam Recov,Aelucanth Elytra,120,1
Stam Recov,Aelucanth Crura,120,5
Expert,Rhopessa Vertex,121,5
Expert,Rhopessa Thorax,121,2
Stam Recov,Rhopessa Thorax,121,1
Expert,Rhopessa Brachia,121,1
Stam Recov,Rhopessa Brachia,121,3
Expert,Rhopessa Elytra,121,5
Stam Recov,Rhopessa Elytra,121,1
Stam Recov,Rhopessa Crura,121,5
Def Lock,Artian Mail,122,5
Thunder Atk,Artian Mail,122,1
Def Lock,Artian Braces,122,3
Thunder Atk,Artian Braces,122,3
Thunder Atk,Artian Greaves,122,6
Hearing,Garuga Helm,123,2
Fencing,Garuga Helm,123,2
Water Res,Garuga Helm,123,-2
Hearing,Garuga Mail,123,2
Fencing,Garuga Mail,123,3
Water Res,Garuga Mail,123,-2
Hearing,Garuga Vambraces,123,2
Fencing,Garuga Vambraces,123,1
Water Res,Garuga Vambraces,123,-2
Hearing,Garuga Tassets,123,1
Fencing,Garuga Tassets,123,2
Water Res,Garuga Tassets,123,-2
Hearing,Garuga Greaves,123,3
Water Res,Garuga Greaves,123,-4
Bleeding,Uragaan Helm,124,5
Punish Draw,Uragaan Mail,124,4
Punish Draw,Uragaan Vambraces,124,1
Bleeding,Uragaan Vambraces,124,3
Punish Draw,Uragaan Faulds,124,2
Bleeding,Uragaan Faulds,124,2
Punish Draw,Uragaan Greaves,124,3
Tenderizer,Rathalos Helm,125,4
Attack,Rathalos Helm,125,2
Defense,Rathalos Helm,125,-2
Tenderizer,Rathalos Mail,125,3
Tenderizer,Rathalos Braces,125,1
Attack,Rathalos Braces,125,4
Defense,Rathalos Braces,125,-3
Tenderizer,Rathalos Faulds,125,2
Attack,Rathalos Faulds,125,2
Attack,Rathalos Greaves,125,4
Defense,Rathalos Greaves,125,-3
Stam Recov,Lagiacrus Helm,126,2
Status,Lagiacrus Helm,126,-2
Stam Recov,Lagiacrus Mail,126,2
Status,Lagiacrus Mail,126,-2
Stam Recov,Lagiacrus Braces,126,1
Guard,Lagiacrus Braces,126,3
Status,Lagiacrus Braces,126,-2
Stam Recov,Lagiacrus Faulds,126,3
Guard,Lagiacrus Faulds,126,2
Status,Lagiacrus Faulds,126,-2
Stam Recov,Lagiacrus Greaves,126,2
Guard,Lagiacrus Greaves,126,3
Status,Lagiacrus Greaves,126,-2
Gloves Off,Zinogre Helm,127,1
Crit Element,Zinogre Helm,127,2
Ice Res,Zinogre Helm,127,-2
Gloves Off,Zinogre Mail,127,1
Crit Element,Zinogre Mail,127,2
Ice Res,Zinogre Mail,127,-2
Gloves Off,Zinogre Braces,127,3
Crit Element,Zinogre Braces,127,2
Ice Res,Zinogre Braces,127,-2
Gloves Off,Zinogre Faulds,127,2
Crit Element,Zinogre Faulds,127,2
Ice Res,Zinogre Faulds,127,-2
Gloves Off,Zinogre Greaves,127,3
Crit Element,Zinogre Greaves,127,2
Ice Res,Zinogre Greaves,127,-2
Bubble,Mizutsune Helm,128,2
Hunger,Mizutsune Helm,128,2
Thunder Res,Mizutsune Helm,128,-2
Bubble,Mizutsune Mail,128,3
Hunger,Mizutsune Mail,128,1
Thunder Res,Mizutsune Mail,128,-2
Bubble,Mizutsune Braces,128,1
Hunger,Mizutsune Braces,128,2
Thunder Res,Mizutsune Braces,128,-2
Bubble,Mizutsune Faulds,128,2
Hunger,Mizutsune Faulds,128,2
Thunder Res,Mizutsune Faulds,128,-2
Bubble,Mizutsune Greaves,128,2
Hunger,Mizutsune Greaves,128,3
Thunder Res,Mizutsune Greaves,128,-2
Chain Crit,Astalos Helm,129,2
Stun,Astalos Helm,129,2
Ice Res,Astalos Helm,129,-2
Chain Crit,Astalos Mail,129,3
Stun,Astalos Mail,129,2
Ice Res,Astalos Mail,129,-2
Chain Crit,Astalos Braces,129,2
Stun,Astalos Braces,129,1
Ice Res,Astalos Braces,129,-2
Chain Crit,Astalos Faulds,129,2
Stun,Astalos Faulds,129,2
Ice Res,Astalos Faulds,129,-2
Chain Crit,Astalos Greaves,129,1
Stun,Astalos Greaves,129,3
Ice Res,Astalos Greaves,129,-2
ColdBlooded,Gammoth Helm,130,1
Botany,Gammoth Helm,130,2
Fire Res,Gammoth Helm,130,-2
ColdBlooded,Gammoth Mail,130,3
Botany,Gammoth Mail,130,2
Fire Res,Gammoth Mail,130,-2
ColdBlooded,Gammoth Braces,130,1
Fire Res,Gammoth Braces,130,-2
ColdBlooded,Gammoth Faulds,130,3
Botany,Gammoth Faulds,130,2
Fire Res,Gammoth Faulds,130,-2
ColdBlooded,Gammoth Greaves,130,2
Botany,Gammoth Greaves,130,4
Fire Res,Gammoth Greaves,130,-2
ColdBlooded,Gammoth Helm,131,1
Botany,Gammoth Helm,131,2
Fire Res,Gammoth Helm,131,-2
ColdBlooded,Gammoth Mail,131,3
Botany,Gammoth Mail,131,2
Fire Res,Gammoth Mail,131,-2
ColdBlooded,Gammoth Braces,131,1
Fire Res,Gammoth Braces,131,-2
ColdBlooded,Gammoth Faulds,131,3
Botany,Gammoth Faulds,131,2
Fire Res,Gammoth Faulds,131,-2
ColdBlooded,Gammoth Greaves,131,2
Botany,Gammoth Greaves,131,4
Fire Res,Gammoth Greaves,131,-2
Grinder,Glavenus Helm,132,3
Fencing,Glavenus Helm,132,1
Water Res,Glavenus Helm,132,-2
Grinder,Glavenus Mail,132,3
Fencing,Glavenus Mail,132,1
Water Res,Glavenus Mail,132,-2
Grinder,Glavenus Braces,132,2
Fencing,Glavenus Braces,132,3
Water Res,Glavenus Braces,132,-2
Grinder,Glavenus Faulds,132,1
Fencing,Glavenus Faulds,132,3
Water Res,Glavenus Faulds,132,-2
Grinder,Glavenus Greaves,132,1
Fencing,Glavenus Greaves,132,1
Water Res,Glavenus Greaves,132,-2
Frenzy Res,Gore Helm,133,5
Guard,Gore Helm,133,-2
Frenzy Res,Gore Mail,133,2
Evasion,Gore Mail,133,2
Guard,Gore Mail,133,-2
Evasion,Gore Braces,133,3
Guard,Gore Braces,133,-2
Frenzy Res,Gore Faulds,133,3
Evasion,Gore Faulds,133,1
Guard,Gore Faulds,133,-2
Evasion,Gore Greaves,133,3
Guard,Gore Greaves,133,-2
Crit Draw,Regios Helm,134,3
Stamina,Regios Helm,134,-2
Crit Draw,Regios Mail,134,1
Constitution,Regios Mail,134,3
Stamina,Regios Mail,134,-2
Crit Draw,Regios Vambraces,134,3
Constitution,Regios Vambraces,134,3
Stamina,Regios Vambraces,134,-2
Crit Draw,Regios Tassets,134,2
Constitution,Regios Tassets,134,1
Stamina,Regios Tassets,134,-2
Crit Draw,Regios Greaves,134,1
Constitution,Regios Greaves,134,3
Stamina,Regios Greaves,134,-2
Eating,Tigrex Helm,135,3
Hearing,Tigrex Helm,135,1
Rec Level,Tigrex Helm,135,-2
Eating,Tigrex Mail,135,3
Hearing,Tigrex Mail,135,2
Rec Level,Tigrex Mail,135,-2
Eating,Tigrex Braces,135,3
Hearing,Tigrex Braces,135,2
Rec Level,Tigrex Braces,135,-2
Eating,Tigrex Tassets,135,3
Hearing,Tigrex Tassets,135,2
Rec Level,Tigrex Tassets,135,-2
Eating,Tigrex Greaves,135,2
Hearing,Tigrex Greaves,135,2
Rec Level,Tigrex Greaves,135,-1
Elemental,Kirin Horn,136,2
Protection,Kirin Horn,136,2
Lasting Pwr,Kirin Horn,136,-2
Elemental,Kirin Jacket,136,3
Protection,Kirin Jacket,136,1
Lasting Pwr,Kirin Jacket,136,-2
Elemental,Kirin Longarms,136,1
Protection,Kirin Longarms,136,2
Lasting Pwr,Kirin Longarms,136,-2
Elemental,Kirin Hoop,136,1
Protection,Kirin Hoop,136,3
Lasting Pwr,Kirin Hoop,136,-2
Elemental,Kirin Leg Guards,136,3
Protection,Kirin Leg Guards,136,1
Lasting Pwr,Kirin Leg Guards,136,-2
Spirit,Brachydios Helm,137,3
Biology,Brachydios Helm,137,3
Mounting,Brachydios Helm,137,-2
Spirit,Brachydios Mail,137,1
Biology,Brachydios Mail,137,2
Mounting,Brachydios Mail,137,-2
Spirit,Brachydios Braces,137,2
Biology,Brachydios Braces,137,4
Mounting,Brachydios Braces,137,-2
Spirit,Brachydios Faulds,137,3
Biology,Brachydios Faulds,137,1
Mounting,Brachydios Faulds,137,-2
Spirit,Brachydios Greaves,137,1
Biology,Brachydios Greaves,137,1
Mounting,Brachydios Greaves,137,-2
Unscathed,Arc Helm,138,3
Unscathed,Arc Mail,138,1
Handicraft,Arc Mail,138,2
Unscathed,Arc Vambraces,138,2
Handicraft,Arc Vambraces,138,2
Unscathed,Arc Faulds,138,2
Handicraft,Arc Faulds,138,1
Unscathed,Arc Greaves,138,2
Handicraft,Arc Greaves,138,3
Unscathed,Storge Helm,139,3
Unscathed,Storge Mail,139,1
Handicraft,Storge Mail,139,2
Unscathed,Storge Braces,139,2
Handicraft,Storge Braces,139,2
Unscathed,Storge Faulds,139,2
Handicraft,Storge Faulds,139,1
Unscathed,Storge Greaves,139,2
Handicraft,Storge Greaves,139,3
Heat Res,Kushala Glare,140,2
Destroyer,Kushala Glare,140,2
Heat Res,Kushala Cista,140,3
Destroyer,Kushala Cista,140,1
Heat Res,Kushala Grip,140,2
Destroyer,Kushala Grip,140,3
Heat Res,Kushala Cocoon,140,1
Destroyer,Kushala Cocoon,140,3
Heat Res,Kushala Crus,140,2
Destroyer,Kushala Crus,140,2
Hearing,Mizuha Cap,141,3
Wind Res,Mizuha Cap,141,2
Hearing,Mizuha Guards,141,2
Wind Res,Mizuha Guards,141,2
Hearing,Mizuha Sleeves,141,1
Wind Res,Mizuha Sleeves,141,2
Hearing,Mizuha Sash,141,2
Wind Res,Mizuha Sash,141,3
Hearing,Mizuha Gaiters,141,2
Wind Res,Mizuha Gaiters,141,1
HotBlooded,Kaiser Crown,142,2
Anti-Theft,Kaiser Crown,142,5
HotBlooded,Kaiser Mail,142,2
Poison,Kaiser Mail,142,2
HotBlooded,Kaiser Vambraces,142,2
Anti-Theft,Kaiser Vambraces,142,5
HotBlooded,Kaiser Tassets,142,2
Poison,Kaiser Tassets,142,2
HotBlooded,Kaiser Greaves,142,2
Poison,Kaiser Greaves,142,2
Furor,Skeletal Skull,143,2
Survivor,Skeletal Skull,143,2
Furor,Skeletal Sternum,143,2
Survivor,Skeletal Sternum,143,2
Furor,Skeletal Humerus,143,2
Survivor,Skeletal Humerus,143,2
Furor,Skeletal Hipbone,143,2
Survivor,Skeletal Hipbone,143,2
Furor,Skeletal Femur,143,2
Survivor,Skeletal Femur,143,2
Blight Res,Black Head,144,2
FastCharge,Black Head,144,3
Blight Res,Black Hide,144,2
FastCharge,Black Hide,144,1
Blight Res,Black Claw,144,2
FastCharge,Black Claw,144,2
Blight Res,Black Spine,144,3
FastCharge,Black Spine,144,2
Blight Res,Black Feet,144,1
FastCharge,Black Feet,144,2
Critical Up,Black Belt Mail,145,3
Fate,Black Belt Mail,145,-3
Critical Up,Black Belt Tassets,145,2
Fate,Black Belt Tassets,145,-1
Fate,Guild Bard Lobos,146,2
TeamLeader,Guild Bard Lobos,146,2
Whim,Guild Bard Lobos,146,-2
Fate,Guild Bard Bolero,146,2
TeamLeader,Guild Bard Bolero,146,2
Whim,Guild Bard Bolero,146,-2
Fate,Guild Bard Braces,146,2
TeamLeader,Guild Bard Braces,146,2
Whim,Guild Bard Braces,146,-2
Fate,Guild Bard Coil,146,2
TeamLeader,Guild Bard Coil,146,2
Whim,Guild Bard Coil,146,-2
Fate,Guild Bard Boots,146,2
TeamLeader,Guild Bard Boots,146,2
Whim,Guild Bard Boots,146,-2
Fate,Maiden's Hat,147,2
Team Player,Maiden's Hat,147,2
Whim,Maiden's Hat,147,-2
Fate,Maiden's Suit,147,2
Team Player,Maiden's Suit,147,2
Whim,Maiden's Suit,147,-2
Fate,Maiden's Gloves,147,2
Team Player,Maiden's Gloves,147,2
Whim,Maiden's Gloves,147,-2
Fate,Maiden's Skirt,147,2
Team Player,Maiden's Skirt,147,2
Whim,Maiden's Skirt,147,-2
Fate,Maiden's Socks,147,2
Team Player,Maiden's Socks,147,2
Whim,Maiden's Socks,147,-2
Wide-Range,Helper Hood,148,3
Rec Level,Helper Hood,148,1
Rec Speed,Helper Hood,148,-1
Wide-Range,Helper Suit,148,3
Rec Level,Helper Suit,148,1
Rec Speed,Helper Suit,148,-1
Wide-Range,Helper Sleeves,148,3
Rec Level,Helper Sleeves,148,1
Rec Speed,Helper Sleeves,148,-1
Wide-Range,Helper Skirt,148,3
Rec Level,Helper Skirt,148,1
Rec Speed,Helper Skirt,148,-1
Wide-Range,Helper Socks,148,3
Rec Level,Helper Socks,148,1
Rec Speed,Helper Socks,148,-1
Psychic,Dianthus Cap,149,2
Perception,Dianthus Cap,149,2
Psychic,Dianthus Jacket,149,2
Perception,Dianthus Jacket,149,2
Psychic,Dianthus Sleeves,149,2
Perception,Dianthus Sleeves,149,2
Psychic,Dianthus Skirt,149,2
Perception,Dianthus Skirt,149,2
Psychic,Dianthus Pants,149,2
Perception,Dianthus Pants,149,2
Rec Level,Gourmew Toque,150,1
Rec Level,Gourmew Suit,150,2
Sharpener,Gourmew Suit,150,2
Sharpener,Gourmew Gloves,150,5
Rec Level,Gourmew Sarong,150,3
Sharpener,Gourmew Sarong,150,3
Rec Level,Gourmew Boots,150,2
Rec Level,Gourmew Toque,151,1
Rec Level,Gourmew Suit,151,2
Sharpener,Gourmew Suit,151,2
Sharpener,Gourmew Gloves,151,5
Rec Level,Gourmew Sarong,151,3
Sharpener,Gourmew Sarong,151,3
Rec Level,Gourmew Boots,151,2
Water Atk,Vaik Cap,151,2
Bomb Boost,Vaik Cap,151,3
Water Atk,Vaik Vest,151,2
Bomb Boost,Vaik Vest,151,1
Water Atk,Vaik Guards,151,5
Bomb Boost,Vaik Coat,151,4
Water Atk,Vaik Leggings,151,5
Expert,Aelucanth Clypeus,153,6
Expert,Aelucanth Pleuron,153,2
Stam Recov,Aelucanth Pleuron,153,1
Expert,Aelucanth Manus,153,1
Stam Recov,Aelucanth Manus,153,3
Expert,Aelucanth Alae,153,4
Stam Recov,Aelucanth Alae,153,1
Stam Recov,Aelucanth Tarsi,153,5
Expert,Rhopessa Clypeus,154,6
Expert,Rhopessa Pleuron,154,2
Stam Recov,Rhopessa Pleuron,154,1
Expert,Rhopessa Manus,154,1
Stam Recov,Rhopessa Manus,154,3
Expert,Rhopessa Alae,154,4
Stam Recov,Rhopessa Alae,154,1
Stam Recov,Rhopessa Tarsi,154,5
Def Lock,Artian Vest,155,5
Thunder Atk,Artian Vest,155,1
Def Lock,Artian Guards,155,3
Thunder Atk,Artian Guards,155,3
Thunder Atk,Artian Leggings,155,6
Hearing,Garuga Cap,156,2
Haphazard,Garuga Cap,156,2
Water Res,Garuga Cap,156,-2
Hearing,Garuga Vest,156,2
Haphazard,Garuga Vest,156,3
Water Res,Garuga Vest,156,-2
Hearing,Garuga Guards,156,2
Haphazard,Garuga Guards,156,1
Water Res,Garuga Guards,156,-2
Hearing,Garuga Coat,156,1
Haphazard,Garuga Coat,156,2
Water Res,Garuga Coat,156,-2
Hearing,Garuga Leggings,156,3
Water Res,Garuga Leggings,156,-4
Bleeding,Uragaan Cap,157,6
Pellet Up,Uragaan Vest,157,4
Pellet Up,Uragaan Guards,157,1
Bleeding,Uragaan Guards,157,2
Pellet Up,Uragaan Coat,157,2
Bleeding,Uragaan Coat,157,2
Pellet Up,Uragaan Leggings,157,3
Tenderizer,Rathalos Cap,158,4
Attack,Rathalos Cap,158,3
Defense,Rathalos Cap,158,-2
Tenderizer,Rathalos Vest,158,3
Tenderizer,Rathalos Guards,158,1
Attack,Rathalos Guards,158,4
Defense,Rathalos Guards,158,-3
Tenderizer,Rathalos Coat,158,2
Attack,Rathalos Coat,158,1
Attack,Rathalos Leggings,158,4
Defense,Rathalos Leggings,158,-3
Stam Recov,Lagiacrus Cap,159,3
Status,Lagiacrus Cap,159,-2
Stam Recov,Lagiacrus Vest,159,2
Status,Lagiacrus Vest,159,-2
Stam Recov,Lagiacrus Guards,159,1
Pierce Up,Lagiacrus Guards,159,3
Status,Lagiacrus Guards,159,-2
Stam Recov,Lagiacrus Coat,159,2
Pierce Up,Lagiacrus Coat,159,2
Status,Lagiacrus Coat,159,-2
Stam Recov,Lagiacrus Leggings,159,2
Pierce Up,Lagiacrus Leggings,159,3
Status,Lagiacrus Leggings,159,-2
Gloves Off,Zinogre Cap,160,2
Crit Element,Zinogre Cap,160,2
Ice Res,Zinogre Cap,160,-2
Gloves Off,Zinogre Vest,160,1
Crit Element,Zinogre Vest,160,2
Ice Res,Zinogre Vest,160,-2
Gloves Off,Zinogre Guards,160,3
Crit Element,Zinogre Guards,160,2
Ice Res,Zinogre Guards,160,-2
Gloves Off,Zinogre Coat,160,2
Crit Element,Zinogre Coat,160,2
Ice Res,Zinogre Coat,160,-2
Gloves Off,Zinogre Leggings,160,2
Crit Element,Zinogre Leggings,160,2
Ice Res,Zinogre Leggings,160,-2
Bubble,Mizutsune Mask,161,2
Hunger,Mizutsune Mask,161,3
Thunder Res,Mizutsune Mask,161,-2
Bubble,Mizutsune Vest,161,3
Hunger,Mizutsune Vest,161,1
Thunder Res,Mizutsune Vest,161,-2
Bubble,Mizutsune Guards,161,1
Hunger,Mizutsune Guards,161,1
Thunder Res,Mizutsune Guards,161,-2
Bubble,Mizutsune Coat,161,2
Hunger,Mizutsune Coat,161,2
Thunder Res,Mizutsune Coat,161,-2
Bubble,Mizutsune Leggings,161,2
Hunger,Mizutsune Leggings,161,3
Thunder Res,Mizutsune Leggings,161,-2
Chain Crit,Astalos Cap,162,3
Stun,Astalos Cap,162,2
Ice Res,Astalos Cap,162,-2
Chain Crit,Astalos Vest,162,3
Stun,Astalos Vest,162,2
Ice Res,Astalos Vest,162,-2
Chain Crit,Astalos Guards,162,1
Stun,Astalos Guards,162,1
Ice Res,Astalos Guards,162,-2
Chain Crit,Astalos Coat,162,2
Stun,Astalos Coat,162,2
Ice Res,Astalos Coat,162,-2
Chain Crit,Astalos Leggings,162,1
Stun,Astalos Leggings,162,3
Ice Res,Astalos Leggings,162,-2
ColdBlooded,Gammoth Cap,163,2
Botany,Gammoth Cap,163,2
Fire Res,Gammoth Cap,163,-2
ColdBlooded,Gammoth Vest,163,3
Botany,Gammoth Vest,163,2
Fire Res,Gammoth Vest,163,-2
ColdBlooded,Gammoth Guards,163,1
Fire Res,Gammoth Guards,163,-2
ColdBlooded,Gammoth Coat,163,2
Botany,Gammoth Coat,163,2
Fire Res,Gammoth Coat,163,-2
ColdBlooded,Gammoth Leggings,163,2
Botany,Gammoth Leggings,163,4
Fire Res,Gammoth Leggings,163,-2
ColdBlooded,Gammoth Cap,164,2
Botany,Gammoth Cap,164,2
Fire Res,Gammoth Cap,164,-2
ColdBlooded,Gammoth Vest,164,3
Botany,Gammoth Vest,164,2
Fire Res,Gammoth Vest,164,-2
ColdBlooded,Gammoth Guards,164,1
Fire Res,Gammoth Guards,164,-2
ColdBlooded,Gammoth Coat,164,2
Botany,Gammoth Coat,164,2
Fire Res,Gammoth Coat,164,-2
ColdBlooded,Gammoth Leggings,164,2
Botany,Gammoth Leggings,164,4
Fire Res,Gammoth Leggings,164,-2
Grinder,Glavenus Cap,165,3
Recoil,Glavenus Cap,165,1
Water Res,Glavenus Cap,165,-2
Grinder,Glavenus Vest,165,3
Recoil,Glavenus Vest,165,1
Water Res,Glavenus Vest,165,-2
Grinder,Glavenus Guards,165,2
Recoil,Glavenus Guards,165,3
Water Res,Glavenus Guards,165,-2
Grinder,Glavenus Coat,165,1
Recoil,Glavenus Coat,165,3
Water Res,Glavenus Coat,165,-2
Grinder,Glavenus Leggings,165,1
Recoil,Glavenus Leggings,165,1
Water Res,Glavenus Leggings,165,-2
Frenzy Res,Gore Cap,166,6
Guard,Gore Cap,166,-2
Frenzy Res,Gore Vest,166,1
Evasion,Gore Vest,166,2
Guard,Gore Vest,166,-2
Evasion,Gore Guards,166,3
Guard,Gore Guards,166,-2
Frenzy Res,Gore Coat,166,3
Evasion,Gore Coat,166,1
Guard,Gore Coat,166,-2
Evasion,Gore Leggings,166,3
Guard,Gore Leggings,166,-2
Dead Eye,Regios Cap,167,3
Stamina,Regios Cap,167,-2
Dead Eye,Regios Vest,167,1
Constitution,Regios Vest,167,3
Stamina,Regios Vest,167,-2
Dead Eye,Regios Guards,167,3
Constitution,Regios Guards,167,3
Stamina,Regios Guards,167,-2
Dead Eye,Regios Coat,167,2
Constitution,Regios Coat,167,1
Stamina,Regios Coat,167,-2
Dead Eye,Regios Leggings,167,1
Constitution,Regios Leggings,167,3
Stamina,Regios Leggings,167,-2
Eating,Tigrex Cap,168,4
Hearing,Tigrex Cap,168,1
Rec Level,Tigrex Cap,168,-2
Eating,Tigrex Vest,168,3
Hearing,Tigrex Vest,168,2
Rec Level,Tigrex Vest,168,-2
Eating,Tigrex Guards,168,2
Hearing,Tigrex Guards,168,2
Rec Level,Tigrex Guards,168,-2
Eating,Tigrex Coat,168,3
Hearing,Tigrex Coat,168,2
Rec Level,Tigrex Coat,168,-2
Eating,Tigrex Leggings,168,2
Hearing,Tigrex Leggings,168,2
Rec Level,Tigrex Leggings,168,-1
Elemental,Kirin Crest,169,2
Protection,Kirin Crest,169,3
Lasting Pwr,Kirin Crest,169,-2
Elemental,Kirin Cape,169,3
Protection,Kirin Cape,169,1
Lasting Pwr,Kirin Cape,169,-2
Elemental,Kirin Gloves,169,1
Protection,Kirin Gloves,169,2
Lasting Pwr,Kirin Gloves,169,-2
Elemental,Kirin Shorts,169,1
Protection,Kirin Shorts,169,2
Lasting Pwr,Kirin Shorts,169,-2
Elemental,Kirin Boots,169,3
Protection,Kirin Boots,169,1
Lasting Pwr,Kirin Boots,169,-2
Spirit,Brachydios Cap,170,3
Biology,Brachydios Cap,170,4
Mounting,Brachydios Cap,170,-2
Spirit,Brachydios Vest,170,1
Biology,Brachydios Vest,170,2
Mounting,Brachydios Vest,170,-2
Spirit,Brachydios Guards,170,2
Biology,Brachydios Guards,170,3
Mounting,Brachydios Guards,170,-2
Spirit,Brachydios Coat,170,3
Biology,Brachydios Coat,170,1
Mounting,Brachydios Coat,170,-2
Spirit,Brachydios Leggings,170,1
Biology,Brachydios Leggings,170,1
Mounting,Brachydios Leggings,170,-2
Unscathed,Arc Cap,171,3
Normal Up,Arc Cap,171,1
Unscathed,Arc Vest,171,1
Normal Up,Arc Vest,171,2
Unscathed,Arc Guards,171,2
Normal Up,Arc Guards,171,2
Unscathed,Arc Coat,171,2
Unscathed,Arc Leggings,171,2
Normal Up,Arc Leggings,171,2
Unscathed,Storge Cap,172,3
Normal Up,Storge Cap,172,1
Unscathed,Storge Vest,172,1
Normal Up,Storge Vest,172,2
Unscathed,Storge Guards,172,2
Normal Up,Storge Guards,172,2
Unscathed,Storge Coat,172,2
Unscathed,Storge Leggings,172,2
Normal Up,Storge Leggings,172,2
Heat Res,Kushala Snarl,173,3
Destroyer,Kushala Snarl,173,2
Heat Res,Kushala Vise,173,2
Destroyer,Kushala Vise,173,1
Heat Res,Kushala Embrace,173,2
Destroyer,Kushala Embrace,173,3
Heat Res,Kushala Wind Wrap,173,1
Destroyer,Kushala Wind Wrap,173,3
Heat Res,Kushala Shank,173,2
Destroyer,Kushala Shank,173,2
Hearing,Cham Hat,174,3
Wind Res,Cham Hat,174,3
Hearing,Cham Camise,174,2
Wind Res,Cham Camise,174,2
Hearing,Cham Sleeves,174,1
Wind Res,Cham Sleeves,174,2
Hearing,Cham Coat,174,2
Wind Res,Cham Coat,174,2
Hearing,Cham Trousers,174,2
Wind Res,Cham Trousers,174,1
HotBlooded,Kaiser Mask,175,2
Anti-Theft,Kaiser Mask,175,6
HotBlooded,Kaiser Vest,175,2
Poison,Kaiser Vest,175,2
HotBlooded,Kaiser Guards,175,2
Anti-Theft,Kaiser Guards,175,4
HotBlooded,Kaiser Coat,175,2
Poison,Kaiser Coat,175,2
HotBlooded,Kaiser Leggings,175,2
Poison,Kaiser Leggings,175,2
Furor,Decayed Skull,176,3
Survivor,Decayed Skull,176,2
Furor,Decayed Sternum,176,1
Survivor,Decayed Sternum,176,2
Furor,Decayed Humerus,176,2
Survivor,Decayed Humerus,176,2
Furor,Decayed Hipbone,176,2
Survivor,Decayed Hipbone,176,2
Furor,Decayed Femur,176,2
Survivor,Decayed Femur,176,2
Blight Res,Black Face,177,2
FastCharge,Black Face,177,4
Blight Res,Black Skin,177,2
FastCharge,Black Skin,177,1
Blight Res,Black Fist,177,2
FastCharge,Black Fist,177,2
Blight Res,Black Scale,177,3
FastCharge,Black Scale,177,2
Blight Res,Black Legs,177,1
FastCharge,Black Legs,177,1
Critical Up,Black Belt Vest,178,3
Fate,Black Belt Vest,178,-3
Critical Up,Black Belt Coat,178,2
Fate,Black Belt Coat,178,-1
Fate,Guild Bard Hat,179,3
TeamLeader,Guild Bard Hat,179,2
Whim,Guild Bard Hat,179,-2
Fate,Guild Bard Vest,179,2
TeamLeader,Guild Bard Vest,179,2
Whim,Guild Bard Vest,179,-2
Fate,Guild Bard Sleeves,179,2
TeamLeader,Guild Bard Sleeves,179,2
Whim,Guild Bard Sleeves,179,-2
Fate,Guild Bard Coat,179,2
TeamLeader,Guild Bard Coat,179,2
Whim,Guild Bard Coat,179,-2
Fate,Guild Bard Gaiters,179,1
TeamLeader,Guild Bard Gaiters,179,2
Whim,Guild Bard Gaiters,179,-2
Fate,French Maid Glasses,180,3
Team Player,French Maid Glasses,180,2
Whim,French Maid Glasses,180,-2
Fate,French Maid Vest,180,2
Team Player,French Maid Vest,180,2
Whim,French Maid Vest,180,-2
Fate,French Maid Sleeves,180,2
Team Player,French Maid Sleeves,180,2
Whim,French Maid Sleeves,180,-2
Fate,French Maid Frills,180,2
Team Player,French Maid Frills,180,2
Whim,French Maid Frills,180,-2
Fate,French Maid Tights,180,1
Team Player,French Maid Tights,180,2
Whim,French Maid Tights,180,-2
Wide-Range,Healer Glasses,181,2
Rec Level,Healer Glasses,181,2
Sense,Healer Glasses,181,-1
Wide-Range,Healer Vest,181,2
Rec Level,Healer Vest,181,2
Sense,Healer Vest,181,-1
Wide-Range,Healer Sleeves,181,2
Rec Level,Healer Sleeves,181,2
Sense,Healer Sleeves,181,-1
Wide-Range,Healer Frills,181,2
Rec Level,Healer Frills,181,2
Sense,Healer Frills,181,-1
Wide-Range,Healer Socks,181,2
Rec Level,Healer Socks,181,2
Sense,Healer Socks,181,-1
Psychic,Campanile Cap,182,2
Perception,Campanile Cap,182,3
Psychic,Campanile Jacket,182,2
Perception,Campanile Jacket,182,1
Psychic,Campanile Sleeves,182,2
Perception,Campanile Sleeves,182,2
Psychic,Campanile Skirt,182,2
Perception,Campanile Skirt,182,2
Psychic,Campanile Pants,182,2
Perception,Campanile Pants,182,2
Rec Level,Gourmew Cap,183,2
Rec Level,Gourmew Vest,183,2
Ammo Saver,Gourmew Vest,183,2
Ammo Saver,Gourmew Mitts,183,5
Rec Level,Gourmew Apron,183,2
Ammo Saver,Gourmew Apron,183,3
Rec Level,Gourmew Paws,183,2
Rec Level,Gourmew Cap,184,2
Rec Level,Gourmew Vest,184,2
Ammo Saver,Gourmew Vest,184,2
Ammo Saver,Gourmew Mitts,184,5
Rec Level,Gourmew Apron,184,2
Ammo Saver,Gourmew Apron,184,3
Rec Level,Gourmew Paws,184,2
Whim,Leather Helm S,184,2
Gathering,Leather Helm S,184,3
Whim,Leather Mail S,184,5
Whim,Leather Braces S,184,3
Gathering,Leather Braces S,184,2
Whim,Leather Faulds S,184,1
Gathering,Leather Faulds S,184,2
Whim,Leather Greaves S,184,1
Gathering,Leather Greaves S,184,3
Health,Chainmail Helm S,185,1
Health,Chainmail Armor S,185,3
Health,Chainmail Braces S,185,3
Light Eater,Chainmail Braces S,185,2
Light Eater,Chainmail Faulds S,185,3
Health,Chainmail Greaves S,185,5
Protection,Bherna Turban S,186,3
Wide-Range,Bherna Turban S,186,2
Protection,Bherna Mail S,186,2
Wide-Range,Bherna Mail S,186,1
Protection,Bherna Braces S,186,2
Wide-Range,Bherna Braces S,186,2
Maestro,Bherna Belt S,186,6
Wide-Range,Bherna Belt S,186,1
Protection,Bherna Greaves S,186,3
Wide-Range,Bherna Greaves S,186,1
Psychic,Hunting Helm S,187,3
Bomb Boost,Hunting Helm S,187,2
Psychic,Hunting Mail S,187,2
Bomb Boost,Hunting Mail S,187,2
Psychic,Hunting Braces S,187,5
Speed Setup,Hunting Faulds S,187,3
Bomb Boost,Hunting Faulds S,187,2
Speed Setup,Hunting Greaves S,187,3
Bomb Boost,Hunting Greaves S,187,1
Cold Res,Mafumofu Hood S,188,1
FastCharge,Mafumofu Hood S,188,2
Cold Res,Mafumofu Suit S,188,6
FastCharge,Mafumofu Suit S,188,1
Cold Res,Mafumofu Grips S,188,2
FastCharge,Mafumofu Grips S,188,2
Cold Res,Mafumofu Coil S,188,2
FastCharge,Mafumofu Coil S,188,3
Cold Res,Mafumofu Boots S,188,4
FastCharge,Mafumofu Boots S,188,2
Expert,Yukumo Sky Kasa,189,3
Evasion,Yukumo Sky Kasa,189,1
Expert,Yukumo Sky Dogi,189,5
Evasion,Yukumo Sky Dogi,189,1
Expert,Yukumo Sky Kote,189,3
Evasion,Yukumo Sky Kote,189,2
Expert,Yukumo Sky Obi,189,1
Evasion,Yukumo Sky Obi,189,2
Expert,Yukumo Sky Hakama,189,3
Evasion,Yukumo Sky Hakama,189,2
Speed Setup,Hunter's Helm S,190,2
Ranger,Hunter's Helm S,190,3
Capturer,Hunter's Helm S,190,2
Speed Setup,Hunter's Mail S,190,2
Capturer,Hunter's Mail S,190,2
Speed Setup,Hunter's Vambraces S,190,3
Capturer,Hunter's Vambraces S,190,2
Ranger,Hunter's Faulds S,190,6
Capturer,Hunter's Faulds S,190,2
Ranger,Hunter's Greaves S,190,1
Capturer,Hunter's Greaves S,190,2
Spirit,Hunter's Helm R,191,4
Guard,Hunter's Helm R,191,-4
Spirit,Hunter's Mail R,191,2
Perception,Hunter's Mail R,191,2
Guard,Hunter's Mail R,191,-2
Spirit,Hunter's Braces R,191,3
Perception,Hunter's Braces R,191,2
Guard,Hunter's Braces R,191,-2
Perception,Hunter's Faulds R,191,3
Spirit,Hunter's Greaves R,191,1
Perception,Hunter's Greaves R,191,3
Guard,Hunter's Greaves R,191,-1
KO,Bone Helm S,192,4
Blunt,Bone Helm S,192,2
Attack,Bone Helm S,192,-1
KO,Bone Mail S,192,2
Maestro,Bone Mail S,192,4
KO,Bone Vambraces S,192,2
Blunt,Bone Vambraces S,192,3
Attack,Bone Vambraces S,192,-1
KO,Bone Faulds S,192,2
Blunt,Bone Faulds S,192,2
Attack,Bone Faulds S,192,-1
Maestro,Bone Greaves S,192,6
Blunt,Bone Greaves S,192,3
Attack,Bone Greaves S,192,-2
Fire Atk,Silver Metal Boots,193,8
Elemental,Silver Metal Boots,193,-2
Status,Chaos Archbun,194,4
Crit Status,Chaos Archbun,194,-3
Status,Chaos Archplate,194,2
Crit Status,Chaos Archplate,194,-2
Gathering,Melahoa Hat S,195,2
Gathering,Melahoa Jacket S,195,3
Botany,Melahoa Jacket S,195,2
Gathering,Melahoa Branch S,195,4
Botany,Melahoa Branch S,195,3
Gathering,Melahoa Folia S,195,2
Gathering,Melahoa Roots S,195,4
Botany,Melahoa Roots S,195,2
Gathering,Melahoa Hat U,196,1
Whim,Melahoa Hat U,196,6
Gathering,Melahoa Jacket U,196,1
Cold Res,Melahoa Jacket U,196,5
Gathering,Melahoa Branch U,196,5
Whim,Melahoa Branch U,196,1
Whim,Melahoa Folia U,196,1
Cold Res,Melahoa Folia U,196,1
Gathering,Melahoa Roots U,196,4
Cold Res,Melahoa Roots U,196,2
Combo Rate,Makluva Hood S,197,3
Lasting Pwr,Makluva Hood S,197,2
Combo Rate,Makluva Cover S,197,2
Lasting Pwr,Makluva Cover S,197,3
Lasting Pwr,Makluva Sleeves S,197,5
Combo Rate,Makluva Coil S,197,4
Combo Plus,Makluva Coil S,197,2
Combo Rate,Makluva Pants S,197,1
Combo Plus,Makluva Pants S,197,3
Combo Rate,Makluva Hood U,198,4
Combo Plus,Makluva Hood U,198,2
Lasting Pwr,Makluva Cover U,198,1
Combo Plus,Makluva Cover U,198,3
Lasting Pwr,Makluva Sleeves U,198,2
Combo Plus,Makluva Sleeves U,198,5
Combo Rate,Makluva Coil U,198,4
Lasting Pwr,Makluva Coil U,198,2
Combo Rate,Makluva Pants U,198,5
Eating,Bistro Toque S,199,2
Carnivore,Bistro Toque S,199,2
Rec Level,Bistro Toque S,199,-1
Eating,Bistro Suit S,199,2
Carnivore,Bistro Suit S,199,2
Rec Level,Bistro Suit S,199,-1
Eating,Bistro Sarong S,199,2
Carnivore,Bistro Sarong S,199,2
Rec Level,Bistro Sarong S,199,-1
Artillery,Acorn Helm S,200,2
Team Player,Acorn Helm S,200,4
Artillery,Acorn Mail S,200,4
Team Player,Acorn Mail S,200,4
Fire Atk,Mosgharl Vizor S,201,6
FastCharge,Mosgharl Ribplate S,201,3
Fire Atk,Mosgharl Ribplate S,201,3
Constitution,Mosgharl Ribplate S,201,-2
FastCharge,Mosgharl Creeper S,201,2
Constitution,Mosgharl Creeper S,201,-1
Fire Atk,Mosgharl Folia S,201,5
FastCharge,Mosgharl Roots S,201,5
Constitution,Mosgharl Roots S,201,-2
Fire Atk,Mosgharl Vizor S,202,6
FastCharge,Mosgharl Ribplate S,202,3
Fire Atk,Mosgharl Ribplate S,202,3
Constitution,Mosgharl Ribplate S,202,-2
FastCharge,Mosgharl Creeper S,202,2
Constitution,Mosgharl Creeper S,202,-1
Fire Atk,Mosgharl Folia S,202,5
FastCharge,Mosgharl Roots S,202,5
Constitution,Mosgharl Roots S,202,-2
Botany,Edel Vizor S,203,3
Wide-Range,Edel Vizor S,203,2
Wide-Range,Edel Ribplate S,203,4
Sense,Edel Ribplate S,203,-1
Botany,Edel Creeper S,203,4
Wide-Range,Edel Creeper S,203,2
Wide-Range,Edel Folia S,203,4
Sense,Edel Folia S,203,-1
Wide-Range,Edel Roots S,203,4
Botany,Edel Roots S,203,3
Sense,Edel Roots S,203,-2
Thunder Atk,Moofah Head S,204,2
Cold Res,Moofah Head S,204,3
Thunder Atk,Moofah Suit S,204,4
Cold Res,Moofah Suit S,204,3
Thunder Atk,Moofah Claws S,204,5
Cold Res,Moofah Claws S,204,1
Thunder Atk,Moofah Coil S,204,4
Cold Res,Moofah Coil S,204,3
Water Atk,Slagtoth Hood,205,2
Rec Speed,Slagtoth Hood,205,3
Water Atk,Slagtoth Cloak,205,5
Rec Speed,Slagtoth Cloak,205,2
Fate,Velociprey Head S,206,2
Hunger,Velociprey Head S,206,-2
Fate,Velociprey Body S,206,2
Hunger,Velociprey Body S,206,-2
Fate,Velociprey Claws S,206,2
Hunger,Velociprey Claws S,206,-2
Fate,Velociprey Feet S,206,2
Hunger,Velociprey Feet S,206,-2
Fate,Giaprey Head,207,2
Protection,Giaprey Head,207,-2
Fate,Giaprey Body,207,2
Protection,Giaprey Body,207,-2
Fate,Giaprey Claws,207,2
Protection,Giaprey Claws,207,-2
Fate,Giaprey Feet,207,2
Protection,Giaprey Feet,207,-2
Fate,Genprey Head S,208,2
Hunger,Genprey Head S,208,-2
Fate,Genprey Body S,208,2
Hunger,Genprey Body S,208,-2
Fate,Genprey Claws S,208,2
Hunger,Genprey Claws S,208,-2
Fate,Genprey Feet S,208,2
Hunger,Genprey Feet S,208,-2
Fate,Ioprey Head S,209,2
Hunger,Ioprey Head S,209,-2
Fate,Ioprey Body S,209,2
Hunger,Ioprey Body S,209,-2
Fate,Ioprey Claws S,209,2
Hunger,Ioprey Claws S,209,-2
Fate,Ioprey Feet S,209,2
Hunger,Ioprey Feet S,209,-2
Fate,Remobra Headgear S,210,2
Hunger,Remobra Headgear S,210,-2
Fate,Remobra Suit S,210,2
Hunger,Remobra Suit S,210,-2
Fate,Remobra Gloves S,210,2
Hunger,Remobra Gloves S,210,-2
Fate,Remobra Belt S,210,2
Hunger,Remobra Belt S,210,-2
Fate,Remobra Feet S,210,2
Hunger,Remobra Feet S,210,-2
Botany,Trapper's Gauntlets S,211,4
Botany,Trapper's Shinguards S,211,6
Stam Drain,Maccao Gauntlets S,212,6
Stam Drain,Maccao Shinguards S,212,4
Expert,Jaggi Gauntlets S,213,6
Expert,Jaggi Shinguards S,213,4
Artillery,Rhenoplos Helm S,214,6
Artillery,Rhenoplos Mail S,214,1
Water Atk,Rhenoplos Mail S,214,3
Water Atk,Rhenoplos Braces S,214,3
Artillery,Rhenoplos Coil S,214,2
Water Atk,Rhenoplos Coil S,214,1
Artillery,Rhenoplos Greaves S,214,3
Water Atk,Rhenoplos Greaves S,214,2
Attack,Jaggi Helm S,215,3
Fire Atk,Jaggi Helm S,215,2
Defense,Jaggi Helm S,215,-2
Attack,Jaggi Mail S,215,3
Defense,Jaggi Mail S,215,-2
Fire Atk,Jaggi Vambraces S,215,4
Attack,Jaggi Faulds S,215,4
Defense,Jaggi Faulds S,215,-1
Fire Atk,Jaggi Greaves S,215,3
Light Eater,Droth Mail S,216,5
Constitution,Droth Mail S,216,2
Light Eater,Droth Faulds S,216,2
Constitution,Droth Faulds S,216,2
Light Eater,Droth Greaves S,216,3
Constitution,Droth Greaves S,216,2
Guard Up,Uroktor Torso S,217,4
Guard Up,Uroktor Tassets S,217,4
Vault,Maccao Helm S,218,3
KO,Maccao Helm S,218,2
Vault,Maccao Mail S,218,4
KO,Maccao Mail S,218,1
KO,Maccao Braces S,218,2
KO,Maccao Faulds S,218,2
Vault,Maccao Greaves S,218,3
KO,Maccao Greaves S,218,1
Stun,Velociprey Helm S,219,3
Paralysis,Velociprey Helm S,219,-2
Stun,Velociprey Mail S,219,5
Paralysis,Velociprey Mail S,219,-4
Stun,Velociprey Braces S,219,1
Water Atk,Velociprey Braces S,219,4
Paralysis,Velociprey Braces S,219,-1
Stun,Velociprey Tassets S,219,1
Water Atk,Velociprey Tassets S,219,4
Paralysis,Velociprey Tassets S,219,-1
Stun,Velociprey Greaves S,219,3
Paralysis,Velociprey Greaves S,219,-1
Ice Atk,Giaprey Helm S,220,3
Bind Res,Giaprey Helm S,220,3
Sleep,Giaprey Helm S,220,-2
Ice Atk,Giaprey Mail S,220,5
Ice Atk,Giaprey Braces S,220,3
Bind Res,Giaprey Braces S,220,2
Sleep,Giaprey Braces S,220,-2
Bind Res,Giaprey Faulds S,220,5
Sleep,Giaprey Faulds S,220,-4
Paralysis,Genprey Helm S,221,2
Poison,Genprey Helm S,221,-2
Thunder Atk,Genprey Mail S,221,3
Paralysis,Genprey Mail S,221,3
Poison,Genprey Mail S,221,-2
Thunder Atk,Genprey Vambraces S,221,1
Paralysis,Genprey Vambraces S,221,3
Poison,Genprey Vambraces S,221,-3
Thunder Atk,Genprey Tassets S,221,1
Paralysis,Genprey Tassets S,221,2
Poison,Genprey Tassets S,221,-2
Thunder Atk,Genprey Greaves S,221,5
Attack,EX Genprey Helm,222,2
Status,EX Genprey Helm,222,2
Elemental,EX Genprey Helm,222,-2
Attack,EX Genprey Mail,222,2
Status,EX Genprey Mail,222,2
Elemental,EX Genprey Mail,222,-2
Attack,EX Genprey Braces,222,2
Status,EX Genprey Braces,222,2
Elemental,EX Genprey Braces,222,-2
Attack,EX Genprey Tassets,222,2
Status,EX Genprey Tassets,222,2
Elemental,EX Genprey Tassets,222,-2
Attack,EX Genprey Greaves,222,2
Status,EX Genprey Greaves,222,2
Elemental,EX Genprey Greaves,222,-2
Perception,Ioprey Helm S,223,3
Poison,Ioprey Mail S,223,2
Perception,Ioprey Mail S,223,3
Stun,Ioprey Mail S,223,-2
Poison,Ioprey Vambraces S,223,2
Perception,Ioprey Vambraces S,223,2
Stun,Ioprey Vambraces S,223,-2
Poison,Ioprey Tassets S,223,1
Perception,Ioprey Tassets S,223,2
Stun,Ioprey Tassets S,223,-1
Poison,Ioprey Greaves S,223,5
Stun,Ioprey Greaves S,223,-4
Guts,EX Ioprey Helm,224,2
Fire Res,EX Ioprey Helm,224,3
Combo Rate,EX Ioprey Helm,224,-2
Guts,EX Ioprey Mail,224,2
Fire Res,EX Ioprey Mail,224,3
Combo Rate,EX Ioprey Mail,224,-2
Guts,EX Ioprey Vambraces,224,2
Fire Res,EX Ioprey Vambraces,224,3
Combo Rate,EX Ioprey Vambraces,224,-2
Guts,EX Ioprey Tassets,224,2
Fire Res,EX Ioprey Tassets,224,3
Combo Rate,EX Ioprey Tassets,224,-2
Guts,EX Ioprey Greaves,224,2
Fire Res,EX Ioprey Greaves,224,3
Combo Rate,EX Ioprey Greaves,224,-2
Status,Vespoid Helm S,225,1
Elemental,Vespoid Helm S,225,-2
Sheathing,Vespoid Mail S,225,2
Sheathing,Vespoid Vambraces S,225,3
Sheathing,Vespoid Tassets S,225,5
Status,Vespoid Greaves S,225,3
Elemental,Vespoid Greaves S,225,-2
Evade Dist,EX Vespoid Helm,226,2
Fencing,EX Vespoid Helm,226,2
Health,EX Vespoid Helm,226,-2
Evade Dist,EX Vespoid Mail,226,2
Fencing,EX Vespoid Mail,226,2
Health,EX Vespoid Mail,226,-2
Evade Dist,EX Vespoid Vambraces,226,2
Fencing,EX Vespoid Vambraces,226,2
Health,EX Vespoid Vambraces,226,-2
Evade Dist,EX Vespoid Tassets,226,2
Fencing,EX Vespoid Tassets,226,2
Health,EX Vespoid Tassets,226,-2
Evade Dist,EX Vespoid Greaves,226,2
Fencing,EX Vespoid Greaves,226,2
Health,EX Vespoid Greaves,226,-2
Dragon Atk,Hornetaur Helm S,227,4
Dragon Atk,Hornetaur Mail S,227,5
Dragon Res,Hornetaur Mail S,227,2
Dragon Atk,Hornetaur Braces S,227,1
Dragon Res,Hornetaur Braces S,227,3
Dragon Res,Hornetaur Tassets S,227,4
Dragon Atk,Hornetaur Greaves S,227,4
Dragon Res,Hornetaur Greaves S,227,3
Guard,EX Hornetaur Helm,228,2
Dragon Atk,EX Hornetaur Helm,228,2
Constitution,EX Hornetaur Helm,228,-2
Guard,EX Hornetaur Mail,228,2
Dragon Atk,EX Hornetaur Mail,228,2
Constitution,EX Hornetaur Mail,228,-2
Guard,EX Hornetaur Braces,228,2
Dragon Atk,EX Hornetaur Braces,228,2
Constitution,EX Hornetaur Braces,228,-2
Guard,EX Hornetaur Tassets,228,2
Dragon Atk,EX Hornetaur Tassets,228,2
Constitution,EX Hornetaur Tassets,228,-2
Guard,EX Hornetaur Greaves,228,2
Dragon Atk,EX Hornetaur Greaves,228,2
Constitution,EX Hornetaur Greaves,228,-2
Dragon Res,Hornetaur Helm R,229,7
Crisis,Hornetaur Mail R,229,3
Poison,Hornetaur Mail R,229,-5
Dragon Atk,Hornetaur Braces R,229,4
Dragon Res,Hornetaur Braces R,229,3
Crisis,Hornetaur Tassets R,229,2
Dragon Res,Hornetaur Tassets R,229,2
Dragon Atk,Hornetaur Greaves R,229,6
Dragon Res,Hornetaur Greaves R,229,1
Sharpness,Bnahabra Hat S,230,2
Fire Res,Bnahabra Hat S,230,-2
Sharpness,Bnahabra Suit S,230,1
Status,Bnahabra Suit S,230,3
Fire Res,Bnahabra Suit S,230,-2
Sharpness,Bnahabra Gloves S,230,2
Fire Res,Bnahabra Gloves S,230,-2
Status,Bnahabra Coil S,230,4
Fire Res,Bnahabra Coil S,230,-2
Sharpness,Bnahabra Boots S,230,5
Fire Res,Bnahabra Boots S,230,-2
Guard,Konchu Helm S,231,2
Blunt,Konchu Helm S,231,3
Constitution,Konchu Helm S,231,-2
Guard,Konchu Braces S,231,4
Blunt,Konchu Braces S,231,3
Constitution,Konchu Braces S,231,-2
Potential,Bulldrome Helm S,232,3
Attack,Bulldrome Helm S,232,3
Protection,Bulldrome Helm S,232,-3
Potential,Bulldrome Mail S,232,4
Attack,Bulldrome Mail S,232,1
Protection,Bulldrome Mail S,232,-4
Attack,Bulldrome Braces S,232,3
Potential,Bulldrome Faulds S,232,3
Attack,Bulldrome Faulds S,232,1
Protection,Bulldrome Faulds S,232,-3
Attack,Bulldrome Greaves S,232,4
Constitution,Arzuros Helm S,233,3
Defense,Arzuros Mail S,233,2
Constitution,Arzuros Mail S,233,2
Attack,Arzuros Mail S,233,-2
Defense,Arzuros Vambraces S,233,3
Constitution,Arzuros Vambraces S,233,3
Attack,Arzuros Vambraces S,233,-3
Defense,Arzuros Greaves S,233,5
Constitution,Arzuros Greaves S,233,2
Attack,Arzuros Greaves S,233,-5
Heat Res,Cephalos Helm S,234,2
Water Atk,Cephalos Helm S,234,2
Fire Res,Cephalos Helm S,234,2
Water Atk,Cephalos Mail S,234,4
Heat Res,Cephalos Vambraces S,234,2
Fire Res,Cephalos Vambraces S,234,2
Heat Res,Cephalos Tassets S,234,5
Fire Res,Cephalos Tassets S,234,5
Heat Res,Cephalos Greaves S,234,1
Water Atk,Cephalos Greaves S,234,3
Fire Res,Cephalos Greaves S,234,1
Tremor Res,EX Cephalos Helm,235,2
Water Atk,EX Cephalos Helm,235,3
Sleep,EX Cephalos Helm,235,2
Tremor Res,EX Cephalos Mail,235,2
Water Atk,EX Cephalos Mail,235,2
Sleep,EX Cephalos Mail,235,2
Tremor Res,EX Cephalos Braces,235,2
Water Atk,EX Cephalos Braces,235,3
Sleep,EX Cephalos Braces,235,2
Tremor Res,EX Cephalos Tassets,235,2
Water Atk,EX Cephalos Tassets,235,3
Sleep,EX Cephalos Tassets,235,2
Tremor Res,EX Cephalos Greaves,235,2
Water Atk,EX Cephalos Greaves,235,3
Sleep,EX Cephalos Greaves,235,2
Fire Atk,Kut-Ku Helm S,236,2
Attack,Kut-Ku Helm S,236,3
Defense,Kut-Ku Helm S,236,-3
Fire Atk,Kut-Ku Mail S,236,2
Attack,Kut-Ku Mail S,236,3
Defense,Kut-Ku Mail S,236,-3
Fire Atk,Kut-Ku Vambraces S,236,7
Fire Atk,Kut-Ku Tassets S,236,3
Attack,Kut-Ku Tassets S,236,2
Defense,Kut-Ku Tassets S,236,-2
Attack,Kut-Ku Greaves S,236,2
Defense,Kut-Ku Greaves S,236,-2
Constitution,Kecha Helm,237,2
Stam Recov,Kecha Helm,237,4
Stamina,Kecha Helm,237,-1
Constitution,Kecha Mail,237,1
Stam Recov,Kecha Mail,237,2
Stamina,Kecha Mail,237,-1
Constitution,Kecha Vambraces,237,3
Stam Recov,Kecha Vambraces,237,2
Stamina,Kecha Vambraces,237,-2
Constitution,Kecha Faulds,237,3
Stam Recov,Kecha Faulds,237,2
Stamina,Kecha Faulds,237,-2
Constitution,Kecha Greaves,237,4
Stamina,Kecha Greaves,237,-3
Evasion,Lagombi Helm S,238,2
Vault,Lagombi Helm S,238,3
Health,Lagombi Helm S,238,-2
Evasion,Lagombi Mail S,238,2
Vault,Lagombi Mail S,238,3
Health,Lagombi Mail S,238,-2
Evasion,Lagombi Vambraces S,238,1
Vault,Lagombi Vambraces S,238,4
Health,Lagombi Vambraces S,238,-1
Evasion,Lagombi Faulds S,238,3
Health,Lagombi Faulds S,238,-2
Evasion,Lagombi Greaves S,238,4
Health,Lagombi Greaves S,238,-3
Poison,Gypceros Helm S,239,3
Stamina,Gypceros Helm S,239,1
Hunger,Gypceros Helm S,239,-2
Poison,Gypceros Mail S,239,4
Stamina,Gypceros Mail S,239,1
Hunger,Gypceros Mail S,239,-1
Poison,Gypceros Braces S,239,4
Stamina,Gypceros Braces S,239,1
Hunger,Gypceros Braces S,239,-1
Poison,Gypceros Tassets S,239,3
Stamina,Gypceros Tassets S,239,3
Hunger,Gypceros Tassets S,239,-3
Stamina,Gypceros Greaves S,239,4
Hunger,Gypceros Greaves S,239,-3
Poison,Gypceros Helm R,240,7
Stun,Gypceros Helm R,240,1
Stamina,Gypceros Mail R,240,4
Hunger,Gypceros Mail R,240,-5
Stun,Gypceros Braces R,240,5
Paralysis,Gypceros Braces R,240,-3
Stun,Gypceros Tassets R,240,4
Paralysis,Gypceros Tassets R,240,-3
Stamina,Gypceros Greaves R,240,6
Hunger,Gypceros Greaves R,240,-5
Punish Draw,Tetsucabra Helm S,241,3
Tremor Res,Tetsucabra Helm S,241,2
Sleep,Tetsucabra Helm S,241,-3
Punish Draw,Tetsucabra Mail S,241,2
Tremor Res,Tetsucabra Mail S,241,1
Sleep,Tetsucabra Mail S,241,-1
Punish Draw,Tetsucabra Braces S,241,4
Tremor Res,Tetsucabra Faulds S,241,3
Sleep,Tetsucabra Faulds S,241,-3
Punish Draw,Tetsucabra Greaves S,241,1
Tremor Res,Tetsucabra Greaves S,241,4
Sleep,Tetsucabra Greaves S,241,-3
Guard,Hermitaur Helm S,242,3
Defense,Hermitaur Helm S,242,3
Constitution,Hermitaur Helm S,242,-2
Guard,Hermitaur Mail S,242,4
Health,Hermitaur Mail S,242,2
Constitution,Hermitaur Mail S,242,-3
Guard,Hermitaur Braces S,242,2
Defense,Hermitaur Braces S,242,2
Constitution,Hermitaur Braces S,242,-1
Guard,Hermitaur Tassets S,242,4
Constitution,Hermitaur Tassets S,242,-3
Guard,Hermitaur Greaves S,242,1
Constitution,Hermitaur Greaves S,242,-1
Guard Up,EX Hermitaur Helm,243,3
Crisis,EX Hermitaur Helm,243,1
Stamina,EX Hermitaur Helm,243,-2
Guard Up,EX Hermitaur Mail,243,1
Crisis,EX Hermitaur Mail,243,3
Stamina,EX Hermitaur Mail,243,-1
Guard Up,EX Hermitaur Braces,243,1
Crisis,EX Hermitaur Braces,243,2
Stamina,EX Hermitaur Braces,243,-1
Guard Up,EX Hermitaur Tassets,243,4
Crisis,EX Hermitaur Tassets,243,1
Stamina,EX Hermitaur Tassets,243,-3
Defense,Hermitaur Helm R,244,5
Attack,Hermitaur Helm R,244,-4
Defense,Hermitaur Braces R,244,6
Attack,Hermitaur Braces R,244,-4
Guard,Hermitaur Tassets R,244,6
Constitution,Hermitaur Tassets R,244,-5
Guard,Hermitaur Greaves R,244,6
Constitution,Hermitaur Greaves R,244,-5
FastCharge,Volvidon Helm S,245,4
Biology,Volvidon Helm S,245,2
Stam Recov,Volvidon Helm S,245,-2
FastCharge,Volvidon Mail S,245,2
Biology,Volvidon Mail S,245,4
Stam Recov,Volvidon Mail S,245,-2
FastCharge,Volvidon Vambraces S,245,1
Biology,Volvidon Vambraces S,245,3
Stam Recov,Volvidon Vambraces S,245,-2
Biology,Volvidon Faulds S,245,4
Stam Recov,Volvidon Faulds S,245,-2
FastCharge,Volvidon Greaves S,245,3
Stam Recov,Volvidon Greaves S,245,-2
Attack,Conga Helm,246,3
Hunger,Conga Helm,246,-2
Attack,Conga Mail,246,1
Gluttony,Conga Mail,246,2
Hunger,Conga Mail,246,-2
Attack,Conga Vambraces,246,3
Gluttony,Conga Vambraces,246,2
Hunger,Conga Vambraces,246,-2
Gluttony,Conga Tassets,246,4
Hunger,Conga Tassets,246,-2
Attack,Conga Greaves,246,4
Gluttony,Conga Greaves,246,2
Hunger,Conga Greaves,246,-2
Stam Recov,Ludroth Helm S,247,1
Stamina,Ludroth Helm S,247,3
Evasion,Ludroth Helm S,247,-2
Stam Recov,Ludroth Mail S,247,3
Evasion,Ludroth Mail S,247,-3
Stam Recov,Ludroth Braces S,247,1
Stamina,Ludroth Braces S,247,4
Evasion,Ludroth Braces S,247,-1
Stam Recov,Ludroth Faulds S,247,4
Evasion,Ludroth Faulds S,247,-3
Stam Recov,Ludroth Greaves S,247,1
Stamina,Ludroth Greaves S,247,3
Evasion,Ludroth Greaves S,247,-1
Stam Recov,Ludroth Helm R,248,3
Evasion,Ludroth Helm R,248,-3
Stam Recov,Ludroth Mail R,248,4
Evasion,Ludroth Mail R,248,-3
Stam Recov,Ludroth Braces R,248,4
Evasion,Ludroth Braces R,248,-3
Stamina,Ludroth Tassets R,248,5
Hunger,Ludroth Tassets R,248,-5
Stamina,Ludroth Greaves R,248,5
Hunger,Ludroth Greaves R,248,-5
Attack,Barroth Helm,249,3
Guard,Barroth Helm,249,2
Attack,Barroth Mail,249,1
Guard,Barroth Mail,249,3
Defense,Barroth Mail,249,2
Attack,Barroth Vambraces,249,2
Defense,Barroth Vambraces,249,2
Attack,Barroth Faulds,249,3
Guard,Barroth Faulds,249,3
Defense,Barroth Faulds,249,2
Attack,Barroth Greaves,249,3
Guard,Barroth Greaves,249,2
Defense,Barroth Greaves,249,1
Frenzy Res,Lecturer's Hood,250,1
Psychic,Lecturer's Hood,250,4
Eating,Lecturer's Hood,250,-2
Frenzy Res,Lecturer's Suit,250,3
Psychic,Lecturer's Suit,250,4
Eating,Lecturer's Suit,250,-2
Frenzy Res,Lecturer's Braces,250,3
Psychic,Lecturer's Braces,250,1
Eating,Lecturer's Braces,250,-2
Frenzy Res,Lecturer's Skirt,250,3
Psychic,Lecturer's Skirt,250,1
Eating,Lecturer's Skirt,250,-2
Psychic,Lecturer's Boots,250,4
Eating,Lecturer's Boots,250,-2
Whim,Leather Cap S,250,2
Gathering,Leather Cap S,250,4
Whim,Leather Vest S,250,5
Whim,Leather Guards S,250,3
Gathering,Leather Guards S,250,2
Whim,Leather Coat S,250,1
Gathering,Leather Coat S,250,2
Whim,Leather Leggings S,250,1
Gathering,Leather Leggings S,250,2
Health,Chainmail Cap S,251,2
Health,Chainmail Vest S,251,3
Health,Chainmail Guards S,251,2
Light Eater,Chainmail Guards S,251,2
Light Eater,Chainmail Coat S,251,3
Health,Chainmail Leggings S,251,5
Protection,Bherna Cap S,252,3
Wide-Range,Bherna Cap S,252,3
Protection,Bherna Vest S,252,2
Wide-Range,Bherna Vest S,252,1
Protection,Bherna Guards S,252,2
Wide-Range,Bherna Guards S,252,1
Maestro,Bherna Coat S,252,6
Wide-Range,Bherna Coat S,252,1
Protection,Bherna Leggings S,252,3
Wide-Range,Bherna Leggings S,252,1
Psychic,Hunting Cap S,253,4
Bomb Boost,Hunting Cap S,253,2
Psychic,Hunting Vest S,253,2
Bomb Boost,Hunting Vest S,253,2
Psychic,Hunting Guards S,253,4
Speed Setup,Hunting Coat S,253,3
Bomb Boost,Hunting Coat S,253,2
Speed Setup,Hunting Leggings S,253,3
Bomb Boost,Hunting Leggings S,253,1
Cold Res,Mafumofu Cap S,254,1
FastCharge,Mafumofu Cap S,254,3
Cold Res,Mafumofu Jacket S,254,6
FastCharge,Mafumofu Jacket S,254,1
Cold Res,Mafumofu Mittens S,254,2
FastCharge,Mafumofu Mittens S,254,2
Cold Res,Mafumofu Coat S,254,2
FastCharge,Mafumofu Coat S,254,2
Cold Res,Mafumofu Tights S,254,4
FastCharge,Mafumofu Tights S,254,2
Expert,Yukumo Land Kasa,255,4
Evasion,Yukumo Land Kasa,255,1
Expert,Yukumo Land Dogi,255,5
Evasion,Yukumo Land Dogi,255,1
Expert,Yukumo Land Kote,255,3
Evasion,Yukumo Land Kote,255,2
Expert,Yukumo Land Obi,255,1
Evasion,Yukumo Land Obi,255,2
Expert,Yukumo Land Hakama,255,2
Evasion,Yukumo Land Hakama,255,2
Speed Setup,Hunter's Cap S,256,3
Ranger,Hunter's Cap S,256,3
Capturer,Hunter's Cap S,256,2
Speed Setup,Hunter's Vest S,256,2
Capturer,Hunter's Vest S,256,2
Speed Setup,Hunter's Guards S,256,2
Capturer,Hunter's Guards S,256,2
Ranger,Hunter's Coat S,256,6
Capturer,Hunter's Coat S,256,2
Ranger,Hunter's Leggings S,256,1
Capturer,Hunter's Leggings S,256,2
Spirit,Hunter's Cap R,257,4
Perception,Hunter's Cap R,257,1
Recoil,Hunter's Cap R,257,-4
Spirit,Hunter's Vest R,257,2
Perception,Hunter's Vest R,257,2
Recoil,Hunter's Vest R,257,-2
Spirit,Hunter's Guards R,257,3
Perception,Hunter's Guards R,257,2
Recoil,Hunter's Guards R,257,-2
Perception,Hunter's Coat R,257,3
Spirit,Hunter's Leggings R,257,1
Perception,Hunter's Leggings R,257,2
Recoil,Hunter's Leggings R,257,-1
KO,Bone Cap S,258,4
Haphazard,Bone Cap S,258,2
Attack,Bone Cap S,258,-1
KO,Bone Vest S,258,2
Maestro,Bone Vest S,258,4
KO,Bone Guards S,258,2
Haphazard,Bone Guards S,258,2
Attack,Bone Guards S,258,-1
KO,Bone Coat S,258,2
Haphazard,Bone Coat S,258,2
Attack,Bone Coat S,258,-1
Maestro,Bone Leggings S,258,6
Haphazard,Bone Leggings S,258,3
Attack,Bone Leggings S,258,-2
Fire Atk,Silver Feet,259,8
Elemental,Silver Feet,259,-2
Status,Chaos Archdiadem,260,5
Crit Status,Chaos Archdiadem,260,-3
Status,Chaos Archbrigandine,260,1
Crit Status,Chaos Archbrigandine,260,-2
Gathering,Melahoa Bloom S,261,3
Gathering,Melahoa Stalk S,261,3
Botany,Melahoa Stalk S,261,2
Gathering,Melahoa Petal S,261,4
Botany,Melahoa Petal S,261,3
Gathering,Melahoa Trunk S,261,1
Gathering,Melahoa Taproot S,261,4
Botany,Melahoa Taproot S,261,2
Gathering,Melahoa Bloom U,262,2
Whim,Melahoa Bloom U,262,6
Gathering,Melahoa Stalk U,262,1
Cold Res,Melahoa Stalk U,262,5
Gathering,Melahoa Petal U,262,5
Whim,Melahoa Petal U,262,1
Whim,Melahoa Trunk U,262,1
Cold Res,Melahoa Trunk U,262,1
Gathering,Melahoa Taproot U,262,3
Cold Res,Melahoa Taproot U,262,2
Combo Rate,Makluva Gills S,263,4
Lasting Pwr,Makluva Gills S,263,2
Combo Rate,Makluva Scale S,263,2
Lasting Pwr,Makluva Scale S,263,3
Lasting Pwr,Makluva Sucker S,263,5
Combo Rate,Makluva Fin S,263,3
Combo Plus,Makluva Fin S,263,2
Combo Rate,Makluva Leggings S,263,1
Combo Plus,Makluva Leggings S,263,3
Combo Rate,Makluva Gills U,264,5
Combo Plus,Makluva Gills U,264,2
Lasting Pwr,Makluva Scale U,264,1
Combo Plus,Makluva Scale U,264,3
Lasting Pwr,Makluva Sucker U,264,2
Combo Plus,Makluva Sucker U,264,5
Combo Rate,Makluva Fin U,264,3
Lasting Pwr,Makluva Fin U,264,2
Combo Rate,Makluva Leggings U,264,5
Eating,Bistro Cap S,265,3
Carnivore,Bistro Cap S,265,2
Rec Level,Bistro Cap S,265,-1
Eating,Bistro Vest S,265,2
Carnivore,Bistro Vest S,265,2
Rec Level,Bistro Vest S,265,-1
Eating,Bistro Apron S,265,2
Carnivore,Bistro Apron S,265,2
Rec Level,Bistro Apron S,265,-1
Artillery,Acorn Cap S,266,2
Team Player,Acorn Cap S,266,5
Artillery,Acorn Vest S,266,4
Team Player,Acorn Vest S,266,3
Fire Atk,Mosgharl Brim S,267,7
FastCharge,Mosgharl Ribguard S,267,3
Fire Atk,Mosgharl Ribguard S,267,3
Constitution,Mosgharl Ribguard S,267,-2
FastCharge,Mosgharl Tendril S,267,2
Constitution,Mosgharl Tendril S,267,-1
Fire Atk,Mosgharl Fronds S,267,4
FastCharge,Mosgharl Radicles S,267,5
Constitution,Mosgharl Radicles S,267,-2
Fire Atk,Mosgharl Brim S,268,7
FastCharge,Mosgharl Ribguard S,268,3
Fire Atk,Mosgharl Ribguard S,268,3
Constitution,Mosgharl Ribguard S,268,-2
FastCharge,Mosgharl Tendril S,268,2
Constitution,Mosgharl Tendril S,268,-1
Fire Atk,Mosgharl Fronds S,268,4
FastCharge,Mosgharl Radicles S,268,5
Constitution,Mosgharl Radicles S,268,-2
Botany,Edel Bloom S,269,4
Wide-Range,Edel Bloom S,269,2
Wide-Range,Edel Ribguard S,269,3
Sense,Edel Ribguard S,269,-1
Botany,Edel Tendril S,269,4
Wide-Range,Edel Tendril S,269,2
Wide-Range,Edel Fronds S,269,4
Sense,Edel Fronds S,269,-1
Wide-Range,Edel Radicles S,269,3
Botany,Edel Radicles S,269,2
Sense,Edel Radicles S,269,-2
Thunder Atk,Moofah Wig S,270,2
Cold Res,Moofah Wig S,270,4
Thunder Atk,Moofah Jacket S,270,4
Cold Res,Moofah Jacket S,270,3
Thunder Atk,Moofah Sleeves S,270,5
Cold Res,Moofah Sleeves S,270,1
Thunder Atk,Moofah Coat S,270,4
Cold Res,Moofah Coat S,270,2
Water Atk,Slagtoth Cowl,271,3
Rec Speed,Slagtoth Cowl,271,3
Water Atk,Slagtoth Wrap,271,4
Rec Speed,Slagtoth Wrap,271,2
Fate,Velociprey Mask S,272,3
Hunger,Velociprey Mask S,272,-2
Fate,Velociprey Suit S,272,1
Hunger,Velociprey Suit S,272,-2
Fate,Velociprey Gloves S,272,2
Hunger,Velociprey Gloves S,272,-2
Fate,Velociprey Tights S,272,2
Hunger,Velociprey Tights S,272,-2
Fate,Giaprey Face,273,3
Protection,Giaprey Face,273,-2
Fate,Giaprey Wear,273,1
Protection,Giaprey Wear,273,-2
Fate,Giaprey Gloves,273,2
Protection,Giaprey Gloves,273,-2
Fate,Giaprey Tights,273,2
Protection,Giaprey Tights,273,-2
Fate,Genprey Mask S,274,3
Hunger,Genprey Mask S,274,-2
Fate,Genprey Suit S,274,1
Hunger,Genprey Suit S,274,-2
Fate,Genprey Gloves S,274,2
Hunger,Genprey Gloves S,274,-2
Fate,Genprey Tights S,274,2
Hunger,Genprey Tights S,274,-2
Fate,Ioprey Mask S,275,3
Hunger,Ioprey Mask S,275,-2
Fate,Ioprey Wear S,275,1
Hunger,Ioprey Wear S,275,-2
Fate,Ioprey Gloves S,275,2
Hunger,Ioprey Gloves S,275,-2
Fate,Ioprey Tights S,275,2
Hunger,Ioprey Tights S,275,-2
Fate,Remobra Mask S,276,3
Hunger,Remobra Mask S,276,-2
Fate,Remobra Wear S,276,1
Hunger,Remobra Wear S,276,-2
Fate,Remobra Hands S,276,2
Hunger,Remobra Hands S,276,-2
Fate,Remobra Band S,276,2
Hunger,Remobra Band S,276,-2
Fate,Remobra Tights S,276,2
Hunger,Remobra Tights S,276,-2
Botany,Trapper's Gloves S,277,4
Botany,Trapper's Boots S,277,6
Stam Drain,Maccao Gloves S,278,6
Stam Drain,Maccao Boots S,278,4
Expert,Jaggi Gloves S,279,6
Expert,Jaggi Boots S,279,4
Artillery,Rhenoplos Cap S,280,7
Artillery,Rhenoplos Vest S,280,1
Water Atk,Rhenoplos Vest S,280,3
Water Atk,Rhenoplos Guards S,280,3
Artillery,Rhenoplos Coat S,280,2
Water Atk,Rhenoplos Coat S,280,1
Artillery,Rhenoplos Leggings S,280,2
Water Atk,Rhenoplos Leggings S,280,2
Attack,Jaggi Cap S,281,3
Fire Atk,Jaggi Cap S,281,3
Defense,Jaggi Cap S,281,-2
Attack,Jaggi Vest S,281,3
Defense,Jaggi Vest S,281,-2
Fire Atk,Jaggi Guards S,281,3
Attack,Jaggi Coat S,281,4
Defense,Jaggi Coat S,281,-1
Fire Atk,Jaggi Leggings S,281,3
Light Eater,Droth Vest S,282,5
Constitution,Droth Vest S,282,2
Light Eater,Droth Coat S,282,2
Constitution,Droth Coat S,282,2
Light Eater,Droth Leggings S,282,3
Constitution,Droth Leggings S,282,2
Haphazard,Uroktor Vest S,283,4
Haphazard,Uroktor Coat S,283,4
Vault,Maccao Cap S,284,4
KO,Maccao Cap S,284,2
Vault,Maccao Vest S,284,4
KO,Maccao Vest S,284,1
KO,Maccao Guards S,284,2
KO,Maccao Coat S,284,2
Vault,Maccao Leggings S,284,2
KO,Maccao Leggings S,284,1
Stun,Velociprey Cap S,285,4
Paralysis,Velociprey Cap S,285,-2
Stun,Velociprey Vest S,285,5
Paralysis,Velociprey Vest S,285,-4
Stun,Velociprey Guards S,285,1
Water Atk,Velociprey Guards S,285,4
Paralysis,Velociprey Guards S,285,-1
Stun,Velociprey Coat S,285,1
Water Atk,Velociprey Coat S,285,4
Paralysis,Velociprey Coat S,285,-1
Stun,Velociprey Leggings S,285,2
Paralysis,Velociprey Leggings S,285,-1
Ice Atk,Giaprey Cap S,286,3
Bind Res,Giaprey Cap S,286,4
Sleep,Giaprey Cap S,286,-2
Ice Atk,Giaprey Vest S,286,5
Ice Atk,Giaprey Guards S,286,3
Bind Res,Giaprey Guards S,286,2
Sleep,Giaprey Guards S,286,-2
Bind Res,Giaprey Coat S,286,4
Sleep,Giaprey Coat S,286,-4
Paralysis,Genprey Cap S,287,3
Poison,Genprey Cap S,287,-2
Thunder Atk,Genprey Vest S,287,3
Paralysis,Genprey Vest S,287,3
Poison,Genprey Vest S,287,-2
Thunder Atk,Genprey Guards S,287,1
Paralysis,Genprey Guards S,287,3
Poison,Genprey Guards S,287,-3
Thunder Atk,Genprey Coat S,287,1
Paralysis,Genprey Coat S,287,1
Poison,Genprey Coat S,287,-2
Thunder Atk,Genprey Leggings S,287,5
Attack,EX Genprey Cap,288,2
Status,EX Genprey Cap,288,3
Elemental,EX Genprey Cap,288,-2
Attack,EX Genprey Vest,288,2
Status,EX Genprey Vest,288,1
Elemental,EX Genprey Vest,288,-2
Attack,EX Genprey Guards,288,2
Status,EX Genprey Guards,288,2
Elemental,EX Genprey Guards,288,-2
Attack,EX Genprey Coat,288,2
Status,EX Genprey Coat,288,2
Elemental,EX Genprey Coat,288,-2
Attack,EX Genprey Leggings,288,2
Status,EX Genprey Leggings,288,2
Elemental,EX Genprey Leggings,288,-2
Perception,Ioprey Cap S,289,4
Poison,Ioprey Vest S,289,2
Perception,Ioprey Vest S,289,3
Stun,Ioprey Vest S,289,-2
Poison,Ioprey Guards S,289,2
Perception,Ioprey Guards S,289,2
Stun,Ioprey Guards S,289,-2
Poison,Ioprey Coat S,289,1
Perception,Ioprey Coat S,289,1
Stun,Ioprey Coat S,289,-1
Poison,Ioprey Leggings S,289,5
Stun,Ioprey Leggings S,289,-4
Guts,EX Ioprey Cap,290,2
Fire Res,EX Ioprey Cap,290,4
Combo Rate,EX Ioprey Cap,290,-2
Guts,EX Ioprey Vest,290,2
Fire Res,EX Ioprey Vest,290,3
Combo Rate,EX Ioprey Vest,290,-2
Guts,EX Ioprey Guards,290,2
Fire Res,EX Ioprey Guards,290,3
Combo Rate,EX Ioprey Guards,290,-2
Guts,EX Ioprey Coat,290,2
Fire Res,EX Ioprey Coat,290,2
Combo Rate,EX Ioprey Coat,290,-2
Guts,EX Ioprey Leggings,290,2
Fire Res,EX Ioprey Leggings,290,3
Combo Rate,EX Ioprey Leggings,290,-2
Status,Vespoid Cap S,291,2
Elemental,Vespoid Cap S,291,-2
Sheathing,Vespoid Vest S,291,2
Sheathing,Vespoid Guards S,291,3
Sheathing,Vespoid Coat S,291,5
Status,Vespoid Leggings S,291,2
Elemental,Vespoid Leggings S,291,-2
Evade Dist,EX Vespoid Cap,292,2
Pellet Up,EX Vespoid Cap,292,2
Health,EX Vespoid Cap,292,-2
Evade Dist,EX Vespoid Vest,292,2
Pellet Up,EX Vespoid Vest,292,2
Health,EX Vespoid Vest,292,-2
Evade Dist,EX Vespoid Guards,292,2
Pellet Up,EX Vespoid Guards,292,2
Health,EX Vespoid Guards,292,-2
Evade Dist,EX Vespoid Coat,292,2
Pellet Up,EX Vespoid Coat,292,2
Health,EX Vespoid Coat,292,-2
Evade Dist,EX Vespoid Leggings,292,2
Pellet Up,EX Vespoid Leggings,292,2
Health,EX Vespoid Leggings,292,-2
Dragon Atk,Hornetaur Cap S,293,5
Dragon Atk,Hornetaur Vest S,293,5
Dragon Res,Hornetaur Vest S,293,2
Dragon Atk,Hornetaur Guards S,293,1
Dragon Res,Hornetaur Guards S,293,3
Dragon Res,Hornetaur Coat S,293,4
Dragon Atk,Hornetaur Leggings S,293,3
Dragon Res,Hornetaur Leggings S,293,3
Precision,EX Hornetaur Cap,294,2
Dragon Atk,EX Hornetaur Cap,294,2
Constitution,EX Hornetaur Cap,294,-2
Precision,EX Hornetaur Vest,294,2
Dragon Atk,EX Hornetaur Vest,294,2
Constitution,EX Hornetaur Vest,294,-2
Precision,EX Hornetaur Guards,294,2
Dragon Atk,EX Hornetaur Guards,294,2
Constitution,EX Hornetaur Guards,294,-2
Precision,EX Hornetaur Coat,294,2
Dragon Atk,EX Hornetaur Coat,294,2
Constitution,EX Hornetaur Coat,294,-2
Precision,EX Hornetaur Leggings,294,2
Dragon Atk,EX Hornetaur Leggings,294,2
Constitution,EX Hornetaur Leggings,294,-2
Dragon Res,Hornetaur Cap R,295,8
Crisis,Hornetaur Vest R,295,3
Poison,Hornetaur Vest R,295,-5
Dragon Atk,Hornetaur Guards R,295,4
Dragon Res,Hornetaur Guards R,295,2
Crisis,Hornetaur Coat R,295,2
Dragon Res,Hornetaur Coat R,295,2
Dragon Atk,Hornetaur Leggings R,295,6
Dragon Res,Hornetaur Leggings R,295,1
Ammo Saver,Bnahabra Headpiece S,296,2
Fire Res,Bnahabra Headpiece S,296,-2
Ammo Saver,Bnahabra Vest S,296,1
Status,Bnahabra Vest S,296,3
Fire Res,Bnahabra Vest S,296,-2
Ammo Saver,Bnahabra Sleeves S,296,2
Fire Res,Bnahabra Sleeves S,296,-2
Status,Bnahabra Coat S,296,4
Fire Res,Bnahabra Coat S,296,-2
Ammo Saver,Bnahabra Pants S,296,5
Fire Res,Bnahabra Pants S,296,-2
Precision,Konchu Cap S,297,2
Heavy Up,Konchu Cap S,297,3
Constitution,Konchu Cap S,297,-2
Precision,Konchu Guards S,297,4
Heavy Up,Konchu Guards S,297,3
Constitution,Konchu Guards S,297,-2
Potential,Bulldrome Cap S,298,3
Attack,Bulldrome Cap S,298,4
Protection,Bulldrome Cap S,298,-3
Potential,Bulldrome Vest S,298,4
Attack,Bulldrome Vest S,298,1
Protection,Bulldrome Vest S,298,-4
Attack,Bulldrome Guards S,298,2
Potential,Bulldrome Coat S,298,3
Attack,Bulldrome Coat S,298,1
Protection,Bulldrome Coat S,298,-3
Attack,Bulldrome Leggings S,298,4
Constitution,Arzuros Cap S,299,4
Defense,Arzuros Vest S,299,2
Constitution,Arzuros Vest S,299,2
Attack,Arzuros Vest S,299,-2
Defense,Arzuros Guards S,299,3
Constitution,Arzuros Guards S,299,2
Attack,Arzuros Guards S,299,-3
Defense,Arzuros Leggings S,299,5
Constitution,Arzuros Leggings S,299,2
Attack,Arzuros Leggings S,299,-5
Heat Res,Cephalos Cap S,300,2
Water Atk,Cephalos Cap S,300,3
Fire Res,Cephalos Cap S,300,2
Water Atk,Cephalos Vest S,300,4
Heat Res,Cephalos Guards S,300,2
Fire Res,Cephalos Guards S,300,2
Heat Res,Cephalos Coat S,300,5
Fire Res,Cephalos Coat S,300,5
Heat Res,Cephalos Leggings S,300,1
Water Atk,Cephalos Leggings S,300,2
Fire Res,Cephalos Leggings S,300,1
Tremor Res,EX Cephalos Cap,301,2
Water Atk,EX Cephalos Cap,301,3
Sleep,EX Cephalos Cap,301,3
Tremor Res,EX Cephalos Vest,301,2
Water Atk,EX Cephalos Vest,301,2
Sleep,EX Cephalos Vest,301,2
Tremor Res,EX Cephalos Guards,301,2
Water Atk,EX Cephalos Guards,301,3
Sleep,EX Cephalos Guards,301,2
Tremor Res,EX Cephalos Coat,301,2
Water Atk,EX Cephalos Coat,301,3
Sleep,EX Cephalos Coat,301,2
Tremor Res,EX Cephalos Leggings,301,2
Water Atk,EX Cephalos Leggings,301,3
Sleep,EX Cephalos Leggings,301,1
Fire Atk,Kut-Ku Cap S,302,3
Attack,Kut-Ku Cap S,302,3
Defense,Kut-Ku Cap S,302,-3
Fire Atk,Kut-Ku Vest S,302,2
Attack,Kut-Ku Vest S,302,3
Defense,Kut-Ku Vest S,302,-3
Fire Atk,Kut-Ku Guards S,302,7
Fire Atk,Kut-Ku Coat S,302,2
Attack,Kut-Ku Coat S,302,2
Defense,Kut-Ku Coat S,302,-2
Attack,Kut-Ku Leggings S,302,2
Defense,Kut-Ku Leggings S,302,-2
Constitution,Kecha Cap,303,2
Stam Recov,Kecha Cap,303,5
Stamina,Kecha Cap,303,-1
Constitution,Kecha Vest,303,1
Stam Recov,Kecha Vest,303,1
Stamina,Kecha Vest,303,-1
Constitution,Kecha Guards,303,3
Stam Recov,Kecha Guards,303,2
Stamina,Kecha Guards,303,-2
Constitution,Kecha Coat,303,3
Stam Recov,Kecha Coat,303,2
Stamina,Kecha Coat,303,-2
Constitution,Kecha Leggings,303,4
Stamina,Kecha Leggings,303,-3
Evasion,Lagombi Cap S,304,2
Vault,Lagombi Cap S,304,4
Health,Lagombi Cap S,304,-2
Evasion,Lagombi Vest S,304,2
Vault,Lagombi Vest S,304,3
Health,Lagombi Vest S,304,-2
Evasion,Lagombi Guards S,304,1
Vault,Lagombi Guards S,304,3
Health,Lagombi Guards S,304,-1
Evasion,Lagombi Coat S,304,3
Health,Lagombi Coat S,304,-2
Evasion,Lagombi Leggings S,304,4
Health,Lagombi Leggings S,304,-3
Poison,Gypceros Cap S,305,4
Stamina,Gypceros Cap S,305,1
Hunger,Gypceros Cap S,305,-2
Poison,Gypceros Vest S,305,3
Stamina,Gypceros Vest S,305,1
Hunger,Gypceros Vest S,305,-1
Poison,Gypceros Guards S,305,4
Stamina,Gypceros Guards S,305,1
Hunger,Gypceros Guards S,305,-1
Poison,Gypceros Coat S,305,3
Stamina,Gypceros Coat S,305,3
Hunger,Gypceros Coat S,305,-3
Stamina,Gypceros Leggings S,305,4
Hunger,Gypceros Leggings S,305,-3
Poison,Gypceros Cap R,306,7
Stun,Gypceros Cap R,306,2
Stamina,Gypceros Vest R,306,4
Hunger,Gypceros Vest R,306,-5
Stun,Gypceros Guards R,306,4
Paralysis,Gypceros Guards R,306,-3
Stun,Gypceros Coat R,306,4
Paralysis,Gypceros Coat R,306,-3
Stamina,Gypceros Leggings R,306,6
Hunger,Gypceros Leggings R,306,-5
Dead Eye,Tetsucabra Cap S,307,3
Tremor Res,Tetsucabra Cap S,307,3
Sleep,Tetsucabra Cap S,307,-3
Dead Eye,Tetsucabra Vest S,307,2
Tremor Res,Tetsucabra Vest S,307,1
Sleep,Tetsucabra Vest S,307,-1
Dead Eye,Tetsucabra Guards S,307,4
Tremor Res,Tetsucabra Coat S,307,3
Sleep,Tetsucabra Coat S,307,-3
Dead Eye,Tetsucabra Leggings S,307,1
Tremor Res,Tetsucabra Leggings S,307,3
Sleep,Tetsucabra Leggings S,307,-3
Recoil,Hermitaur Cap S,308,3
Defense,Hermitaur Cap S,308,3
Reload Spd,Hermitaur Cap S,308,-2
Recoil,Hermitaur Vest S,308,4
Health,Hermitaur Vest S,308,2
Reload Spd,Hermitaur Vest S,308,-3
Recoil,Hermitaur Guards S,308,2
Defense,Hermitaur Guards S,308,2
Reload Spd,Hermitaur Guards S,308,-1
Recoil,Hermitaur Coat S,308,4
Reload Spd,Hermitaur Coat S,308,-3
Recoil,Hermitaur Leggings S,308,1
Reload Spd,Hermitaur Leggings S,308,-1
Power C+,EX Hermitaur Cap,309,3
Crisis,EX Hermitaur Cap,309,1
Expert,EX Hermitaur Cap,309,-2
Power C+,EX Hermitaur Vest,309,1
Crisis,EX Hermitaur Vest,309,3
Expert,EX Hermitaur Vest,309,-1
Power C+,EX Hermitaur Guards,309,1
Crisis,EX Hermitaur Guards,309,2
Expert,EX Hermitaur Guards,309,-1
Power C+,EX Hermitaur Coat,309,4
Crisis,EX Hermitaur Coat,309,1
Expert,EX Hermitaur Coat,309,-3
Defense,Hermitaur Cap R,310,6
Attack,Hermitaur Cap R,310,-4
Defense,Hermitaur Guards R,310,5
Attack,Hermitaur Guards R,310,-4
Recoil,Hermitaur Coat R,310,6
Reload Spd,Hermitaur Coat R,310,-5
Recoil,Hermitaur Leggings R,310,6
Reload Spd,Hermitaur Leggings R,310,-5
FastCharge,Volvidon Cap S,311,4
Biology,Volvidon Cap S,311,3
Stam Recov,Volvidon Cap S,311,-2
FastCharge,Volvidon Vest S,311,2
Biology,Volvidon Vest S,311,4
Stam Recov,Volvidon Vest S,311,-2
FastCharge,Volvidon Guards S,311,1
Biology,Volvidon Guards S,311,3
Stam Recov,Volvidon Guards S,311,-2
Biology,Volvidon Coat S,311,3
Stam Recov,Volvidon Coat S,311,-2
FastCharge,Volvidon Leggings S,311,3
Stam Recov,Volvidon Leggings S,311,-2
Attack,Conga Cap,312,4
Hunger,Conga Cap,312,-2
Attack,Conga Vest,312,1
Gluttony,Conga Vest,312,2
Hunger,Conga Vest,312,-2
Attack,Conga Guards,312,3
Gluttony,Conga Guards,312,2
Hunger,Conga Guards,312,-2
Gluttony,Conga Coat,312,4
Hunger,Conga Coat,312,-2
Attack,Conga Leggings,312,3
Gluttony,Conga Leggings,312,2
Hunger,Conga Leggings,312,-2
Stam Recov,Ludroth Cap S,313,2
Stamina,Ludroth Cap S,313,3
Evasion,Ludroth Cap S,313,-2
Stam Recov,Ludroth Vest S,313,2
Evasion,Ludroth Vest S,313,-3
Stam Recov,Ludroth Guards S,313,1
Stamina,Ludroth Guards S,313,4
Evasion,Ludroth Guards S,313,-1
Stam Recov,Ludroth Coat S,313,4
Evasion,Ludroth Coat S,313,-3
Stam Recov,Ludroth Leggings S,313,1
Stamina,Ludroth Leggings S,313,3
Evasion,Ludroth Leggings S,313,-1
Stam Recov,Ludroth Cap R,314,4
Evasion,Ludroth Cap R,314,-3
Stam Recov,Ludroth Vest R,314,4
Evasion,Ludroth Vest R,314,-3
Stam Recov,Ludroth Guards R,314,3
Evasion,Ludroth Guards R,314,-3
Stamina,Ludroth Coat R,314,5
Hunger,Ludroth Coat R,314,-5
Stamina,Ludroth Leggings R,314,5
Hunger,Ludroth Leggings R,314,-5
Attack,Barroth Cap,315,3
Haphazard,Barroth Cap,315,2
Attack,Barroth Vest,315,1
Haphazard,Barroth Vest,315,3
Defense,Barroth Vest,315,2
Attack,Barroth Guards,315,2
Defense,Barroth Guards,315,2
Attack,Barroth Coat,315,3
Haphazard,Barroth Coat,315,3
Defense,Barroth Coat,315,2
Attack,Barroth Leggings,315,3
Haphazard,Barroth Leggings,315,2
Defense,Barroth Leggings,315,1
Frenzy Res,Lecturer's Cap,316,2
Psychic,Lecturer's Cap,316,4
Eating,Lecturer's Cap,316,-2
Frenzy Res,Lecturer's Jacket,316,2
Psychic,Lecturer's Jacket,316,4
Eating,Lecturer's Jacket,316,-2
Frenzy Res,Lecturer's Guards,316,3
Psychic,Lecturer's Guards,316,1
Eating,Lecturer's Guards,316,-2
Frenzy Res,Lecturer's Frills,316,3
Psychic,Lecturer's Frills,316,1
Eating,Lecturer's Frills,316,-2
Psychic,Lecturer's Footwear,316,4
Eating,Lecturer's Footwear,316,-2
Sharpener,Alloy Helm S,316,3
Wind Res,Alloy Helm S,316,3
Expert,Alloy Helm S,316,3
Sharpener,Alloy Mail S,316,2
Wind Res,Alloy Mail S,316,1
Expert,Alloy Mail S,316,2
Sharpener,Alloy Vambraces S,316,4
Wind Res,Alloy Vambraces S,316,3
Expert,Alloy Vambraces S,316,1
Wind Res,Alloy Coil S,316,3
Expert,Alloy Coil S,316,1
Sharpener,Alloy Greaves S,316,1
Expert,Alloy Greaves S,316,1
Expert,Alloy Helm R,317,6
Sharpener,Alloy Mail R,317,4
Handicraft,Alloy Mail R,317,-2
Wind Res,Alloy Braces R,317,5
Fate,Alloy Braces R,317,-2
Expert,Alloy Coil R,317,6
Sharpener,Alloy Greaves R,317,6
Handicraft,Alloy Greaves R,317,-3
Attack,Battle Helm S,318,2
Anti-Theft,Battle Helm S,318,2
Guard,Battle Mail S,318,2
Anti-Theft,Battle Mail S,318,3
Guard,Battle Vambraces S,318,1
Attack,Battle Vambraces S,318,2
Anti-Theft,Battle Vambraces S,318,1
Guard,Battle Tassets S,318,4
Attack,Battle Tassets S,318,2
Anti-Theft,Battle Tassets S,318,3
Guard,Battle Greaves S,318,3
Anti-Theft,Battle Greaves S,318,1
Ice Atk,Ingot Helm S,319,4
Wind Res,Ingot Mail S,319,4
Ice Atk,Ingot Mail S,319,2
Fate,Ingot Mail S,319,-2
Ice Atk,Ingot Vambraces S,319,6
Wind Res,Ingot Coil S,319,1
Ice Atk,Ingot Coil S,319,1
Fate,Ingot Coil S,319,-1
Wind Res,Ingot Greaves S,319,7
Fate,Ingot Greaves S,319,-3
Wind Res,Ingot Helm R,320,4
Fate,Ingot Helm R,320,-2
Ice Atk,Ingot Mail R,320,5
Wind Res,Ingot Vambraces R,320,4
Ice Atk,Ingot Vambraces R,320,2
Fate,Ingot Vambraces R,320,-2
Wind Res,Ingot Coil R,320,5
Fate,Ingot Coil R,320,-2
Ice Atk,Ingot Greaves R,320,7
Hearing,High Metal Helm S,321,3
Thunder Res,High Metal Helm S,321,2
Protection,High Metal Helm S,321,-3
Hearing,High Metal Mail S,321,1
Thunder Res,High Metal Mail S,321,4
Hearing,High Metal Braces S,321,2
Thunder Res,High Metal Braces S,321,3
Protection,High Metal Braces S,321,-1
Hearing,High Metal Tassets S,321,2
Thunder Res,High Metal Tassets S,321,1
Protection,High Metal Tassets S,321,-1
Hearing,High Metal Greaves S,321,1
Thunder Res,High Metal Greaves S,321,5
Hearing,High Metal Helm U,322,6
Protection,High Metal Helm U,322,-3
Crit Draw,High Metal Mail U,322,3
Expert,High Metal Mail U,322,-3
Hearing,High Metal Braces U,322,1
Crit Draw,High Metal Braces U,322,2
Expert,High Metal Braces U,322,-3
Crit Draw,High Metal Tassets U,322,5
Expert,High Metal Tassets U,322,-4
Hearing,High Metal Greaves U,322,4
Protection,High Metal Greaves U,322,-2
Dragon Atk,Pink Metal Boots,323,7
Light Eater,Lobster Helm,324,2
Bubble,Lobster Helm,324,2
Thunder Res,Lobster Helm,324,-3
Light Eater,Lobster Mail,324,2
Bubble,Lobster Mail,324,2
Thunder Res,Lobster Mail,324,-3
Light Eater,Lobster Vambraces,324,2
Bubble,Lobster Vambraces,324,2
Thunder Res,Lobster Vambraces,324,-3
Light Eater,Lobster Coil,324,2
Bubble,Lobster Coil,324,2
Thunder Res,Lobster Coil,324,-3
Light Eater,Lobster Greaves,324,2
Bubble,Lobster Greaves,324,2
Thunder Res,Lobster Greaves,324,-3
Attack,Obituary Vertex S,325,4
Constitution,Obituary Vertex S,325,2
Stamina,Obituary Vertex S,325,-1
Constitution,Obituary Thorax S,325,2
Stamina,Obituary Thorax S,325,-1
Attack,Obituary Brachia S,325,5
Constitution,Obituary Elytra S,325,3
Stamina,Obituary Elytra S,325,-1
Attack,Obituary Crura S,325,3
Constitution,Obituary Crura S,325,4
Stamina,Obituary Crura S,325,-2
Attack,Butterfly Vertex S,326,4
Constitution,Butterfly Vertex S,326,2
Stamina,Butterfly Vertex S,326,-1
Constitution,Butterfly Thorax S,326,2
Stamina,Butterfly Thorax S,326,-1
Attack,Butterfly Brachia S,326,5
Constitution,Butterfly Elytra S,326,3
Stamina,Butterfly Elytra S,326,-1
Attack,Butterfly Crura S,326,3
Constitution,Butterfly Crura S,326,4
Stamina,Butterfly Crura S,326,-2
Frenzy Res,Death Stench Brain S,327,2
Dragon Atk,Death Stench Brain S,327,2
Evasion,Death Stench Brain S,327,-2
Dragon Atk,Death Stench Muscle S,327,3
Frenzy Res,Death Stench Grip S,327,3
Evasion,Death Stench Grip S,327,-1
Frenzy Res,Death Stench Bowels S,327,5
Dragon Atk,Death Stench Bowels S,327,1
Evasion,Death Stench Bowels S,327,-3
Dragon Atk,Death Stench Heel S,327,5
Frenzy Res,Death Stench Brain R,328,4
Evasion,Death Stench Brain R,328,-3
Crit Element,Death Stench Muscle R,328,4
Attack,Death Stench Muscle R,328,-2
Frenzy Res,Death Stench Grip R,328,1
Crit Element,Death Stench Grip R,328,1
Attack,Death Stench Grip R,328,-1
Crit Element,Death Stench Bowels R,328,5
Attack,Death Stench Bowels R,328,-3
Frenzy Res,Death Stench Heel R,328,5
Evasion,Death Stench Heel R,328,-3
Water Atk,Vaik Helm S,329,2
Sharpness,Vaik Helm S,329,2
Water Atk,Vaik Mail S,329,2
Sharpness,Vaik Mail S,329,2
Water Atk,Vaik Braces S,329,5
Sharpness,Vaik Braces S,329,1
Sharpness,Vaik Faulds S,329,4
Water Atk,Vaik Greaves S,329,5
Expert,Aelucanth Vertex S,330,5
Critical Up,Aelucanth Vertex S,330,2
Attack,Aelucanth Vertex S,330,-2
Expert,Aelucanth Thorax S,330,2
Critical Up,Aelucanth Thorax S,330,1
Attack,Aelucanth Thorax S,330,-2
Expert,Aelucanth Brachia S,330,1
Critical Up,Aelucanth Brachia S,330,3
Attack,Aelucanth Brachia S,330,-2
Expert,Aelucanth Elytra S,330,5
Critical Up,Aelucanth Elytra S,330,1
Attack,Aelucanth Elytra S,330,-2
Expert,Aelucanth Crura S,330,1
Critical Up,Aelucanth Crura S,330,3
Attack,Aelucanth Crura S,330,-2
Expert,Rhopessa Vertex S,331,5
Critical Up,Rhopessa Vertex S,331,2
Attack,Rhopessa Vertex S,331,-2
Expert,Rhopessa Thorax S,331,2
Critical Up,Rhopessa Thorax S,331,1
Attack,Rhopessa Thorax S,331,-2
Expert,Rhopessa Brachia S,331,1
Critical Up,Rhopessa Brachia S,331,3
Attack,Rhopessa Brachia S,331,-2
Expert,Rhopessa Elytra S,331,5
Critical Up,Rhopessa Elytra S,331,1
Attack,Rhopessa Elytra S,331,-2
Expert,Rhopessa Crura S,331,1
Critical Up,Rhopessa Crura S,331,3
Attack,Rhopessa Crura S,331,-2
Lasting Pwr,Patissier's Toque,332,2
HotBlooded,Patissier's Toque,332,2
Hunger,Patissier's Toque,332,-2
Lasting Pwr,Patissier's Suit,332,2
HotBlooded,Patissier's Suit,332,2
Hunger,Patissier's Suit,332,-3
Lasting Pwr,Patissier's Gloves,332,2
HotBlooded,Patissier's Gloves,332,2
Hunger,Patissier's Gloves,332,-1
Lasting Pwr,Patissier's Sarong,332,2
HotBlooded,Patissier's Sarong,332,2
Hunger,Patissier's Sarong,332,-2
Lasting Pwr,Patissier's Boots,332,2
HotBlooded,Patissier's Boots,332,2
Hunger,Patissier's Boots,332,-2
Crit Status,Skalda Vertex S,333,1
Gloves Off,Skalda Vertex S,333,2
Attack,Skalda Vertex S,333,-1
Gloves Off,Skalda Thorax S,333,3
Crit Status,Skalda Brachia S,333,4
Gloves Off,Skalda Brachia S,333,1
Attack,Skalda Brachia S,333,-2
Crit Status,Skalda Elytra S,333,3
Gloves Off,Skalda Elytra S,333,3
Attack,Skalda Elytra S,333,-2
Crit Status,Skalda Crura S,333,2
Gloves Off,Skalda Crura S,333,1
Attack,Skalda Crura S,333,-1
Crit Status,Spio Vertex S,334,1
Gloves Off,Spio Vertex S,334,2
Attack,Spio Vertex S,334,-1
Gloves Off,Spio Thorax S,334,3
Crit Status,Spio Brachia S,334,4
Gloves Off,Spio Brachia S,334,1
Attack,Spio Brachia S,334,-2
Crit Status,Spio Elytra S,334,3
Gloves Off,Spio Elytra S,334,3
Attack,Spio Elytra S,334,-2
Crit Status,Spio Crura S,334,2
Gloves Off,Spio Crura S,334,1
Attack,Spio Crura S,334,-1
Destroyer,Basarios Helm,335,1
Defense,Basarios Helm,335,3
Destroyer,Basarios Mail,335,2
Defense,Basarios Mail,335,3
Destroyer,Basarios Vambraces,335,4
Defense,Basarios Tassets,335,3
Destroyer,Basarios Greaves,335,3
Defense,Basarios Greaves,335,3
Tenderizer,Malfestio Helm S,336,2
Sleep,Malfestio Helm S,336,4
Perception,Malfestio Helm S,336,1
Tenderizer,Malfestio Mail S,336,2
Sleep,Malfestio Mail S,336,1
Perception,Malfestio Mail S,336,3
Tenderizer,Malfestio Braces S,336,2
Sleep,Malfestio Braces S,336,1
Perception,Malfestio Braces S,336,2
Tenderizer,Malfestio Faulds S,336,2
Sleep,Malfestio Faulds S,336,4
Perception,Malfestio Faulds S,336,2
Tenderizer,Malfestio Greaves S,336,2
Perception,Malfestio Greaves S,336,2
Guard,Zamtrios Helm,337,3
ColdBlooded,Zamtrios Helm,337,2
Fire Res,Zamtrios Helm,337,-2
Guard,Zamtrios Mail,337,4
ColdBlooded,Zamtrios Mail,337,1
Fire Res,Zamtrios Mail,337,-3
Guard,Zamtrios Braces,337,3
ColdBlooded,Zamtrios Braces,337,2
Fire Res,Zamtrios Braces,337,-1
Guard,Zamtrios Faulds,337,2
ColdBlooded,Zamtrios Faulds,337,3
Fire Res,Zamtrios Faulds,337,-2
Guard,Zamtrios Greaves,337,1
ColdBlooded,Zamtrios Greaves,337,2
Fire Res,Zamtrios Greaves,337,-2
Rec Speed,Khezu Helm S,338,4
Rec Level,Khezu Helm S,338,1
Rec Speed,Khezu Mail S,338,3
Rec Level,Khezu Mail S,338,3
Rec Speed,Khezu Vambraces S,338,2
Rec Level,Khezu Tassets S,338,4
Rec Speed,Khezu Greaves S,338,4
Rec Level,Khezu Greaves S,338,2
Rec Level,Khezu Helm R,339,4
Combo Rate,Khezu Helm R,339,-2
Rec Speed,Khezu Mail R,339,5
Combo Rate,Khezu Mail R,339,-2
Rec Level,Khezu Braces R,339,4
Combo Rate,Khezu Braces R,339,-2
Rec Speed,Khezu Tassets R,339,3
Rec Level,Khezu Tassets R,339,1
Combo Rate,Khezu Tassets R,339,-2
Rec Speed,Khezu Greaves R,339,5
Combo Rate,Khezu Greaves R,339,-2
Status,Nerscylla Helm,340,2
Constitution,Nerscylla Helm,340,4
Stun,Nerscylla Helm,340,-2
Status,Nerscylla Mail,340,1
Constitution,Nerscylla Mail,340,3
Stun,Nerscylla Mail,340,-2
Status,Nerscylla Vambraces,340,4
Constitution,Nerscylla Vambraces,340,3
Stun,Nerscylla Vambraces,340,-2
Constitution,Nerscylla Faulds,340,2
Stun,Nerscylla Faulds,340,-2
Status,Nerscylla Greaves,340,3
Constitution,Nerscylla Greaves,340,3
Stun,Nerscylla Greaves,340,-2
Rec Level,Rathian Helm S,341,1
Health,Rathian Helm S,341,3
Rec Speed,Rathian Helm S,341,-1
Rec Level,Rathian Mail S,341,2
Health,Rathian Mail S,341,3
Rec Speed,Rathian Mail S,341,-3
Rec Level,Rathian Braces S,341,1
Health,Rathian Braces S,341,5
Rec Speed,Rathian Braces S,341,-1
Rec Level,Rathian Faulds S,341,2
Health,Rathian Faulds S,341,2
Rec Speed,Rathian Faulds S,341,-1
Rec Level,Rathian Greaves S,341,3
Health,Rathian Greaves S,341,2
Rec Speed,Rathian Greaves S,341,-2
Rec Level,EX Rathian Helm,342,1
Botany,EX Rathian Helm,342,2
Sense,EX Rathian Helm,342,-2
Rec Level,EX Rathian Mail,342,2
Botany,EX Rathian Mail,342,2
Sense,EX Rathian Mail,342,-2
Rec Level,EX Rathian Braces,342,1
Botany,EX Rathian Braces,342,3
Sense,EX Rathian Braces,342,-2
Rec Level,EX Rathian Faulds,342,3
Botany,EX Rathian Faulds,342,2
Sense,EX Rathian Faulds,342,-2
Rec Level,EX Rathian Greaves,342,3
Sense,EX Rathian Greaves,342,-2
Health,Rathian Helm R,343,5
Health,Rathian Mail R,343,3
Rec Level,Rathian Braces R,343,4
Health,Rathian Faulds R,343,5
Rec Level,Rathian Greaves R,343,4
Eating,Nibelsnarf Helm S,344,4
Eating,Nibelsnarf Mail S,344,3
Punish Draw,Nibelsnarf Mail S,344,3
Eating,Nibelsnarf Braces S,344,3
Punish Draw,Nibelsnarf Braces S,344,2
Punish Draw,Nibelsnarf Faulds S,344,4
Eating,Nibelsnarf Greaves S,344,2
Punish Draw,Nibelsnarf Greaves S,344,1
Mounting,Plesioth Helm,345,2
Vault,Plesioth Helm,345,2
Capturer,Plesioth Helm,345,3
Mounting,Plesioth Mail,345,3
Vault,Plesioth Mail,345,2
Capturer,Plesioth Mail,345,2
Mounting,Plesioth Vambraces,345,3
Vault,Plesioth Vambraces,345,2
Capturer,Plesioth Vambraces,345,3
Mounting,Plesioth Greaves,345,2
Vault,Plesioth Greaves,345,4
Capturer,Plesioth Greaves,345,2
Constitution,Blango Helm S,346,2
Ice Atk,Blango Helm S,346,3
Sheathing,Blango Helm S,346,2
Constitution,Blango Mail S,346,4
Sheathing,Blango Mail S,346,1
Constitution,Blango Vambraces S,346,2
Ice Atk,Blango Vambraces S,346,2
Sheathing,Blango Vambraces S,346,1
Constitution,Blango Tassets S,346,2
Ice Atk,Blango Tassets S,346,2
Sheathing,Blango Tassets S,346,4
Ice Atk,Blango Greaves S,346,6
Sheathing,Blango Greaves S,346,2
Constitution,EX Blango Helm,347,2
FastCharge,EX Blango Helm,347,3
Stamina,EX Blango Helm,347,-2
Constitution,EX Blango Mail,347,4
Stamina,EX Blango Mail,347,-2
Constitution,EX Blango Braces,347,2
FastCharge,EX Blango Braces,347,2
Stamina,EX Blango Braces,347,-1
Constitution,EX Blango Tassets,347,2
FastCharge,EX Blango Tassets,347,2
Stamina,EX Blango Tassets,347,-2
FastCharge,EX Blango Greaves,347,4
Guts,Lavasioth Helm,348,3
Crisis,Lavasioth Helm,348,2
Guts,Lavasioth Mail,348,1
Crisis,Lavasioth Mail,348,2
Guts,Lavasioth Braces,348,2
Crisis,Lavasioth Braces,348,3
Guts,Lavasioth Tassets,348,2
Crisis,Lavasioth Tassets,348,3
Guts,Lavasioth Greaves,348,2
Survivor,EX Lavasioth Helm,349,3
Crisis,EX Lavasioth Helm,349,2
Survivor,EX Lavasioth Mail,349,1
Crisis,EX Lavasioth Mail,349,2
Survivor,EX Lavasioth Braces,349,2
Crisis,EX Lavasioth Braces,349,3
Survivor,EX Lavasioth Tassets,349,2
Crisis,EX Lavasioth Tassets,349,3
Survivor,EX Lavasioth Greaves,349,2
Sharpness,Ceanataur Helm S,350,1
Expert,Ceanataur Helm S,350,6
Sharpness,Ceanataur Mail S,350,2
Expert,Ceanataur Mail S,350,3
Sharpness,Ceanataur Braces S,350,4
Expert,Ceanataur Braces S,350,1
Sharpness,Ceanataur Tassets S,350,2
Expert,Ceanataur Tassets S,350,4
Sharpness,Ceanataur Greaves S,350,1
Expert,Ceanataur Greaves S,350,4
Handicraft,EX Ceanataur Helm,351,1
Expert,EX Ceanataur Helm,351,5
Thunder Res,EX Ceanataur Helm,351,-2
Handicraft,EX Ceanataur Mail,351,2
Expert,EX Ceanataur Mail,351,2
Thunder Res,EX Ceanataur Mail,351,-2
Handicraft,EX Ceanataur Braces,351,3
Thunder Res,EX Ceanataur Braces,351,-2
Handicraft,EX Ceanataur Tassets,351,2
Expert,EX Ceanataur Tassets,351,3
Thunder Res,EX Ceanataur Tassets,351,-2
Handicraft,EX Ceanataur Greaves,351,2
Expert,EX Ceanataur Greaves,351,3
Thunder Res,EX Ceanataur Greaves,351,-2
Handicraft,Ceanataur Helm R,352,3
Expert,Ceanataur Helm R,352,2
Handicraft,Ceanataur Mail R,352,1
Sharpness,Ceanataur Mail R,352,3
Expert,Ceanataur Mail R,352,2
Handicraft,Ceanataur Braces R,352,3
Expert,Ceanataur Braces R,352,2
Sharpness,Ceanataur Tassets R,352,4
Expert,Ceanataur Tassets R,352,2
Handicraft,Ceanataur Greaves R,352,3
Expert,Ceanataur Greaves R,352,2
Hearing,Najarala Helm S,353,4
Capturer,Najarala Helm S,353,1
Paralysis,Najarala Helm S,353,1
Hearing,Najarala Mail S,353,3
Capturer,Najarala Mail S,353,1
Paralysis,Najarala Mail S,353,1
Hearing,Najarala Braces S,353,2
Capturer,Najarala Braces S,353,2
Paralysis,Najarala Braces S,353,3
Hearing,Najarala Faulds S,353,1
Capturer,Najarala Faulds S,353,3
Paralysis,Najarala Faulds S,353,2
Capturer,Najarala Greaves S,353,3
Paralysis,Najarala Greaves S,353,3
Evade Dist,Nargacuga Helm S,354,3
Expert,Nargacuga Helm S,354,2
Evasion,Nargacuga Helm S,354,2
Evade Dist,Nargacuga Mail S,354,2
Expert,Nargacuga Mail S,354,3
Evasion,Nargacuga Mail S,354,1
Evade Dist,Nargacuga Braces S,354,1
Expert,Nargacuga Braces S,354,3
Evasion,Nargacuga Braces S,354,1
Expert,Nargacuga Tassets S,354,2
Evade Dist,Nargacuga Greaves S,354,4
Evasion,Nargacuga Greaves S,354,1
Hearing,Garuga Helm S,355,2
Fencing,Garuga Helm S,355,3
Gathering,Garuga Helm S,355,-2
Hearing,Garuga Mail S,355,2
Fencing,Garuga Mail S,355,3
Gathering,Garuga Mail S,355,-3
Hearing,Garuga Vambraces S,355,2
Fencing,Garuga Vambraces S,355,2
Gathering,Garuga Vambraces S,355,-1
Hearing,Garuga Tassets S,355,1
Fencing,Garuga Tassets S,355,2
Gathering,Garuga Tassets S,355,-1
Hearing,Garuga Greaves S,355,3
Gathering,Garuga Greaves S,355,-3
Bleeding,Uragaan Helm S,356,5
Defense,Uragaan Helm S,356,3
Punish Draw,Uragaan Mail S,356,4
Defense,Uragaan Mail S,356,1
Punish Draw,Uragaan Vambraces S,356,1
Bleeding,Uragaan Vambraces S,356,3
Defense,Uragaan Vambraces S,356,1
Punish Draw,Uragaan Faulds S,356,2
Bleeding,Uragaan Faulds S,356,2
Defense,Uragaan Faulds S,356,2
Punish Draw,Uragaan Greaves S,356,3
Defense,Uragaan Greaves S,356,3
Critical Up,Black Belt Mail S,357,3
Gloves Off,Black Belt Mail S,357,2
Critical Up,Black Belt Tassets S,357,2
Gloves Off,Black Belt Tassets S,357,2
Guard,Guardian Helm,358,1
Sharpener,Guardian Helm,358,4
Sense,Guardian Helm,358,-2
Guard,Guardian Suit,358,3
Sharpener,Guardian Suit,358,2
Sense,Guardian Suit,358,-2
Guard,Guardian Braces,358,2
Sharpener,Guardian Braces,358,3
Sense,Guardian Braces,358,-2
Guard,Guardian Coil,358,3
Sharpener,Guardian Coil,358,1
Sense,Guardian Coil,358,-2
Guard,Guardian Boots,358,3
Sense,Guardian Boots,358,-2
Guard,Guardian Helm U,359,1
Artillery,Guardian Helm U,359,4
Sense,Guardian Helm U,359,-2
Guard,Guardian Suit U,359,3
Artillery,Guardian Suit U,359,2
Sense,Guardian Suit U,359,-2
Guard,Guardian Braces U,359,2
Artillery,Guardian Braces U,359,3
Sense,Guardian Braces U,359,-2
Guard,Guardian Coil U,359,3
Artillery,Guardian Coil U,359,1
Sense,Guardian Coil U,359,-2
Guard,Guardian Boots U,359,3
Artillery,Guardian Boots U,359,2
Sense,Guardian Boots U,359,-2
Evasion,Scholar's Beret,360,1
Maestro,Scholar's Beret,360,4
Sense,Scholar's Beret,360,-2
Evasion,Scholar's Blouse,360,3
Maestro,Scholar's Blouse,360,2
Sense,Scholar's Blouse,360,-2
Evasion,Scholar's Gloves,360,2
Maestro,Scholar's Gloves,360,3
Sense,Scholar's Gloves,360,-2
Evasion,Scholar's Skirt,360,3
Maestro,Scholar's Skirt,360,1
Sense,Scholar's Skirt,360,-2
Evasion,Scholar's Socks,360,3
Sense,Scholar's Socks,360,-2
Evasion,Sailor Hat,361,1
FastCharge,Sailor Hat,361,4
Sense,Sailor Hat,361,-2
Evasion,Sailor Suit,361,3
FastCharge,Sailor Suit,361,2
Sense,Sailor Suit,361,-2
Evasion,Sailor Gloves,361,2
FastCharge,Sailor Gloves,361,3
Sense,Sailor Gloves,361,-2
Evasion,Sailor Skirt,361,3
FastCharge,Sailor Skirt,361,1
Sense,Sailor Skirt,361,-2
Evasion,Sailor Socks,361,3
Sense,Sailor Socks,361,-2
D. Fencing,Kita Star Headdress,362,3
Attack,Kita Star Headdress,362,-3
D. Fencing,Kita Star Jacket,362,2
Attack,Kita Star Jacket,362,-2
D. Fencing,Kita Star Sleeves,362,2
Attack,Kita Star Sleeves,362,-2
D. Fencing,Kita Star Hakama,362,3
Attack,Kita Star Hakama,362,-3
Destroyer,Strange Helm,363,2
Maestro,Strange Helm,363,2
Health,Strange Helm,363,3
Destroyer,Strange Mail,363,1
Maestro,Strange Mail,363,2
Health,Strange Mail,363,3
Destroyer,Strange Vambraces,363,2
Maestro,Strange Vambraces,363,2
Health,Strange Vambraces,363,3
Destroyer,Strange Faulds,363,2
Maestro,Strange Faulds,363,2
Health,Strange Faulds,363,3
Destroyer,Strange Greaves,363,3
Maestro,Strange Greaves,363,2
Health,Strange Greaves,363,3
Attack,Booyah Jacket,364,5
Sense,Booyah Jacket,364,-5
Attack,Booyah Belt,364,5
Stam Recov,Booyah Belt,364,2
Sense,Booyah Belt,364,-3
Attack,Booyah Jeans,364,3
Stam Recov,Booyah Jeans,364,5
Sense,Booyah Jeans,364,-2
Survivor,Biker Jacket,365,10
Survivor,Rider Jacket,366,10
Potential,Black Leather Chaps,367,6
Stun,Black Leather Chaps,367,2
ColdBlooded,X Gammoth Jacket,368,3
Ranger,X Gammoth Jacket,368,5
Bubble,X Mizutsune Jacket,369,3
Ranger,X Mizutsune Jacket,369,5
Grinder,X Dino Jacket,370,3
Ranger,X Dino Jacket,370,5
Chain Crit,X Astalos Jacket,371,3
Ranger,X Astalos Jacket,371,5
Reload Spd,Alloy Cap S,371,3
Wind Res,Alloy Cap S,371,3
Expert,Alloy Cap S,371,3
Reload Spd,Alloy Vest S,371,2
Wind Res,Alloy Vest S,371,1
Expert,Alloy Vest S,371,2
Reload Spd,Alloy Guards S,371,4
Wind Res,Alloy Guards S,371,3
Expert,Alloy Guards S,371,1
Wind Res,Alloy Coat S,371,3
Expert,Alloy Coat S,371,1
Reload Spd,Alloy Leggings S,371,1
Expert,Alloy Leggings S,371,1
Expert,Alloy Cap R,372,7
Reload Spd,Alloy Vest R,372,4
Recoil,Alloy Vest R,372,-2
Wind Res,Alloy Guards R,372,5
Fate,Alloy Guards R,372,-2
Expert,Alloy Coat R,372,5
Reload Spd,Alloy Leggings R,372,6
Recoil,Alloy Leggings R,372,-3
Attack,Battle Cap S,373,3
Anti-Theft,Battle Cap S,373,2
Recoil,Battle Vest S,373,2
Anti-Theft,Battle Vest S,373,3
Recoil,Battle Guards S,373,1
Attack,Battle Guards S,373,2
Anti-Theft,Battle Guards S,373,1
Recoil,Battle Coat S,373,4
Attack,Battle Coat S,373,1
Anti-Theft,Battle Coat S,373,3
Recoil,Battle Leggings S,373,3
Anti-Theft,Battle Leggings S,373,1
Ice Atk,Ingot Cap S,374,5
Wind Res,Ingot Vest S,374,4
Ice Atk,Ingot Vest S,374,2
Fate,Ingot Vest S,374,-2
Ice Atk,Ingot Guards S,374,5
Wind Res,Ingot Coat S,374,1
Ice Atk,Ingot Coat S,374,1
Fate,Ingot Coat S,374,-1
Wind Res,Ingot Leggings S,374,7
Fate,Ingot Leggings S,374,-3
Wind Res,Ingot Cap R,375,5
Fate,Ingot Cap R,375,-2
Ice Atk,Ingot Vest R,375,5
Wind Res,Ingot Guards R,375,3
Ice Atk,Ingot Guards R,375,2
Fate,Ingot Guards R,375,-2
Wind Res,Ingot Coat R,375,5
Fate,Ingot Coat R,375,-2
Ice Atk,Ingot Leggings R,375,7
Hearing,High Metal Cap S,376,4
Thunder Res,High Metal Cap S,376,2
Protection,High Metal Cap S,376,-3
Hearing,High Metal Vest S,376,1
Thunder Res,High Metal Vest S,376,4
Hearing,High Metal Guards S,376,2
Thunder Res,High Metal Guards S,376,3
Protection,High Metal Guards S,376,-1
Hearing,High Metal Coat S,376,2
Thunder Res,High Metal Coat S,376,1
Protection,High Metal Coat S,376,-1
Hearing,High Metal Leggings S,376,1
Thunder Res,High Metal Leggings S,376,5
Hearing,High Metal Cap U,377,7
Protection,High Metal Cap U,377,-3
Heavy Up,High Metal Vest U,377,3
Expert,High Metal Vest U,377,-3
Hearing,High Metal Guards U,377,1
Heavy Up,High Metal Guards U,377,2
Expert,High Metal Guards U,377,-3
Heavy Up,High Metal Coat U,377,5
Expert,High Metal Coat U,377,-4
Hearing,High Metal Leggings U,377,3
Protection,High Metal Leggings U,377,-2
Dragon Atk,Pink Metal Feet,378,7
Light Eater,Lobster Cap,379,3
Bubble,Lobster Cap,379,2
Thunder Res,Lobster Cap,379,-3
Light Eater,Lobster Vest,379,2
Bubble,Lobster Vest,379,2
Thunder Res,Lobster Vest,379,-3
Light Eater,Lobster Guards,379,2
Bubble,Lobster Guards,379,2
Thunder Res,Lobster Guards,379,-3
Light Eater,Lobster Coat,379,1
Bubble,Lobster Coat,379,2
Thunder Res,Lobster Coat,379,-3
Light Eater,Lobster Leggings,379,2
Bubble,Lobster Leggings,379,2
Thunder Res,Lobster Leggings,379,-3
Attack,Obituary Clypeus S,380,4
Constitution,Obituary Clypeus S,380,3
Stamina,Obituary Clypeus S,380,-1
Constitution,Obituary Pleuron S,380,2
Stamina,Obituary Pleuron S,380,-1
Attack,Obituary Manus S,380,5
Constitution,Obituary Alae S,380,3
Stamina,Obituary Alae S,380,-1
Attack,Obituary Tarsi S,380,3
Constitution,Obituary Tarsi S,380,3
Stamina,Obituary Tarsi S,380,-2
Attack,Butterfly Clypeus S,381,4
Constitution,Butterfly Clypeus S,381,3
Stamina,Butterfly Clypeus S,381,-1
Constitution,Butterfly Pleuron S,381,2
Stamina,Butterfly Pleuron S,381,-1
Attack,Butterfly Manus S,381,5
Constitution,Butterfly Alae S,381,3
Stamina,Butterfly Alae S,381,-1
Attack,Butterfly Tarsi S,381,3
Constitution,Butterfly Tarsi S,381,3
Stamina,Butterfly Tarsi S,381,-2
Frenzy Res,Death Stench Soul S,382,3
Dragon Atk,Death Stench Soul S,382,2
Evasion,Death Stench Soul S,382,-2
Dragon Atk,Death Stench Heart S,382,3
Frenzy Res,Death Stench Grasp S,382,2
Evasion,Death Stench Grasp S,382,-1
Frenzy Res,Death Stench Belly S,382,5
Dragon Atk,Death Stench Belly S,382,1
Evasion,Death Stench Belly S,382,-3
Dragon Atk,Death Stench March S,382,5
Frenzy Res,Death Stench Soul R,383,5
Evasion,Death Stench Soul R,383,-3
Crit Element,Death Stench Heart R,383,4
Attack,Death Stench Heart R,383,-2
Frenzy Res,Death Stench Grasp R,383,1
Crit Element,Death Stench Grasp R,383,1
Attack,Death Stench Grasp R,383,-1
Crit Element,Death Stench Belly R,383,5
Attack,Death Stench Belly R,383,-3
Frenzy Res,Death Stench March R,383,4
Evasion,Death Stench March R,383,-3
Water Atk,Vaik Cap S,384,2
Ammo Saver,Vaik Cap S,384,3
Water Atk,Vaik Vest S,384,2
Ammo Saver,Vaik Vest S,384,1
Water Atk,Vaik Guards S,384,5
Ammo Saver,Vaik Guards S,384,1
Ammo Saver,Vaik Coat S,384,4
Water Atk,Vaik Leggings S,384,5
Expert,Aelucanth Clypeus S,385,6
Critical Up,Aelucanth Clypeus S,385,2
Attack,Aelucanth Clypeus S,385,-2
Expert,Aelucanth Pleuron S,385,2
Critical Up,Aelucanth Pleuron S,385,1
Attack,Aelucanth Pleuron S,385,-2
Expert,Aelucanth Manus S,385,1
Critical Up,Aelucanth Manus S,385,3
Attack,Aelucanth Manus S,385,-2
Expert,Aelucanth Alae S,385,4
Critical Up,Aelucanth Alae S,385,1
Attack,Aelucanth Alae S,385,-2
Expert,Aelucanth Tarsi S,385,1
Critical Up,Aelucanth Tarsi S,385,3
Attack,Aelucanth Tarsi S,385,-2
Expert,Rhopessa Clypeus S,386,6
Critical Up,Rhopessa Clypeus S,386,2
Attack,Rhopessa Clypeus S,386,-2
Expert,Rhopessa Pleuron S,386,2
Critical Up,Rhopessa Pleuron S,386,1
Attack,Rhopessa Pleuron S,386,-2
Expert,Rhopessa Manus S,386,1
Critical Up,Rhopessa Manus S,386,3
Attack,Rhopessa Manus S,386,-2
Expert,Rhopessa Alae S,386,4
Critical Up,Rhopessa Alae S,386,1
Attack,Rhopessa Alae S,386,-2
Expert,Rhopessa Tarsi S,386,1
Critical Up,Rhopessa Tarsi S,386,3
Attack,Rhopessa Tarsi S,386,-2
Lasting Pwr,Patissier's Cap,387,3
HotBlooded,Patissier's Cap,387,2
Hunger,Patissier's Cap,387,-2
Lasting Pwr,Patissier's Vest,387,2
HotBlooded,Patissier's Vest,387,2
Hunger,Patissier's Vest,387,-3
Lasting Pwr,Patissier's Mitts,387,2
HotBlooded,Patissier's Mitts,387,2
Hunger,Patissier's Mitts,387,-1
Lasting Pwr,Patissier's Apron,387,1
HotBlooded,Patissier's Apron,387,2
Hunger,Patissier's Apron,387,-2
Lasting Pwr,Patissier's Footwear,387,2
HotBlooded,Patissier's Footwear,387,2
Hunger,Patissier's Footwear,387,-2
Crit Status,Skalda Clypeus S,388,2
Gloves Off,Skalda Clypeus S,388,2
Attack,Skalda Clypeus S,388,-1
Gloves Off,Skalda Pleuron S,388,3
Crit Status,Skalda Manus S,388,3
Gloves Off,Skalda Manus S,388,1
Attack,Skalda Manus S,388,-2
Crit Status,Skalda Alae S,388,3
Gloves Off,Skalda Alae S,388,3
Attack,Skalda Alae S,388,-2
Crit Status,Skalda Tarsi S,388,2
Gloves Off,Skalda Tarsi S,388,1
Attack,Skalda Tarsi S,388,-1
Crit Status,Spio Clypeus S,389,2
Gloves Off,Spio Clypeus S,389,2
Attack,Spio Clypeus S,389,-1
Gloves Off,Spio Pleuron S,389,3
Crit Status,Spio Manus S,389,3
Gloves Off,Spio Manus S,389,1
Attack,Spio Manus S,389,-2
Crit Status,Spio Alae S,389,3
Gloves Off,Spio Alae S,389,3
Attack,Spio Alae S,389,-2
Crit Status,Spio Tarsi S,389,2
Gloves Off,Spio Tarsi S,389,1
Attack,Spio Tarsi S,389,-1
Destroyer,Basarios Cap,390,2
Defense,Basarios Cap,390,3
Destroyer,Basarios Vest,390,2
Defense,Basarios Vest,390,3
Destroyer,Basarios Guards,390,3
Defense,Basarios Coat,390,3
Destroyer,Basarios Leggings,390,3
Defense,Basarios Leggings,390,3
Tenderizer,Malfestio Cap S,391,3
Sleep,Malfestio Cap S,391,4
Perception,Malfestio Cap S,391,1
Tenderizer,Malfestio Vest S,391,2
Sleep,Malfestio Vest S,391,1
Perception,Malfestio Vest S,391,3
Tenderizer,Malfestio Guards S,391,2
Sleep,Malfestio Guards S,391,1
Perception,Malfestio Guards S,391,2
Tenderizer,Malfestio Coat S,391,2
Sleep,Malfestio Coat S,391,4
Perception,Malfestio Coat S,391,2
Tenderizer,Malfestio Leggings S,391,1
Perception,Malfestio Leggings S,391,2
Recoil,Zamtrios Cap,392,3
ColdBlooded,Zamtrios Cap,392,2
Fire Res,Zamtrios Cap,392,-2
Recoil,Zamtrios Vest,392,4
ColdBlooded,Zamtrios Vest,392,1
Fire Res,Zamtrios Vest,392,-3
Recoil,Zamtrios Guards,392,3
ColdBlooded,Zamtrios Guards,392,2
Fire Res,Zamtrios Guards,392,-1
Recoil,Zamtrios Coat,392,2
ColdBlooded,Zamtrios Coat,392,3
Fire Res,Zamtrios Coat,392,-2
Recoil,Zamtrios Leggings,392,1
ColdBlooded,Zamtrios Leggings,392,2
Fire Res,Zamtrios Leggings,392,-2
Rec Speed,Khezu Cap S,393,5
Rec Level,Khezu Cap S,393,1
Rec Speed,Khezu Vest S,393,2
Rec Level,Khezu Vest S,393,3
Rec Speed,Khezu Guards S,393,2
Rec Level,Khezu Coat S,393,4
Rec Speed,Khezu Leggings S,393,4
Rec Level,Khezu Leggings S,393,2
Rec Level,Khezu Cap R,394,5
Combo Rate,Khezu Cap R,394,-2
Rec Speed,Khezu Vest R,394,5
Combo Rate,Khezu Vest R,394,-2
Rec Level,Khezu Guards R,394,3
Combo Rate,Khezu Guards R,394,-2
Rec Speed,Khezu Coat R,394,3
Rec Level,Khezu Coat R,394,1
Combo Rate,Khezu Coat R,394,-2
Rec Speed,Khezu Leggings R,394,5
Combo Rate,Khezu Leggings R,394,-2
Status,Nerscylla Cap,395,3
Constitution,Nerscylla Cap,395,4
Stun,Nerscylla Cap,395,-2
Status,Nerscylla Vest,395,1
Constitution,Nerscylla Vest,395,3
Stun,Nerscylla Vest,395,-2
Status,Nerscylla Guards,395,3
Constitution,Nerscylla Guards,395,3
Stun,Nerscylla Guards,395,-2
Constitution,Nerscylla Coat,395,2
Stun,Nerscylla Coat,395,-2
Status,Nerscylla Leggings,395,3
Constitution,Nerscylla Leggings,395,3
Stun,Nerscylla Leggings,395,-2
Rec Level,Rathian Cap S,396,2
Health,Rathian Cap S,396,3
Rec Speed,Rathian Cap S,396,-1
Rec Level,Rathian Vest S,396,2
Health,Rathian Vest S,396,3
Rec Speed,Rathian Vest S,396,-3
Rec Level,Rathian Guards S,396,1
Health,Rathian Guards S,396,5
Rec Speed,Rathian Guards S,396,-1
Rec Level,Rathian Coat S,396,1
Health,Rathian Coat S,396,2
Rec Speed,Rathian Coat S,396,-1
Rec Level,Rathian Leggings S,396,3
Health,Rathian Leggings S,396,2
Rec Speed,Rathian Leggings S,396,-2
Rec Level,EX Rathian Cap,397,2
Botany,EX Rathian Cap,397,2
Sense,EX Rathian Cap,397,-2
Rec Level,EX Rathian Vest,397,2
Botany,EX Rathian Vest,397,2
Sense,EX Rathian Vest,397,-2
Rec Level,EX Rathian Guards,397,1
Botany,EX Rathian Guards,397,3
Sense,EX Rathian Guards,397,-2
Rec Level,EX Rathian Coat,397,2
Botany,EX Rathian Coat,397,2
Sense,EX Rathian Coat,397,-2
Rec Level,EX Rathian Leggings,397,3
Sense,EX Rathian Leggings,397,-2
Health,Rathian Cap R,398,6
Health,Rathian Vest R,398,2
Rec Level,Rathian Guards R,398,4
Health,Rathian Coat R,398,5
Rec Level,Rathian Leggings R,398,4
Eating,Nibelsnarf Cap S,399,4
Eating,Nibelsnarf Vest S,399,3
Reload Spd,Nibelsnarf Vest S,399,3
Eating,Nibelsnarf Guards S,399,1
Reload Spd,Nibelsnarf Guards S,399,2
Reload Spd,Nibelsnarf Coat S,399,4
Eating,Nibelsnarf Leggings S,399,2
Reload Spd,Nibelsnarf Leggings S,399,1
Mounting,Plesioth Cap,400,3
Vault,Plesioth Cap,400,2
Capturer,Plesioth Cap,400,3
Mounting,Plesioth Vest,400,3
Vault,Plesioth Vest,400,2
Capturer,Plesioth Vest,400,2
Mounting,Plesioth Guards,400,2
Vault,Plesioth Guards,400,2
Capturer,Plesioth Guards,400,3
Mounting,Plesioth Leggings,400,2
Vault,Plesioth Leggings,400,4
Capturer,Plesioth Leggings,400,2
Constitution,Blango Cap S,401,3
Ice Atk,Blango Cap S,401,3
Sheathing,Blango Cap S,401,2
Constitution,Blango Vest S,401,4
Sheathing,Blango Vest S,401,1
Constitution,Blango Guards S,401,1
Ice Atk,Blango Guards S,401,2
Sheathing,Blango Guards S,401,1
Constitution,Blango Coat S,401,2
Ice Atk,Blango Coat S,401,2
Sheathing,Blango Coat S,401,4
Ice Atk,Blango Leggings S,401,6
Sheathing,Blango Leggings S,401,2
Constitution,EX Blango Cap,402,3
FastCharge,EX Blango Cap,402,3
Stamina,EX Blango Cap,402,-2
Constitution,EX Blango Vest,402,4
Stamina,EX Blango Vest,402,-2
Constitution,EX Blango Guards,402,1
FastCharge,EX Blango Guards,402,2
Stamina,EX Blango Guards,402,-1
Constitution,EX Blango Coat,402,2
FastCharge,EX Blango Coat,402,2
Stamina,EX Blango Coat,402,-2
FastCharge,EX Blango Leggings,402,4
Guts,Lavasioth Cap,403,3
Crisis,Lavasioth Cap,403,3
Guts,Lavasioth Vest,403,1
Crisis,Lavasioth Vest,403,2
Guts,Lavasioth Guards,403,2
Crisis,Lavasioth Guards,403,3
Guts,Lavasioth Coat,403,2
Crisis,Lavasioth Coat,403,2
Guts,Lavasioth Leggings,403,2
Survivor,EX Lavasioth Cap,404,3
Crisis,EX Lavasioth Cap,404,3
Survivor,EX Lavasioth Vest,404,1
Crisis,EX Lavasioth Vest,404,2
Survivor,EX Lavasioth Guards,404,2
Crisis,EX Lavasioth Guards,404,3
Survivor,EX Lavasioth Coat,404,2
Crisis,EX Lavasioth Coat,404,2
Survivor,EX Lavasioth Leggings,404,2
Ammo Saver,Ceanataur Cap S,405,1
Expert,Ceanataur Cap S,405,6
Ammo Saver,Ceanataur Vest S,405,2
Expert,Ceanataur Vest S,405,3
Ammo Saver,Ceanataur Guards S,405,4
Expert,Ceanataur Guards S,405,1
Ammo Saver,Ceanataur Coat S,405,2
Expert,Ceanataur Coat S,405,4
Ammo Saver,Ceanataur Leggings S,405,1
Expert,Ceanataur Leggings S,405,4
Normal Up,EX Ceanataur Cap,406,1
Expert,EX Ceanataur Cap,406,5
Thunder Res,EX Ceanataur Cap,406,-2
Normal Up,EX Ceanataur Vest,406,2
Expert,EX Ceanataur Vest,406,2
Thunder Res,EX Ceanataur Vest,406,-2
Normal Up,EX Ceanataur Guards,406,3
Thunder Res,EX Ceanataur Guards,406,-2
Normal Up,EX Ceanataur Coat,406,2
Expert,EX Ceanataur Coat,406,3
Thunder Res,EX Ceanataur Coat,406,-2
Normal Up,EX Ceanataur Leggings,406,2
Expert,EX Ceanataur Leggings,406,3
Thunder Res,EX Ceanataur Leggings,406,-2
Normal Up,Ceanataur Cap R,407,3
Expert,Ceanataur Cap R,407,2
Normal Up,Ceanataur Vest R,407,1
Ammo Saver,Ceanataur Vest R,407,3
Expert,Ceanataur Vest R,407,2
Normal Up,Ceanataur Guards R,407,3
Expert,Ceanataur Guards R,407,2
Ammo Saver,Ceanataur Coat R,407,4
Expert,Ceanataur Coat R,407,2
Normal Up,Ceanataur Leggings R,407,3
Expert,Ceanataur Leggings R,407,2
Hearing,Najarala Cap S,408,4
Capturer,Najarala Cap S,408,2
Paralysis,Najarala Cap S,408,1
Hearing,Najarala Vest S,408,3
Capturer,Najarala Vest S,408,1
Paralysis,Najarala Vest S,408,1
Hearing,Najarala Guards S,408,2
Capturer,Najarala Guards S,408,2
Paralysis,Najarala Guards S,408,3
Hearing,Najarala Coat S,408,1
Capturer,Najarala Coat S,408,2
Paralysis,Najarala Coat S,408,2
Capturer,Najarala Leggings S,408,3
Paralysis,Najarala Leggings S,408,3
Evade Dist,Nargacuga Cap S,409,3
Expert,Nargacuga Cap S,409,3
Evasion,Nargacuga Cap S,409,2
Evade Dist,Nargacuga Vest S,409,2
Expert,Nargacuga Vest S,409,3
Evasion,Nargacuga Vest S,409,1
Evade Dist,Nargacuga Guards S,409,1
Expert,Nargacuga Guards S,409,2
Evasion,Nargacuga Guards S,409,1
Expert,Nargacuga Coat S,409,2
Evade Dist,Nargacuga Leggings S,409,4
Evasion,Nargacuga Leggings S,409,1
Hearing,Garuga Cap S,410,2
Haphazard,Garuga Cap S,410,3
Gathering,Garuga Cap S,410,-2
Hearing,Garuga Vest S,410,2
Haphazard,Garuga Vest S,410,3
Gathering,Garuga Vest S,410,-3
Hearing,Garuga Guards S,410,2
Haphazard,Garuga Guards S,410,2
Gathering,Garuga Guards S,410,-1
Hearing,Garuga Coat S,410,1
Haphazard,Garuga Coat S,410,2
Gathering,Garuga Coat S,410,-1
Hearing,Garuga Leggings S,410,3
Gathering,Garuga Leggings S,410,-3
Bleeding,Uragaan Cap S,411,6
Defense,Uragaan Cap S,411,3
Pellet Up,Uragaan Vest S,411,4
Defense,Uragaan Vest S,411,1
Pellet Up,Uragaan Guards S,411,1
Bleeding,Uragaan Guards S,411,2
Defense,Uragaan Guards S,411,1
Pellet Up,Uragaan Coat S,411,2
Bleeding,Uragaan Coat S,411,2
Defense,Uragaan Coat S,411,2
Pellet Up,Uragaan Leggings S,411,3
Defense,Uragaan Leggings S,411,3
Critical Up,Black Belt Vest S,412,3
Gloves Off,Black Belt Vest S,412,2
Critical Up,Black Belt Coat S,412,2
Gloves Off,Black Belt Coat S,412,2
Guard,Guardian Mask,413,1
Reload Spd,Guardian Mask,413,4
Sense,Guardian Mask,413,-2
Guard,Guardian Vest,413,3
Reload Spd,Guardian Vest,413,2
Sense,Guardian Vest,413,-2
Guard,Guardian Guards,413,2
Reload Spd,Guardian Guards,413,3
Sense,Guardian Guards,413,-2
Guard,Guardian Coat,413,3
Reload Spd,Guardian Coat,413,1
Sense,Guardian Coat,413,-2
Guard,Guardian Pants,413,3
Sense,Guardian Pants,413,-2
Guard,Guardian Mask U,414,1
Recoil,Guardian Mask U,414,4
Sense,Guardian Mask U,414,-2
Guard,Guardian Vest U,414,3
Recoil,Guardian Vest U,414,2
Sense,Guardian Vest U,414,-2
Guard,Guardian Guards U,414,2
Recoil,Guardian Guards U,414,3
Sense,Guardian Guards U,414,-2
Guard,Guardian Coat U,414,3
Recoil,Guardian Coat U,414,1
Sense,Guardian Coat U,414,-2
Guard,Guardian Pants U,414,3
Recoil,Guardian Pants U,414,2
Sense,Guardian Pants U,414,-2
Evasion,Scholar's Cap,415,1
Precision,Scholar's Cap,415,4
Sense,Scholar's Cap,415,-2
Evasion,Scholar's Vest,415,3
Precision,Scholar's Vest,415,2
Sense,Scholar's Vest,415,-2
Evasion,Scholar's Sleeves,415,3
Precision,Scholar's Sleeves,415,3
Sense,Scholar's Sleeves,415,-2
Evasion,Scholar's Mini,415,3
Precision,Scholar's Mini,415,1
Sense,Scholar's Mini,415,-2
Evasion,Scholar's Sandals,415,3
Sense,Scholar's Sandals,415,-2
Evasion,Sailor Cap,416,2
FastCharge,Sailor Cap,416,4
Sense,Sailor Cap,416,-2
Evasion,Sailor Vest,416,3
FastCharge,Sailor Vest,416,2
Sense,Sailor Vest,416,-2
Evasion,Sailor Sleeves,416,2
FastCharge,Sailor Sleeves,416,3
Sense,Sailor Sleeves,416,-2
Evasion,Sailor Mini,416,2
FastCharge,Sailor Mini,416,1
Sense,Sailor Mini,416,-2
Evasion,Sailor Sandals,416,3
Sense,Sailor Sandals,416,-2
D. Fencing,Umi Ocean Headdress,417,3
Attack,Umi Ocean Headdress,417,-2
D. Fencing,Umi Ocean Jacket,417,2
Attack,Umi Ocean Jacket,417,-3
D. Fencing,Umi Ocean Sleeves,417,2
Attack,Umi Ocean Sleeves,417,-2
D. Fencing,Umi Ocean Hakama,417,3
Attack,Umi Ocean Hakama,417,-3
Destroyer,Strange Cap,418,3
Maestro,Strange Cap,418,2
Health,Strange Cap,418,3
Destroyer,Strange Vest,418,1
Maestro,Strange Vest,418,2
Health,Strange Vest,418,3
Destroyer,Strange Guards,418,2
Maestro,Strange Guards,418,2
Health,Strange Guards,418,3
Destroyer,Strange Coat,418,2
Maestro,Strange Coat,418,2
Health,Strange Coat,418,3
Destroyer,Strange Leggings,418,2
Maestro,Strange Leggings,418,2
Health,Strange Leggings,418,3
Attack,Booyah Bomber,419,5
Sense,Booyah Bomber,419,-5
Attack,Booyah Buckle,419,5
Stam Recov,Booyah Buckle,419,2
Sense,Booyah Buckle,419,-3
Attack,Booyah Denim,419,3
Stam Recov,Booyah Denim,419,5
Sense,Booyah Denim,419,-2
Survivor,Biker Leather,420,10
Survivor,Rider Leather,421,10
Potential,Black Leather Pants,422,6
Stun,Black Leather Pants,422,2
ColdBlooded,X Gammoth Jersey,423,3
Ranger,X Gammoth Jersey,423,5
Bubble,X Mizutsune Jersey,424,3
Ranger,X Mizutsune Jersey,424,5
Grinder,X Dino Jersey,425,3
Ranger,X Dino Jersey,425,5
Chain Crit,X Astalos Jersey,426,3
Ranger,X Astalos Jersey,426,5
Fire Atk,Derring Helm S,426,3
Spirit,Derring Helm S,426,2
Mounting,Derring Mail S,426,3
Spirit,Derring Mail S,426,2
Mounting,Derring Vambraces S,426,5
Spirit,Derring Vambraces S,426,1
Mounting,Derring Faulds S,426,2
Fire Atk,Derring Faulds S,426,3
Spirit,Derring Faulds S,426,2
Fire Atk,Derring Greaves S,426,4
Spirit,Derring Greaves S,426,3
Dragon Atk,Dober Helm,427,3
Blight Res,Dober Helm,427,2
Stun,Dober Mail,427,3
Blight Res,Dober Mail,427,2
Stun,Dober Vambraces,427,5
Blight Res,Dober Vambraces,427,1
Stun,Dober Coil,427,2
Dragon Atk,Dober Coil,427,3
Blight Res,Dober Coil,427,2
Dragon Atk,Dober Greaves,427,4
Blight Res,Dober Greaves,427,3
Insight,Damascus Helm,428,3
Crit Draw,Damascus Helm,428,2
Insight,Damascus Mail,428,1
Crit Draw,Damascus Mail,428,3
Bind Res,Damascus Mail,428,3
Insight,Damascus Vambraces,428,2
Crit Draw,Damascus Vambraces,428,3
Bind Res,Damascus Vambraces,428,2
Insight,Damascus Coil,428,3
Crit Draw,Damascus Coil,428,1
Bind Res,Damascus Coil,428,1
Insight,Damascus Greaves,428,1
Crit Draw,Damascus Greaves,428,1
Bind Res,Damascus Greaves,428,3
Insight,Damascus Helm R,429,4
Crit Draw,Damascus Mail R,429,4
Insight,Damascus Braces R,429,3
Crit Draw,Damascus Braces R,429,2
Crit Draw,Damascus Coil R,429,4
Insight,Damascus Greaves R,429,3
Status,Dark Metal Boots,431,5
Elemental,Chrome Metal Boots,432,5
Def Lock,Artian Mail S,433,5
Thunder Atk,Artian Mail S,433,1
Def Lock,Artian Braces S,433,3
Thunder Atk,Artian Braces S,433,3
Speed Setup,Artian Braces S,433,3
Speed Setup,Artian Coil S,433,5
Thunder Atk,Artian Greaves S,433,6
Speed Setup,Artian Greaves S,433,2
Speed Setup,Artian Helm R,434,7
Def Lock,Artian Mail R,434,6
Def Lock,Artian Braces R,434,3
Speed Setup,Artian Braces R,434,3
Thunder Atk,Artian Coil R,434,7
Thunder Atk,Artian Greaves R,434,7
Vault,Barioth Helm,435,2
Expert,Barioth Helm,435,3
Stamina,Barioth Helm,435,-2
Vault,Barioth Mail,435,1
Expert,Barioth Mail,435,2
Constitution,Barioth Mail,435,3
Stamina,Barioth Mail,435,-2
Vault,Barioth Vambraces,435,2
Expert,Barioth Vambraces,435,2
Constitution,Barioth Vambraces,435,5
Stamina,Barioth Vambraces,435,-2
Vault,Barioth Faulds,435,3
Expert,Barioth Faulds,435,1
Stamina,Barioth Faulds,435,-2
Vault,Barioth Greaves,435,2
Expert,Barioth Greaves,435,4
Stamina,Barioth Greaves,435,-2
Sharpness,Seltas Helm,436,3
Artillery,Seltas Helm,436,2
Hero Shield,Seltas Helm,436,2
Sharpness,Seltas Mail,436,4
Artillery,Seltas Mail,436,1
Hero Shield,Seltas Mail,436,1
Sharpness,Seltas Vambraces,436,2
Artillery,Seltas Vambraces,436,6
Hero Shield,Seltas Vambraces,436,2
Sharpness,Seltas Faulds,436,1
Artillery,Seltas Faulds,436,4
Hero Shield,Seltas Faulds,436,2
Artillery,Seltas Greaves,436,2
Hero Shield,Seltas Greaves,436,3
Tenderizer,Rathalos Helm S,437,4
Attack,Rathalos Helm S,437,3
Tenderizer,Rathalos Mail S,437,3
Attack,Rathalos Mail S,437,1
Tenderizer,Rathalos Braces S,437,1
Attack,Rathalos Braces S,437,4
Tenderizer,Rathalos Faulds S,437,2
Attack,Rathalos Faulds S,437,3
Attack,Rathalos Greaves S,437,4
HotBlooded,EX Rathalos Helm,438,4
Potential,EX Rathalos Helm,438,2
Protection,EX Rathalos Helm,438,-2
HotBlooded,EX Rathalos Mail,438,3
HotBlooded,EX Rathalos Braces,438,1
Potential,EX Rathalos Braces,438,4
Protection,EX Rathalos Braces,438,-3
HotBlooded,EX Rathalos Faulds,438,2
Potential,EX Rathalos Faulds,438,2
Potential,EX Rathalos Greaves,438,4
Protection,EX Rathalos Greaves,438,-3
Tenderizer,Rathalos Helm R,439,5
Tenderizer,Rathalos Mail R,439,2
Attack,Rathalos Mail R,439,3
Attack,Rathalos Braces R,439,6
Attack,Rathalos Faulds R,439,7
Tenderizer,Rathalos Greaves R,439,3
Attack,Rathalos Greaves R,439,1
Stam Recov,Lagiacrus Helm S,440,2
Elemental,Lagiacrus Helm S,440,2
Stam Recov,Lagiacrus Mail S,440,2
Elemental,Lagiacrus Mail S,440,2
Stam Recov,Lagiacrus Braces S,440,1
Guard,Lagiacrus Braces S,440,3
Elemental,Lagiacrus Braces S,440,2
Stam Recov,Lagiacrus Faulds S,440,3
Guard,Lagiacrus Faulds S,440,2
Elemental,Lagiacrus Faulds S,440,2
Stam Recov,Lagiacrus Greaves S,440,2
Guard,Lagiacrus Greaves S,440,3
Elemental,Lagiacrus Greaves S,440,2
Elemental,Lagiacrus Helm R,441,4
Stam Recov,Lagiacrus Mail R,441,4
Elemental,Lagiacrus Braces R,441,3
Guard,Lagiacrus Braces R,441,3
Elemental,Lagiacrus Faulds R,441,3
Guard,Lagiacrus Faulds R,441,5
Stam Recov,Lagiacrus Greaves R,441,5
Guard,Lagiacrus Greaves R,441,2
Gloves Off,Zinogre Helm S,442,5
Crit Element,Zinogre Mail S,442,4
Gloves Off,Zinogre Braces S,442,5
Crit Element,Zinogre Faulds S,442,4
Gloves Off,Zinogre Greaves S,442,5
Crit Element,Zinogre Greaves S,442,2
Gloves Off,EX Zinogre Helm,443,1
Chain Crit,EX Zinogre Helm,443,2
Sense,EX Zinogre Helm,443,-1
Gloves Off,EX Zinogre Mail,443,2
Chain Crit,EX Zinogre Mail,443,2
Sense,EX Zinogre Mail,443,-2
Gloves Off,EX Zinogre Braces,443,3
Chain Crit,EX Zinogre Braces,443,2
Sense,EX Zinogre Braces,443,-1
Gloves Off,EX Zinogre Faulds,443,3
Chain Crit,EX Zinogre Faulds,443,2
Sense,EX Zinogre Faulds,443,-2
Gloves Off,EX Zinogre Greaves,443,3
Chain Crit,EX Zinogre Greaves,443,2
Sense,EX Zinogre Greaves,443,-1
Attack,Gravios Helm,444,1
Guard,Gravios Helm,444,3
Sleep,Gravios Helm,444,2
Attack,Gravios Mail,444,3
Guard,Gravios Mail,444,1
Sleep,Gravios Mail,444,2
Attack,Gravios Vambraces,444,2
Guard,Gravios Vambraces,444,3
Attack,Gravios Tassets,444,3
Guard,Gravios Tassets,444,4
Sleep,Gravios Tassets,444,3
Attack,Gravios Greaves,444,1
Guard,Gravios Greaves,444,2
Bubble,Mizutsune Helm S,445,2
Hunger,Mizutsune Helm S,445,2
Crisis,Mizutsune Helm S,445,1
Bubble,Mizutsune Mail S,445,3
Hunger,Mizutsune Mail S,445,1
Crisis,Mizutsune Mail S,445,2
Bubble,Mizutsune Braces S,445,1
Hunger,Mizutsune Braces S,445,2
Crisis,Mizutsune Braces S,445,3
Bubble,Mizutsune Faulds S,445,2
Hunger,Mizutsune Faulds S,445,2
Crisis,Mizutsune Faulds S,445,2
Bubble,Mizutsune Greaves S,445,2
Hunger,Mizutsune Greaves S,445,3
Crisis,Mizutsune Greaves S,445,1
Chain Crit,Astalos Helm S,446,2
Stun,Astalos Helm S,446,2
Stam Recov,Astalos Helm S,446,2
Chain Crit,Astalos Mail S,446,3
Stun,Astalos Mail S,446,2
Stam Recov,Astalos Mail S,446,2
Chain Crit,Astalos Braces S,446,2
Stun,Astalos Braces S,446,1
Stam Recov,Astalos Braces S,446,2
Chain Crit,Astalos Faulds S,446,2
Stun,Astalos Faulds S,446,2
Stam Recov,Astalos Faulds S,446,2
Chain Crit,Astalos Greaves S,446,1
Stun,Astalos Greaves S,446,3
Stam Recov,Astalos Greaves S,446,2
ColdBlooded,Gammoth Helm S,447,1
Tremor Res,Gammoth Helm S,447,2
Destroyer,Gammoth Helm S,447,1
ColdBlooded,Gammoth Mail S,447,3
Tremor Res,Gammoth Mail S,447,2
Destroyer,Gammoth Mail S,447,2
ColdBlooded,Gammoth Braces S,447,1
Destroyer,Gammoth Braces S,447,2
ColdBlooded,Gammoth Faulds S,447,3
Tremor Res,Gammoth Faulds S,447,2
Destroyer,Gammoth Faulds S,447,1
ColdBlooded,Gammoth Greaves S,447,2
Tremor Res,Gammoth Greaves S,447,4
Destroyer,Gammoth Greaves S,447,2
ColdBlooded,Gammoth Helm S,448,1
Tremor Res,Gammoth Helm S,448,2
Destroyer,Gammoth Helm S,448,1
ColdBlooded,Gammoth Mail S,448,3
Tremor Res,Gammoth Mail S,448,2
Destroyer,Gammoth Mail S,448,2
ColdBlooded,Gammoth Braces S,448,1
Destroyer,Gammoth Braces S,448,2
ColdBlooded,Gammoth Faulds S,448,3
Tremor Res,Gammoth Faulds S,448,2
Destroyer,Gammoth Faulds S,448,1
ColdBlooded,Gammoth Greaves S,448,2
Tremor Res,Gammoth Greaves S,448,4
Destroyer,Gammoth Greaves S,448,2
Grinder,Glavenus Helm S,449,3
Handicraft,Glavenus Helm S,449,2
Grinder,Glavenus Mail S,449,3
Handicraft,Glavenus Mail S,449,2
Grinder,Glavenus Braces S,449,2
Handicraft,Glavenus Braces S,449,3
Grinder,Glavenus Faulds S,449,1
Handicraft,Glavenus Faulds S,449,3
Grinder,Glavenus Greaves S,449,1
Handicraft,Glavenus Greaves S,449,2
HotBlooded,Agnaktor Helm,450,1
Guard,Agnaktor Helm,450,2
HotBlooded,Agnaktor Mail,450,3
Guard,Agnaktor Mail,450,2
HotBlooded,Agnaktor Vambraces,450,1
HotBlooded,Agnaktor Faulds,450,3
Guard,Agnaktor Faulds,450,2
HotBlooded,Agnaktor Greaves,450,2
Guard,Agnaktor Greaves,450,4
Frenzy Res,Gore Helm S,451,5
Frenzy Res,Gore Mail S,451,2
Evasion,Gore Mail S,451,3
Evasion,Gore Braces S,451,4
Frenzy Res,Gore Faulds S,451,3
Evasion,Gore Faulds S,451,3
Evasion,Gore Greaves S,451,4
Spirit,EX Gore Helm,452,4
Biology,EX Gore Helm,452,1
Spirit,EX Gore Mail,452,3
Biology,EX Gore Mail,452,3
Spirit,EX Gore Braces,452,2
Biology,EX Gore Braces,452,4
Spirit,EX Gore Faulds,452,3
Biology,EX Gore Faulds,452,3
Biology,EX Gore Greaves,452,4
Spirit,Gore Helm R,453,3
Frenzy Res,Gore Helm R,453,3
Frenzy Res,Gore Mail R,453,4
Frenzy Res,Gore Braces R,453,4
Spirit,Gore Faulds R,453,4
Spirit,Gore Greaves R,453,6
Crit Draw,Regios Helm S,454,3
Crit Draw,Regios Mail S,454,1
Constitution,Regios Mail S,454,4
Crit Draw,Regios Vambraces S,454,3
Constitution,Regios Vambraces S,454,4
Crit Draw,Regios Tassets S,454,2
Constitution,Regios Tassets S,454,2
Crit Draw,Regios Greaves S,454,1
Constitution,Regios Greaves S,454,4
Destroyer,Duramboros Helm,455,5
Destroyer,Duramboros Mail,455,2
FastCharge,Duramboros Mail,455,2
FastCharge,Duramboros Braces,455,3
Destroyer,Duramboros Faulds,455,3
FastCharge,Duramboros Faulds,455,1
FastCharge,Duramboros Greaves,455,3
Eating,Tigrex Helm S,456,3
Hearing,Tigrex Helm S,456,2
Rec Level,Tigrex Helm S,456,-2
Eating,Tigrex Mail S,456,3
Hearing,Tigrex Mail S,456,3
Rec Level,Tigrex Mail S,456,-2
Eating,Tigrex Braces S,456,3
Hearing,Tigrex Braces S,456,3
Rec Level,Tigrex Braces S,456,-2
Eating,Tigrex Tassets S,456,4
Hearing,Tigrex Tassets S,456,3
Rec Level,Tigrex Tassets S,456,-2
Eating,Tigrex Greaves S,456,2
Hearing,Tigrex Greaves S,456,3
Rec Level,Tigrex Greaves S,456,-1
Eating,EX Tigrex Helm,457,3
Furor,EX Tigrex Helm,457,2
Carnivore,EX Tigrex Helm,457,3
Eating,EX Tigrex Mail,457,3
Furor,EX Tigrex Mail,457,2
Carnivore,EX Tigrex Mail,457,1
Eating,EX Tigrex Braces,457,3
Furor,EX Tigrex Braces,457,1
Carnivore,EX Tigrex Braces,457,2
Eating,EX Tigrex Tassets,457,3
Furor,EX Tigrex Tassets,457,2
Carnivore,EX Tigrex Tassets,457,2
Eating,EX Tigrex Greaves,457,1
Furor,EX Tigrex Greaves,457,3
Carnivore,EX Tigrex Greaves,457,2
Eating,Tigrex Helm R,458,5
Eating,Tigrex Mail R,458,3
Eating,Tigrex Braces R,458,3
Hearing,Tigrex Braces R,458,2
Hearing,Tigrex Tassets R,458,5
Hearing,Tigrex Greaves R,458,5
Elemental,Kirin Horn S,459,2
Protection,Kirin Horn S,459,2
Stamina,Kirin Horn S,459,2
Elemental,Kirin Jacket S,459,3
Protection,Kirin Jacket S,459,1
Stamina,Kirin Jacket S,459,2
Elemental,Kirin Longarms S,459,1
Protection,Kirin Longarms S,459,2
Stamina,Kirin Longarms S,459,2
Elemental,Kirin Hoop S,459,1
Protection,Kirin Hoop S,459,3
Stamina,Kirin Hoop S,459,2
Elemental,Kirin Leg Guards S,459,3
Protection,Kirin Leg Guards S,459,2
Stamina,Kirin Leg Guards S,459,2
Protection,Kirin Horn R,460,4
Protection,Kirin Jacket R,460,3
Elemental,Kirin Longarms R,460,5
Elemental,Kirin Hoop R,460,5
Protection,Kirin Leg Guards R,460,3
Spirit,Brachydios Helm S,461,4
Biology,Brachydios Helm S,461,3
Spirit,Brachydios Mail S,461,2
Biology,Brachydios Mail S,461,3
Spirit,Brachydios Braces S,461,3
Biology,Brachydios Braces S,461,2
Spirit,Brachydios Faulds S,461,4
Biology,Brachydios Faulds S,461,1
Spirit,Brachydios Greaves S,461,2
Biology,Brachydios Greaves S,461,1
Bomb Boost,EX Brachydios Helm,462,4
Handicraft,EX Brachydios Helm,462,3
Bomb Boost,EX Brachydios Mail,462,1
Handicraft,EX Brachydios Mail,462,2
Bomb Boost,EX Brachydios Braces,462,2
Handicraft,EX Brachydios Braces,462,4
Bomb Boost,EX Brachydios Faulds,462,1
Handicraft,EX Brachydios Faulds,462,1
Bomb Boost,EX Brachydios Greaves,462,3
Handicraft,EX Brachydios Greaves,462,1
Insight,Golden Headdress,463,2
Attack,Golden Headdress,463,3
Sense,Golden Headdress,463,-2
Insight,Golden Haori,463,1
Attack,Golden Haori,463,3
Sense,Golden Haori,463,-2
Insight,Golden Kote,463,2
Attack,Golden Kote,463,5
Sense,Golden Kote,463,-2
Insight,Golden Obi,463,3
Attack,Golden Obi,463,1
Sense,Golden Obi,463,-2
Insight,Golden Hakama,463,2
Attack,Golden Hakama,463,3
Sense,Golden Hakama,463,-2
Tenderizer,Vangis Helm,464,2
Destroyer,Vangis Helm,464,2
Hunger,Vangis Helm,464,-2
Tenderizer,Vangis Mail,464,2
Destroyer,Vangis Mail,464,1
Hunger,Vangis Mail,464,-3
Tenderizer,Vangis Vambraces,464,2
Destroyer,Vangis Vambraces,464,3
Hunger,Vangis Vambraces,464,-2
Tenderizer,Vangis Coil,464,2
Destroyer,Vangis Coil,464,2
Hunger,Vangis Coil,464,-2
Tenderizer,Vangis Greaves,464,2
Destroyer,Vangis Greaves,464,2
Hunger,Vangis Greaves,464,-2
Fate,Guild Knight Feather,465,2
Team Player,Guild Knight Feather,465,2
Fate,Guild Knight Suit,465,2
Team Player,Guild Knight Suit,465,2
Fate,Guild Knight Gloves,465,2
Team Player,Guild Knight Gloves,465,2
Fate,Guild Knight Coat,465,2
Team Player,Guild Knight Coat,465,2
Fate,Guild Knight Boots,465,2
Team Player,Guild Knight Boots,465,2
Fate,Maiden's Hat S,466,2
Team Player,Maiden's Hat S,466,2
Fate,Maiden's Suit S,466,2
Team Player,Maiden's Suit S,466,2
Fate,Maiden's Gloves S,466,2
Team Player,Maiden's Gloves S,466,2
Fate,Maiden's Skirt S,466,2
Team Player,Maiden's Skirt S,466,2
Fate,Maiden's Socks S,466,2
Team Player,Maiden's Socks S,466,2
Charmer,Blue Guild Lobos,467,2
Team Player,Blue Guild Lobos,467,2
Charmer,Blue Guild Suit,467,2
Team Player,Blue Guild Suit,467,2
Charmer,Blue Guild Gloves,467,2
Team Player,Blue Guild Gloves,467,2
Charmer,Blue Guild Coil,467,2
Team Player,Blue Guild Coil,467,2
Charmer,Blue Guild Boots,467,2
Team Player,Blue Guild Boots,467,2
Carving,Red Guild Lobos,468,2
Team Player,Red Guild Lobos,468,2
Carving,Red Guild Suit,468,2
Team Player,Red Guild Suit,468,2
Carving,Red Guild Gloves,468,2
Team Player,Red Guild Gloves,468,2
Carving,Red Guild Coil,468,2
Team Player,Red Guild Coil,468,2
Carving,Red Guild Boots,468,2
Team Player,Red Guild Boots,468,2
Charmer,Blue Guild Tricorne,469,2
Team Player,Blue Guild Tricorne,469,2
Charmer,Blue Guild Suit,469,2
Team Player,Blue Guild Suit,469,2
Charmer,Blue Guild Gloves,469,2
Team Player,Blue Guild Gloves,469,2
Charmer,Blue Guild Coil,469,2
Team Player,Blue Guild Coil,469,2
Charmer,Blue Guild Boots,469,2
Team Player,Blue Guild Boots,469,2
Carving,Red Guild Tricorne,470,2
Team Player,Red Guild Tricorne,470,2
Carving,Red Guild Suit,470,2
Team Player,Red Guild Suit,470,2
Carving,Red Guild Gloves,470,2
Team Player,Red Guild Gloves,470,2
Carving,Red Guild Coil,470,2
Team Player,Red Guild Coil,470,2
Carving,Red Guild Boots,470,2
Team Player,Red Guild Boots,470,2
Wide-Range,Helper Hood S,471,3
Rec Level,Helper Hood S,471,1
Wide-Range,Helper Suit S,471,3
Rec Level,Helper Suit S,471,2
Wide-Range,Helper Sleeves S,471,3
Rec Level,Helper Sleeves S,471,2
Wide-Range,Helper Skirt S,471,3
Rec Level,Helper Skirt S,471,2
Wide-Range,Helper Socks S,471,3
Rec Level,Helper Socks S,471,3
Wide-Range,Helper Hood U,472,3
Destroyer,Helper Hood U,472,2
Perception,Helper Hood U,472,2
Wide-Range,Helper Suit U,472,3
Destroyer,Helper Suit U,472,2
Perception,Helper Suit U,472,2
Wide-Range,Helper Sleeves U,472,3
Destroyer,Helper Sleeves U,472,2
Perception,Helper Sleeves U,472,2
Wide-Range,Helper Socks U,472,2
Destroyer,Helper Socks U,472,3
Perception,Helper Socks U,472,2
Fate,Guild Bard Lobos S,473,2
TeamLeader,Guild Bard Lobos S,473,2
Fate,Guild Bard Bolero S,473,2
TeamLeader,Guild Bard Bolero S,473,2
Fate,Guild Bard Braces S,473,2
TeamLeader,Guild Bard Braces S,473,2
Fate,Guild Bard Coil S,473,2
TeamLeader,Guild Bard Coil S,473,2
Fate,Guild Bard Boots S,473,2
TeamLeader,Guild Bard Boots S,473,2
Psychic,Dianthus Wealcap,474,2
Perception,Dianthus Wealcap,474,2
Insight,Dianthus Wealcap,474,2
Psychic,Dianthus Wealcoat,474,2
Perception,Dianthus Wealcoat,474,2
Insight,Dianthus Wealcoat,474,2
Psychic,Dianthus Wealsleeves,474,2
Perception,Dianthus Wealsleeves,474,2
Insight,Dianthus Wealsleeves,474,2
Psychic,Dianthus Wealskirt,474,2
Perception,Dianthus Wealskirt,474,2
Insight,Dianthus Wealskirt,474,2
Psychic,Dianthus Wealpants,474,2
Perception,Dianthus Wealpants,474,2
Insight,Dianthus Wealpants,474,2
Sharpness,Ace Headgear,475,2
Fencing,Ace Headgear,475,2
Stam Recov,Ace Headgear,475,2
Sharpness,Ace Mail,475,2
Fencing,Ace Mail,475,2
Stam Recov,Ace Mail,475,1
Sharpness,Ace Vambraces,475,2
Fencing,Ace Vambraces,475,2
Stam Recov,Ace Vambraces,475,2
Sharpness,Ace Faulds,475,2
Fencing,Ace Faulds,475,2
Stam Recov,Ace Faulds,475,2
Sharpness,Ace Greaves,475,2
Fencing,Ace Greaves,475,2
Stam Recov,Ace Greaves,475,3
Sharpness,Sororal Headgear,476,2
Fencing,Sororal Headgear,476,2
Stam Recov,Sororal Headgear,476,2
Sharpness,Sororal Mail,476,2
Fencing,Sororal Mail,476,2
Stam Recov,Sororal Mail,476,1
Sharpness,Sororal Vambraces,476,2
Fencing,Sororal Vambraces,476,2
Stam Recov,Sororal Vambraces,476,2
Sharpness,Sororal Faulds,476,2
Fencing,Sororal Faulds,476,2
Stam Recov,Sororal Faulds,476,2
Sharpness,Sororal Greaves,476,2
Fencing,Sororal Greaves,476,2
Stam Recov,Sororal Greaves,476,3
Frenzy Res,Hawkhat,477,1
Constitution,Hawkhat,477,4
Eating,Hawkhat,477,2
Frenzy Res,Hawksuit,477,3
Constitution,Hawksuit,477,4
Eating,Hawksuit,477,1
Frenzy Res,Hawkbraces,477,3
Constitution,Hawkbraces,477,1
Eating,Hawkbraces,477,2
Frenzy Res,Hawkcoil,477,3
Constitution,Hawkcoil,477,1
Eating,Hawkcoil,477,2
Constitution,Hawkboots,477,4
Eating,Hawkboots,477,2
Rec Level,Gourmew Toque S,478,1
Stamina,Gourmew Toque S,478,1
Rec Level,Gourmew Suit S,478,2
Sharpener,Gourmew Suit S,478,2
Stamina,Gourmew Suit S,478,2
Sharpener,Gourmew Gloves S,478,4
Stamina,Gourmew Gloves S,478,3
Rec Level,Gourmew Sarong S,478,3
Sharpener,Gourmew Sarong S,478,3
Stamina,Gourmew Sarong S,478,2
Rec Level,Gourmew Boots S,478,2
Stamina,Gourmew Boots S,478,2
Rec Level,Gourmew Toque S,479,1
Stamina,Gourmew Toque S,479,1
Rec Level,Gourmew Suit S,479,2
Sharpener,Gourmew Suit S,479,2
Stamina,Gourmew Suit S,479,2
Sharpener,Gourmew Gloves S,479,4
Stamina,Gourmew Gloves S,479,3
Rec Level,Gourmew Sarong S,479,3
Sharpener,Gourmew Sarong S,479,3
Stamina,Gourmew Sarong S,479,2
Rec Level,Gourmew Boots S,479,2
Stamina,Gourmew Boots S,479,2
Capturer,Scholarly Hood S,480,2
Biology,Scholarly Hood S,480,3
Capturer,Scholarly Suit S,480,3
Capturer,Scholarly Grips S,480,1
Biology,Scholarly Grips S,480,3
Capturer,Scholarly Sash S,480,3
Biology,Scholarly Sash S,480,3
Capturer,Scholarly Boots S,480,1
Biology,Scholarly Boots S,480,4
Attack,Ranger's Headgear,481,3
Stam Recov,Ranger's Headgear,481,2
Vault,Ranger's Girdle,481,2
Stam Recov,Ranger's Girdle,481,3
Vault,Ranger's Gauntlets,481,1
Attack,Ranger's Gauntlets,481,3
Stam Recov,Ranger's Gauntlets,481,1
Vault,Ranger's Sash,481,4
Attack,Ranger's Sash,481,3
Stam Recov,Ranger's Sash,481,3
Vault,Ranger's Espadrilles,481,3
Attack,Ranger's Espadrilles,481,1
Stam Recov,Ranger's Espadrilles,481,1
Fate,Pirate Hat J,482,3
Charmer,Pirate Hat J,482,2
Whim,Pirate Hat J,482,-2
Fate,Pirate Suit J,482,2
Charmer,Pirate Suit J,482,2
Whim,Pirate Suit J,482,-1
Fate,Pirate Gloves J,482,3
Charmer,Pirate Gloves J,482,2
Whim,Pirate Gloves J,482,-2
Fate,Pirate Coil J,482,3
Charmer,Pirate Coil J,482,2
Whim,Pirate Coil J,482,-2
Fate,Pirate Boots J,482,3
Charmer,Pirate Boots J,482,2
Whim,Pirate Boots J,482,-2
Fate,Buccaneer Hat J,483,3
Carving,Buccaneer Hat J,483,2
Capturer,Buccaneer Hat J,483,2
Fate,Buccaneer Suit J,483,3
Carving,Buccaneer Suit J,483,1
Capturer,Buccaneer Suit J,483,1
Fate,Buccaneer Gloves J,483,2
Carving,Buccaneer Gloves J,483,1
Capturer,Buccaneer Gloves J,483,1
Fate,Buccaneer Coil J,483,3
Carving,Buccaneer Coil J,483,1
Capturer,Buccaneer Coil J,483,1
Fate,Buccaneer Boots J,483,4
Carving,Buccaneer Boots J,483,2
Capturer,Buccaneer Boots J,483,2
Hearing,Dynaqlo Beanie,484,3
Stun,Dynaqlo Beanie,484,1
Evade Dist,Dynaqlo Beanie,484,3
Hearing,Dynaqlo Coat,484,1
Stun,Dynaqlo Coat,484,3
Evade Dist,Dynaqlo Coat,484,2
Hearing,Dynaqlo Glovelettes,484,2
Stun,Dynaqlo Glovelettes,484,2
Evade Dist,Dynaqlo Glovelettes,484,1
Hearing,Dynaqlo Belt,484,2
Stun,Dynaqlo Belt,484,3
Evade Dist,Dynaqlo Belt,484,1
Hearing,Dynaqlo Cargo Pants,484,2
Stun,Dynaqlo Cargo Pants,484,1
Evade Dist,Dynaqlo Cargo Pants,484,3
Blight Res,Varia Suit Visor,485,3
HotBlooded,Varia Suit Visor,485,3
Hunger,Varia Suit Visor,485,-3
Blight Res,Varia Suit Armor,485,2
HotBlooded,Varia Suit Armor,485,2
Hunger,Varia Suit Armor,485,-2
Blight Res,Varia Suit Guards,485,2
HotBlooded,Varia Suit Guards,485,2
Hunger,Varia Suit Guards,485,-2
Blight Res,Varia Suit Leg Guards,485,3
HotBlooded,Varia Suit Leg Guards,485,3
Hunger,Varia Suit Leg Guards,485,-3
Blight Res,Varia Suit Visor,486,3
HotBlooded,Varia Suit Visor,486,3
Hunger,Varia Suit Visor,486,-3
Blight Res,Varia Suit Armor,486,2
HotBlooded,Varia Suit Armor,486,2
Hunger,Varia Suit Armor,486,-2
Blight Res,Varia Suit Guards,486,2
HotBlooded,Varia Suit Guards,486,2
Hunger,Varia Suit Guards,486,-2
Blight Res,Varia Suit Leg Guards,486,3
HotBlooded,Varia Suit Leg Guards,486,3
Hunger,Varia Suit Leg Guards,486,-3
Evasion,Zero Suit Ponytail,487,3
Stam Recov,Zero Suit Ponytail,487,3
Defense,Zero Suit Ponytail,487,-3
Evasion,Zero Suit Body,487,2
Stam Recov,Zero Suit Body,487,2
Defense,Zero Suit Body,487,-2
Evasion,Zero Suit Gloves,487,2
Stam Recov,Zero Suit Gloves,487,2
Defense,Zero Suit Gloves,487,-2
Evasion,Zero Suit Boots,487,3
Stam Recov,Zero Suit Boots,487,3
Defense,Zero Suit Boots,487,-3
Evasion,Zero Suit Wig,488,3
Stam Recov,Zero Suit Wig,488,3
Defense,Zero Suit Wig,488,-3
Evasion,Zero Suit Body,488,2
Stam Recov,Zero Suit Body,488,2
Defense,Zero Suit Body,488,-2
Evasion,Zero Suit Gloves,488,2
Stam Recov,Zero Suit Gloves,488,2
Defense,Zero Suit Gloves,488,-2
Evasion,Zero Suit Boots,488,3
Stam Recov,Zero Suit Boots,488,3
Defense,Zero Suit Boots,488,-3
Fire Atk,Derring Cap S,488,3
Spirit,Derring Cap S,488,3
Mounting,Derring Vest S,488,3
Spirit,Derring Vest S,488,2
Mounting,Derring Guards S,488,5
Spirit,Derring Guards S,488,1
Mounting,Derring Coat S,488,2
Fire Atk,Derring Coat S,488,3
Spirit,Derring Coat S,488,2
Fire Atk,Derring Leggings S,488,4
Spirit,Derring Leggings S,488,2
Dragon Atk,Dober Cap,489,4
Blight Res,Dober Cap,489,2
Stun,Dober Vest,489,3
Blight Res,Dober Vest,489,2
Stun,Dober Guards,489,5
Blight Res,Dober Guards,489,1
Stun,Dober Coat,489,2
Dragon Atk,Dober Coat,489,3
Blight Res,Dober Coat,489,2
Dragon Atk,Dober Leggings,489,3
Blight Res,Dober Leggings,489,3
Insight,Damascus Cap,490,3
Pierce Up,Damascus Cap,490,2
Insight,Damascus Vest,490,1
Pierce Up,Damascus Vest,490,3
Bind Res,Damascus Vest,490,3
Insight,Damascus Guards,490,2
Pierce Up,Damascus Guards,490,3
Bind Res,Damascus Guards,490,2
Insight,Damascus Coat,490,3
Pierce Up,Damascus Coat,490,1
Bind Res,Damascus Coat,490,1
Insight,Damascus Leggings,490,1
Pierce Up,Damascus Leggings,490,1
Bind Res,Damascus Leggings,490,3
Insight,Damascus Cap R,491,4
Pierce Up,Damascus Cap R,491,1
Pierce Up,Damascus Vest R,491,4
Insight,Damascus Guards R,491,3
Pierce Up,Damascus Guards R,491,1
Pierce Up,Damascus Coat R,491,4
Insight,Damascus Leggings R,491,3
Status,Dark Metal Feet,493,5
Elemental,Chrome Metal Feet,494,5
Thunder Atk,Artian Cap S,495,1
Def Lock,Artian Vest S,495,5
Def Lock,Artian Guards S,495,3
Thunder Atk,Artian Guards S,495,3
Speed Setup,Artian Guards S,495,3
Speed Setup,Artian Coat S,495,5
Thunder Atk,Artian Leggings S,495,6
Speed Setup,Artian Leggings S,495,2
Speed Setup,Artian Cap R,496,8
Def Lock,Artian Vest R,496,6
Def Lock,Artian Guards R,496,3
Speed Setup,Artian Guards R,496,2
Thunder Atk,Artian Coat R,496,7
Thunder Atk,Artian Leggings R,496,7
Vault,Barioth Cap,497,3
Expert,Barioth Cap,497,3
Stamina,Barioth Cap,497,-2
Vault,Barioth Vest,497,1
Expert,Barioth Vest,497,2
Constitution,Barioth Vest,497,3
Stamina,Barioth Vest,497,-2
Vault,Barioth Guards,497,1
Expert,Barioth Guards,497,2
Constitution,Barioth Guards,497,5
Stamina,Barioth Guards,497,-2
Vault,Barioth Coat,497,3
Expert,Barioth Coat,497,1
Stamina,Barioth Coat,497,-2
Vault,Barioth Leggings,497,2
Expert,Barioth Leggings,497,4
Stamina,Barioth Leggings,497,-2
Ammo Saver,Seltas Cap,498,3
Artillery,Seltas Cap,498,2
Hero Shield,Seltas Cap,498,2
Ammo Saver,Seltas Vest,498,4
Artillery,Seltas Vest,498,1
Hero Shield,Seltas Vest,498,1
Ammo Saver,Seltas Guards,498,2
Artillery,Seltas Guards,498,6
Hero Shield,Seltas Guards,498,2
Ammo Saver,Seltas Coat,498,1
Artillery,Seltas Coat,498,4
Hero Shield,Seltas Coat,498,2
Artillery,Seltas Leggings,498,2
Hero Shield,Seltas Leggings,498,3
Tenderizer,Rathalos Cap S,499,4
Attack,Rathalos Cap S,499,4
Tenderizer,Rathalos Vest S,499,3
Attack,Rathalos Vest S,499,1
Tenderizer,Rathalos Guards S,499,1
Attack,Rathalos Guards S,499,4
Tenderizer,Rathalos Coat S,499,2
Attack,Rathalos Coat S,499,2
Attack,Rathalos Leggings S,499,4
HotBlooded,EX Rathalos Cap,500,4
Potential,EX Rathalos Cap,500,3
Protection,EX Rathalos Cap,500,-2
HotBlooded,EX Rathalos Vest,500,3
HotBlooded,EX Rathalos Guards,500,1
Potential,EX Rathalos Guards,500,4
Protection,EX Rathalos Guards,500,-3
HotBlooded,EX Rathalos Coat,500,2
Potential,EX Rathalos Coat,500,1
Potential,EX Rathalos Leggings,500,4
Protection,EX Rathalos Leggings,500,-3
Tenderizer,Rathalos Cap R,501,6
Tenderizer,Rathalos Vest R,501,2
Attack,Rathalos Vest R,501,3
Attack,Rathalos Guards R,501,6
Attack,Rathalos Coat R,501,7
Tenderizer,Rathalos Leggings R,501,2
Attack,Rathalos Leggings R,501,1
Stam Recov,Lagiacrus Cap S,502,3
Elemental,Lagiacrus Cap S,502,2
Stam Recov,Lagiacrus Vest S,502,2
Elemental,Lagiacrus Vest S,502,2
Stam Recov,Lagiacrus Guards S,502,1
Pierce Up,Lagiacrus Guards S,502,3
Elemental,Lagiacrus Guards S,502,2
Stam Recov,Lagiacrus Coat S,502,2
Pierce Up,Lagiacrus Coat S,502,2
Elemental,Lagiacrus Coat S,502,2
Stam Recov,Lagiacrus Leggings S,502,2
Pierce Up,Lagiacrus Leggings S,502,3
Elemental,Lagiacrus Leggings S,502,2
Elemental,Lagiacrus Cap R,503,5
Stam Recov,Lagiacrus Vest R,503,4
Elemental,Lagiacrus Guards R,503,3
Pierce Up,Lagiacrus Guards R,503,3
Elemental,Lagiacrus Coat R,503,2
Pierce Up,Lagiacrus Coat R,503,5
Stam Recov,Lagiacrus Leggings R,503,5
Pierce Up,Lagiacrus Leggings R,503,2
Gloves Off,Zinogre Cap S,504,5
Crit Element,Zinogre Cap S,504,2
Crit Element,Zinogre Vest S,504,4
Gloves Off,Zinogre Guards S,504,5
Crit Element,Zinogre Coat S,504,4
Gloves Off,Zinogre Leggings S,504,5
Gloves Off,EX Zinogre Cap,505,2
Chain Crit,EX Zinogre Cap,505,2
Sense,EX Zinogre Cap,505,-1
Gloves Off,EX Zinogre Vest,505,2
Chain Crit,EX Zinogre Vest,505,2
Sense,EX Zinogre Vest,505,-2
Gloves Off,EX Zinogre Guards,505,3
Chain Crit,EX Zinogre Guards,505,2
Sense,EX Zinogre Guards,505,-1
Gloves Off,EX Zinogre Coat,505,3
Chain Crit,EX Zinogre Coat,505,2
Sense,EX Zinogre Coat,505,-2
Gloves Off,EX Zinogre Leggings,505,2
Chain Crit,EX Zinogre Leggings,505,2
Sense,EX Zinogre Leggings,505,-1
Attack,Gravios Cap,506,1
Recoil,Gravios Cap,506,3
Sleep,Gravios Cap,506,2
Attack,Gravios Vest,506,3
Recoil,Gravios Vest,506,1
Sleep,Gravios Vest,506,2
Attack,Gravios Guards,506,2
Recoil,Gravios Guards,506,3
Attack,Gravios Coat,506,3
Recoil,Gravios Coat,506,4
Sleep,Gravios Coat,506,3
Attack,Gravios Leggings,506,1
Recoil,Gravios Leggings,506,2
Bubble,Mizutsune Mask S,507,2
Hunger,Mizutsune Mask S,507,3
Crisis,Mizutsune Mask S,507,1
Bubble,Mizutsune Vest S,507,3
Hunger,Mizutsune Vest S,507,1
Crisis,Mizutsune Vest S,507,2
Bubble,Mizutsune Guards S,507,1
Hunger,Mizutsune Guards S,507,1
Crisis,Mizutsune Guards S,507,3
Bubble,Mizutsune Coat S,507,2
Hunger,Mizutsune Coat S,507,2
Crisis,Mizutsune Coat S,507,2
Bubble,Mizutsune Leggings S,507,2
Hunger,Mizutsune Leggings S,507,3
Crisis,Mizutsune Leggings S,507,1
Chain Crit,Astalos Cap S,508,3
Stun,Astalos Cap S,508,2
Stam Recov,Astalos Cap S,508,2
Chain Crit,Astalos Vest S,508,3
Stun,Astalos Vest S,508,2
Stam Recov,Astalos Vest S,508,2
Chain Crit,Astalos Guards S,508,1
Stun,Astalos Guards S,508,1
Stam Recov,Astalos Guards S,508,2
Chain Crit,Astalos Coat S,508,2
Stun,Astalos Coat S,508,2
Stam Recov,Astalos Coat S,508,2
Chain Crit,Astalos Leggings S,508,1
Stun,Astalos Leggings S,508,3
Stam Recov,Astalos Leggings S,508,2
ColdBlooded,Gammoth Cap S,509,2
Heavy Up,Gammoth Cap S,509,2
Destroyer,Gammoth Cap S,509,1
ColdBlooded,Gammoth Vest S,509,3
Heavy Up,Gammoth Vest S,509,2
Destroyer,Gammoth Vest S,509,2
ColdBlooded,Gammoth Guards S,509,1
Destroyer,Gammoth Guards S,509,2
ColdBlooded,Gammoth Coat S,509,2
Heavy Up,Gammoth Coat S,509,2
Destroyer,Gammoth Coat S,509,1
ColdBlooded,Gammoth Leggings S,509,2
Heavy Up,Gammoth Leggings S,509,4
Destroyer,Gammoth Leggings S,509,2
ColdBlooded,Gammoth Cap S,510,2
Heavy Up,Gammoth Cap S,510,2
Destroyer,Gammoth Cap S,510,1
ColdBlooded,Gammoth Vest S,510,3
Heavy Up,Gammoth Vest S,510,2
Destroyer,Gammoth Vest S,510,2
ColdBlooded,Gammoth Guards S,510,1
Destroyer,Gammoth Guards S,510,2
ColdBlooded,Gammoth Coat S,510,2
Heavy Up,Gammoth Coat S,510,2
Destroyer,Gammoth Coat S,510,1
ColdBlooded,Gammoth Leggings S,510,2
Heavy Up,Gammoth Leggings S,510,4
Destroyer,Gammoth Leggings S,510,2
Grinder,Glavenus Cap S,511,3
Dead Eye,Glavenus Cap S,511,1
Grinder,Glavenus Vest S,511,3
Dead Eye,Glavenus Vest S,511,1
Grinder,Glavenus Guards S,511,2
Dead Eye,Glavenus Guards S,511,3
Grinder,Glavenus Coat S,511,1
Dead Eye,Glavenus Coat S,511,3
Grinder,Glavenus Leggings S,511,1
Dead Eye,Glavenus Leggings S,511,2
HotBlooded,Agnaktor Cap,512,2
Recoil,Agnaktor Cap,512,2
HotBlooded,Agnaktor Vest,512,3
Recoil,Agnaktor Vest,512,2
HotBlooded,Agnaktor Guards,512,1
HotBlooded,Agnaktor Coat,512,2
Recoil,Agnaktor Coat,512,2
HotBlooded,Agnaktor Leggings,512,2
Recoil,Agnaktor Leggings,512,4
Frenzy Res,Gore Cap S,513,6
Frenzy Res,Gore Vest S,513,1
Evasion,Gore Vest S,513,3
Evasion,Gore Guards S,513,4
Frenzy Res,Gore Coat S,513,3
Evasion,Gore Coat S,513,3
Evasion,Gore Leggings S,513,4
Spirit,EX Gore Cap,514,5
Biology,EX Gore Cap,514,1
Spirit,EX Gore Vest,514,2
Biology,EX Gore Vest,514,3
Spirit,EX Gore Guards,514,2
Biology,EX Gore Guards,514,4
Spirit,EX Gore Coat,514,3
Biology,EX Gore Coat,514,3
Biology,EX Gore Leggings,514,4
Spirit,Gore Cap R,515,4
Frenzy Res,Gore Cap R,515,3
Frenzy Res,Gore Vest R,515,4
Frenzy Res,Gore Guards R,515,4
Spirit,Gore Coat R,515,4
Spirit,Gore Leggings R,515,5
Dead Eye,Regios Cap S,516,3
Dead Eye,Regios Vest S,516,1
Constitution,Regios Vest S,516,4
Dead Eye,Regios Guards S,516,3
Constitution,Regios Guards S,516,4
Dead Eye,Regios Coat S,516,2
Constitution,Regios Coat S,516,2
Dead Eye,Regios Leggings S,516,1
Constitution,Regios Leggings S,516,4
Destroyer,Duramboros Cap,517,6
Destroyer,Duramboros Vest,517,1
FastCharge,Duramboros Vest,517,2
FastCharge,Duramboros Guards,517,3
Destroyer,Duramboros Coat,517,3
FastCharge,Duramboros Coat,517,1
FastCharge,Duramboros Leggings,517,3
Eating,Tigrex Cap S,518,4
Hearing,Tigrex Cap S,518,2
Rec Level,Tigrex Cap S,518,-2
Eating,Tigrex Vest S,518,3
Hearing,Tigrex Vest S,518,3
Rec Level,Tigrex Vest S,518,-2
Eating,Tigrex Guards S,518,3
Hearing,Tigrex Guards S,518,3
Rec Level,Tigrex Guards S,518,-2
Eating,Tigrex Coat S,518,3
Hearing,Tigrex Coat S,518,3
Rec Level,Tigrex Coat S,518,-2
Eating,Tigrex Leggings S,518,2
Hearing,Tigrex Leggings S,518,3
Rec Level,Tigrex Leggings S,518,-1
Eating,EX Tigrex Cap,519,4
Furor,EX Tigrex Cap,519,2
Carnivore,EX Tigrex Cap,519,3
Eating,EX Tigrex Vest,519,3
Furor,EX Tigrex Vest,519,2
Carnivore,EX Tigrex Vest,519,1
Eating,EX Tigrex Guards,519,2
Furor,EX Tigrex Guards,519,1
Carnivore,EX Tigrex Guards,519,2
Eating,EX Tigrex Coat,519,3
Furor,EX Tigrex Coat,519,2
Carnivore,EX Tigrex Coat,519,2
Eating,EX Tigrex Leggings,519,1
Furor,EX Tigrex Leggings,519,3
Carnivore,EX Tigrex Leggings,519,2
Eating,Tigrex Cap R,520,6
Eating,Tigrex Vest R,520,3
Eating,Tigrex Guards R,520,2
Hearing,Tigrex Guards R,520,2
Hearing,Tigrex Coat R,520,5
Hearing,Tigrex Leggings R,520,5
Elemental,Kirin Crest S,521,2
Protection,Kirin Crest S,521,3
Stamina,Kirin Crest S,521,2
Elemental,Kirin Cape S,521,3
Protection,Kirin Cape S,521,1
Stamina,Kirin Cape S,521,2
Elemental,Kirin Gloves S,521,1
Protection,Kirin Gloves S,521,2
Stamina,Kirin Gloves S,521,2
Elemental,Kirin Shorts S,521,1
Protection,Kirin Shorts S,521,2
Stamina,Kirin Shorts S,521,2
Elemental,Kirin Boots S,521,3
Protection,Kirin Boots S,521,2
Stamina,Kirin Boots S,521,2
Protection,Kirin Crest R,522,5
Protection,Kirin Cape R,522,2
Elemental,Kirin Gloves R,522,5
Elemental,Kirin Shorts R,522,5
Protection,Kirin Boots R,522,3
Spirit,Brachydios Cap S,523,4
Biology,Brachydios Cap S,523,4
Spirit,Brachydios Vest S,523,2
Biology,Brachydios Vest S,523,3
Spirit,Brachydios Guards S,523,3
Biology,Brachydios Guards S,523,1
Spirit,Brachydios Coat S,523,4
Biology,Brachydios Coat S,523,1
Spirit,Brachy Leggings S,523,2
Biology,Brachy Leggings S,523,1
Bomb Boost,EX Brachydios Cap,524,4
Rapid Fire,EX Brachydios Cap,524,3
Bomb Boost,EX Brachydios Vest,524,1
Rapid Fire,EX Brachydios Vest,524,2
Bomb Boost,EX Brachydios Guards,524,2
Rapid Fire,EX Brachydios Guards,524,4
Bomb Boost,EX Brachydios Coat,524,1
Rapid Fire,EX Brachydios Coat,524,1
Bomb Boost,EX Brachydios Leggings,524,3
Rapid Fire,EX Brachydios Leggings,524,1
Insight,Puppeteer Mask,525,2
Attack,Puppeteer Mask,525,4
Sense,Puppeteer Mask,525,2
Insight,Puppeteer Suit,525,1
Attack,Puppeteer Suit,525,3
Sense,Puppeteer Suit,525,2
Insight,Puppeteer Gloves,525,2
Attack,Puppeteer Gloves,525,4
Sense,Puppeteer Gloves,525,2
Insight,Puppeteer Obi,525,3
Attack,Puppeteer Obi,525,1
Sense,Puppeteer Obi,525,2
Insight,Puppeteer Tabi,525,2
Attack,Puppeteer Tabi,525,3
Sense,Puppeteer Tabi,525,2
Tenderizer,Vangis Cap,526,2
Destroyer,Vangis Cap,526,3
Hunger,Vangis Cap,526,-2
Tenderizer,Vangis Vest,526,2
Destroyer,Vangis Vest,526,1
Hunger,Vangis Vest,526,-3
Tenderizer,Vangis Guards,526,2
Destroyer,Vangis Guards,526,2
Hunger,Vangis Guards,526,-2
Tenderizer,Vangis Coat,526,2
Destroyer,Vangis Coat,526,2
Hunger,Vangis Coat,526,-2
Tenderizer,Vangis Leggings,526,2
Destroyer,Vangis Leggings,526,2
Hunger,Vangis Leggings,526,-2
Fate,Guild Knight Mask,527,3
Team Player,Guild Knight Mask,527,2
Fate,Guild Knight Vest,527,2
Team Player,Guild Knight Vest,527,2
Fate,Guild Knight Sleeves,527,2
Team Player,Guild Knight Sleeves,527,2
Fate,Guild Knight Kilt,527,2
Team Player,Guild Knight Kilt,527,2
Fate,Guild Knight Tights,527,1
Team Player,Guild Knight Tights,527,2
Fate,French Maid Glasses S,528,3
Team Player,French Maid Glasses S,528,2
Fate,French Maid Vest S,528,2
Team Player,French Maid Vest S,528,2
Fate,French Maid Sleeves S,528,2
Team Player,French Maid Sleeves S,528,2
Fate,French Maid Frills S,528,2
Team Player,French Maid Frills S,528,2
Fate,French Maid Tights S,528,1
Team Player,French Maid Tights S,528,2
Charmer,Blue Guild Mask,529,3
Team Player,Blue Guild Mask,529,2
Charmer,Blue Guild Vest,529,2
Team Player,Blue Guild Vest,529,2
Charmer,Blue Guild Sleeves,529,2
Team Player,Blue Guild Sleeves,529,2
Charmer,Blue Guild Coat,529,2
Team Player,Blue Guild Coat,529,2
Charmer,Blue Guild Tights,529,1
Team Player,Blue Guild Tights,529,2
Carving,Red Guild Mask,530,3
Team Player,Red Guild Mask,530,2
Carving,Red Guild Vest,530,2
Team Player,Red Guild Vest,530,2
Carving,Red Guild Sleeves,530,2
Team Player,Red Guild Sleeves,530,2
Carving,Red Guild Coat,530,2
Team Player,Red Guild Coat,530,2
Carving,Red Guild Tights,530,1
Team Player,Red Guild Tights,530,2
Charmer,Blue Guild Piercing,531,3
Team Player,Blue Guild Piercing,531,2
Charmer,Blue Guild Vest,531,2
Team Player,Blue Guild Vest,531,2
Charmer,Blue Guild Sleeves,531,2
Team Player,Blue Guild Sleeves,531,2
Charmer,Blue Guild Coat,531,2
Team Player,Blue Guild Coat,531,2
Charmer,Blue Guild Tights,531,1
Team Player,Blue Guild Tights,531,2
Carving,Red Guild Piercing,532,3
Team Player,Red Guild Piercing,532,2
Carving,Red Guild Vest,532,2
Team Player,Red Guild Vest,532,2
Carving,Red Guild Sleeves,532,2
Team Player,Red Guild Sleeves,532,2
Carving,Red Guild Coat,532,2
Team Player,Red Guild Coat,532,2
Carving,Red Guild Tights,532,1
Team Player,Red Guild Tights,532,2
Wide-Range,Healer Glasses S,533,4
Rec Level,Healer Glasses S,533,2
Wide-Range,Healer Vest S,533,2
Rec Level,Healer Vest S,533,2
Wide-Range,Healer Sleeves S,533,3
Rec Level,Healer Sleeves S,533,2
Wide-Range,Healer Frills S,533,3
Rec Level,Healer Frills S,533,2
Wide-Range,Healer Socks S,533,3
Rec Level,Healer Socks S,533,2
Rec Level,Healer Beret U,534,3
Destroyer,Healer Beret U,534,2
Psychic,Healer Beret U,534,2
Rec Level,Healer Vest U,534,3
Destroyer,Healer Vest U,534,2
Psychic,Healer Vest U,534,2
Rec Level,Healer Sleeves U,534,2
Destroyer,Healer Sleeves U,534,2
Psychic,Healer Sleeves U,534,3
Rec Level,Healer Socks U,534,2
Destroyer,Healer Socks U,534,3
Psychic,Healer Socks U,534,2
Fate,Guild Bard Hat S,535,3
TeamLeader,Guild Bard Hat S,535,2
Fate,Guild Bard Vest S,535,2
TeamLeader,Guild Bard Vest S,535,2
Fate,Guild Bard Sleeves S,535,2
TeamLeader,Guild Bard Sleeves S,535,2
Fate,Guild Bard Coat S,535,2
TeamLeader,Guild Bard Coat S,535,2
Fate,Guild Bard Gaiters S,535,1
TeamLeader,Guild Bard Gaiters S,535,2
Psychic,Campanile Wealcap,536,2
Perception,Campanile Wealcap,536,3
Insight,Campanile Wealcap,536,2
Psychic,Campanile Wealcoat,536,2
Perception,Campanile Wealcoat,536,1
Insight,Campanile Wealcoat,536,2
Psychic,Campanile Wealsleeves,536,2
Perception,Campanile Wealsleeves,536,2
Insight,Campanile Wealsleeves,536,2
Psychic,Campanile Wealskirt,536,2
Perception,Campanile Wealskirt,536,2
Insight,Campanile Wealskirt,536,2
Psychic,Campanile Wealpants,536,2
Perception,Campanile Wealpants,536,2
Insight,Campanile Wealpants,536,2
Ammo Saver,Ace Mask,537,2
Loading,Ace Mask,537,2
Stam Recov,Ace Mask,537,3
Ammo Saver,Ace Vest,537,2
Loading,Ace Vest,537,2
Stam Recov,Ace Vest,537,1
Ammo Saver,Ace Guards,537,2
Loading,Ace Guards,537,2
Stam Recov,Ace Guards,537,2
Ammo Saver,Ace Coat,537,2
Loading,Ace Coat,537,2
Stam Recov,Ace Coat,537,2
Ammo Saver,Ace Leggings,537,2
Loading,Ace Leggings,537,2
Stam Recov,Ace Leggings,537,2
Ammo Saver,Sororal Mask,538,2
Loading,Sororal Mask,538,2
Stam Recov,Sororal Mask,538,3
Ammo Saver,Sororal Vest,538,2
Loading,Sororal Vest,538,2
Stam Recov,Sororal Vest,538,1
Ammo Saver,Sororal Guards,538,2
Loading,Sororal Guards,538,2
Stam Recov,Sororal Guards,538,2
Ammo Saver,Sororal Coat,538,2
Loading,Sororal Coat,538,2
Stam Recov,Sororal Coat,538,2
Ammo Saver,Sororal Leggings,538,2
Loading,Sororal Leggings,538,2
Stam Recov,Sororal Leggings,538,2
Frenzy Res,Hawkcap,539,2
Constitution,Hawkcap,539,4
Eating,Hawkcap,539,2
Frenzy Res,Hawkjacket,539,2
Constitution,Hawkjacket,539,4
Eating,Hawkjacket,539,1
Frenzy Res,Hawkguards,539,3
Constitution,Hawkguards,539,1
Eating,Hawkguards,539,2
Frenzy Res,Hawkcoat,539,3
Constitution,Hawkcoat,539,1
Eating,Hawkcoat,539,2
Constitution,Hawkfeet,539,4
Eating,Hawkfeet,539,2
Rec Level,Gourmew Cap S,540,2
Stamina,Gourmew Cap S,540,1
Rec Level,Gourmew Vest S,540,2
Ammo Saver,Gourmew Vest S,540,2
Stamina,Gourmew Vest S,540,2
Ammo Saver,Gourmew Mitts S,540,4
Stamina,Gourmew Mitts S,540,3
Rec Level,Gourmew Apron S,540,2
Ammo Saver,Gourmew Apron S,540,3
Stamina,Gourmew Apron S,540,2
Rec Level,Gourmew Paws S,540,2
Stamina,Gourmew Paws S,540,2
Rec Level,Gourmew Cap S,541,2
Stamina,Gourmew Cap S,541,1
Rec Level,Gourmew Vest S,541,2
Ammo Saver,Gourmew Vest S,541,2
Stamina,Gourmew Vest S,541,2
Ammo Saver,Gourmew Mitts S,541,4
Stamina,Gourmew Mitts S,541,3
Rec Level,Gourmew Apron S,541,2
Ammo Saver,Gourmew Apron S,541,3
Stamina,Gourmew Apron S,541,2
Rec Level,Gourmew Paws S,541,2
Stamina,Gourmew Paws S,541,2
Capturer,Scholarly Cap S,542,3
Biology,Scholarly Cap S,542,3
Capturer,Scholarly Vest S,542,2
Capturer,Scholarly Cuffs S,542,1
Biology,Scholarly Cuffs S,542,3
Capturer,Scholarly Coat S,542,3
Biology,Scholarly Coat S,542,3
Capturer,Scholarly Tights S,542,1
Biology,Scholarly Tights S,542,4
Attack,Archer's Turban,543,4
Stam Recov,Archer's Turban,543,2
Vault,Archer's Girdle,543,2
Stam Recov,Archer's Girdle,543,3
Vault,Archer's Gauntlets,543,1
Attack,Archer's Gauntlets,543,3
Stam Recov,Archer's Gauntlets,543,1
Vault,Archer's Belt,543,4
Attack,Archer's Belt,543,2
Stam Recov,Archer's Belt,543,3
Vault,Archer's Espadrilles,543,3
Attack,Archer's Espadrilles,543,1
Stam Recov,Archer's Espadrilles,543,1
Fate,Pirate Roger J,544,4
Charmer,Pirate Roger J,544,2
Whim,Pirate Roger J,544,-2
Fate,Pirate Jacket J,544,2
Charmer,Pirate Jacket J,544,2
Whim,Pirate Jacket J,544,-1
Fate,Pirate Cuffs J,544,3
Charmer,Pirate Cuffs J,544,2
Whim,Pirate Cuffs J,544,-2
Fate,Pirate Skirt J,544,3
Charmer,Pirate Skirt J,544,2
Whim,Pirate Skirt J,544,-2
Fate,Pirate Pants J,544,3
Charmer,Pirate Pants J,544,2
Whim,Pirate Pants J,544,-2
Fate,Buccaneer Roger J,545,4
Carving,Buccaneer Roger J,545,2
Capturer,Buccaneer Roger J,545,2
Fate,Buccaneer Jacket J,545,3
Carving,Buccaneer Jacket J,545,1
Capturer,Buccaneer Jacket J,545,1
Fate,Buccaneer Cuffs J,545,2
Carving,Buccaneer Cuffs J,545,1
Capturer,Buccaneer Cuffs J,545,1
Fate,Buccaneer Skirt J,545,3
Carving,Buccaneer Skirt J,545,1
Capturer,Buccaneer Skirt J,545,1
Fate,Buccaneer Pants J,545,3
Carving,Buccaneer Pants J,545,2
Capturer,Buccaneer Pants J,545,2
Hearing,Dynaqlo Headphones,546,4
Stun,Dynaqlo Headphones,546,1
Evade Dist,Dynaqlo Headphones,546,3
Hearing,Dynaqlo Jacket,546,1
Stun,Dynaqlo Jacket,546,3
Evade Dist,Dynaqlo Jacket,546,2
Hearing,Dynaqlo Gloves,546,2
Stun,Dynaqlo Gloves,546,2
Evade Dist,Dynaqlo Gloves,546,1
Hearing,Dynaqlo Pouch,546,2
Stun,Dynaqlo Pouch,546,3
Evade Dist,Dynaqlo Pouch,546,1
Hearing,Dynaqlo Combats,546,1
Stun,Dynaqlo Combats,546,1
Evade Dist,Dynaqlo Combats,546,3
Blight Res,Varia Suit Scope,547,3
HotBlooded,Varia Suit Scope,547,3
Hunger,Varia Suit Scope,547,-3
Blight Res,Varia Suit Barrier,547,2
HotBlooded,Varia Suit Barrier,547,2
Hunger,Varia Suit Barrier,547,-2
Blight Res,Varia Suit Shield,547,2
HotBlooded,Varia Suit Shield,547,2
Hunger,Varia Suit Shield,547,-2
Blight Res,Varia Suit Legs,547,3
HotBlooded,Varia Suit Legs,547,3
Hunger,Varia Suit Legs,547,-3
Blight Res,Varia Suit Scope,548,3
HotBlooded,Varia Suit Scope,548,3
Hunger,Varia Suit Scope,548,-3
Blight Res,Varia Suit Barrier,548,2
HotBlooded,Varia Suit Barrier,548,2
Hunger,Varia Suit Barrier,548,-2
Blight Res,Varia Suit Shield,548,2
HotBlooded,Varia Suit Shield,548,2
Hunger,Varia Suit Shield,548,-2
Blight Res,Varia Suit Legs,548,3
HotBlooded,Varia Suit Legs,548,3
Hunger,Varia Suit Legs,548,-3
Evasion,Zero Suit Hairpiece,549,3
Stam Recov,Zero Suit Hairpiece,549,3
Defense,Zero Suit Hairpiece,549,-3
Evasion,Zero Suit Wear,549,2
Stam Recov,Zero Suit Wear,549,2
Defense,Zero Suit Wear,549,-2
Evasion,Zero Suit Hands,549,2
Stam Recov,Zero Suit Hands,549,2
Defense,Zero Suit Hands,549,-2
Evasion,Zero Suit Tights,549,3
Stam Recov,Zero Suit Tights,549,3
Defense,Zero Suit Tights,549,-3
Evasion,Zero Suit Toupee,550,3
Stam Recov,Zero Suit Toupee,550,3
Defense,Zero Suit Toupee,550,-3
Evasion,Zero Suit Wear,550,2
Stam Recov,Zero Suit Wear,550,2
Defense,Zero Suit Wear,550,-2
Evasion,Zero Suit Hands,550,2
Stam Recov,Zero Suit Hands,550,2
Defense,Zero Suit Hands,550,-2
Evasion,Zero Suit Tights,550,3
Stam Recov,Zero Suit Tights,550,3
Defense,Zero Suit Tights,550,-3
Hunger,Shinobi Heaven Mask,550,7
Sense,Shinobi Heaven Mask,550,2
Tenderizer,Shinobi Heaven Suit,550,3
Sense,Shinobi Heaven Suit,550,2
Tenderizer,Shinobi Heaven Kote,550,4
Sense,Shinobi Heaven Kote,550,2
Tenderizer,Shinobi Heaven Belt,550,3
Sense,Shinobi Heaven Belt,550,2
Hunger,Shinobi Heaven Boots,550,8
Sense,Shinobi Heaven Boots,550,2
Status,Shinobi Sky Mask,551,5
Chain Crit,Shinobi Sky Mask,551,2
Crit Status,Shinobi Sky Suit,551,3
Chain Crit,Shinobi Sky Suit,551,2
Crit Status,Shinobi Sky Kote,551,4
Chain Crit,Shinobi Sky Kote,551,2
Crit Status,Shinobi Sky Belt,551,3
Chain Crit,Shinobi Sky Belt,551,2
Status,Shinobi Sky Boots,551,6
Chain Crit,Shinobi Sky Boots,551,2
ColdBlooded,Ancient Helm,552,2
HotBlooded,Ancient Helm,552,2
Grinder,Ancient Helm,552,2
ColdBlooded,Ancient Mail,552,2
HotBlooded,Ancient Mail,552,2
Grinder,Ancient Mail,552,1
ColdBlooded,Ancient Arms,552,2
HotBlooded,Ancient Arms,552,2
Grinder,Ancient Arms,552,2
ColdBlooded,Ancient Coil,552,2
HotBlooded,Ancient Coil,552,2
Grinder,Ancient Coil,552,3
ColdBlooded,Ancient Boots,552,2
HotBlooded,Ancient Boots,552,2
Grinder,Ancient Boots,552,2
Insight,Master's Earcuff,553,2
Hero Shield,Master's Earcuff,553,2
Protection,Master's Earcuff,553,2
Insight,Master's Mail,553,2
Hero Shield,Master's Mail,553,2
Protection,Master's Mail,553,1
Insight,Master's Gauntlets,553,2
Hero Shield,Master's Gauntlets,553,2
Protection,Master's Gauntlets,553,2
Insight,Master's Faulds,553,2
Hero Shield,Master's Faulds,553,2
Protection,Master's Faulds,553,3
Insight,Master's Greaves,553,2
Hero Shield,Master's Greaves,553,2
Protection,Master's Greaves,553,2
Blight Res,Black Head S,554,2
FastCharge,Black Head S,554,3
Crit Draw,Black Head S,554,2
Blight Res,Black Hide S,554,2
FastCharge,Black Hide S,554,1
Crit Draw,Black Hide S,554,2
Blight Res,Black Claw S,554,2
FastCharge,Black Claw S,554,2
Crit Draw,Black Claw S,554,2
Blight Res,Black Spine S,554,3
FastCharge,Black Spine S,554,2
Crit Draw,Black Spine S,554,2
Blight Res,Black Feet S,554,1
FastCharge,Black Feet S,554,2
Crit Draw,Black Feet S,554,2
Chain Crit,Toka Kabuto,555,2
Critical Up,Toka Kabuto,555,2
Crit Element,Toka Kabuto,555,2
Chain Crit,Toka Doate,555,2
Critical Up,Toka Doate,555,1
Crit Element,Toka Doate,555,2
Chain Crit,Toka Kote,555,2
Critical Up,Toka Kote,555,3
Crit Element,Toka Kote,555,2
Chain Crit,Toka Koshiate,555,2
Critical Up,Toka Koshiate,555,2
Crit Element,Toka Koshiate,555,2
Chain Crit,Toka Gusoku,555,2
Critical Up,Toka Gusoku,555,2
Crit Element,Toka Gusoku,555,2
Prolong SP,Wisdom Head,556,2
Endurance,Wisdom Head,556,2
Combo Plus,Wisdom Head,556,2
Hunger,Wisdom Head,556,-2
Prolong SP,Wisdom Suit,556,1
Combo Plus,Wisdom Suit,556,1
Endurance,Wisdom Suit,556,2
Hunger,Wisdom Suit,556,-2
Prolong SP,Wisdom Sleeves,556,3
Combo Plus,Wisdom Sleeves,556,3
Endurance,Wisdom Sleeves,556,2
Hunger,Wisdom Sleeves,556,-2
Prolong SP,Wisdom Coil,556,1
Combo Plus,Wisdom Coil,556,1
Endurance,Wisdom Coil,556,2
Hunger,Wisdom Coil,556,-2
Prolong SP,Wisdom Boots,556,3
Combo Plus,Wisdom Boots,556,3
Endurance,Wisdom Boots,556,2
Hunger,Wisdom Boots,556,-2
Sheathe Sharpen,Cheerful Head,557,2
Health,Cheerful Head,557,2
Fencing,Cheerful Head,557,-2
Sheathe Sharpen,Cheerful Suit,557,1
Health,Cheerful Suit,557,3
Fencing,Cheerful Suit,557,-2
Sheathe Sharpen,Cheerful Braces,557,4
Fencing,Cheerful Braces,557,-2
Health,Cheerful Belt,557,4
Fencing,Cheerful Belt,557,-2
Sheathe Sharpen,Cheerful Boots,557,3
Health,Cheerful Boots,557,3
Fencing,Cheerful Boots,557,-2
Status,Mariner Hood,558,1
Chain Crit,Mariner Hood,558,2
Elemental,Mariner Hood,558,-2
Status,Mariner Suit,558,2
Chain Crit,Mariner Suit,558,1
Elemental,Mariner Suit,558,-2
Status,Mariner Gloves,558,3
Chain Crit,Mariner Gloves,558,3
Elemental,Mariner Gloves,558,-2
Status,Mariner Skirt,558,2
Chain Crit,Mariner Skirt,558,1
Elemental,Mariner Skirt,558,-2
Status,Mariner Socks,558,2
Chain Crit,Mariner Socks,558,3
Elemental,Mariner Socks,558,-2
Guard Up,EX Rathian Helm S,559,1
Guard,EX Rathian Helm S,559,3
Guts,EX Rathian Helm S,559,2
Guard Up,EX Rathian Mail S,559,2
Guard,EX Rathian Mail S,559,3
Guts,EX Rathian Mail S,559,2
Guard Up,EX Rathian Braces S,559,1
Guard,EX Rathian Braces S,559,5
Guts,EX Rathian Braces S,559,2
Guard Up,EX Rathian Faulds S,559,3
Guard,EX Rathian Faulds S,559,2
Guts,EX Rathian Faulds S,559,2
Guard Up,EX Rathian Greaves S,559,3
Guard,EX Rathian Greaves S,559,2
Guts,EX Rathian Greaves S,559,2
Tenderizer,EX Rathalos Helm S,560,4
Attack,EX Rathalos Helm S,560,2
HotBlooded,EX Rathalos Helm S,560,2
Tenderizer,EX Rathalos Mail S,560,3
Attack,EX Rathalos Mail S,560,1
HotBlooded,EX Rathalos Mail S,560,2
Tenderizer,EX Rathalos Braces S,560,1
Attack,EX Rathalos Braces S,560,3
HotBlooded,EX Rathalos Braces S,560,2
Tenderizer,EX Rathalos Faulds S,560,2
Attack,EX Rathalos Faulds S,560,2
HotBlooded,EX Rathalos Faulds S,560,1
Attack,EX Rathalos Greaves S,560,3
HotBlooded,EX Rathalos Greaves S,560,3
Stam Recov,EX Tigrex Helm S,561,2
Constitution,EX Tigrex Helm S,561,4
Stamina,EX Tigrex Mail S,561,4
Stam Recov,EX Tigrex Mail S,561,1
Constitution,EX Tigrex Mail S,561,2
Stamina,EX Tigrex Braces S,561,3
Stam Recov,EX Tigrex Braces S,561,3
Constitution,EX Tigrex Braces S,561,1
Stam Recov,EX Tigrex Coil S,561,4
Constitution,EX Tigrex Coil S,561,3
Stamina,EX Tigrex Greaves S,561,3
Constitution,EX Tigrex Greaves S,561,2
Crit Draw,Diablos Helm,562,3
Sheathe Sharpen,Diablos Helm,562,5
Spirit,Diablos Helm,562,1
Crit Status,Diablos Helm,562,-3
Crit Draw,Diablos Mail,562,1
Spirit,Diablos Mail,562,2
Crit Status,Diablos Mail,562,-4
Crit Draw,Diablos Vambraces,562,3
Spirit,Diablos Vambraces,562,3
Crit Draw,Diablos Coil,562,1
Sheathe Sharpen,Diablos Coil,562,5
Spirit,Diablos Coil,562,2
Crit Draw,Diablos Greaves,562,2
Spirit,Diablos Greaves,562,2
Crit Status,Diablos Greaves,562,-3
Punish Draw,Diablos Helm R,563,1
Spirit,Diablos Helm R,563,5
Guard,Diablos Helm R,563,-5
Punish Draw,Diablos Mail R,563,1
Sheathe Sharpen,Diablos Mail R,563,4
Punish Draw,Diablos Vambraces R,563,2
Spirit,Diablos Vambraces R,563,5
Guard,Diablos Vambraces R,563,-5
Sheathe Sharpen,Diablos Coil R,563,6
Punish Draw,Diablos Greaves R,563,6
Unscathed,Arc Helm S,564,3
Handicraft,Arc Helm S,564,2
Light Eater,Arc Helm S,564,1
Unscathed,Arc Mail S,564,1
Handicraft,Arc Mail S,564,2
Light Eater,Arc Mail S,564,2
Unscathed,Arc Vambraces S,564,2
Handicraft,Arc Vambraces S,564,2
Light Eater,Arc Vambraces S,564,3
Unscathed,Arc Faulds S,564,2
Handicraft,Arc Faulds S,564,1
Light Eater,Arc Faulds S,564,2
Unscathed,Arc Greaves S,564,2
Handicraft,Arc Greaves S,564,4
Light Eater,Arc Greaves S,564,2
Unscathed,Storge Helm S,565,3
Handicraft,Storge Helm S,565,2
Light Eater,Storge Helm S,565,1
Unscathed,Storge Mail S,565,1
Handicraft,Storge Mail S,565,2
Light Eater,Storge Mail S,565,2
Unscathed,Storge Braces S,565,2
Handicraft,Storge Braces S,565,2
Light Eater,Storge Braces S,565,3
Unscathed,Storge Faulds S,565,2
Handicraft,Storge Faulds S,565,1
Light Eater,Storge Faulds S,565,2
Unscathed,Storge Greaves S,565,2
Handicraft,Storge Greaves S,565,4
Light Eater,Storge Greaves S,565,2
Chance,EX Arc Helm,566,3
Guard,EX Arc Helm,566,2
Light Eater,EX Arc Helm,566,1
Chance,EX Arc Mail,566,1
Guard,EX Arc Mail,566,3
Light Eater,EX Arc Mail,566,2
Chance,EX Arc Vambraces,566,2
Guard,EX Arc Vambraces,566,2
Light Eater,EX Arc Vambraces,566,3
Chance,EX Arc Faulds,566,2
Guard,EX Arc Faulds,566,1
Light Eater,EX Arc Faulds,566,2
Chance,EX Arc Greaves,566,2
Guard,EX Arc Greaves,566,4
Light Eater,EX Arc Greaves,566,2
Chance,EX Storge Helm,567,3
Guard,EX Storge Helm,567,2
Light Eater,EX Storge Helm,567,1
Chance,EX Storge Mail,567,1
Guard,EX Storge Mail,567,3
Light Eater,EX Storge Mail,567,2
Chance,EX Storge Vambraces,567,2
Guard,EX Storge Vambraces,567,2
Light Eater,EX Storge Vambraces,567,3
Chance,EX Storge Faulds,567,2
Guard,EX Storge Faulds,567,1
Light Eater,EX Storge Faulds,567,2
Chance,EX Storge Greaves,567,2
Guard,EX Storge Greaves,567,4
Light Eater,EX Storge Greaves,567,2
Unscathed,Arc Helm R,568,5
Handicraft,Arc Helm R,568,1
Unscathed,Arc Mail R,568,3
Handicraft,Arc Braces R,568,5
Unscathed,Arc Faulds R,568,2
Handicraft,Arc Faulds R,568,1
Handicraft,Arc Greaves R,568,5
Unscathed,Storge Helm R,569,5
Handicraft,Storge Helm R,569,1
Unscathed,Storge Mail R,569,3
Handicraft,Storge Braces R,569,5
Unscathed,Storge Faulds R,569,2
Handicraft,Storge Faulds R,569,1
Handicraft,Storge Greaves R,569,5
Dragon Spirit,Valstrax Helm,570,2
Distance Runner,Valstrax Helm,570,2
Attack,Valstrax Helm,570,3
Expert,Valstrax Helm,570,-2
Dragon Spirit,Valstrax Mail,570,1
Distance Runner,Valstrax Mail,570,1
Attack,Valstrax Mail,570,2
Expert,Valstrax Mail,570,-2
Dragon Spirit,Valstrax Braces,570,2
Distance Runner,Valstrax Braces,570,1
Attack,Valstrax Braces,570,3
Expert,Valstrax Braces,570,-2
Dragon Spirit,Valstrax Faulds,570,2
Distance Runner,Valstrax Faulds,570,2
Attack,Valstrax Faulds,570,3
Expert,Valstrax Faulds,570,-2
Dragon Spirit,Valstrax Greaves,570,3
Distance Runner,Valstrax Greaves,570,2
Attack,Valstrax Greaves,570,2
Expert,Valstrax Greaves,570,-2
Heat Res,Kushala Glare S,571,2
Handicraft,Kushala Glare S,571,4
Poison,Kushala Glare S,571,-2
Heat Res,Kushala Cista S,571,1
Handicraft,Kushala Cista S,571,2
Poison,Kushala Cista S,571,-2
Heat Res,Kushala Grip S,571,2
Handicraft,Kushala Grip S,571,3
Poison,Kushala Grip S,571,-2
Heat Res,Kushala Cocoon S,571,3
Handicraft,Kushala Cocoon S,571,3
Poison,Kushala Cocoon S,571,-2
Heat Res,Kushala Crus S,571,2
Handicraft,Kushala Crus S,571,3
Poison,Kushala Crus S,571,-2
Guard,EX Kushala Glare,572,4
Vault,EX Kushala Glare,572,2
Guard,EX Kushala Cista,572,2
Vault,EX Kushala Cista,572,1
Chain Crit,EX Kushala Cista,572,4
Guard,EX Kushala Grip,572,1
Vault,EX Kushala Grip,572,3
Chain Crit,EX Kushala Grip,572,3
Guard,EX Kushala Cocoon,572,3
Vault,EX Kushala Cocoon,572,4
Guard,EX Kushala Crus,572,2
Chain Crit,EX Kushala Crus,572,3
HotBlooded,Kushala Glare R,573,4
Poison,Kushala Glare R,573,-4
HotBlooded,Kushala Cista R,573,4
Poison,Kushala Cista R,573,-4
Handicraft,Kushala Grip R,573,4
Poison,Kushala Grip R,573,-4
Handicraft,Kushala Cocoon R,573,4
Poison,Kushala Cocoon R,573,-4
HotBlooded,Kushala Crus R,573,2
Handicraft,Kushala Crus R,573,2
Poison,Kushala Crus R,573,-4
Wind Res,Mizuha Cap S,574,3
Hearing,Mizuha Cap S,574,2
Status,Mizuha Cap S,574,2
Wind Res,Mizuha Guards S,574,3
Hearing,Mizuha Guards S,574,2
Status,Mizuha Guards S,574,2
Wind Res,Mizuha Sleeves S,574,3
Hearing,Mizuha Sleeves S,574,2
Status,Mizuha Sleeves S,574,2
Wind Res,Mizuha Sash S,574,2
Hearing,Mizuha Sash S,574,1
Status,Mizuha Sash S,574,2
Wind Res,Mizuha Gaiters S,574,4
Hearing,Mizuha Gaiters S,574,3
Status,Mizuha Gaiters S,574,2
Hearing,EX Mizuha Cap,575,3
Mycology,EX Mizuha Cap,575,2
Maestro,EX Mizuha Cap,575,2
Hearing,EX Mizuha Guards,575,3
Mycology,EX Mizuha Guards,575,1
Maestro,EX Mizuha Guards,575,2
Hearing,EX Mizuha Sleeves,575,3
Mycology,EX Mizuha Sleeves,575,2
Maestro,EX Mizuha Sleeves,575,2
Hearing,EX Mizuha Sash,575,3
Mycology,EX Mizuha Sash,575,3
Maestro,EX Mizuha Sash,575,2
Hearing,EX Mizuha Gaiters,575,3
Mycology,EX Mizuha Gaiters,575,2
Maestro,EX Mizuha Gaiters,575,2
Spirit,Kaiser Crown S,576,3
Stam Recov,Kaiser Crown S,576,2
Poison,Kaiser Crown S,576,2
Spirit,Kaiser Mail S,576,2
Stam Recov,Kaiser Mail S,576,2
Poison,Kaiser Mail S,576,2
Spirit,Kaiser Vambraces S,576,3
Stam Recov,Kaiser Vambraces S,576,2
Poison,Kaiser Vambraces S,576,2
Spirit,Kaiser Tassets S,576,4
Stam Recov,Kaiser Tassets S,576,2
Poison,Kaiser Tassets S,576,2
Spirit,Kaiser Greaves S,576,3
Stam Recov,Kaiser Greaves S,576,2
Poison,Kaiser Greaves S,576,2
Expert,EX Kaiser Crown,577,4
Evasion,EX Kaiser Crown,577,2
Hearing,EX Kaiser Crown,577,2
Expert,EX Kaiser Mail,577,4
Evasion,EX Kaiser Mail,577,1
Hearing,EX Kaiser Mail,577,2
Expert,EX Kaiser Vambraces,577,4
Evasion,EX Kaiser Vambraces,577,2
Hearing,EX Kaiser Vambraces,577,2
Expert,EX Kaiser Tassets,577,4
Evasion,EX Kaiser Tassets,577,3
Hearing,EX Kaiser Tassets,577,2
Expert,EX Kaiser Greaves,577,4
Evasion,EX Kaiser Greaves,577,2
Hearing,EX Kaiser Greaves,577,2
Tenderizer,Silver Solhelm,578,2
Critical Up,Silver Solhelm,578,2
Stun,Silver Solhelm,578,-2
Tenderizer,Silver Solmail,578,1
Critical Up,Silver Solmail,578,3
Stun,Silver Solmail,578,-2
Tenderizer,Silver Solbraces,578,2
Critical Up,Silver Solbraces,578,2
Stun,Silver Solbraces,578,-2
Tenderizer,Silver Solcoil,578,2
Critical Up,Silver Solcoil,578,1
Stun,Silver Solcoil,578,-2
Tenderizer,Silver Solgreaves,578,3
Critical Up,Silver Solgreaves,578,2
Stun,Silver Solgreaves,578,-2
Carving,EX Silver Solhelm,579,3
Charmer,EX Silver Solhelm,579,3
Fencing,EX Silver Solhelm,579,-3
Carving,EX Silver Solmail,579,2
Charmer,EX Silver Solmail,579,1
Fencing,EX Silver Solmail,579,-3
Carving,EX Silver Solbraces,579,3
Charmer,EX Silver Solbraces,579,2
Fencing,EX Silver Solbraces,579,-3
Carving,EX Silver Solcoil,579,4
Charmer,EX Silver Solcoil,579,2
Fencing,EX Silver Solcoil,579,-3
Carving,EX Silver Solgreaves,579,3
Charmer,EX Silver Solgreaves,579,2
Fencing,EX Silver Solgreaves,579,-3
Handicraft,Silver Solhelm R,580,4
Sharpness,Silver Solhelm R,580,-4
Handicraft,Silver Solmail R,580,4
Sharpness,Silver Solmail R,580,-4
Critical Up,Silver Solbraces R,580,4
Sharpness,Silver Solbraces R,580,-4
Critical Up,Silver Solcoil R,580,4
Sharpness,Silver Solcoil R,580,-4
Handicraft,Silver Solgreaves R,580,2
Critical Up,Silver Solgreaves R,580,2
Sharpness,Silver Solgreaves R,580,-4
Protection,Golden Lunehelm,581,2
Rec Level,Golden Lunehelm,581,4
Light Eater,Golden Lunehelm,581,2
Protection,Golden Lunemail,581,4
Lasting Pwr,Golden Lunemail,581,3
Light Eater,Golden Lunemail,581,2
Protection,Golden Lunebraces,581,1
Lasting Pwr,Golden Lunebraces,581,4
Light Eater,Golden Lunebraces,581,2
Protection,Golden Lunecoil,581,3
Rec Level,Golden Lunecoil,581,3
Light Eater,Golden Lunecoil,581,2
Lasting Pwr,Golden Lunegreaves,581,3
Rec Level,Golden Lunegreaves,581,3
Light Eater,Golden Lunegreaves,581,2
Fate,EX Golden Lunehelm,582,4
Charmer,EX Golden Lunehelm,582,3
Health,EX Golden Lunehelm,582,-3
Fate,EX Golden Lunemail,582,3
Charmer,EX Golden Lunemail,582,1
Health,EX Golden Lunemail,582,-3
Fate,EX Golden Lunebraces,582,4
Charmer,EX Golden Lunebraces,582,2
Health,EX Golden Lunebraces,582,-3
Fate,EX Golden Lunecoil,582,5
Charmer,EX Golden Lunecoil,582,2
Health,EX Golden Lunecoil,582,-3
Fate,EX Golden Lunegreaves,582,4
Charmer,EX Golden Lunegreaves,582,2
Health,EX Golden Lunegreaves,582,-3
Insight,Divine Ire Headdress,583,2
FastCharge,Divine Ire Headdress,583,3
Sense,Divine Ire Headdress,583,-3
Insight,Divine Ire Haori,583,1
Sharpness,Divine Ire Haori,583,3
Sense,Divine Ire Haori,583,-4
Insight,Divine Ire Kote,583,2
FastCharge,Divine Ire Kote,583,5
Sharpness,Divine Ire Kote,583,3
Insight,Divine Ire Obi,583,3
FastCharge,Divine Ire Obi,583,2
Sharpness,Divine Ire Obi,583,1
Insight,Divine Ire Hakama,583,2
Sharpness,Divine Ire Hakama,583,3
Sense,Divine Ire Hakama,583,-3
Sharpness,Esurient Helm,584,2
Handicraft,Esurient Helm,584,3
Hunger,Esurient Helm,584,-2
Sharpness,Esurient Mail,584,1
Handicraft,Esurient Mail,584,3
Hunger,Esurient Mail,584,-3
Sharpness,Esurient Vambraces,584,2
Handicraft,Esurient Vambraces,584,3
Hunger,Esurient Vambraces,584,-2
Sharpness,Esurient Faulds,584,3
Handicraft,Esurient Faulds,584,3
Hunger,Esurient Faulds,584,-2
Sharpness,Esurient Greaves,584,2
Handicraft,Esurient Greaves,584,3
Hunger,Esurient Greaves,584,-2
Handicraft,Esurient Helm R,585,2
Handicraft,Esurient Mail R,585,2
Handicraft,Esurient Braces R,585,2
Handicraft,Esurient Faulds R,585,2
Handicraft,Esurient Greaves R,585,2
Blunt,Akantor Mask,586,2
Hearing,Akantor Mask,586,3
Fencing,Akantor Mask,586,2
Blunt,Akantor Aegis,586,1
Hearing,Akantor Aegis,586,3
Fencing,Akantor Aegis,586,2
Blunt,Akantor Claws,586,3
Hearing,Akantor Claws,586,3
Fencing,Akantor Claws,586,2
Blunt,Akantor Cincture,586,2
Hearing,Akantor Cincture,586,3
Fencing,Akantor Cincture,586,2
Blunt,Akantor Hessian,586,2
Hearing,Akantor Hessian,586,3
Fencing,Akantor Hessian,586,2
Fencing,Akantor Mask R,587,8
Hearing,Akantor Aegis R,587,5
Fencing,Akantor Aegis R,587,1
Blunt,Akantor Claws R,587,5
Hearing,Akantor Claws R,587,1
Fencing,Akantor Claws R,587,1
Hearing,Akantor Cincture R,587,5
Blunt,Akantor Hessian R,587,5
Sharpness,Ukanlos Mask,588,2
Attack,Ukanlos Mask,588,4
Rec Level,Ukanlos Mask,588,2
Sharpness,Ukanlos Aegis,588,2
Attack,Ukanlos Aegis,588,4
Rec Level,Ukanlos Aegis,588,2
Sharpness,Ukanlos Claws,588,2
Attack,Ukanlos Claws,588,4
Rec Level,Ukanlos Claws,588,2
Sharpness,Ukanlos Cincture,588,2
Attack,Ukanlos Cincture,588,4
Rec Level,Ukanlos Cincture,588,2
Sharpness,Ukanlos Hessian,588,2
Attack,Ukanlos Hessian,588,4
Rec Level,Ukanlos Hessian,588,2
Gloves Off,Tempest Crown,589,3
Evasion,Tempest Crown,589,3
Sharpener,Tempest Crown,589,-2
Gloves Off,Tempest Robe,589,2
Evasion,Tempest Robe,589,2
Sharpener,Tempest Robe,589,-2
Gloves Off,Tempest Sleeves,589,3
Evasion,Tempest Sleeves,589,3
Sharpener,Tempest Sleeves,589,-2
Gloves Off,Tempest Obi,589,4
Evasion,Tempest Obi,589,3
Sharpener,Tempest Obi,589,-2
Gloves Off,Tempest Hakama,589,3
Evasion,Tempest Hakama,589,4
Sharpener,Tempest Hakama,589,-2
Evasion,Tempest Crown R,590,4
Sharpener,Tempest Crown R,590,-2
Gloves Off,Tempest Robe R,590,5
Sharpener,Tempest Robe R,590,-2
Gloves Off,Tempest Sleeves R,590,2
Evasion,Tempest Sleeves R,590,4
Sharpener,Tempest Sleeves R,590,-2
Gloves Off,Tempest Obi R,590,5
Sharpener,Tempest Obi R,590,-2
Gloves Off,Tempest Hakama R,590,2
Evasion,Tempest Hakama R,590,5
Sharpener,Tempest Hakama R,590,-2
Furor,Skeletal Skull R,591,2
Crisis,Skeletal Skull R,591,2
Rec Speed,Skeletal Skull R,591,-3
Furor,Skeletal Sternum R,591,1
Crisis,Skeletal Sternum R,591,2
Rec Speed,Skeletal Sternum R,591,-3
Furor,Skeletal Humerus R,591,3
Crisis,Skeletal Humerus R,591,2
Rec Speed,Skeletal Humerus R,591,-3
Furor,Skeletal Hipbone R,591,2
Crisis,Skeletal Hipbone R,591,2
Rec Speed,Skeletal Hipbone R,591,-3
Furor,Skeletal Femur R,591,2
Crisis,Skeletal Femur R,591,2
Rec Speed,Skeletal Femur R,591,-3
Chance,Astral Helm,592,2
Insight,Astral Helm,592,2
Whim,Astral Helm,592,-2
Chance,Astral Suit,592,2
Insight,Astral Suit,592,1
Whim,Astral Suit,592,-2
Chance,Astral Vambraces,592,2
Insight,Astral Vambraces,592,2
Whim,Astral Vambraces,592,-2
Chance,Astral Coil,592,2
Insight,Astral Coil,592,2
Whim,Astral Coil,592,-2
Chance,Astral Boots,592,2
Insight,Astral Boots,592,3
Whim,Astral Boots,592,-2
Elemental,Escadora Wisdom,593,2
Blight Res,Escadora Wisdom,593,2
Crit Element,Escadora Wisdom,593,2
Elemental,Escadora Soul,593,2
Blight Res,Escadora Soul,593,1
Crit Element,Escadora Soul,593,2
Elemental,Escadora Armguards,593,2
Blight Res,Escadora Armguards,593,2
Crit Element,Escadora Armguards,593,2
Elemental,Escadora Might,593,2
Blight Res,Escadora Might,593,3
Crit Element,Escadora Might,593,2
Elemental,Escadora Sheath,593,2
Blight Res,Escadora Sheath,593,2
Crit Element,Escadora Sheath,593,2
Elemental,Escadora Wisdom R,594,5
Blight Res,Escadora Soul R,594,4
Crit Element,Escadora Soul R,594,2
Elemental,Escadora Armguards R,594,5
Crit Element,Escadora Armguards R,594,2
Blight Res,Escadora Might R,594,5
Crit Element,Escadora Might R,594,1
Blight Res,Escadora Sheath R,594,1
Crit Element,Escadora Sheath R,594,5
Constitution,Ushio's Cut,595,8
Insight,Zodias Helm,596,2
Vault,Zodias Helm,596,3
Evasion,Zodias Helm,596,2
Insight,Zodias Mail,596,2
Vault,Zodias Mail,596,2
Evasion,Zodias Mail,596,1
Insight,Zodias Vambraces,596,2
Vault,Zodias Vambraces,596,3
Evasion,Zodias Vambraces,596,1
Insight,Zodias Coil,596,2
Vault,Zodias Coil,596,1
Evasion,Zodias Coil,596,3
Insight,Zodias Greaves,596,2
Vault,Zodias Greaves,596,1
Evasion,Zodias Greaves,596,3
Gloves Off,Bristling Mane,597,4
Carnivore,Bristling Mane,597,4
Sense,Bristling Mane,597,-4
Gloves Off,Ultimate Garb,597,3
Carnivore,Ultimate Garb,597,3
Sense,Ultimate Garb,597,-3
Gloves Off,Ultimate Pleats,597,4
Carnivore,Ultimate Pleats,597,3
Sense,Ultimate Pleats,597,-3
Spirit,Champion's Hair,598,3
Eating,Champion's Hair,598,3
Sense,Champion's Hair,598,-2
Spirit,Champion's Body,598,3
Eating,Champion's Body,598,3
Sense,Champion's Body,598,-2
Spirit,Champion's Wraps,598,3
Eating,Champion's Wraps,598,3
Sense,Champion's Wraps,598,-2
Spirit,Champion's Belt,598,3
Eating,Champion's Belt,598,3
Sense,Champion's Belt,598,-2
Spirit,Champion's Shorts,598,3
Eating,Champion's Shorts,598,3
Sense,Champion's Shorts,598,-2
Unscathed,Hero's Hat,599,2
Fencing,Hero's Hat,599,2
Lasting Pwr,Hero's Hat,599,2
Unscathed,Hero's Clothes,599,2
Fencing,Hero's Clothes,599,2
Lasting Pwr,Hero's Clothes,599,2
Unscathed,Hero's Braces,599,2
Fencing,Hero's Braces,599,2
Lasting Pwr,Hero's Braces,599,2
Unscathed,Hero's Belt,599,2
Fencing,Hero's Belt,599,2
Lasting Pwr,Hero's Belt,599,2
Unscathed,Hero's Boots,599,2
Fencing,Hero's Boots,599,2
Lasting Pwr,Hero's Boots,599,2
Critical Up,Lodestar Band,600,3
Tenderizer,Lodestar Band,600,2
Frenzy Res,Lodestar Band,600,1
Critical Up,Lodestar Suit,600,1
Tenderizer,Lodestar Suit,600,1
Frenzy Res,Lodestar Suit,600,3
Critical Up,Lodestar Armguards,600,1
Tenderizer,Lodestar Armguards,600,3
Frenzy Res,Lodestar Armguards,600,2
Critical Up,Lodestar Belt,600,3
Tenderizer,Lodestar Belt,600,1
Frenzy Res,Lodestar Belt,600,2
Critical Up,Lodestar Boots,600,2
Tenderizer,Lodestar Boots,600,3
Frenzy Res,Lodestar Boots,600,2
Gloves Off,Helm of Anat,601,3
Hearing,Helm of Anat,601,3
Lasting Pwr,Helm of Anat,601,-3
Gloves Off,Mail of Anat,601,3
Hearing,Mail of Anat,601,3
Lasting Pwr,Mail of Anat,601,-3
Gloves Off,Braces of Anat,601,3
Hearing,Braces of Anat,601,3
Lasting Pwr,Braces of Anat,601,-3
Gloves Off,Greaves of Anat,601,3
Hearing,Greaves of Anat,601,3
Lasting Pwr,Greaves of Anat,601,-3
Gloves Off,Helm of Rage,602,3
Hearing,Helm of Rage,602,3
Lasting Pwr,Helm of Rage,602,-3
Gloves Off,Mail of Rage,602,3
Hearing,Mail of Rage,602,3
Lasting Pwr,Mail of Rage,602,-3
Gloves Off,Braces of Rage,602,3
Hearing,Braces of Rage,602,3
Lasting Pwr,Braces of Rage,602,-3
Gloves Off,Greaves of Rage,602,3
Hearing,Greaves of Rage,602,3
Lasting Pwr,Greaves of Rage,602,-3
Vault,Hiryu Sky Mask,603,1
Stam Recov,Hiryu Sky Mask,603,3
Evade Dist,Hiryu Sky Mask,603,2
Vault,Hiryu Sky Suit,603,3
Stam Recov,Hiryu Sky Suit,603,1
Evade Dist,Hiryu Sky Suit,603,1
Vault,Hiryu Sky Kote,603,2
Stam Recov,Hiryu Sky Kote,603,3
Evade Dist,Hiryu Sky Kote,603,1
Vault,Hiryu Sky Belt,603,1
Stam Recov,Hiryu Sky Belt,603,2
Evade Dist,Hiryu Sky Belt,603,4
Vault,Hiryu Sky Boots,603,3
Stam Recov,Hiryu Sky Boots,603,1
Evade Dist,Hiryu Sky Boots,603,2
Hunger,Shinobi Land Mask,603,8
Sense,Shinobi Land Mask,603,2
Tenderizer,Shinobi Land Suit,603,3
Sense,Shinobi Land Suit,603,2
Tenderizer,Shinobi Land Kote,603,4
Sense,Shinobi Land Kote,603,2
Tenderizer,Shinobi Land Belt,603,3
Sense,Shinobi Land Belt,603,2
Hunger,Shinobi Land Boots,603,7
Sense,Shinobi Land Boots,603,2
Status,Shinobi Sea Mask,604,6
Chain Crit,Shinobi Sea Mask,604,2
Crit Status,Shinobi Sea Suit,604,3
Chain Crit,Shinobi Sea Suit,604,2
Crit Status,Shinobi Sea Kote,604,4
Chain Crit,Shinobi Sea Kote,604,2
Crit Status,Shinobi Sea Belt,604,3
Chain Crit,Shinobi Sea Belt,604,2
Status,Shinobi Sea Boots,604,5
Chain Crit,Shinobi Sea Boots,604,2
ColdBlooded,Ancient Cap,605,2
HotBlooded,Ancient Cap,605,2
Grinder,Ancient Cap,605,3
ColdBlooded,Ancient Vest,605,2
HotBlooded,Ancient Vest,605,2
Grinder,Ancient Vest,605,1
ColdBlooded,Ancient Guards,605,2
HotBlooded,Ancient Guards,605,2
Grinder,Ancient Guards,605,2
ColdBlooded,Ancient Coat,605,2
HotBlooded,Ancient Coat,605,2
Grinder,Ancient Coat,605,2
ColdBlooded,Ancient Feet,605,2
HotBlooded,Ancient Feet,605,2
Grinder,Ancient Feet,605,2
Insight,Master's Earrings,606,2
Hero Shield,Master's Earrings,606,2
Protection,Master's Earrings,606,3
Insight,Master's Vest,606,2
Hero Shield,Master's Vest,606,2
Protection,Master's Vest,606,1
Insight,Master's Guards,606,2
Hero Shield,Master's Guards,606,2
Protection,Master's Guards,606,2
Insight,Master's Coat,606,2
Hero Shield,Master's Coat,606,2
Protection,Master's Coat,606,2
Insight,Master's Leggings,606,2
Hero Shield,Master's Leggings,606,2
Protection,Master's Leggings,606,2
Blight Res,Black Face S,607,2
FastCharge,Black Face S,607,4
Pierce Up,Black Face S,607,2
Blight Res,Black Skin S,607,2
FastCharge,Black Skin S,607,1
Pierce Up,Black Skin S,607,2
Blight Res,Black Fist S,607,2
FastCharge,Black Fist S,607,2
Pierce Up,Black Fist S,607,2
Blight Res,Black Scale S,607,3
FastCharge,Black Scale S,607,2
Pierce Up,Black Scale S,607,2
Blight Res,Black Legs S,607,1
FastCharge,Black Legs S,607,1
Pierce Up,Black Legs S,607,2
Chain Crit,Mitsuaoi Kabuto,608,2
Critical Up,Mitsuaoi Kabuto,608,3
Crit Element,Mitsuaoi Kabuto,608,2
Chain Crit,Mitsuaoi Doate,608,2
Critical Up,Mitsuaoi Doate,608,1
Crit Element,Mitsuaoi Doate,608,2
Chain Crit,Mitsuaoi Kote,608,2
Critical Up,Mitsuaoi Kote,608,2
Crit Element,Mitsuaoi Kote,608,2
Chain Crit,Mitsuaoi Koshiate,608,2
Critical Up,Mitsuaoi Koshiate,608,2
Crit Element,Mitsuaoi Koshiate,608,2
Chain Crit,Mitsuaoi Gusoku,608,2
Critical Up,Mitsuaoi Gusoku,608,2
Crit Element,Mitsuaoi Gusoku,608,2
Prolong SP,Wisdom Hat,609,3
Endurance,Wisdom Hat,609,2
Combo Plus,Wisdom Hat,609,2
Hunger,Wisdom Hat,609,-2
Prolong SP,Wisdom Vest,609,1
Combo Plus,Wisdom Vest,609,1
Endurance,Wisdom Vest,609,2
Hunger,Wisdom Vest,609,-2
Prolong SP,Wisdom Cuffs,609,3
Combo Plus,Wisdom Cuffs,609,3
Endurance,Wisdom Cuffs,609,2
Hunger,Wisdom Cuffs,609,-2
Prolong SP,Wisdom Coat,609,1
Combo Plus,Wisdom Coat,609,1
Endurance,Wisdom Coat,609,2
Hunger,Wisdom Coat,609,-2
Prolong SP,Wisdom Feet,609,2
Combo Plus,Wisdom Feet,609,3
Endurance,Wisdom Feet,609,2
Hunger,Wisdom Feet,609,-2
Dead Eye,Cheerful Cap,610,2
Health,Cheerful Cap,610,3
Precision,Cheerful Cap,610,-2
Dead Eye,Cheerful Vest,610,1
Health,Cheerful Vest,610,3
Precision,Cheerful Vest,610,-2
Dead Eye,Cheerful Guards,610,4
Precision,Cheerful Guards,610,-2
Health,Cheerful Band,610,3
Precision,Cheerful Band,610,-2
Dead Eye,Cheerful Feet,610,3
Health,Cheerful Feet,610,3
Precision,Cheerful Feet,610,-2
Status,Mariner Cap,611,2
Rapid Fire,Mariner Cap,611,2
Elemental,Mariner Cap,611,-2
Status,Mariner Vest,611,2
Rapid Fire,Mariner Vest,611,1
Elemental,Mariner Vest,611,-2
Status,Mariner Sleeves,611,3
Rapid Fire,Mariner Sleeves,611,3
Elemental,Mariner Sleeves,611,-2
Status,Mariner Frills,611,1
Rapid Fire,Mariner Frills,611,1
Elemental,Mariner Frills,611,-2
Status,Mariner Sandals,611,2
Rapid Fire,Mariner Sandals,611,3
Elemental,Mariner Sandals,611,-2
Guard Up,EX Rathian Cap S,612,2
Guard,EX Rathian Cap S,612,3
Guts,EX Rathian Cap S,612,2
Guard Up,EX Rathian Vest S,612,2
Guard,EX Rathian Vest S,612,3
Guts,EX Rathian Vest S,612,2
Guard Up,EX Rathian Guards S,612,1
Guard,EX Rathian Guards S,612,5
Guts,EX Rathian Guards S,612,2
Guard Up,EX Rathian Coat S,612,2
Guard,EX Rathian Coat S,612,2
Guts,EX Rathian Coat S,612,2
Guard Up,EX Rathian Leggings S,612,3
Guard,EX Rathian Leggings S,612,2
Guts,EX Rathian Leggings S,612,2
Tenderizer,EX Rathalos Cap S,613,4
Attack,EX Rathalos Cap S,613,3
HotBlooded,EX Rathalos Cap S,613,2
Tenderizer,EX Rathalos Vest S,613,3
Attack,EX Rathalos Vest S,613,1
HotBlooded,EX Rathalos Vest S,613,2
Tenderizer,EX Rathalos Guards S,613,1
Attack,EX Rathalos Guards S,613,3
HotBlooded,EX Rathalos Guards S,613,2
Tenderizer,EX Rathalos Coat S,613,2
Attack,EX Rathalos Coat S,613,1
HotBlooded,EX Rathalos Coat S,613,1
Attack,EX Rathalos Leggings S,613,3
HotBlooded,EX Rathalos Leggings S,613,3
Stam Recov,EX Tigrex Cap S,614,3
Constitution,EX Tigrex Cap S,614,4
Stamina,EX Tigrex Vest S,614,4
Stam Recov,EX Tigrex Vest S,614,1
Constitution,EX Tigrex Vest S,614,2
Stamina,EX Tigrex Guards S,614,3
Stam Recov,EX Tigrex Guards S,614,3
Constitution,EX Tigrex Guards S,614,1
Stam Recov,EX Tigrex Coat S,614,3
Constitution,EX Tigrex Coat S,614,3
Stamina,EX Tigrex Leggings S,614,3
Constitution,EX Tigrex Leggings S,614,2
Reload Spd,Diablos Cap,615,3
Sheathing,Diablos Cap,615,5
Spirit,Diablos Cap,615,2
Crit Status,Diablos Cap,615,-3
Reload Spd,Diablos Vest,615,1
Spirit,Diablos Vest,615,2
Crit Status,Diablos Vest,615,-4
Reload Spd,Diablos Guards,615,3
Spirit,Diablos Guards,615,3
Reload Spd,Diablos Coat,615,1
Sheathing,Diablos Coat,615,5
Spirit,Diablos Coat,615,1
Reload Spd,Diablos Leggings,615,2
Spirit,Diablos Leggings,615,2
Crit Status,Diablos Leggings,615,-3
Haphazard,Diablos Cap R,616,1
Spirit,Diablos Cap R,616,6
Guard,Diablos Cap R,616,-6
Haphazard,Diablos Vest R,616,1
Sheathing,Diablos Vest R,616,4
Haphazard,Diablos Guards R,616,2
Spirit,Diablos Guards R,616,4
Guard,Diablos Guards R,616,-4
Sheathing,Diablos Coat R,616,6
Haphazard,Diablos Leggings R,616,6
Unscathed,Arc Cap S,617,3
Normal Up,Arc Cap S,617,2
Light Eater,Arc Cap S,617,1
Unscathed,Arc Vest S,617,1
Normal Up,Arc Vest S,617,2
Light Eater,Arc Vest S,617,2
Unscathed,Arc Guards S,617,2
Normal Up,Arc Guards S,617,1
Light Eater,Arc Guards S,617,3
Unscathed,Arc Coat S,617,2
Normal Up,Arc Coat S,617,1
Light Eater,Arc Coat S,617,2
Unscathed,Arc Leggings S,617,2
Normal Up,Arc Leggings S,617,4
Light Eater,Arc Leggings S,617,2
Unscathed,Storge Cap S,618,3
Normal Up,Storge Cap S,618,2
Light Eater,Storge Cap S,618,1
Unscathed,Storge Vest S,618,1
Normal Up,Storge Vest S,618,2
Light Eater,Storge Vest S,618,2
Unscathed,Storge Guards S,618,2
Normal Up,Storge Guards S,618,1
Light Eater,Storge Guards S,618,3
Unscathed,Storge Coat S,618,2
Normal Up,Storge Coat S,618,1
Light Eater,Storge Coat S,618,2
Unscathed,Storge Leggings S,618,2
Normal Up,Storge Leggings S,618,4
Light Eater,Storge Leggings S,618,2
Chance,EX Arc Cap,619,3
Recoil,EX Arc Cap,619,2
Light Eater,EX Arc Cap,619,1
Chance,EX Arc Vest,619,1
Recoil,EX Arc Vest,619,3
Light Eater,EX Arc Vest,619,2
Chance,EX Arc Guards,619,2
Recoil,EX Arc Guards,619,2
Light Eater,EX Arc Guards,619,3
Chance,EX Arc Coat,619,2
Recoil,EX Arc Coat,619,1
Light Eater,EX Arc Coat,619,2
Chance,EX Arc Leggings,619,2
Recoil,EX Arc Leggings,619,4
Light Eater,EX Arc Leggings,619,2
Chance,EX Storge Cap,620,3
Recoil,EX Storge Cap,620,2
Light Eater,EX Storge Cap,620,1
Chance,EX Storge Vest,620,1
Recoil,EX Storge Vest,620,3
Light Eater,EX Storge Vest,620,2
Chance,EX Storge Guards,620,2
Recoil,EX Storge Guards,620,2
Light Eater,EX Storge Guards,620,3
Chance,EX Storge Coat,620,2
Recoil,EX Storge Coat,620,1
Light Eater,EX Storge Coat,620,2
Chance,EX Storge Leggings,620,2
Recoil,EX Storge Leggings,620,4
Light Eater,EX Storge Leggings,620,2
Unscathed,Arc Cap R,621,5
Unscathed,Arc Vest R,621,3
Normal Up,Arc Guards R,621,5
Unscathed,Arc Coat R,621,2
Normal Up,Arc Leggings R,621,5
Unscathed,Storge Cap R,622,5
Unscathed,Storge Vest R,622,3
Normal Up,Storge Guards R,622,5
Unscathed,Storge Coat R,622,2
Normal Up,Storge Leggings R,622,5
Dragon Spirit,Valstrax Cap,623,3
Distance Runner,Valstrax Cap,623,2
Attack,Valstrax Cap,623,3
Expert,Valstrax Cap,623,-2
Dragon Spirit,Valstrax Vest,623,1
Distance Runner,Valstrax Vest,623,1
Attack,Valstrax Vest,623,2
Expert,Valstrax Vest,623,-2
Dragon Spirit,Valstrax Guards,623,1
Distance Runner,Valstrax Guards,623,1
Attack,Valstrax Guards,623,3
Expert,Valstrax Guards,623,-2
Dragon Spirit,Valstrax Coat,623,2
Distance Runner,Valstrax Coat,623,2
Attack,Valstrax Coat,623,3
Expert,Valstrax Coat,623,-2
Dragon Spirit,Valstrax Leggings,623,3
Distance Runner,Valstrax Leggings,623,2
Attack,Valstrax Leggings,623,2
Expert,Valstrax Leggings,623,-2
Heat Res,Kushala Snarl S,624,3
Rapid Fire,Kushala Snarl S,624,2
Poison,Kushala Snarl S,624,-2
Heat Res,Kushala Vise S,624,1
Rapid Fire,Kushala Vise S,624,2
Poison,Kushala Vise S,624,-2
Heat Res,Kushala Embrace S,624,2
Rapid Fire,Kushala Embrace S,624,2
Poison,Kushala Embrace S,624,-2
Heat Res,Kushala Wind Wrap S,624,2
Rapid Fire,Kushala Wind Wrap S,624,2
Poison,Kushala Wind Wrap S,624,-2
Heat Res,Kushala Shank S,624,2
Rapid Fire,Kushala Shank S,624,2
Poison,Kushala Shank S,624,-2
Reload Spd,EX Kushala Snarl,625,4
Vault,EX Kushala Snarl,625,2
Reload Spd,EX Kushala Vise,625,2
Vault,EX Kushala Vise,625,1
Chain Crit,EX Kushala Vise,625,4
Reload Spd,EX Kushala Embrace,625,1
Vault,EX Kushala Embrace,625,3
Chain Crit,EX Kushala Embrace,625,3
Reload Spd,EX Kushala Wind Wrap,625,3
Vault,EX Kushala Wind Wrap,625,4
Reload Spd,EX Kushala Shank,625,2
Chain Crit,EX Kushala Shank,625,3
HotBlooded,Kushala Snarl R,626,4
Poison,Kushala Snarl R,626,-4
HotBlooded,Kushala Vise R,626,4
Poison,Kushala Vise R,626,-4
Loading,Kushala Embrace R,626,4
Poison,Kushala Embrace R,626,-4
Loading,Kushala Wind Wrap R,626,4
Poison,Kushala Wind Wrap R,626,-4
HotBlooded,Kushala Shank R,626,2
Loading,Kushala Shank R,626,2
Poison,Kushala Shank R,626,-4
Wind Res,Cham Hat S,627,4
Hearing,Cham Hat S,627,2
Status,Cham Hat S,627,2
Wind Res,Cham Camise S,627,2
Hearing,Cham Camise S,627,2
Status,Cham Camise S,627,2
Wind Res,Cham Sleeves S,627,3
Hearing,Cham Sleeves S,627,2
Status,Cham Sleeves S,627,2
Wind Res,Cham Coat S,627,2
Hearing,Cham Coat S,627,1
Status,Cham Coat S,627,2
Wind Res,Cham Trousers S,627,4
Hearing,Cham Trousers S,627,3
Status,Cham Trousers S,627,2
Hearing,EX Cham Hat,628,3
Mycology,EX Cham Hat,628,3
Sense,EX Cham Hat,628,2
Hearing,EX Cham Camise,628,3
Mycology,EX Cham Camise,628,1
Sense,EX Cham Camise,628,2
Hearing,EX Cham Sleeves,628,3
Mycology,EX Cham Sleeves,628,2
Sense,EX Cham Sleeves,628,2
Hearing,EX Cham Coat,628,3
Mycology,EX Cham Coat,628,2
Sense,EX Cham Coat,628,2
Hearing,EX Cham Trousers,628,3
Mycology,EX Cham Trousers,628,2
Sense,EX Cham Trousers,628,2
Spirit,Kaiser Mask S,629,4
Stam Recov,Kaiser Mask S,629,2
Poison,Kaiser Mask S,629,2
Spirit,Kaiser Vest S,629,2
Stam Recov,Kaiser Vest S,629,2
Poison,Kaiser Vest S,629,2
Spirit,Kaiser Guards S,629,3
Stam Recov,Kaiser Guards S,629,2
Poison,Kaiser Guards S,629,2
Spirit,Kaiser Coat S,629,3
Stam Recov,Kaiser Coat S,629,2
Poison,Kaiser Coat S,629,2
Spirit,Kaiser Leggings S,629,3
Stam Recov,Kaiser Leggings S,629,2
Poison,Kaiser Leggings S,629,2
Expert,EX Kaiser Mask,630,4
Evasion,EX Kaiser Mask,630,3
Hearing,EX Kaiser Mask,630,2
Expert,EX Kaiser Vest,630,4
Evasion,EX Kaiser Vest,630,1
Hearing,EX Kaiser Vest,630,2
Expert,EX Kaiser Guards,630,4
Evasion,EX Kaiser Guards,630,2
Hearing,EX Kaiser Guards,630,2
Expert,EX Kaiser Coat,630,4
Evasion,EX Kaiser Coat,630,2
Hearing,EX Kaiser Coat,630,2
Expert,EX Kaiser Leggings,630,4
Evasion,EX Kaiser Leggings,630,2
Hearing,EX Kaiser Leggings,630,2
Tenderizer,Silver Solcap,631,3
Critical Up,Silver Solcap,631,2
Stun,Silver Solcap,631,-2
Tenderizer,Silver Solvest,631,1
Critical Up,Silver Solvest,631,3
Stun,Silver Solvest,631,-2
Tenderizer,Silver Solguards,631,1
Critical Up,Silver Solguards,631,2
Stun,Silver Solguards,631,-2
Tenderizer,Silver Solcoat,631,2
Critical Up,Silver Solcoat,631,1
Stun,Silver Solcoat,631,-2
Tenderizer,Silver Solleggings,631,3
Critical Up,Silver Solleggings,631,2
Stun,Silver Solleggings,631,-2
Carving,EX Silver Solcap,632,3
Charmer,EX Silver Solcap,632,3
Precision,EX Silver Solcap,632,-3
Carving,EX Silver Solvest,632,2
Charmer,EX Silver Solvest,632,1
Precision,EX Silver Solvest,632,-3
Carving,EX Silver Solguards,632,3
Charmer,EX Silver Solguards,632,2
Precision,EX Silver Solguards,632,-3
Carving,EX Silver Solcoat,632,4
Charmer,EX Silver Solcoat,632,2
Precision,EX Silver Solcoat,632,-3
Carving,EX Silver Solleggings,632,3
Charmer,EX Silver Solleggings,632,2
Precision,EX Silver Solleggings,632,-3
Loading,Silver Solcap R,633,4
Combo Rate,Silver Solcap R,633,-4
Loading,Silver Solvest R,633,4
Combo Rate,Silver Solvest R,633,-4
Critical Up,Silver Solguards R,633,4
Combo Rate,Silver Solguards R,633,-4
Critical Up,Silver Solcoat R,633,4
Combo Rate,Silver Solcoat R,633,-4
Loading,Silver Solleggings R,633,2
Critical Up,Silver Solleggings R,633,2
Combo Rate,Silver Solleggings R,633,-4
Protection,Golden Lunecap,634,3
Rec Level,Golden Lunecap,634,4
Light Eater,Golden Lunecap,634,2
Protection,Golden Lunevest,634,4
Lasting Pwr,Golden Lunevest,634,3
Light Eater,Golden Lunevest,634,2
Lasting Pwr,Golden Luneguards,634,4
Light Eater,Golden Luneguards,634,2
Protection,Golden Lunecoat,634,3
Rec Level,Golden Lunecoat,634,3
Light Eater,Golden Lunecoat,634,2
Lasting Pwr,Golden Luneleggings,634,3
Rec Level,Golden Luneleggings,634,3
Light Eater,Golden Luneleggings,634,2
Fate,EX Golden Lunecap,635,5
Charmer,EX Golden Lunecap,635,3
Health,EX Golden Lunecap,635,-3
Fate,EX Golden Lunevest,635,3
Charmer,EX Golden Lunevest,635,1
Health,EX Golden Lunevest,635,-3
Fate,EX Golden Luneguards,635,4
Charmer,EX Golden Luneguards,635,2
Health,EX Golden Luneguards,635,-3
Fate,EX Golden Lunecoat,635,4
Charmer,EX Golden Lunecoat,635,2
Health,EX Golden Lunecoat,635,-3
Fate,EX Golden Luneleggings,635,4
Charmer,EX Golden Luneleggings,635,2
Health,EX Golden Luneleggings,635,-3
Insight,Crusher Mask,636,2
FastCharge,Crusher Mask,636,3
Sense,Crusher Mask,636,3
Insight,Crusher Garb,636,1
Ammo Saver,Crusher Garb,636,3
Sense,Crusher Garb,636,4
Insight,Crusher Braces,636,2
FastCharge,Crusher Braces,636,5
Ammo Saver,Crusher Braces,636,3
Insight,Crusher Belt,636,3
FastCharge,Crusher Belt,636,2
Ammo Saver,Crusher Belt,636,2
Insight,Mind Crusher Tabi,636,2
Ammo Saver,Mind Crusher Tabi,636,3
Sense,Mind Crusher Tabi,636,3
Dead Eye,Esurient Cap,637,2
Normal Up,Esurient Cap,637,2
Hunger,Esurient Cap,637,-2
Dead Eye,Esurient Vest,637,1
Normal Up,Esurient Vest,637,2
Hunger,Esurient Vest,637,-3
Dead Eye,Esurient Guards,637,2
Normal Up,Esurient Guards,637,2
Hunger,Esurient Guards,637,-2
Dead Eye,Esurient Coat,637,3
Normal Up,Esurient Coat,637,2
Hunger,Esurient Coat,637,-2
Dead Eye,Esurient Leggings,637,2
Normal Up,Esurient Leggings,637,2
Hunger,Esurient Leggings,637,-2
Normal Up,Esurient Cap R,638,2
Normal Up,Esurient Vest R,638,2
Normal Up,Esurient Guards R,638,2
Normal Up,Esurient Coat R,638,2
Normal Up,Esurient Leggings R,638,2
Precision,Akantor Fangs,639,2
Hearing,Akantor Fangs,639,3
Pierce Up,Akantor Fangs,639,2
Precision,Akantor Plate,639,1
Hearing,Akantor Plate,639,3
Pierce Up,Akantor Plate,639,2
Precision,Akantor Gauntlets,639,3
Hearing,Akantor Gauntlets,639,3
Pierce Up,Akantor Gauntlets,639,2
Precision,Akantor Sash,639,2
Hearing,Akantor Sash,639,3
Pierce Up,Akantor Sash,639,2
Precision,Akantor Boots,639,2
Hearing,Akantor Boots,639,3
Pierce Up,Akantor Boots,639,2
Loading,Akantor Fangs R,640,8
Hearing,Akantor Plate R,640,5
Loading,Akantor Plate R,640,1
Pierce Up,Akantor Gauntlets R,640,5
Hearing,Akantor Gauntlets R,640,1
Loading,Akantor Gauntlets R,640,1
Hearing,Akantor Sash R,640,5
Pierce Up,Akantor Boots R,640,5
Pellet Up,Ukanlos Fangs,641,2
Attack,Ukanlos Fangs,641,4
Rec Level,Ukanlos Fangs,641,2
Pellet Up,Ukanlos Plate,641,2
Attack,Ukanlos Plate,641,4
Rec Level,Ukanlos Plate,641,2
Pellet Up,Ukanlos Gauntlets,641,2
Attack,Ukanlos Gauntlets,641,4
Rec Level,Ukanlos Gauntlets,641,2
Pellet Up,Ukanlos Sash,641,2
Attack,Ukanlos Sash,641,4
Rec Level,Ukanlos Sash,641,2
Pellet Up,Ukanlos Boots,641,2
Attack,Ukanlos Boots,641,4
Rec Level,Ukanlos Boots,641,2
Gloves Off,Welkin Crown,642,4
Evasion,Welkin Crown,642,3
Precision,Welkin Crown,642,-2
Gloves Off,Welkin Robe,642,2
Evasion,Welkin Robe,642,2
Precision,Welkin Robe,642,-2
Gloves Off,Welkin Sleeves,642,3
Evasion,Welkin Sleeves,642,3
Precision,Welkin Sleeves,642,-2
Gloves Off,Welkin Obi,642,3
Evasion,Welkin Obi,642,3
Precision,Welkin Obi,642,-2
Gloves Off,Welkin Hakama,642,3
Evasion,Welkin Hakama,642,4
Precision,Welkin Hakama,642,-2
Evasion,Welkin Crown R,643,5
Precision,Welkin Crown R,643,-2
Gloves Off,Welkin Robe R,643,5
Precision,Welkin Robe R,643,-2
Gloves Off,Welkin Sleeves R,643,2
Evasion,Welkin Sleeves R,643,3
Precision,Welkin Sleeves R,643,-2
Gloves Off,Welkin Obi R,643,5
Precision,Welkin Obi R,643,-2
Gloves Off,Welkin Hakama R,643,2
Evasion,Welkin Hakama R,643,5
Precision,Welkin Hakama R,643,-2
Furor,Decayed Skull R,644,3
Crisis,Decayed Skull R,644,2
Rec Speed,Decayed Skull R,644,-3
Furor,Decayed Sternum R,644,1
Crisis,Decayed Sternum R,644,2
Rec Speed,Decayed Sternum R,644,-3
Furor,Decayed Humerus R,644,2
Crisis,Decayed Humerus R,644,2
Rec Speed,Decayed Humerus R,644,-3
Furor,Decayed Hipbone R,644,2
Crisis,Decayed Hipbone R,644,2
Rec Speed,Decayed Hipbone R,644,-3
Furor,Decayed Femur R,644,2
Crisis,Decayed Femur R,644,2
Rec Speed,Decayed Femur R,644,-3
Chance,Astral Mask,645,2
Insight,Astral Mask,645,3
Whim,Astral Mask,645,-2
Chance,Astral Vest,645,2
Insight,Astral Vest,645,1
Whim,Astral Vest,645,-2
Chance,Astral Guards,645,2
Insight,Astral Guards,645,2
Whim,Astral Guards,645,-2
Chance,Astral Coat,645,2
Insight,Astral Coat,645,2
Whim,Astral Coat,645,-2
Chance,Astral Feet,645,2
Insight,Astral Feet,645,2
Whim,Astral Feet,645,-2
Elemental,Escadora Sagesse,646,2
Blight Res,Escadora Sagesse,646,3
Crit Element,Escadora Sagesse,646,2
Elemental,Escadora Seele,646,2
Blight Res,Escadora Seele,646,1
Crit Element,Escadora Seele,646,2
Elemental,Escadora Arma,646,2
Blight Res,Escadora Arma,646,2
Crit Element,Escadora Arma,646,2
Elemental,Escadora Force,646,2
Blight Res,Escadora Force,646,2
Crit Element,Escadora Force,646,2
Elemental,Escadora Scala,646,2
Blight Res,Escadora Scala,646,2
Crit Element,Escadora Scala,646,2
Elemental,Escadora Sagesse R,647,6
Blight Res,Escadora Seele R,647,4
Crit Element,Escadora Seele R,647,2
Elemental,Escadora Arma R,647,4
Crit Element,Escadora Arma R,647,2
Blight Res,Escadora Force R,647,5
Crit Element,Escadora Force R,647,1
Blight Res,Escadora Scala R,647,1
Crit Element,Escadora Scala R,647,5
Constitution,Ushio's Hair,648,8
Insight,Zodias Cap,649,2
Vault,Zodias Cap,649,3
Evasion,Zodias Cap,649,3
Insight,Zodias Vest,649,2
Vault,Zodias Vest,649,2
Evasion,Zodias Vest,649,1
Insight,Zodias Guards,649,2
Vault,Zodias Guards,649,3
Evasion,Zodias Guards,649,1
Insight,Zodias Coat,649,2
Vault,Zodias Coat,649,1
Evasion,Zodias Coat,649,3
Insight,Zodias Leggings,649,2
Vault,Zodias Leggings,649,1
Evasion,Zodias Leggings,649,2
Gloves Off,Terrifying Mane,650,4
Carnivore,Terrifying Mane,650,4
Sense,Terrifying Mane,650,-4
Gloves Off,Ultimate Attire,650,3
Carnivore,Ultimate Attire,650,3
Sense,Ultimate Attire,650,-3
Gloves Off,Ultimate Walkers,650,4
Carnivore,Ultimate Walkers,650,3
Sense,Ultimate Walkers,650,-3
Spirit,Strongman's Hair,651,3
Eating,Strongman's Hair,651,3
Sense,Strongman's Hair,651,-2
Spirit,Strongman's Body,651,3
Eating,Strongman's Body,651,3
Sense,Strongman's Body,651,-2
Spirit,Strongman's Wraps,651,3
Eating,Strongman's Wraps,651,3
Sense,Strongman's Wraps,651,-2
Spirit,Strongman's Belt,651,3
Eating,Strongman's Belt,651,3
Sense,Strongman's Belt,651,-2
Spirit,Strongman's Shorts,651,3
Eating,Strongman's Shorts,651,3
Sense,Strongman's Shorts,651,-2
Unscathed,Hero's Cap,652,2
Loading,Hero's Cap,652,2
Lasting Pwr,Hero's Cap,652,2
Unscathed,Hero's Tunic,652,2
Loading,Hero's Tunic,652,2
Lasting Pwr,Hero's Tunic,652,2
Unscathed,Hero's Gloves,652,2
Loading,Hero's Gloves,652,2
Lasting Pwr,Hero's Gloves,652,2
Unscathed,Hero's Band,652,2
Loading,Hero's Band,652,2
Lasting Pwr,Hero's Band,652,2
Unscathed,Hero's Leggings,652,2
Loading,Hero's Leggings,652,2
Lasting Pwr,Hero's Leggings,652,2
Critical Up,Lodestar Hoop,653,3
Tenderizer,Lodestar Hoop,653,2
Frenzy Res,Lodestar Hoop,653,2
Critical Up,Lodestar Vest,653,1
Tenderizer,Lodestar Vest,653,1
Frenzy Res,Lodestar Vest,653,2
Critical Up,Lodestar Cuffs,653,1
Tenderizer,Lodestar Cuffs,653,3
Frenzy Res,Lodestar Cuffs,653,2
Critical Up,Lodestar Cloak,653,3
Tenderizer,Lodestar Cloak,653,1
Frenzy Res,Lodestar Cloak,653,2
Critical Up,Lodestar Greaves,653,2
Tenderizer,Lodestar Greaves,653,3
Frenzy Res,Lodestar Greaves,653,2
Gloves Off,Cap of Anat,654,3
Hearing,Cap of Anat,654,3
Lasting Pwr,Cap of Anat,654,-3
Gloves Off,Vest of Anat,654,3
Hearing,Vest of Anat,654,3
Lasting Pwr,Vest of Anat,654,-3
Gloves Off,Guards of Anat,654,3
Hearing,Guards of Anat,654,3
Lasting Pwr,Guards of Anat,654,-3
Gloves Off,Leggings of Anat,654,3
Hearing,Leggings of Anat,654,3
Lasting Pwr,Leggings of Anat,654,-3
Gloves Off,Cap of Rage,655,3
Hearing,Cap of Rage,655,3
Lasting Pwr,Cap of Rage,655,-3
Gloves Off,Vest of Rage,655,3
Hearing,Vest of Rage,655,3
Lasting Pwr,Vest of Rage,655,-3
Gloves Off,Guards of Rage,655,3
Hearing,Guards of Rage,655,3
Lasting Pwr,Guards of Rage,655,-3
Gloves Off,Leggings of Rage,655,3
Hearing,Leggings of Rage,655,3
Lasting Pwr,Leggings of Rage,655,-3
Vault,Hiryu Land Mask,656,2
Stam Recov,Hiryu Land Mask,656,3
Evade Dist,Hiryu Land Mask,656,2
Vault,Hiryu Land Suit,656,3
Stam Recov,Hiryu Land Suit,656,1
Evade Dist,Hiryu Land Suit,656,1
Vault,Hiryu Land Kote,656,1
Stam Recov,Hiryu Land Kote,656,3
Evade Dist,Hiryu Land Kote,656,1
Vault,Hiryu Land Belt,656,1
Stam Recov,Hiryu Land Belt,656,2
Evade Dist,Hiryu Land Belt,656,4
Vault,Hiryu Land Boots,656,3
Stam Recov,Hiryu Land Boots,656,1
Evade Dist,Hiryu Land Boots,656,2
Whim,Leather Helm X,656,3
Gathering,Leather Helm X,656,3
Whim,Leather Mail X,656,5
Whim,Leather Braces X,656,5
Gathering,Leather Braces X,656,2
Whim,Leather Faulds X,656,1
Gathering,Leather Faulds X,656,2
Whim,Leather Greaves X,656,1
Gathering,Leather Greaves X,656,3
Health,Chain Helm X,657,1
Light Eater,Chain Helm X,657,3
Health,Chain Mail X,657,3
Health,Chain Vambraces X,657,3
Light Eater,Chain Vambraces X,657,4
Light Eater,Chainmail Faulds X,657,3
Health,Chainmail Greaves X,657,5
Protection,Bherna Turban X,658,3
Wide-Range,Bherna Turban X,658,4
Protection,Bherna Mail X,658,2
Wide-Range,Bherna Mail X,658,2
Protection,Bherna Braces X,658,2
Wide-Range,Bherna Braces X,658,4
Maestro,Bherna Belt X,658,8
Wide-Range,Bherna Belt X,658,2
Protection,Bherna Greaves X,658,3
Wide-Range,Bherna Greaves X,658,3
Psychic,Hunting Helm X,659,3
Bomb Boost,Hunting Helm X,659,2
Psychic,Hunting Mail X,659,2
Bomb Boost,Hunting Mail X,659,2
Psychic,Hunting Braces X,659,5
Speed Setup,Hunting Braces X,659,4
Speed Setup,Hunting Faulds X,659,3
Bomb Boost,Hunting Faulds X,659,4
Speed Setup,Hunting Greaves X,659,3
Bomb Boost,Hunting Greaves X,659,2
Cold Res,Mafumofu Hood X,660,1
FastCharge,Mafumofu Hood X,660,2
Defense,Mafumofu Hood X,660,2
Cold Res,Mafumofu Suit X,660,6
FastCharge,Mafumofu Suit X,660,1
Cold Res,Mafumofu Grips X,660,2
FastCharge,Mafumofu Grips X,660,2
Defense,Mafumofu Grips X,660,2
Cold Res,Mafumofu Coil X,660,2
FastCharge,Mafumofu Coil X,660,3
Cold Res,Mafumofu Boots X,660,4
FastCharge,Mafumofu Boots X,660,2
Defense,Mafumofu Boots X,660,2
Expert,Yukumo Sky Kasa Goku,661,3
Evasion,Yukumo Sky Kasa Goku,661,3
Expert,Yukumo Sky Dogi Goku,661,5
Evasion,Yukumo Sky Dogi Goku,661,1
Expert,Yukumo Sky Kote Goku,661,3
Evasion,Yukumo Sky Kote Goku,661,4
Expert,Yukumo Sky Obi Goku,661,2
Evasion,Yukumo Sky Obi Goku,661,3
Expert,Yukumo Sky Hakama Goku,661,3
Evasion,Yukumo Sky Hakama Goku,661,2
Speed Setup,Hunter's Helm X,662,2
Ranger,Hunter's Helm X,662,3
Capturer,Hunter's Helm X,662,3
Speed Setup,Hunter's Mail X,662,2
Capturer,Hunter's Mail X,662,3
Speed Setup,Hunter's Vambraces X,662,3
Capturer,Hunter's Vambraces X,662,3
Ranger,Hunter's Faulds X,662,6
Capturer,Hunter's Faulds X,662,3
Ranger,Hunter's Greaves X,662,1
Capturer,Hunter's Greaves X,662,3
Spirit,Hunter's Helm XR,663,5
Guard,Hunter's Helm XR,663,-4
Spirit,Hunter's Mail XR,663,2
Perception,Hunter's Mail XR,663,2
Guard,Hunter's Mail XR,663,-2
Spirit,Hunter's Vambraces XR,663,5
Perception,Hunter's Vambraces XR,663,3
Guard,Hunter's Vambraces XR,663,-2
Perception,Hunter's Faulds XR,663,5
Spirit,Hunter's Greaves XR,663,3
Perception,Hunter's Greaves XR,663,4
Guard,Hunter's Greaves XR,663,-1
KO,Bone Helm X,664,4
Blunt,Bone Helm X,664,2
Capturer,Bone Helm X,664,2
KO,Bone Mail X,664,5
Maestro,Bone Mail X,664,4
Capturer,Bone Mail X,664,2
KO,Bone Vambraces X,664,2
Blunt,Bone Vambraces X,664,3
Capturer,Bone Vambraces X,664,2
KO,Bone Faulds X,664,2
Blunt,Bone Faulds X,664,2
Capturer,Bone Faulds X,664,3
Maestro,Bone Greaves X,664,6
Blunt,Bone Greaves X,664,3
Capturer,Bone Greaves X,664,1
Fire Atk,Silver Boots X,665,10
Elemental,Silver Boots X,665,-2
Status,Grand Chaoshroom,666,5
Status,Grand Chaos Plate,666,3
Botany,Trapper's Gauntlets X,667,6
Botany,Trapper's Greaves X,667,7
Stam Drain,Maccao Gauntlets X,668,6
Stam Drain,Maccao Shinguards X,668,6
Expert,Jaggi Gauntlets X,669,6
Expert,Jaggi Shinguards X,669,6
Gathering,Melahoa Hat X,670,2
Botany,Melahoa Hat X,670,3
Gathering,Melahoa Jacket X,670,3
Botany,Melahoa Jacket X,670,3
Gathering,Melahoa Branch X,670,4
Botany,Melahoa Branch X,670,4
Gathering,Melahoa Folia X,670,2
Botany,Melahoa Folia X,670,2
Gathering,Melahoa Roots X,670,4
Botany,Melahoa Roots X,670,3
Gathering,Melahoa Flower Hat Z,671,3
Whim,Melahoa Flower Hat Z,671,8
Gathering,MelahoaFlowerJacketZ,671,3
Cold Res,MelahoaFlowerJacketZ,671,5
Gathering,Melahoa Branch Z,671,7
Whim,Melahoa Branch Z,671,3
Whim,Melahoa Skirt Z,671,3
Cold Res,Melahoa Skirt Z,671,2
Gathering,Melahoa Roots Z,671,4
Cold Res,Melahoa Roots Z,671,5
Combo Rate,Makluva Hood X,672,4
Lasting Pwr,Makluva Hood X,672,2
Status,Makluva Hood X,672,2
Combo Rate,Makluva Cover X,672,3
Lasting Pwr,Makluva Cover X,672,3
Lasting Pwr,Makluva Sleeves X,672,5
Status,Makluva Sleeves X,672,3
Combo Rate,Makluva Coil X,672,5
Combo Plus,Makluva Coil X,672,3
Status,Makluva Coil X,672,1
Combo Rate,Makluva Pants X,672,3
Combo Plus,Makluva Pants X,672,3
Combo Rate,Makluva Hood Z,673,4
Combo Plus,Makluva Hood Z,673,2
Lasting Pwr,Makluva Hood Z,673,1
Lasting Pwr,Makluva Cover Z,673,2
Combo Plus,Makluva Cover Z,673,3
Lasting Pwr,Makluva Sleeves Z,673,3
Combo Plus,Makluva Sleeves Z,673,5
Combo Rate,Makluva Coil Z,673,4
Lasting Pwr,Makluva Coil Z,673,3
Combo Rate,Makluva Pants Z,673,5
Lasting Pwr,Makluva Pants Z,673,1
Attack,Obituary Vertex X,674,5
Constitution,Obituary Vertex X,674,2
Elemental,Obituary Vertex X,674,1
Constitution,Obituary Thorax X,674,2
Elemental,Obituary Thorax X,674,1
Attack,Obituary Brachia X,674,6
Elemental,Obituary Brachia X,674,2
Constitution,Obituary Elytra X,674,3
Elemental,Obituary Elytra X,674,2
Attack,Obituary Crura X,674,4
Constitution,Obituary Crura X,674,4
Elemental,Obituary Crura X,674,2
Attack,Butterfly Vertex X,675,5
Constitution,Butterfly Vertex X,675,2
Elemental,Butterfly Vertex X,675,1
Constitution,Butterfly Thorax X,675,2
Elemental,Butterfly Thorax X,675,1
Attack,Butterfly Brachia X,675,6
Elemental,Butterfly Brachia X,675,2
Constitution,Butterfly Elytra X,675,3
Elemental,Butterfly Elytra X,675,2
Attack,Butterfly Crura X,675,4
Constitution,Butterfly Crura X,675,4
Elemental,Butterfly Crura X,675,2
Frenzy Res,Death Stench Brain X,676,2
Dragon Atk,Death Stench Brain X,676,4
Dragon Atk,Death Stench Muscle X,676,4
Frenzy Res,Death Stench Grip X,676,3
Frenzy Res,Death Stench Bowels X,676,5
Dragon Atk,Death Stench Bowels X,676,2
Dragon Atk,Death Stench Heel X,676,5
Frenzy Res,Death Stench Brain XR,677,7
Evasion,Death Stench Brain XR,677,-3
Crit Element,Death Stench Muscle XR,677,4
Attack,Death Stench Muscle XR,677,-2
Frenzy Res,Death Stench Grip XR,677,2
Crit Element,Death Stench Grip XR,677,4
Attack,Death Stench Grip XR,677,-1
Crit Element,Death Stench Bowels XR,677,6
Attack,Death Stench Bowels XR,677,-3
Frenzy Res,Death Stench Heel XR,677,7
Evasion,Death Stench Heel XR,677,-3
Artillery,Acorn Helm X,678,6
Team Player,Acorn Helm X,678,4
Loading,Acorn Helm X,678,3
Artillery,Acorn Mail X,678,4
Team Player,Acorn Mail X,678,4
Loading,Acorn Mail X,678,2
Fire Atk,Mosgharl Vizor X,679,6
Stam Recov,Mosgharl Vizor X,679,2
FastCharge,Mosgharl Ribplate X,679,3
Fire Atk,Mosgharl Ribplate X,679,3
Stam Recov,Mosgharl Ribplate X,679,1
FastCharge,Mosgharl Creeper X,679,2
Stam Recov,Mosgharl Creeper X,679,5
Fire Atk,Mosgharl Folia X,679,6
FastCharge,Mosgharl Roots X,679,5
Stam Recov,Mosgharl Roots X,679,2
Fire Atk,Mosgharl Vizor X,680,6
Stam Recov,Mosgharl Vizor X,680,2
FastCharge,Mosgharl Ribplate X,680,3
Fire Atk,Mosgharl Ribplate X,680,3
Stam Recov,Mosgharl Ribplate X,680,1
FastCharge,Mosgharl Creeper X,680,2
Stam Recov,Mosgharl Creeper X,680,5
Fire Atk,Mosgharl Folia X,680,6
FastCharge,Mosgharl Roots X,680,5
Stam Recov,Mosgharl Roots X,680,2
Botany,Edel Vizor X,681,3
Wide-Range,Edel Vizor X,681,3
Wide-Range,Edel Ribplate X,681,4
Botany,Edel Creeper X,681,8
Wide-Range,Edel Creeper X,681,3
Wide-Range,Edel Folia X,681,5
Wide-Range,Edel Roots X,681,5
Botany,Edel Roots X,681,3
Crit Status,Skalda Vertex X,682,1
Gloves Off,Skalda Vertex X,682,3
Tenderizer,Skalda Vertex X,682,2
Gloves Off,Skalda Thorax X,682,4
Tenderizer,Skalda Thorax X,682,2
Crit Status,Skalda Brachia X,682,4
Gloves Off,Skalda Brachia X,682,2
Tenderizer,Skalda Brachia X,682,2
Crit Status,Skalda Elytra X,682,3
Gloves Off,Skalda Elytra X,682,4
Tenderizer,Skalda Elytra X,682,1
Crit Status,Skalda Crura X,682,2
Gloves Off,Skalda Crura X,682,2
Tenderizer,Skalda Crura X,682,1
Crit Status,Spio Vertex X,683,1
Gloves Off,Spio Vertex X,683,3
Tenderizer,Spio Vertex X,683,2
Gloves Off,Spio Thorax X,683,4
Tenderizer,Spio Thorax X,683,2
Crit Status,Spio Brachia X,683,4
Gloves Off,Spio Brachia X,683,2
Tenderizer,Spio Brachia X,683,2
Crit Status,Spio Elytra X,683,3
Gloves Off,Spio Elytra X,683,4
Tenderizer,Spio Elytra X,683,1
Crit Status,Spio Crura X,683,2
Gloves Off,Spio Crura X,683,2
Tenderizer,Spio Crura X,683,1
Sharpener,Alloy Helm X,684,3
Wind Res,Alloy Helm X,684,4
Expert,Alloy Helm X,684,3
Sharpener,Alloy Mail X,684,2
Wind Res,Alloy Mail X,684,2
Expert,Alloy Mail X,684,2
Sharpener,Alloy Vambraces X,684,4
Wind Res,Alloy Vambraces X,684,5
Expert,Alloy Vambraces X,684,1
Wind Res,Alloy Coil X,684,3
Expert,Alloy Coil X,684,2
Sharpener,Alloy Greaves X,684,1
Expert,Alloy Greaves X,684,4
Expert,Alloy Helm XR,685,7
Sharpener,Alloy Mail XR,685,6
Wind Res,Alloy Vambraces XR,685,9
Expert,Alloy Faulds XR,685,8
Sharpener,Alloy Greaves XR,685,7
Attack,Battle Helm X,686,3
Anti-Theft,Battle Helm X,686,2
Guard,Battle Mail X,686,3
Anti-Theft,Battle Mail X,686,3
Guard,Battle Vambraces X,686,2
Attack,Battle Vambraces X,686,5
Anti-Theft,Battle Vambraces X,686,1
Guard,Battle Tassets X,686,5
Attack,Battle Tassets X,686,4
Anti-Theft,Battle Tassets X,686,3
Guard,Battle Greaves X,686,4
Anti-Theft,Battle Greaves X,686,1
Ice Atk,Ingot Helm X,687,6
Wind Res,Ingot Mail X,687,5
Ice Atk,Ingot Mail X,687,4
Fate,Ingot Mail X,687,-2
Ice Atk,Ingot Vambraces X,687,7
Wind Res,Ingot Coil X,687,2
Ice Atk,Ingot Coil X,687,1
Fate,Ingot Coil X,687,-1
Wind Res,Ingot Greaves X,687,7
Fate,Ingot Greaves X,687,-3
Wind Res,Ingot Helm XR,688,8
Fate,Ingot Helm XR,688,-2
Ice Atk,Ingot Mail XR,688,7
Wind Res,Ingot Vambraces XR,688,4
Ice Atk,Ingot Vambraces XR,688,4
Fate,Ingot Vambraces XR,688,-2
Wind Res,Ingot Coil XR,688,7
Fate,Ingot Coil XR,688,-2
Ice Atk,Ingot Greaves XR,688,8
Hearing,High Metal Helm X,689,5
Thunder Res,High Metal Helm X,689,2
Hearing,High Metal Mail X,689,1
Thunder Res,High Metal Mail X,689,4
Elemental,High Metal Mail X,689,1
Hearing,High Metal Braces X,689,2
Thunder Res,High Metal Braces X,689,3
Elemental,High Metal Braces X,689,1
Hearing,High Metal Tassets X,689,5
Thunder Res,High Metal Tassets X,689,1
Elemental,High Metal Tassets X,689,2
Hearing,High Metal Greaves X,689,1
Thunder Res,High Metal Greaves X,689,5
Elemental,High Metal Greaves X,689,2
Hearing,High Metal Helm Z,690,7
Sheathing,High Metal Helm Z,690,2
Crit Draw,High Metal Mail Z,690,3
Hearing,High Metal Braces Z,690,1
Crit Draw,High Metal Braces Z,690,2
Sheathing,High Metal Braces Z,690,4
Crit Draw,High Metal Tassets Z,690,5
Sheathing,High Metal Tassets Z,690,2
Hearing,High Metal Greaves Z,690,4
Sheathing,High Metal Greaves Z,690,2
Dragon Atk,Pink Metal Boots X,691,10
Light Eater,Lobster Helm X,692,2
Bubble,Lobster Helm X,692,2
Evasion,Lobster Helm X,692,2
Thunder Res,Lobster Helm X,692,-2
Light Eater,Lobster Mail X,692,2
Bubble,Lobster Mail X,692,2
Evasion,Lobster Mail X,692,2
Thunder Res,Lobster Mail X,692,-2
Light Eater,Lobster Vambraces X,692,2
Bubble,Lobster Vambraces X,692,2
Evasion,Lobster Vambraces X,692,2
Thunder Res,Lobster Vambraces X,692,-2
Light Eater,Lobster Coil X,692,2
Bubble,Lobster Coil X,692,2
Evasion,Lobster Coil X,692,2
Thunder Res,Lobster Coil X,692,-2
Light Eater,Lobster Boots X,692,2
Bubble,Lobster Boots X,692,2
Evasion,Lobster Boots X,692,2
Thunder Res,Lobster Boots X,692,-2
Water Atk,Vaik Helm X,693,2
Sharpness,Vaik Helm X,693,3
Water Atk,Vaik Mail X,693,2
Sharpness,Vaik Mail X,693,2
Attack,Vaik Mail X,693,1
Water Atk,Vaik Braces X,693,5
Sharpness,Vaik Braces X,693,1
Attack,Vaik Braces X,693,2
Sharpness,Vaik Faulds X,693,4
Attack,Vaik Faulds X,693,3
Water Atk,Vaik Greaves X,693,6
Eating,Bistro Toque X,694,3
Carnivore,Bistro Toque X,694,4
Rec Level,Bistro Toque X,694,-1
Eating,Bistro Suit X,694,3
Carnivore,Bistro Suit X,694,3
Rec Level,Bistro Suit X,694,-1
Eating,Bistro Sarong X,694,4
Carnivore,Bistro Sarong X,694,3
Rec Level,Bistro Sarong X,694,-1
Lasting Pwr,Patissier's Toque X,695,2
HotBlooded,Patissier's Toque X,695,2
Light Eater,Patissier's Toque X,695,2
Lasting Pwr,Patissier's Suit X,695,2
HotBlooded,Patissier's Suit X,695,2
Light Eater,Patissier's Suit X,695,2
Lasting Pwr,Patissier's Gloves X,695,2
HotBlooded,Patissier's Gloves X,695,2
Light Eater,Patissier's Gloves X,695,2
Lasting Pwr,Patissier's Sarong X,695,2
HotBlooded,Patissier's Sarong X,695,2
Light Eater,Patissier's Sarong X,695,2
Lasting Pwr,Patissier's Boots X,695,2
HotBlooded,Patissier's Boots X,695,2
Light Eater,Patissier's Boots X,695,2
Rec Level,Gourmew Toque X,696,1
Stamina,Gourmew Toque X,696,1
PowerEater,Gourmew Toque X,696,1
Rec Level,Gourmew Suit X,696,2
Sharpener,Gourmew Suit X,696,2
Stamina,Gourmew Suit X,696,2
PowerEater,Gourmew Suit X,696,1
Sharpener,Gourmew Gloves X,696,4
Stamina,Gourmew Gloves X,696,3
PowerEater,Gourmew Gloves X,696,3
Rec Level,Gourmew Sarong X,696,3
Sharpener,Gourmew Sarong X,696,4
Stamina,Gourmew Sarong X,696,2
PowerEater,Gourmew Sarong X,696,2
Rec Level,Gourmew Boots X,696,2
Stamina,Gourmew Boots X,696,2
PowerEater,Gourmew Boots X,696,3
Rec Level,Gourmew Toque X,697,1
Stamina,Gourmew Toque X,697,1
PowerEater,Gourmew Toque X,697,1
Rec Level,Gourmew Suit X,697,2
Sharpener,Gourmew Suit X,697,2
Stamina,Gourmew Suit X,697,2
PowerEater,Gourmew Suit X,697,1
Sharpener,Gourmew Gloves X,697,4
Stamina,Gourmew Gloves X,697,3
PowerEater,Gourmew Gloves X,697,3
Rec Level,Gourmew Sarong X,697,3
Sharpener,Gourmew Sarong X,697,4
Stamina,Gourmew Sarong X,697,2
PowerEater,Gourmew Sarong X,697,2
Rec Level,Gourmew Boots X,697,2
Stamina,Gourmew Boots X,697,2
PowerEater,Gourmew Boots X,697,3
Expert,Aelucanth Vertex X,698,5
Critical Up,Aelucanth Vertex X,698,2
Sheathe Sharpen,Aelucanth Vertex X,698,1
Expert,Aelucanth Thorax X,698,2
Critical Up,Aelucanth Thorax X,698,1
Sheathe Sharpen,Aelucanth Thorax X,698,1
Expert,Aelucanth Brachia X,698,1
Critical Up,Aelucanth Brachia X,698,3
Sheathe Sharpen,Aelucanth Brachia X,698,4
Expert,Aelucanth Elytra X,698,5
Critical Up,Aelucanth Elytra X,698,1
Sheathe Sharpen,Aelucanth Elytra X,698,2
Expert,Aelucanth Crura X,698,2
Critical Up,Aelucanth Crura X,698,3
Sheathe Sharpen,Aelucanth Crura X,698,2
Expert,Rhopessa Vertex X,699,5
Critical Up,Rhopessa Vertex X,699,2
Sheathe Sharpen,Rhopessa Vertex X,699,1
Expert,Rhopessa Thorax X,699,2
Critical Up,Rhopessa Thorax X,699,1
Sheathe Sharpen,Rhopessa Thorax X,699,1
Expert,Rhopessa Brachia X,699,1
Critical Up,Rhopessa Brachia X,699,3
Sheathe Sharpen,Rhopessa Brachia X,699,4
Expert,Rhopessa Elytra X,699,5
Critical Up,Rhopessa Elytra X,699,1
Sheathe Sharpen,Rhopessa Elytra X,699,2
Expert,Rhopessa Crura X,699,2
Critical Up,Rhopessa Crura X,699,3
Sheathe Sharpen,Rhopessa Crura X,699,2
Frenzy Res,Lecturer's Hood X,700,1
Psychic,Lecturer's Hood X,700,4
Tenderizer,Lecturer's Hood X,700,2
Frenzy Res,Lecturer's Suit X,700,3
Psychic,Lecturer's Suit X,700,4
Tenderizer,Lecturer's Suit X,700,1
Frenzy Res,Lecturer's Braces X,700,3
Psychic,Lecturer's Braces X,700,2
Tenderizer,Lecturer's Braces X,700,2
Frenzy Res,Lecturer's Skirt X,700,3
Psychic,Lecturer's Skirt X,700,1
Tenderizer,Lecturer's Skirt X,700,3
Psychic,Lecturer's Boots X,700,4
Tenderizer,Lecturer's Boots X,700,2
Fire Atk,Derring Helm X,701,3
Spirit,Derring Helm X,701,4
Mounting,Derring Mail X,701,3
Spirit,Derring Mail X,701,2
Mounting,Derring Vambraces X,701,5
Spirit,Derring Vambraces X,701,1
Fire Atk,Derring Vambraces X,701,5
Mounting,Derring Faulds X,701,2
Fire Atk,Derring Faulds X,701,3
Spirit,Derring Faulds X,701,2
Fire Atk,Derring Greaves X,701,7
Spirit,Derring Greaves X,701,3
Thunder Atk,Artian Mail X,702,1
Resilience,Artian Mail X,702,2
Thunder Atk,Artian Vambraces X,702,5
Speed Setup,Artian Vambraces X,702,3
Speed Setup,Artian Coil X,702,5
Resilience,Artian Coil X,702,5
Thunder Atk,Artian Greaves X,702,6
Speed Setup,Artian Greaves X,702,2
Resilience,Artian Greaves X,702,3
Speed Setup,Artian Helm XR,703,8
Def Lock,Artian Mail XR,703,7
Distance Runner,Artian Mail XR,703,4
Def Lock,Artian Braces XR,703,5
Speed Setup,Artian Braces XR,703,6
Thunder Atk,Artian Coil XR,703,8
Distance Runner,Artian Coil XR,703,3
Thunder Atk,Artian Greaves XR,703,8
Distance Runner,Artian Greaves XR,703,3
Fate,Maiden's Hat X,704,2
Team Player,Maiden's Hat X,704,2
Brutality,Maiden's Hat X,704,2
Fate,Maiden's Suit X,704,2
Team Player,Maiden's Suit X,704,2
Brutality,Maiden's Suit X,704,1
Fate,Maiden's Gloves X,704,2
Team Player,Maiden's Gloves X,704,2
Brutality,Maiden's Gloves X,704,2
Fate,Maiden's Skirt X,704,2
Team Player,Maiden's Skirt X,704,2
Brutality,Maiden's Skirt X,704,3
Fate,Maiden's Socks X,704,2
Team Player,Maiden's Socks X,704,2
Brutality,Maiden's Socks X,704,2
Psychic,Dianthus Masacap,705,2
Perception,Dianthus Masacap,705,2
Insight,Dianthus Masacap,705,2
Endurance,Dianthus Masacap,705,2
Psychic,Dianthus Masajacket,705,2
Perception,Dianthus Masajacket,705,2
Insight,Dianthus Masajacket,705,2
Endurance,Dianthus Masajacket,705,2
Psychic,Dianthus Masasleeves,705,2
Perception,Dianthus Masasleeves,705,2
Insight,Dianthus Masasleeves,705,2
Endurance,Dianthus Masasleeves,705,2
Psychic,Dianthus Masaskirt,705,2
Perception,Dianthus Masaskirt,705,2
Insight,Dianthus Masaskirt,705,2
Endurance,Dianthus Masaskirt,705,2
Psychic,Dianthus Masapants,705,2
Perception,Dianthus Masapants,705,2
Insight,Dianthus Masapants,705,2
Endurance,Dianthus Masapants,705,2
Frenzy Res,Hawkhat X,706,1
Constitution,Hawkhat X,706,5
Eating,Hawkhat X,706,2
Frenzy Res,Hawksuit X,706,3
Constitution,Hawksuit X,706,4
Eating,Hawksuit X,706,3
Frenzy Res,Hawkbraces X,706,3
Constitution,Hawkbraces X,706,1
Eating,Hawkbraces X,706,4
Frenzy Res,Hawkcoil X,706,3
Constitution,Hawkcoil X,706,1
Eating,Hawkcoil X,706,3
Constitution,Hawkboots X,706,4
Eating,Hawkboots X,706,3
Capturer,Scholarly Hood X,707,2
Biology,Scholarly Hood X,707,4
Capturer,Scholarly Suit X,707,3
Capturer,Scholarly Grips X,707,3
Biology,Scholarly Grips X,707,3
Capturer,Scholarly Sash X,707,4
Biology,Scholarly Sash X,707,4
Capturer,Scholarly Boots X,707,3
Biology,Scholarly Boots X,707,4
Dragon Atk,Dober Helm X,708,3
Blight Res,Dober Helm X,708,2
Crit Element,Dober Helm X,708,2
Stun,Dober Mail X,708,3
Blight Res,Dober Mail X,708,2
Crit Element,Dober Mail X,708,2
Stun,Dober Vambraces X,708,5
Blight Res,Dober Vambraces X,708,1
Crit Element,Dober Vambraces X,708,2
Stun,Dober Coil X,708,2
Dragon Atk,Dober Coil X,708,3
Blight Res,Dober Coil X,708,2
Crit Element,Dober Coil X,708,2
Dragon Atk,Dober Greaves X,708,4
Blight Res,Dober Greaves X,708,3
Crit Element,Dober Greaves X,708,2
Evasion,Scholar's Beret X,709,2
Maestro,Scholar's Beret X,709,4
Sense,Scholar's Beret X,709,-2
Evasion,Scholar's Blouse X,709,3
Maestro,Scholar's Blouse X,709,2
Sense,Scholar's Blouse X,709,-2
Evasion,Scholar's Gloves X,709,4
Maestro,Scholar's Gloves X,709,3
Sense,Scholar's Gloves X,709,-2
Evasion,Scholar's Skirt X,709,3
Maestro,Scholar's Skirt X,709,1
Sense,Scholar's Skirt X,709,-2
Evasion,Scholar's Socks X,709,3
Sense,Scholar's Socks X,709,-2
Evasion,Sailor Hat X,710,3
FastCharge,Sailor Hat X,710,4
Sense,Sailor Hat X,710,-2
Evasion,Sailor Suit X,710,3
FastCharge,Sailor Suit X,710,2
Sense,Sailor Suit X,710,-2
Evasion,Sailor Gloves X,710,2
FastCharge,Sailor Gloves X,710,3
Sense,Sailor Gloves X,710,-2
Evasion,Sailor Skirt X,710,4
FastCharge,Sailor Skirt X,710,1
Sense,Sailor Skirt X,710,-2
Evasion,Sailor Socks X,710,3
Sense,Sailor Socks X,710,-2
Status,Mariner Hood X,711,2
Chain Crit,Mariner Hood X,711,2
Expert,Mariner Hood X,711,2
Status,Mariner Suit X,711,2
Chain Crit,Mariner Suit X,711,1
Expert,Mariner Suit X,711,1
Status,Mariner Gloves X,711,3
Chain Crit,Mariner Gloves X,711,3
Expert,Mariner Gloves X,711,3
Status,Mariner Skirt X,711,4
Chain Crit,Mariner Skirt X,711,1
Expert,Mariner Skirt X,711,2
Status,Mariner Socks X,711,4
Chain Crit,Mariner Socks X,711,3
Expert,Mariner Socks X,711,2
Water Atk,Slagtoth Hood X,712,3
Rec Speed,Slagtoth Hood X,712,6
Water Atk,Slagtoth Cloak X,712,7
Rec Speed,Slagtoth Cloak X,712,3
Attack,Jaggi Helm X,713,5
Fire Atk,Jaggi Helm X,713,3
Health,Jaggi Helm X,713,1
Attack,Jaggi Mail X,713,3
Health,Jaggi Mail X,713,3
Fire Atk,Jaggi Vambraces X,713,4
Attack,Jaggi Vambraces X,713,2
Health,Jaggi Vambraces X,713,2
Attack,Jaggi Faulds X,713,6
Health,Jaggi Faulds X,713,2
Fire Atk,Jaggi Greaves X,713,5
Health,Jaggi Greaves X,713,2
Vault,Maccao Helm X,714,3
KO,Maccao Helm X,714,3
Destroyer,Maccao Helm X,714,2
Vault,Maccao Mail X,714,4
KO,Maccao Mail X,714,2
KO,Maccao Braces X,714,2
Destroyer,Maccao Braces X,714,1
KO,Maccao Faulds X,714,2
Destroyer,Maccao Faulds X,714,5
Vault,Maccao Greaves X,714,3
KO,Maccao Greaves X,714,1
Destroyer,Maccao Greaves X,714,1
Stun,Velociprey Helm X,715,3
Attack,Velociprey Helm X,715,1
Stun,Velociprey Mail X,715,5
Attack,Velociprey Mail X,715,1
Stun,Velociprey Braces X,715,3
Water Atk,Velociprey Braces X,715,5
Attack,Velociprey Braces X,715,2
Stun,Velociprey Tassets X,715,1
Water Atk,Velociprey Tassets X,715,5
Attack,Velociprey Tassets X,715,2
Stun,Velociprey Greaves X,715,3
Attack,Velociprey Greaves X,715,2
Ice Atk,Giaprey Helm X,716,4
Bind Res,Giaprey Helm X,716,3
Gloves Off,Giaprey Helm X,716,2
Ice Atk,Giaprey Mail X,716,5
Ice Atk,Giaprey Braces X,716,3
Bind Res,Giaprey Braces X,716,2
Gloves Off,Giaprey Braces X,716,3
Bind Res,Giaprey Faulds X,716,5
Gloves Off,Giaprey Faulds X,716,4
Ice Atk,Giaprey Greaves X,716,2
Gloves Off,Giaprey Greaves X,716,1
Paralysis,Genprey Helm X,717,2
Thunder Atk,Genprey Helm X,717,1
Sense,Genprey Helm X,717,3
Thunder Atk,Genprey Mail X,717,3
Paralysis,Genprey Mail X,717,3
Sense,Genprey Mail X,717,1
Thunder Atk,Genprey Vambraces X,717,2
Paralysis,Genprey Vambraces X,717,5
Sense,Genprey Vambraces X,717,2
Thunder Atk,Genprey Tassets X,717,2
Paralysis,Genprey Tassets X,717,2
Sense,Genprey Tassets X,717,3
Thunder Atk,Genprey Greaves X,717,6
Sense,Genprey Greaves X,717,1
Attack,Genprey Helm GX,718,4
Status,Genprey Helm GX,718,3
Elemental,Genprey Helm GX,718,-2
Attack,Genprey Mail GX,718,4
Status,Genprey Mail GX,718,2
Elemental,Genprey Mail GX,718,-1
Attack,Genprey Vambraces GX,718,3
Status,Genprey Vambraces GX,718,2
Elemental,Genprey Vambraces GX,718,-1
Attack,Genprey Tassets GX,718,2
Status,Genprey Tassets GX,718,3
Elemental,Genprey Tassets GX,718,-2
Attack,Genprey Greaves GX,718,2
Status,Genprey Greaves GX,718,3
Elemental,Genprey Greaves GX,718,-2
Status,Vespoid Helm X,719,3
Vault,Vespoid Helm X,719,3
Sheathing,Vespoid Mail X,719,2
Vault,Vespoid Mail X,719,1
Sheathing,Vespoid Vambraces X,719,3
Vault,Vespoid Vambraces X,719,2
Sheathing,Vespoid Tassets X,719,5
Vault,Vespoid Tassets X,719,2
Status,Vespoid Greaves X,719,4
Vault,Vespoid Greaves X,719,2
Evade Dist,Vespoid Helm GX,720,2
Fencing,Vespoid Helm GX,720,2
Evade Dist,Vespoid Mail GX,720,2
Fencing,Vespoid Mail GX,720,2
Evade Dist,Vespoid Vambraces GX,720,2
Fencing,Vespoid Vambraces GX,720,2
Evade Dist,Vespoid Tassets GX,720,2
Fencing,Vespoid Tassets GX,720,2
Evade Dist,Vespoid Greaves GX,720,2
Fencing,Vespoid Greaves GX,720,2
Dragon Atk,Hornetaur Helm X,721,5
Dragon Atk,Hornetaur Mail X,721,5
Dragon Res,Hornetaur Mail X,721,2
Dragon Atk,Hornetaur Braces X,721,1
Dragon Res,Hornetaur Braces X,721,4
Dragon Res,Hornetaur Tassets X,721,4
Dragon Atk,Hornetaur Greaves X,721,4
Dragon Res,Hornetaur Greaves X,721,3
Guard,Hornetaur Helm GX,722,3
Dragon Atk,Hornetaur Helm GX,722,3
Constitution,Hornetaur Helm GX,722,-1
Guard,Hornetaur Mail GX,722,3
Dragon Atk,Hornetaur Mail GX,722,3
Constitution,Hornetaur Mail GX,722,-1
Guard,Hornetaur Braces GX,722,3
Dragon Atk,Hornetaur Braces GX,722,3
Constitution,Hornetaur Braces GX,722,-2
Guard,Hornetaur Tassets GX,722,3
Dragon Atk,Hornetaur Tassets GX,722,3
Constitution,Hornetaur Tassets GX,722,-2
Guard,Hornetaur Greaves GX,722,3
Dragon Atk,Hornetaur Greaves GX,722,3
Constitution,Hornetaur Greaves GX,722,-2
Dragon Res,Hornetaur Helm XR,723,7
Crisis,Hornetaur Mail XR,723,3
Dragon Atk,Hornetaur Braces XR,723,6
Dragon Res,Hornetaur Braces XR,723,6
Crisis,Hornetaur Tassets XR,723,7
Dragon Res,Hornetaur Tassets XR,723,2
Dragon Atk,Hornetaur Greaves XR,723,6
Dragon Res,Hornetaur Greaves XR,723,5
Sharpness,Bnahabra Hat X,724,2
Status,Bnahabra Hat X,724,3
Blight Res,Bnahabra Hat X,724,2
Sharpness,Bnahabra Suit X,724,1
Status,Bnahabra Suit X,724,4
Sharpness,Bnahabra Gloves X,724,2
Blight Res,Bnahabra Gloves X,724,2
Status,Bnahabra Coil X,724,5
Blight Res,Bnahabra Coil X,724,2
Sharpness,Bnahabra Boots X,724,5
Guard,Konchu Helm X,725,4
Blunt,Konchu Helm X,725,3
Constitution,Konchu Helm X,725,-2
Guard,Konchu Vambraces X,725,5
Blunt,Konchu Vambraces X,725,3
Constitution,Konchu Vambraces X,725,-2
Artillery,Rhenoplos Helm X,726,7
Artillery,Rhenoplos Mail X,726,2
Water Atk,Rhenoplos Mail X,726,3
Water Atk,Rhenoplos Braces X,726,4
Artillery,Rhenoplos Coil X,726,3
Water Atk,Rhenoplos Coil X,726,2
Artillery,Rhenoplos Greaves X,726,3
Water Atk,Rhenoplos Greaves X,726,3
Potential,Bulldrome Helm X,727,4
Attack,Bulldrome Helm X,727,3
Protection,Bulldrome Helm X,727,-3
Potential,Bulldrome Mail X,727,4
Attack,Bulldrome Mail X,727,2
Protection,Bulldrome Mail X,727,-4
Attack,Bulldrome Braces X,727,5
Potential,Bulldrome Faulds X,727,4
Attack,Bulldrome Faulds X,727,2
Protection,Bulldrome Faulds X,727,-3
Attack,Bulldrome Greaves X,727,5
Constitution,Arzuros Helm X,728,4
Protection,Arzuros Helm X,728,2
Defense,Arzuros Mail X,728,4
Constitution,Arzuros Mail X,728,3
Protection,Arzuros Mail X,728,1
Defense,Arzuros Vambraces X,728,4
Constitution,Arzuros Vambraces X,728,4
Protection,Arzuros Vambraces X,728,4
Constitution,Arzuros Faulds X,728,2
Defense,Arzuros Greaves X,728,5
Constitution,Arzuros Greaves X,728,2
Protection,Arzuros Greaves X,728,3
Water Atk,Cephalos Helm X,729,2
Fire Res,Cephalos Helm X,729,2
Attack,Cephalos Helm X,729,3
Water Atk,Cephalos Mail X,729,4
Heat Res,Cephalos Mail X,729,10
Fire Res,Cephalos Vambraces X,729,2
Attack,Cephalos Vambraces X,729,3
Fire Res,Cephalos Tassets X,729,5
Attack,Cephalos Tassets X,729,3
Water Atk,Cephalos Greaves X,729,3
Fire Res,Cephalos Greaves X,729,1
Attack,Cephalos Greaves X,729,1
Tremor Res,Cephalos Helm GX,730,2
Water Atk,Cephalos Helm GX,730,4
Sleep,Cephalos Helm GX,730,3
Tremor Res,Cephalos Mail GX,730,2
Water Atk,Cephalos Mail GX,730,2
Sleep,Cephalos Mail GX,730,3
Tremor Res,Cephalos Braces GX,730,2
Water Atk,Cephalos Braces GX,730,3
Sleep,Cephalos Braces GX,730,2
Tremor Res,Cephalos Tassets GX,730,2
Water Atk,Cephalos Tassets GX,730,3
Sleep,Cephalos Tassets GX,730,3
Tremor Res,Cephalos Greaves GX,730,2
Water Atk,Cephalos Greaves GX,730,3
Sleep,Cephalos Greaves GX,730,3
Light Eater,Droth Mail X,731,5
Constitution,Droth Mail X,731,2
Light Eater,Droth Faulds X,731,2
Constitution,Droth Faulds X,731,2
Light Eater,Droth Greaves X,731,3
Constitution,Droth Greaves X,731,3
Guard Up,Uroktor Torso X,732,4
Evasion,Uroktor Torso X,732,3
Guard Up,Uroktor Tassets X,732,6
Evasion,Uroktor Tassets X,732,1
Thunder Atk,Moofah Head X,733,2
Cold Res,Moofah Head X,733,3
Furor,Moofah Head X,733,3
Thunder Atk,Moofah Suit X,733,4
Cold Res,Moofah Suit X,733,3
Furor,Moofah Suit X,733,2
Thunder Atk,Moofah Claws X,733,5
Cold Res,Moofah Claws X,733,1
Furor,Moofah Claws X,733,2
Thunder Atk,Moofah Coil X,733,4
Cold Res,Moofah Coil X,733,3
Furor,Moofah Coil X,733,3
Fate,Velociprey Head X,734,3
Hunger,Velociprey Head X,734,-2
Fate,Velociprey Body X,734,2
Hunger,Velociprey Body X,734,-2
Fate,Velociprey Claws X,734,3
Hunger,Velociprey Claws X,734,-2
Fate,Velociprey Feet X,734,3
Hunger,Velociprey Feet X,734,-2
Fate,Giaprey Head X,735,3
Hunger,Giaprey Head X,735,-2
Fate,Giaprey Body X,735,2
Hunger,Giaprey Body X,735,-2
Fate,Giaprey Claws X,735,3
Hunger,Giaprey Claws X,735,-2
Fate,Giaprey Feet X,735,3
Hunger,Giaprey Feet X,735,-2
Fate,Genprey Head X,736,3
Hunger,Genprey Head X,736,-2
Fate,Genprey Body X,736,2
Hunger,Genprey Body X,736,-2
Fate,Genprey Claws X,736,3
Hunger,Genprey Claws X,736,-2
Fate,Genprey Feet X,736,3
Hunger,Genprey Feet X,736,-2
Fate,Ioprey Head X,737,3
Hunger,Ioprey Head X,737,-2
Fate,Ioprey Body X,737,2
Hunger,Ioprey Body X,737,-2
Fate,Ioprey Claws X,737,3
Hunger,Ioprey Claws X,737,-2
Fate,Ioprey Feet X,737,3
Hunger,Ioprey Feet X,737,-2
Fate,Remobra Headgear X,738,3
Hunger,Remobra Headgear X,738,-2
Fate,Remobra Suit X,738,2
Hunger,Remobra Suit X,738,-2
Fate,Remobra Gloves X,738,3
Hunger,Remobra Gloves X,738,-2
Fate,Remobra Belt X,738,2
Hunger,Remobra Belt X,738,-2
Fate,Remobra Feet X,738,3
Hunger,Remobra Feet X,738,-2
Perception,Ioprey Helm X,739,3
Status,Ioprey Helm X,739,2
Poison,Ioprey Mail X,739,2
Perception,Ioprey Mail X,739,3
Poison,Ioprey Vambraces X,739,2
Perception,Ioprey Vambraces X,739,2
Status,Ioprey Vambraces X,739,2
Poison,Ioprey Tassets X,739,1
Perception,Ioprey Tassets X,739,2
Status,Ioprey Tassets X,739,2
Poison,Ioprey Greaves X,739,5
Status,Ioprey Greaves X,739,2
Guts,Ioprey Helm GX,740,2
Fire Res,Ioprey Helm GX,740,3
Elemental,Ioprey Helm GX,740,2
Guts,Ioprey Mail GX,740,2
Fire Res,Ioprey Mail GX,740,3
Guts,Ioprey Vambraces GX,740,2
Fire Res,Ioprey Vambraces GX,740,3
Elemental,Ioprey Vambraces GX,740,2
Guts,Ioprey Tassets GX,740,2
Fire Res,Ioprey Tassets GX,740,3
Elemental,Ioprey Tassets GX,740,2
Guts,Ioprey Greaves GX,740,2
Fire Res,Ioprey Greaves GX,740,3
Elemental,Ioprey Greaves GX,740,2
Fire Atk,Kut-Ku Helm X,741,3
Attack,Kut-Ku Helm X,741,4
Defense,Kut-Ku Helm X,741,-3
Fire Atk,Kut-Ku Mail X,741,2
Attack,Kut-Ku Mail X,741,4
Defense,Kut-Ku Mail X,741,-3
Fire Atk,Kut-Ku Vambraces X,741,7
Fire Atk,Kut-Ku Tassets X,741,3
Attack,Kut-Ku Tassets X,741,3
Defense,Kut-Ku Tassets X,741,-2
Attack,Kut-Ku Greaves X,741,6
Defense,Kut-Ku Greaves X,741,-2
Constitution,Kecha Helm X,742,2
Stam Recov,Kecha Helm X,742,4
Evade Dist,Kecha Helm X,742,2
Maestro,Kecha Helm X,742,2
Constitution,Kecha Mail X,742,2
Stam Recov,Kecha Mail X,742,2
Evade Dist,Kecha Mail X,742,2
Maestro,Kecha Mail X,742,1
Constitution,Kecha Braces X,742,4
Stam Recov,Kecha Braces X,742,2
Evade Dist,Kecha Braces X,742,2
Maestro,Kecha Braces X,742,1
Constitution,Kecha Faulds X,742,3
Stam Recov,Kecha Faulds X,742,2
Evade Dist,Kecha Faulds X,742,2
Maestro,Kecha Faulds X,742,2
Constitution,Kecha Greaves X,742,4
Evade Dist,Kecha Greaves X,742,2
Maestro,Kecha Greaves X,742,2
Evasion,Lagombi Helm X,743,2
Vault,Lagombi Helm X,743,3
Stamina,Lagombi Helm X,743,2
Evasion,Lagombi Mail X,743,2
Vault,Lagombi Mail X,743,3
Stamina,Lagombi Mail X,743,1
Evasion,Lagombi Vambraces X,743,1
Vault,Lagombi Vambraces X,743,4
Stamina,Lagombi Vambraces X,743,1
Evasion,Lagombi Faulds X,743,3
Stamina,Lagombi Faulds X,743,2
Evasion,Lagombi Greaves X,743,4
Stamina,Lagombi Greaves X,743,4
Poison,Gypceros Helm X,744,3
Stamina,Gypceros Helm X,744,1
Defense,Gypceros Helm X,744,2
Poison,Gypceros Mail X,744,4
Stamina,Gypceros Mail X,744,1
Defense,Gypceros Mail X,744,1
Poison,Gypceros Vambraces X,744,4
Stamina,Gypceros Vambraces X,744,1
Defense,Gypceros Vambraces X,744,3
Poison,Gypceros Tassets X,744,3
Stamina,Gypceros Tassets X,744,3
Defense,Gypceros Tassets X,744,2
Stamina,Gypceros Greaves X,744,4
Defense,Gypceros Greaves X,744,2
Poison,Gypceros Helm XR,745,9
Stun,Gypceros Helm XR,745,2
Stamina,Gypceros Mail XR,745,6
Hunger,Gypceros Mail XR,745,-4
Stun,Gypceros Braces XR,745,6
Paralysis,Gypceros Braces XR,745,-3
Stamina,Gypceros Braces XR,745,1
Stun,Gypceros Tassets XR,745,7
Paralysis,Gypceros Tassets XR,745,-3
Stamina,Gypceros Greaves XR,745,9
Hunger,Gypceros Greaves XR,745,-5
Punish Draw,Tetsucabra Helm X,746,3
Tremor Res,Tetsucabra Helm X,746,2
Stam Recov,Tetsucabra Helm X,746,1
Punish Draw,Tetsucabra Mail X,746,2
Tremor Res,Tetsucabra Mail X,746,1
Stam Recov,Tetsucabra Mail X,746,2
Punish Draw,Tetsucabra Braces X,746,4
Stam Recov,Tetsucabra Braces X,746,2
Tremor Res,Tetsucabra Faulds X,746,3
Stam Recov,Tetsucabra Faulds X,746,2
Punish Draw,Tetsucabra Greaves X,746,1
Tremor Res,Tetsucabra Greaves X,746,4
Stam Recov,Tetsucabra Greaves X,746,3
Guard,Hermitaur Helm X,747,4
Defense,Hermitaur Helm X,747,4
Sharpness,Hermitaur Helm X,747,1
Guard,Hermitaur Mail X,747,4
Defense,Hermitaur Mail X,747,2
Guard,Hermitaur Braces X,747,2
Defense,Hermitaur Braces X,747,4
Sharpness,Hermitaur Braces X,747,1
Guard,Hermitaur Tassets X,747,4
Sharpness,Hermitaur Tassets X,747,3
Guard,Hermitaur Greaves X,747,1
Sharpness,Hermitaur Greaves X,747,1
Guard Up,Hermitaur Helm GX,748,4
Crisis,Hermitaur Helm GX,748,2
Constitution,Hermitaur Helm GX,748,1
Guard Up,Hermitaur Mail GX,748,1
Crisis,Hermitaur Mail GX,748,4
Constitution,Hermitaur Mail GX,748,1
Guard Up,Hermitaur Braces GX,748,1
Crisis,Hermitaur Braces GX,748,3
Constitution,Hermitaur Braces GX,748,1
Guard Up,Hermitaur Tassets GX,748,4
Crisis,Hermitaur Tassets GX,748,1
Constitution,Hermitaur Tassets GX,748,1
Defense,Hermitaur Helm XR,749,7
Attack,Hermitaur Helm XR,749,-4
Guard,Hermitaur Mail XR,749,1
Defense,Hermitaur Braces XR,749,8
Attack,Hermitaur Braces XR,749,-4
Guard,Hermitaur Tassets XR,749,7
Constitution,Hermitaur Tassets XR,749,-4
Guard,Hermitaur Greaves XR,749,7
Constitution,Hermitaur Greaves XR,749,-5
FastCharge,Volvidon Helm X,750,3
Biology,Volvidon Helm X,750,3
Constitution,Volvidon Helm X,750,3
FastCharge,Volvidon Mail X,750,4
Biology,Volvidon Mail X,750,4
Constitution,Volvidon Mail X,750,1
FastCharge,Volvidon Vambraces X,750,1
Biology,Volvidon Vambraces X,750,3
Constitution,Volvidon Vambraces X,750,3
Biology,Volvidon Faulds X,750,5
FastCharge,Volvidon Greaves X,750,2
Constitution,Volvidon Greaves X,750,3
Attack,Conga Helm X,751,4
Biology,Conga Helm X,751,2
Attack,Conga Mail X,751,1
Gluttony,Conga Mail X,751,2
Biology,Conga Mail X,751,2
Attack,Conga Vambraces X,751,5
Gluttony,Conga Vambraces X,751,2
Biology,Conga Vambraces X,751,2
Gluttony,Conga Tassets X,751,4
Biology,Conga Tassets X,751,2
Attack,Conga Greaves X,751,5
Gluttony,Conga Greaves X,751,2
Biology,Conga Greaves X,751,2
Attack,Conga Helm GX,752,3
Mycology,Conga Helm GX,752,1
Status,Conga Helm GX,752,2
Attack,Conga Mail GX,752,1
Mycology,Conga Mail GX,752,1
Status,Conga Mail GX,752,2
Attack,Conga Vambraces GX,752,3
Mycology,Conga Vambraces GX,752,2
Status,Conga Vambraces GX,752,2
Mycology,Conga Tassets GX,752,4
Status,Conga Tassets GX,752,2
Attack,Conga Greaves GX,752,3
Mycology,Conga Greaves GX,752,2
Status,Conga Greaves GX,752,2
Stam Recov,Ludroth Helm X,753,1
Stamina,Ludroth Helm X,753,3
Water Atk,Ludroth Helm X,753,2
Stam Recov,Ludroth Mail X,753,3
Water Atk,Ludroth Mail X,753,1
Stam Recov,Ludroth Vambraces X,753,1
Stamina,Ludroth Vambraces X,753,4
Water Atk,Ludroth Vambraces X,753,3
Stam Recov,Ludroth Faulds X,753,4
Water Atk,Ludroth Faulds X,753,1
Stam Recov,Ludroth Greaves X,753,1
Stamina,Ludroth Greaves X,753,3
Water Atk,Ludroth Greaves X,753,1
Stam Recov,Ludroth Helm XR,754,5
Evasion,Ludroth Helm XR,754,-3
Stam Recov,Ludroth Mail XR,754,4
Evasion,Ludroth Mail XR,754,-3
Stam Recov,Ludroth Braces XR,754,6
Evasion,Ludroth Braces XR,754,-3
Stamina,Ludroth Faulds XR,754,7
Hunger,Ludroth Faulds XR,754,5
Stamina,Ludroth Greaves XR,754,8
Hunger,Ludroth Greaves XR,754,5
Attack,Barroth Helm X,755,3
Guard,Barroth Helm X,755,2
Bind Res,Barroth Helm X,755,2
Guard Up,Barroth Helm X,755,1
Attack,Barroth Mail X,755,2
Guard,Barroth Mail X,755,3
Bind Res,Barroth Mail X,755,2
Guard Up,Barroth Mail X,755,1
Attack,Barroth Vambraces X,755,4
Bind Res,Barroth Vambraces X,755,2
Guard Up,Barroth Vambraces X,755,1
Attack,Barroth Faulds X,755,3
Guard,Barroth Faulds X,755,3
Bind Res,Barroth Faulds X,755,2
Guard Up,Barroth Faulds X,755,1
Attack,Barroth Greaves X,755,3
Guard,Barroth Greaves X,755,2
Bind Res,Barroth Greaves X,755,2
Destroyer,Basarios Helm X,756,2
Defense,Basarios Helm X,756,4
Stam Drain,Basarios Helm X,756,2
Destroyer,Basarios Mail X,756,1
Defense,Basarios Mail X,756,3
Stam Drain,Basarios Mail X,756,2
Destroyer,Basarios Vambraces X,756,4
Stam Drain,Basarios Vambraces X,756,2
Defense,Basarios Tassets X,756,3
Stam Drain,Basarios Tassets X,756,2
Destroyer,Basarios Greaves X,756,3
Defense,Basarios Greaves X,756,5
Stam Drain,Basarios Greaves X,756,2
Tenderizer,Malfestio Helm X,757,2
Sleep,Malfestio Helm X,757,4
Perception,Malfestio Helm X,757,1
Status,Malfestio Helm X,757,2
Tenderizer,Malfestio Mail X,757,2
Sleep,Malfestio Mail X,757,1
Perception,Malfestio Mail X,757,3
Status,Malfestio Mail X,757,1
Tenderizer,Malfestio Braces X,757,2
Sleep,Malfestio Braces X,757,1
Perception,Malfestio Braces X,757,2
Status,Malfestio Braces X,757,2
Tenderizer,Malfestio Faulds X,757,2
Sleep,Malfestio Faulds X,757,4
Perception,Malfestio Faulds X,757,2
Status,Malfestio Faulds X,757,2
Tenderizer,Malfestio Greaves X,757,2
Perception,Malfestio Greaves X,757,2
Status,Malfestio Greaves X,757,3
Guard,Zamtrios Helm X,758,4
ColdBlooded,Zamtrios Helm X,758,2
Artillery,Zamtrios Helm X,758,3
Guard,Zamtrios Mail X,758,4
ColdBlooded,Zamtrios Mail X,758,1
Artillery,Zamtrios Mail X,758,2
Guard,Zamtrios Braces X,758,3
ColdBlooded,Zamtrios Braces X,758,2
Artillery,Zamtrios Braces X,758,2
Guard,Zamtrios Faulds X,758,3
ColdBlooded,Zamtrios Faulds X,758,3
Artillery,Zamtrios Faulds X,758,2
Guard,Zamtrios Greaves X,758,1
ColdBlooded,Zamtrios Greaves X,758,2
Artillery,Zamtrios Greaves X,758,2
Rec Speed,Khezu Helm X,759,4
Rec Level,Khezu Helm X,759,1
Protection,Khezu Helm X,759,2
Rec Speed,Khezu Mail X,759,3
Rec Level,Khezu Mail X,759,3
Protection,Khezu Mail X,759,1
Rec Speed,Khezu Vambraces X,759,4
Protection,Khezu Vambraces X,759,2
Rec Level,Khezu Tassets X,759,4
Protection,Khezu Tassets X,759,3
Rec Speed,Khezu Greaves X,759,4
Rec Level,Khezu Greaves X,759,2
Protection,Khezu Greaves X,759,2
Rec Level,Khezu Helm XR,760,4
Combo Rate,Khezu Helm XR,760,-2
Rec Speed,Khezu Mail XR,760,6
Combo Rate,Khezu Mail XR,760,-2
Rec Level,Khezu Vambraces XR,760,7
Combo Rate,Khezu Vambraces XR,760,-2
Rec Speed,Khezu Tassets XR,760,5
Rec Level,Khezu Tassets XR,760,1
Combo Rate,Khezu Tassets XR,760,-2
Rec Speed,Khezu Greaves XR,760,8
Combo Rate,Khezu Greaves XR,760,-2
Status,Nerscylla Helm X,761,2
Constitution,Nerscylla Helm X,761,4
Mechanic,Nerscylla Helm X,761,2
Status,Nerscylla Mail X,761,1
Constitution,Nerscylla Mail X,761,3
Mechanic,Nerscylla Mail X,761,2
Status,Nerscylla Braces X,761,4
Constitution,Nerscylla Braces X,761,3
Mechanic,Nerscylla Braces X,761,2
Constitution,Nerscylla Faulds X,761,2
Mechanic,Nerscylla Faulds X,761,2
Status,Nerscylla Greaves X,761,3
Constitution,Nerscylla Greaves X,761,3
Mechanic,Nerscylla Greaves X,761,2
Rec Level,Rathian Helm X,762,1
Health,Rathian Helm X,762,3
Distance Runner,Rathian Helm X,762,2
Rec Level,Rathian Mail X,762,2
Health,Rathian Mail X,762,3
Distance Runner,Rathian Mail X,762,1
Rec Level,Rathian Vambraces X,762,2
Health,Rathian Vambraces X,762,5
Distance Runner,Rathian Vambraces X,762,2
Rec Level,Rathian Faulds X,762,2
Health,Rathian Faulds X,762,2
Distance Runner,Rathian Faulds X,762,3
Rec Level,Rathian Greaves X,762,3
Health,Rathian Greaves X,762,2
Distance Runner,Rathian Greaves X,762,2
Rec Level,Rathian Helm GX,763,1
Botany,Rathian Helm GX,763,3
Light Eater,Rathian Helm GX,763,2
Rec Level,Rathian Mail GX,763,2
Botany,Rathian Mail GX,763,3
Light Eater,Rathian Mail GX,763,1
Rec Level,Rathian Braces GX,763,1
Botany,Rathian Braces GX,763,4
Light Eater,Rathian Braces GX,763,2
Rec Level,Rathian Faulds GX,763,3
Botany,Rathian Faulds GX,763,4
Light Eater,Rathian Faulds GX,763,2
Rec Level,Rathian Greaves GX,763,3
Light Eater,Rathian Greaves GX,763,3
Health,Rathian Helm XR,764,8
Health,Rathian Mail XR,764,3
Rec Level,Rathian Braces XR,764,6
Health,Rathian Faulds XR,764,8
Rec Level,Rathian Greaves XR,764,8
Eating,Nibelsnarf Helm X,765,6
Sheathing,Nibelsnarf Helm X,765,1
Eating,Nibelsnarf Mail X,765,3
Punish Draw,Nibelsnarf Mail X,765,3
Eating,Nibelsnarf Braces X,765,3
Punish Draw,Nibelsnarf Braces X,765,2
Punish Draw,Nibelsnarf Faulds X,765,4
Sheathing,Nibelsnarf Faulds X,765,2
Eating,Nibelsnarf Greaves X,765,3
Punish Draw,Nibelsnarf Greaves X,765,1
Sheathing,Nibelsnarf Greaves X,765,2
Mounting,Plesioth Helm X,766,2
Vault,Plesioth Helm X,766,2
Capturer,Plesioth Helm X,766,3
Stam Recov,Plesioth Helm X,766,2
Mounting,Plesioth Mail X,766,3
Vault,Plesioth Mail X,766,2
Capturer,Plesioth Mail X,766,2
Stam Recov,Plesioth Mail X,766,2
Mounting,Plesioth Vambraces X,766,3
Vault,Plesioth Vambraces X,766,2
Capturer,Plesioth Vambraces X,766,3
Stam Recov,Plesioth Vambraces X,766,3
Mounting,Plesioth Greaves X,766,2
Vault,Plesioth Greaves X,766,4
Capturer,Plesioth Greaves X,766,2
Stam Recov,Plesioth Greaves X,766,3
Constitution,Blango Helm X,767,2
Ice Atk,Blango Helm X,767,4
Sheathing,Blango Helm X,767,2
Constitution,Blango Mail X,767,4
Sheathing,Blango Mail X,767,1
Constitution,Blango Vambraces X,767,2
Ice Atk,Blango Vambraces X,767,2
Sheathing,Blango Vambraces X,767,1
Constitution,Blango Tassets X,767,4
Ice Atk,Blango Tassets X,767,3
Sheathing,Blango Tassets X,767,4
Ice Atk,Blango Greaves X,767,6
Sheathing,Blango Greaves X,767,2
Constitution,Blango Helm GX,768,3
FastCharge,Blango Helm GX,768,3
Stamina,Blango Helm GX,768,1
Constitution,Blango Mail GX,768,4
Stamina,Blango Mail GX,768,2
Constitution,Blango Vambraces GX,768,2
FastCharge,Blango Vambraces GX,768,2
Stamina,Blango Vambraces GX,768,1
Constitution,Blango Tassets GX,768,4
FastCharge,Blango Tassets GX,768,2
Stamina,Blango Tassets GX,768,2
FastCharge,Blango Greaves GX,768,4
Guts,Lava Helm X,769,3
Crisis,Lava Helm X,769,2
Attack,Lava Helm X,769,2
Guts,Lava Mail X,769,1
Crisis,Lava Mail X,769,2
Attack,Lava Mail X,769,3
Guts,Lava Vambraces X,769,2
Crisis,Lava Vambraces X,769,3
Attack,Lava Vambraces X,769,3
Guts,Lava Tassets X,769,2
Crisis,Lava Tassets X,769,3
Attack,Lava Tassets X,769,3
Guts,Lava Greaves X,769,2
Attack,Lava Greaves X,769,4
Survivor,Lavasioth Helm GX,770,3
Crisis,Lavasioth Helm GX,770,2
Endurance,Lavasioth Helm GX,770,2
Survivor,Lavasioth Mail GX,770,1
Crisis,Lavasioth Mail GX,770,2
Endurance,Lavasioth Mail GX,770,2
Survivor,Lavasioth Braces GX,770,2
Crisis,Lavasioth Braces GX,770,3
Endurance,Lavasioth Braces GX,770,2
Survivor,Lavasioth Tassets GX,770,2
Crisis,Lavasioth Tassets GX,770,3
Endurance,Lavasioth Tassets GX,770,2
Survivor,Lavasioth Greaves GX,770,2
Endurance,Lavasioth Greaves GX,770,2
Sharpness,Ceanataur Helm X,771,1
Expert,Ceanataur Helm X,771,6
Sharpness,Ceanataur Mail X,771,2
Expert,Ceanataur Mail X,771,3
Sharpness,Ceanataur Braces X,771,4
Expert,Ceanataur Braces X,771,1
Sharpness,Ceanataur Tassets X,771,2
Expert,Ceanataur Tassets X,771,5
Sharpness,Ceanataur Greaves X,771,1
Expert,Ceanataur Greaves X,771,5
Handicraft,Ceanataur Helm GX,772,1
Expert,Ceanataur Helm GX,772,5
Chain Crit,Ceanataur Helm GX,772,2
Handicraft,Ceanataur Mail GX,772,2
Expert,Ceanataur Mail GX,772,3
Chain Crit,Ceanataur Mail GX,772,2
Handicraft,Ceanataur Braces GX,772,3
Chain Crit,Ceanataur Braces GX,772,2
Handicraft,Ceanataur Tassets GX,772,2
Expert,Ceanataur Tassets GX,772,3
Chain Crit,Ceanataur Tassets GX,772,2
Handicraft,Ceanataur Greaves GX,772,2
Expert,Ceanataur Greaves GX,772,3
Chain Crit,Ceanataur Greaves GX,772,2
Handicraft,Ceanataur Helm XR,773,3
Expert,Ceanataur Helm XR,773,6
Handicraft,Ceanataur Mail XR,773,1
Sharpness,Ceanataur Mail XR,773,5
Expert,Ceanataur Mail XR,773,2
Handicraft,Ceanataur Braces XR,773,4
Expert,Ceanataur Braces XR,773,5
Sharpness,Ceanataur Tassets XR,773,6
Expert,Ceanataur Tassets XR,773,5
Handicraft,Ceanataur Greaves XR,773,3
Expert,Ceanataur Greaves XR,773,2
Hearing,Najarala Helm X,774,5
Capturer,Najarala Helm X,774,1
Paralysis,Najarala Helm X,774,1
Hearing,Najarala Mail X,774,4
Capturer,Najarala Mail X,774,1
Paralysis,Najarala Mail X,774,1
Hearing,Najarala Braces X,774,4
Capturer,Najarala Braces X,774,2
Paralysis,Najarala Braces X,774,3
Hearing,Najarala Faulds X,774,2
Capturer,Najarala Faulds X,774,3
Paralysis,Najarala Faulds X,774,2
Capturer,Najarala Greaves X,774,3
Paralysis,Najarala Greaves X,774,3
Evade Dist,Nargacuga Helm X,775,3
Expert,Nargacuga Helm X,775,3
Evasion,Nargacuga Helm X,775,3
Evade Dist,Nargacuga Mail X,775,2
Expert,Nargacuga Mail X,775,4
Evasion,Nargacuga Mail X,775,1
Evade Dist,Nargacuga Braces X,775,1
Expert,Nargacuga Braces X,775,4
Evasion,Nargacuga Braces X,775,2
Expert,Nargacuga Faulds X,775,3
Evade Dist,Nargacuga Greaves X,775,4
Evasion,Nargacuga Greaves X,775,2
Hearing,Garuga Helm X,776,3
Fencing,Garuga Helm X,776,3
Sheathe Sharpen,Garuga Helm X,776,3
Gathering,Garuga Helm X,776,-2
Hearing,Garuga Mail X,776,2
Fencing,Garuga Mail X,776,3
Gathering,Garuga Mail X,776,-3
Hearing,Garuga Vambraces X,776,3
Fencing,Garuga Vambraces X,776,2
Sheathe Sharpen,Garuga Vambraces X,776,2
Gathering,Garuga Vambraces X,776,-1
Hearing,Garuga Tassets X,776,1
Fencing,Garuga Tassets X,776,2
Gathering,Garuga Tassets X,776,-1
Sheathe Sharpen,Garuga Tassets X,776,1
Hearing,Garuga Greaves X,776,3
Gathering,Garuga Greaves X,776,-3
Sheathe Sharpen,Garuga Greaves X,776,4
Bleeding,Uragaan Helm X,777,5
Defense,Uragaan Helm X,777,3
Attack,Uragaan Helm X,777,2
Punish Draw,Uragaan Mail X,777,4
Defense,Uragaan Mail X,777,1
Attack,Uragaan Mail X,777,2
Punish Draw,Uragaan Vambraces X,777,1
Bleeding,Uragaan Vambraces X,777,3
Defense,Uragaan Vambraces X,777,1
Attack,Uragaan Vambraces X,777,2
Punish Draw,Uragaan Faulds X,777,2
Bleeding,Uragaan Faulds X,777,2
Defense,Uragaan Faulds X,777,2
Attack,Uragaan Faulds X,777,2
Punish Draw,Uragaan Greaves X,777,3
Defense,Uragaan Greaves X,777,3
Attack,Uragaan Greaves X,777,2
D. Fencing,GX Kita Star Headdress,778,3
D. Fencing,GX Kita Star Jacket,778,2
D. Fencing,GX Kita Star Sleeves,778,2
D. Fencing,GX Kita Star Hakama,778,3
Fate,G. Knight Feather X,779,2
Team Player,G. Knight Feather X,779,2
Brutality,G. Knight Feather X,779,2
Fate,G. Knight Suit X,779,2
Team Player,G. Knight Suit X,779,2
Brutality,G. Knight Suit X,779,1
Fate,G. Knight Gloves X,779,2
Team Player,G. Knight Gloves X,779,2
Brutality,G. Knight Gloves X,779,2
Fate,G. Knight Coat X,779,2
Team Player,G. Knight Coat X,779,2
Brutality,G. Knight Coat X,779,3
Fate,G. Knight Boots X,779,2
Team Player,G. Knight Boots X,779,2
Brutality,G. Knight Boots X,779,2
Fate,Guild Bard Lobos X,780,2
TeamLeader,Guild Bard Lobos X,780,2
Brutality,Guild Bard Lobos X,780,2
Fate,Guild Bard Bolero X,780,2
TeamLeader,Guild Bard Bolero X,780,2
Brutality,Guild Bard Bolero X,780,1
Fate,Guild Bard Braces X,780,2
TeamLeader,Guild Bard Braces X,780,2
Brutality,Guild Bard Braces X,780,2
Fate,Guild Bard Coil X,780,2
TeamLeader,Guild Bard Coil X,780,2
Brutality,Guild Bard Coil X,780,3
Fate,Guild Bard Boots X,780,2
TeamLeader,Guild Bard Boots X,780,2
Brutality,Guild Bard Boots X,780,2
Status,Dark Metal Boots X,781,9
Elemental,Chrome Metal Boots X,782,9
Destroyer,Strange Helm X,783,2
Maestro,Strange Helm X,783,2
Health,Strange Helm X,783,3
Brawn,Strange Helm X,783,2
Destroyer,Strange Mail X,783,1
Maestro,Strange Mail X,783,2
Health,Strange Mail X,783,3
Brawn,Strange Mail X,783,2
Destroyer,Strange Vambraces X,783,2
Maestro,Strange Vambraces X,783,2
Health,Strange Vambraces X,783,3
Brawn,Strange Vambraces X,783,2
Destroyer,Strange Faulds X,783,2
Maestro,Strange Faulds X,783,2
Health,Strange Faulds X,783,3
Brawn,Strange Faulds X,783,2
Destroyer,Strange Greaves X,783,3
Maestro,Strange Greaves X,783,2
Health,Strange Greaves X,783,3
Brawn,Strange Greaves X,783,2
Whim,Leather Cap X,783,3
Gathering,Leather Cap X,783,4
Whim,Leather Vest X,783,5
Whim,Leather Guards X,783,5
Gathering,Leather Guards X,783,2
Whim,Leather Coat X,783,1
Gathering,Leather Coat X,783,2
Whim,Leather Leggings X,783,1
Gathering,Leather Leggings X,783,2
Health,Chainmail Cap X,784,2
Light Eater,Chainmail Cap X,784,3
Health,Chainmail Vest X,784,3
Health,Chainmail Guards X,784,2
Light Eater,Chainmail Guards X,784,4
Light Eater,Chainmail Coat X,784,3
Health,Chainmail Leggings X,784,5
Protection,Bherna Cap X,785,3
Wide-Range,Bherna Cap X,785,3
Protection,Bherna Vest X,785,2
Wide-Range,Bherna Vest X,785,2
Protection,Bherna Guards X,785,2
Wide-Range,Bherna Guards X,785,5
Maestro,Bherna Coat X,785,8
Wide-Range,Bherna Coat X,785,2
Protection,Bherna Leggings X,785,3
Wide-Range,Bherna Leggings X,785,3
Psychic,Hunting Cap X,786,4
Bomb Boost,Hunting Cap X,786,2
Psychic,Hunting Vest X,786,2
Bomb Boost,Hunting Vest X,786,2
Psychic,Hunting Guards X,786,4
Speed Setup,Hunting Guards X,786,4
Speed Setup,Hunting Coat X,786,3
Bomb Boost,Hunting Coat X,786,4
Speed Setup,Hunting Leggings X,786,3
Bomb Boost,Hunting Leggings X,786,2
Cold Res,Mafumofu Cap X,787,1
FastCharge,Mafumofu Cap X,787,3
Defense,Mafumofu Cap X,787,2
Cold Res,Mafumofu Jacket X,787,6
FastCharge,Mafumofu Jacket X,787,1
Cold Res,Mafumofu Mittens X,787,2
FastCharge,Mafumofu Mittens X,787,2
Defense,Mafumofu Mittens X,787,2
Cold Res,Mafumofu Coat X,787,2
FastCharge,Mafumofu Coat X,787,2
Cold Res,Mafumofu Tights X,787,4
FastCharge,Mafumofu Tights X,787,2
Defense,Mafumofu Tights X,787,2
Expert,Yukumo Land Kasa Goku,788,4
Evasion,Yukumo Land Kasa Goku,788,3
Expert,Yukumo Land Dogi Goku,788,5
Evasion,Yukumo Land Dogi Goku,788,1
Expert,Yukumo Land Kote Goku,788,3
Evasion,Yukumo Land Kote Goku,788,3
Expert,Yukumo Land Obi Goku,788,2
Evasion,Yukumo Land Obi Goku,788,3
Expert,Yukumo Land Hakama Goku,788,2
Evasion,Yukumo Land Hakama Goku,788,3
Speed Setup,Hunter's Cap X,789,3
Ranger,Hunter's Cap X,789,3
Capturer,Hunter's Cap X,789,3
Speed Setup,Hunter's Vest X,789,2
Capturer,Hunter's Vest X,789,3
Speed Setup,Hunter's Guards X,789,2
Capturer,Hunter's Guards X,789,3
Ranger,Hunter's Coat X,789,6
Capturer,Hunter's Coat X,789,3
Ranger,Hunter's Leggings X,789,1
Capturer,Hunter's Leggings X,789,3
Spirit,Hunter's Cap XR,790,5
Perception,Hunter's Cap XR,790,2
Recoil,Hunter's Cap XR,790,-4
Spirit,Hunter's Vest XR,790,2
Perception,Hunter's Vest XR,790,2
Recoil,Hunter's Vest XR,790,-2
Spirit,Hunter's Guards XR,790,5
Perception,Hunter's Guards XR,790,3
Recoil,Hunter's Guards XR,790,-2
Perception,Hunter's Coat XR,790,5
Spirit,Hunter's Leggings XR,790,3
Perception,Hunter's Leggings XR,790,2
Recoil,Hunter's Leggings XR,790,-1
KO,Bone Cap X,791,4
Haphazard,Bone Cap X,791,2
Capturer,Bone Cap X,791,2
KO,Bone Vest X,791,5
Maestro,Bone Vest X,791,4
Capturer,Bone Vest X,791,2
KO,Bone Guards X,791,2
Haphazard,Bone Guards X,791,3
Capturer,Bone Guards X,791,2
KO,Bone Coat X,791,2
Haphazard,Bone Coat X,791,2
Capturer,Bone Coat X,791,3
Maestro,Bone Leggings X,791,6
Haphazard,Bone Leggings X,791,3
Capturer,Bone Leggings X,791,1
Fire Atk,Metal Feet X,792,10
Elemental,Metal Feet X,792,-2
Status,Grand Chaos Diadem,793,6
Status,Grand Chaos Brigandine,793,2
Botany,Trapper's Gloves X,794,6
Botany,Trapper's Boots X,794,7
Stam Drain,Maccao Gloves X,795,6
Stam Drain,Maccao Boots X,795,6
Expert,Jaggi Gloves X,796,6
Expert,Jaggi Boots X,796,6
Gathering,Melahoa Bloom X,797,3
Botany,Melahoa Bloom X,797,3
Gathering,Melahoa Stalk X,797,3
Botany,Melahoa Stalk X,797,3
Gathering,Melahoa Petal X,797,4
Botany,Melahoa Petal X,797,4
Gathering,Melahoa Trunk X,797,1
Botany,Melahoa Trunk X,797,2
Gathering,Melahoa Taproot X,797,4
Botany,Melahoa Taproot X,797,3
Gathering,Melahoa Bloom Z,798,4
Whim,Melahoa Bloom Z,798,8
Gathering,Melahoa Stalk Z,798,3
Cold Res,Melahoa Stalk Z,798,5
Gathering,Melahoa Petal Z,798,7
Whim,Melahoa Petal Z,798,3
Whim,Melahoa Trunk Z,798,3
Cold Res,Melahoa Trunk Z,798,2
Gathering,Melahoa Taproot Z,798,3
Cold Res,Melahoa Taproot Z,798,5
Combo Rate,Makluva Gills X,799,5
Lasting Pwr,Makluva Gills X,799,2
Status,Makluva Gills X,799,2
Combo Rate,Makluva Scale X,799,3
Lasting Pwr,Makluva Scale X,799,3
Lasting Pwr,Makluva Sucker X,799,5
Status,Makluva Sucker X,799,3
Combo Rate,Makluva Fin X,799,4
Combo Plus,Makluva Fin X,799,3
Status,Makluva Fin X,799,1
Combo Rate,Makluva Leggings X,799,3
Combo Plus,Makluva Leggings X,799,3
Combo Rate,Makluva Gills Z,800,5
Combo Plus,Makluva Gills Z,800,2
Lasting Pwr,Makluva Gills Z,800,1
Lasting Pwr,Makluva Scale Z,800,2
Combo Plus,Makluva Scale Z,800,3
Lasting Pwr,Makluva Sucker Z,800,3
Combo Plus,Makluva Sucker Z,800,5
Combo Rate,Makluva Fin Z,800,3
Lasting Pwr,Makluva Fin Z,800,3
Combo Rate,Makluva Leggings Z,800,5
Lasting Pwr,Makluva Leggings Z,800,1
Attack,Obituary Clypeus X,801,5
Constitution,Obituary Clypeus X,801,3
Elemental,Obituary Clypeus X,801,1
Constitution,Obituary Pleuron X,801,2
Elemental,Obituary Pleuron X,801,1
Attack,Obituary Manus X,801,6
Elemental,Obituary Manus X,801,2
Constitution,Obituary Alae X,801,3
Elemental,Obituary Alae X,801,2
Attack,Obituary Tarsi X,801,4
Constitution,Obituary Tarsi X,801,3
Elemental,Obituary Tarsi X,801,2
Attack,Butterfly Clypeus X,802,5
Constitution,Butterfly Clypeus X,802,3
Elemental,Butterfly Clypeus X,802,1
Constitution,Butterfly Pleuron X,802,2
Elemental,Butterfly Pleuron X,802,1
Attack,Butterfly Manus X,802,6
Elemental,Butterfly Manus X,802,2
Constitution,Butterfly Alae X,802,3
Elemental,Butterfly Alae X,802,2
Attack,Butterfly Tarsi X,802,4
Constitution,Butterfly Tarsi X,802,3
Elemental,Butterfly Tarsi X,802,2
Frenzy Res,Death Stench Soul X,803,3
Dragon Atk,Death Stench Soul X,803,4
Dragon Atk,Death Stench Heart X,803,4
Frenzy Res,Death Stench Grasp X,803,2
Frenzy Res,Death Stench Belly X,803,5
Dragon Atk,Death Stench Belly X,803,2
Dragon Atk,Death Stench March X,803,5
Frenzy Res,Death Stench Soul XR,804,8
Evasion,Death Stench Soul XR,804,-3
Crit Element,Death Stench Heart XR,804,4
Attack,Death Stench Heart XR,804,-2
Frenzy Res,Death Stench Grasp XR,804,1
Crit Element,Death Stench Grasp XR,804,4
Attack,Death Stench Grasp XR,804,-1
Crit Element,Death Stench Belly XR,804,6
Attack,Death Stench Belly XR,804,-3
Frenzy Res,Death Stench March XR,804,7
Evasion,Death Stench March XR,804,-3
Artillery,Acorn Cap X,805,6
Team Player,Acorn Cap X,805,5
Loading,Acorn Cap X,805,3
Artillery,Acorn Vest X,805,4
Team Player,Acorn Vest X,805,3
Loading,Acorn Vest X,805,2
Fire Atk,Mosgharl Brim X,806,7
Stam Recov,Mosgharl Brim X,806,2
FastCharge,Mosgharl Ribguard X,806,3
Fire Atk,Mosgharl Ribguard X,806,3
Stam Recov,Mosgharl Ribguard X,806,1
FastCharge,Mosgharl Tendril X,806,2
Stam Recov,Mosgharl Tendril X,806,5
Fire Atk,Mosgharl Fronds X,806,5
FastCharge,Mosgharl Radicles X,806,5
Stam Recov,Mosgharl Radicles X,806,2
Fire Atk,Mosgharl Brim X,807,7
Stam Recov,Mosgharl Brim X,807,2
FastCharge,Mosgharl Ribguard X,807,3
Fire Atk,Mosgharl Ribguard X,807,3
Stam Recov,Mosgharl Ribguard X,807,1
FastCharge,Mosgharl Tendril X,807,2
Stam Recov,Mosgharl Tendril X,807,5
Fire Atk,Mosgharl Fronds X,807,5
FastCharge,Mosgharl Radicles X,807,5
Stam Recov,Mosgharl Radicles X,807,2
Botany,Edel Bloom X,808,4
Wide-Range,Edel Bloom X,808,3
Wide-Range,Edel Ribguard X,808,4
Botany,Edel Tendril X,808,8
Wide-Range,Edel Tendril X,808,3
Wide-Range,Edel Fronds X,808,5
Wide-Range,Edel Radicles X,808,5
Botany,Edel Radicles X,808,2
Crit Status,Skalda Clypeus X,809,2
Gloves Off,Skalda Clypeus X,809,3
Tenderizer,Skalda Clypeus X,809,2
Gloves Off,Skalda Pleuron X,809,4
Tenderizer,Skalda Pleuron X,809,2
Crit Status,Skalda Manus X,809,3
Gloves Off,Skalda Manus X,809,2
Tenderizer,Skalda Manus X,809,2
Crit Status,Skalda Alae X,809,3
Gloves Off,Skalda Alae X,809,4
Tenderizer,Skalda Alae X,809,1
Crit Status,Skalda Tarsi X,809,2
Gloves Off,Skalda Tarsi X,809,2
Tenderizer,Skalda Tarsi X,809,1
Crit Status,Spio Clypeus X,810,2
Gloves Off,Spio Clypeus X,810,3
Tenderizer,Spio Clypeus X,810,2
Gloves Off,Spio Pleuron X,810,4
Tenderizer,Spio Pleuron X,810,2
Crit Status,Spio Manus X,810,3
Gloves Off,Spio Manus X,810,2
Tenderizer,Spio Manus X,810,2
Crit Status,Spio Alae X,810,3
Gloves Off,Spio Alae X,810,4
Tenderizer,Spio Alae X,810,1
Crit Status,Spio Tarsi X,810,2
Gloves Off,Spio Tarsi X,810,2
Tenderizer,Spio Tarsi X,810,1
Reload Spd,Alloy Cap X,811,3
Wind Res,Alloy Cap X,811,4
Expert,Alloy Cap X,811,3
Reload Spd,Alloy Vest X,811,2
Wind Res,Alloy Vest X,811,2
Expert,Alloy Vest X,811,2
Reload Spd,Alloy Guards X,811,4
Wind Res,Alloy Guards X,811,5
Expert,Alloy Guards X,811,2
Wind Res,Alloy Coat X,811,3
Expert,Alloy Coat X,811,2
Reload Spd,Alloy Leggings X,811,1
Expert,Alloy Leggings X,811,3
Expert,Alloy Cap XR,812,8
Reload Spd,Alloy Vest XR,812,6
Wind Res,Alloy Guards XR,812,9
Expert,Alloy Coat XR,812,7
Reload Spd,Alloy Leggings XR,812,7
Attack,Battle Cap X,813,4
Anti-Theft,Battle Cap X,813,2
Recoil,Battle Vest X,813,3
Anti-Theft,Battle Vest X,813,3
Recoil,Battle Guards X,813,2
Attack,Battle Guards X,813,5
Anti-Theft,Battle Guards X,813,1
Recoil,Battle Coat X,813,5
Attack,Battle Coat X,813,3
Anti-Theft,Battle Coat X,813,3
Recoil,Battle Leggings X,813,4
Anti-Theft,Battle Leggings X,813,1
Ice Atk,Ingot Cap X,814,7
Wind Res,Ingot Vest X,814,5
Ice Atk,Ingot Vest X,814,4
Fate,Ingot Vest X,814,-2
Ice Atk,Ingot Guards X,814,6
Wind Res,Ingot Coat X,814,2
Ice Atk,Ingot Coat X,814,1
Fate,Ingot Coat X,814,-1
Wind Res,Ingot Leggings X,814,7
Fate,Ingot Leggings X,814,-3
Wind Res,Ingot Cap XR,815,9
Fate,Ingot Cap XR,815,-2
Ice Atk,Ingot Vest XR,815,7
Wind Res,Ingot Guards XR,815,3
Ice Atk,Ingot Guards XR,815,4
Fate,Ingot Guards XR,815,-2
Wind Res,Ingot Coat XR,815,7
Fate,Ingot Coat XR,815,-2
Ice Atk,Ingot Leggings XR,815,8
Hearing,High Metal Cap X,816,6
Thunder Res,High Metal Cap X,816,2
Hearing,High Metal Vest X,816,1
Thunder Res,High Metal Vest X,816,4
Elemental,High Metal Vest X,816,1
Hearing,High Metal Guards X,816,2
Thunder Res,High Metal Guards X,816,3
Elemental,High Metal Guards X,816,1
Hearing,High Metal Coat X,816,5
Thunder Res,High Metal Coat X,816,1
Elemental,High Metal Coat X,816,2
Hearing,Hi Metal Leggings X,816,1
Thunder Res,Hi Metal Leggings X,816,5
Elemental,Hi Metal Leggings X,816,2
Hearing,High Metal Cap Z,817,8
Sheathing,High Metal Cap Z,817,2
Heavy Up,High Metal Vest Z,817,3
Hearing,High Metal Guards Z,817,1
Heavy Up,High Metal Guards Z,817,2
Sheathing,High Metal Guards Z,817,4
Heavy Up,High Metal Coat Z,817,5
Sheathing,High Metal Coat Z,817,2
Hearing,Hi Metal Leggings Z,817,3
Sheathing,Hi Metal Leggings Z,817,2
Dragon Atk,Pink Metal Feet X,818,10
Light Eater,Lobster Mask X,819,3
Bubble,Lobster Mask X,819,2
Evasion,Lobster Mask X,819,2
Thunder Res,Lobster Mask X,819,-2
Light Eater,Lobster Vest X,819,2
Bubble,Lobster Vest X,819,2
Evasion,Lobster Vest X,819,2
Thunder Res,Lobster Vest X,819,-2
Light Eater,Lobster Guards X,819,2
Bubble,Lobster Guards X,819,2
Evasion,Lobster Guards X,819,2
Thunder Res,Lobster Guards X,819,-2
Light Eater,Lobster Coat X,819,1
Bubble,Lobster Coat X,819,2
Evasion,Lobster Coat X,819,2
Thunder Res,Lobster Coat X,819,-2
Light Eater,Lobster Feet X,819,2
Bubble,Lobster Feet X,819,2
Evasion,Lobster Feet X,819,2
Thunder Res,Lobster Feet X,819,-2
Water Atk,Vaik Cap X,820,2
Ammo Saver,Vaik Cap X,820,4
Water Atk,Vaik Vest X,820,2
Ammo Saver,Vaik Vest X,820,1
Attack,Vaik Vest X,820,1
Water Atk,Vaik Guards X,820,5
Ammo Saver,Vaik Guards X,820,1
Attack,Vaik Guards X,820,2
Ammo Saver,Vaik Coat X,820,4
Attack,Vaik Coat X,820,3
Water Atk,Vaik Leggings X,820,6
Eating,Bistro Cap X,821,4
Carnivore,Bistro Cap X,821,3
Rec Level,Bistro Cap X,821,-1
Eating,Bistro Vest X,821,3
Carnivore,Bistro Vest X,821,3
Rec Level,Bistro Vest X,821,-1
Eating,Bistro Apron X,821,3
Carnivore,Bistro Apron X,821,4
Rec Level,Bistro Apron X,821,-1
Lasting Pwr,Patissier's Cap X,822,3
HotBlooded,Patissier's Cap X,822,2
Light Eater,Patissier's Cap X,822,2
Lasting Pwr,Patissier's Vest X,822,2
HotBlooded,Patissier's Vest X,822,2
Light Eater,Patissier's Vest X,822,2
Lasting Pwr,Patissier's Mitts X,822,2
HotBlooded,Patissier's Mitts X,822,2
Light Eater,Patissier's Mitts X,822,2
Lasting Pwr,Patissier's Apron X,822,1
HotBlooded,Patissier's Apron X,822,2
Light Eater,Patissier's Apron X,822,2
Lasting Pwr,Patissier's Footwear X,822,2
HotBlooded,Patissier's Footwear X,822,2
Light Eater,Patissier's Footwear X,822,2
Rec Level,Gourmew Cap X,823,2
Stamina,Gourmew Cap X,823,1
PowerEater,Gourmew Cap X,823,1
Rec Level,Gourmew Vest X,823,2
Ammo Saver,Gourmew Vest X,823,2
Stamina,Gourmew Vest X,823,2
PowerEater,Gourmew Vest X,823,1
Ammo Saver,Gourmew Mitts X,823,4
Stamina,Gourmew Mitts X,823,3
PowerEater,Gourmew Mitts X,823,3
Rec Level,Gourmew Apron X,823,2
Ammo Saver,Gourmew Apron X,823,4
Stamina,Gourmew Apron X,823,2
PowerEater,Gourmew Apron X,823,2
Rec Level,Gourmew Paws X,823,2
Stamina,Gourmew Paws X,823,2
PowerEater,Gourmew Paws X,823,3
Rec Level,Gourmew Cap X,824,2
Stamina,Gourmew Cap X,824,1
PowerEater,Gourmew Cap X,824,1
Rec Level,Gourmew Vest X,824,2
Ammo Saver,Gourmew Vest X,824,2
Stamina,Gourmew Vest X,824,2
PowerEater,Gourmew Vest X,824,1
Ammo Saver,Gourmew Mitts X,824,4
Stamina,Gourmew Mitts X,824,3
PowerEater,Gourmew Mitts X,824,3
Rec Level,Gourmew Apron X,824,2
Ammo Saver,Gourmew Apron X,824,4
Stamina,Gourmew Apron X,824,2
PowerEater,Gourmew Apron X,824,2
Rec Level,Gourmew Paws X,824,2
Stamina,Gourmew Paws X,824,2
PowerEater,Gourmew Paws X,824,3
Expert,Aelucanth Clypeus X,825,6
Critical Up,Aelucanth Clypeus X,825,2
Ammo Saver,Aelucanth Clypeus X,825,1
Expert,Aelucanth Pleuron X,825,2
Critical Up,Aelucanth Pleuron X,825,1
Ammo Saver,Aelucanth Pleuron X,825,1
Expert,Aelucanth Manus X,825,1
Critical Up,Aelucanth Manus X,825,3
Ammo Saver,Aelucanth Manus X,825,4
Expert,Aelucanth Alae X,825,4
Critical Up,Aelucanth Alae X,825,1
Ammo Saver,Aelucanth Alae X,825,2
Expert,Aelucanth Tarsi X,825,2
Critical Up,Aelucanth Tarsi X,825,3
Ammo Saver,Aelucanth Tarsi X,825,2
Expert,Rhopessa Clypeus X,826,6
Critical Up,Rhopessa Clypeus X,826,2
Ammo Saver,Rhopessa Clypeus X,826,1
Expert,Rhopessa Pleuron X,826,2
Critical Up,Rhopessa Pleuron X,826,1
Ammo Saver,Rhopessa Pleuron X,826,1
Expert,Rhopessa Manus X,826,1
Critical Up,Rhopessa Manus X,826,3
Ammo Saver,Rhopessa Manus X,826,4
Expert,Rhopessa Alae X,826,4
Critical Up,Rhopessa Alae X,826,1
Ammo Saver,Rhopessa Alae X,826,2
Expert,Rhopessa Tarsi X,826,2
Critical Up,Rhopessa Tarsi X,826,3
Ammo Saver,Rhopessa Tarsi X,826,2
Frenzy Res,Lecturer's Cap X,827,2
Psychic,Lecturer's Cap X,827,4
Tenderizer,Lecturer's Cap X,827,2
Frenzy Res,Lecturer's Jacket X,827,2
Psychic,Lecturer's Jacket X,827,4
Tenderizer,Lecturer's Jacket X,827,1
Frenzy Res,Lecturer's Guards X,827,3
Psychic,Lecturer's Guards X,827,2
Tenderizer,Lecturer's Guards X,827,2
Frenzy Res,Lecturer's Frills X,827,3
Psychic,Lecturer's Frills X,827,1
Tenderizer,Lecturer's Frills X,827,3
Psychic,Lecturer's Footwear X,827,4
Tenderizer,Lecturer's Footwear X,827,2
Fire Atk,Derring Cap X,828,3
Spirit,Derring Cap X,828,5
Mounting,Derring Vest X,828,3
Spirit,Derring Vest X,828,2
Mounting,Derring Guards X,828,5
Spirit,Derring Guards X,828,1
Fire Atk,Derring Guards X,828,5
Mounting,Derring Coat X,828,2
Fire Atk,Derring Coat X,828,3
Spirit,Derring Coat X,828,2
Fire Atk,Derring Leggings X,828,7
Spirit,Derring Leggings X,828,2
Thunder Atk,Artian Cap X,829,1
Resilience,Artian Vest X,829,2
Thunder Atk,Artian Guards X,829,5
Speed Setup,Artian Guards X,829,3
Speed Setup,Artian Coat X,829,5
Resilience,Artian Coat X,829,5
Thunder Atk,Artian Leggings X,829,6
Speed Setup,Artian Leggings X,829,2
Resilience,Artian Leggings X,829,3
Speed Setup,Artian Cap XR,830,9
Def Lock,Artian Vest XR,830,7
Distance Runner,Artian Vest XR,830,4
Def Lock,Artian Guards XR,830,5
Speed Setup,Artian Guards XR,830,5
Thunder Atk,Artian Coat XR,830,8
Distance Runner,Artian Coat XR,830,3
Thunder Atk,Artian Leggings XR,830,8
Distance Runner,Artian Leggings XR,830,3
Fate,French Maid Glasses X,831,2
Team Player,French Maid Glasses X,831,2
Covert,French Maid Glasses X,831,2
Fate,French Maid Vest X,831,2
Team Player,French Maid Vest X,831,2
Covert,French Maid Vest X,831,1
Fate,French Maid Sleeves X,831,2
Team Player,French Maid Sleeves X,831,2
Covert,French Maid Sleeves X,831,2
Fate,French Maid Frills X,831,2
Team Player,French Maid Frills X,831,2
Covert,French Maid Frills X,831,3
Fate,French Maid Tights X,831,2
Team Player,French Maid Tights X,831,2
Covert,French Maid Tights X,831,2
Psychic,Campanile Masacap,832,2
Perception,Campanile Masacap,832,3
Insight,Campanile Masacap,832,2
Endurance,Campanile Masacap,832,2
Psychic,Campanile Masajacket,832,2
Perception,Campanile Masajacket,832,1
Insight,Campanile Masajacket,832,2
Endurance,Campanile Masajacket,832,2
Psychic,Campanile Masasleeves,832,2
Perception,Campanile Masasleeves,832,2
Insight,Campanile Masasleeves,832,2
Endurance,Campanile Masasleeves,832,2
Psychic,Campanile Masaskirt,832,2
Perception,Campanile Masaskirt,832,2
Insight,Campanile Masaskirt,832,2
Endurance,Campanile Masaskirt,832,2
Psychic,Campanile Masapants,832,2
Perception,Campanile Masapants,832,2
Insight,Campanile Masapants,832,2
Endurance,Campanile Masapants,832,2
Frenzy Res,Hawkcap X,833,2
Constitution,Hawkcap X,833,5
Eating,Hawkcap X,833,2
Frenzy Res,Hawkjacket X,833,2
Constitution,Hawkjacket X,833,4
Eating,Hawkjacket X,833,3
Frenzy Res,Hawkguards X,833,3
Constitution,Hawkguards X,833,1
Eating,Hawkguards X,833,4
Frenzy Res,Hawkcoat X,833,3
Constitution,Hawkcoat X,833,1
Eating,Hawkcoat X,833,3
Constitution,Hawkfeet X,833,4
Eating,Hawkfeet X,833,3
Capturer,Scholarly Cap X,834,3
Biology,Scholarly Cap X,834,4
Capturer,Scholarly Vest X,834,2
Capturer,Scholarly Cuffs X,834,3
Biology,Scholarly Cuffs X,834,3
Capturer,Scholarly Coat X,834,4
Biology,Scholarly Coat X,834,4
Capturer,Scholarly Tights X,834,3
Biology,Scholarly Tights X,834,4
Dragon Atk,Dober Cap X,835,4
Blight Res,Dober Cap X,835,2
Crit Element,Dober Cap X,835,2
Stun,Dober Vest X,835,3
Blight Res,Dober Vest X,835,2
Crit Element,Dober Vest X,835,2
Stun,Dober Guards X,835,5
Blight Res,Dober Guards X,835,1
Crit Element,Dober Guards X,835,2
Stun,Dober Coat X,835,2
Dragon Atk,Dober Coat X,835,3
Blight Res,Dober Coat X,835,2
Crit Element,Dober Coat X,835,2
Dragon Atk,Dober Leggings X,835,3
Blight Res,Dober Leggings X,835,3
Crit Element,Dober Leggings X,835,2
Evasion,Scholar's Cap X,836,3
Precision,Scholar's Cap X,836,4
Sense,Scholar's Cap X,836,-2
Evasion,Scholar's Vest X,836,3
Precision,Scholar's Vest X,836,2
Sense,Scholar's Vest X,836,-2
Evasion,Scholar's Sleeves X,836,3
Precision,Scholar's Sleeves X,836,3
Sense,Scholar's Sleeves X,836,-2
Evasion,Scholar's Mini X,836,3
Precision,Scholar's Mini X,836,1
Sense,Scholar's Mini X,836,-2
Evasion,Scholar's Sandals X,836,3
Sense,Scholar's Sandals X,836,-2
Evasion,Sailor Cap X,837,4
FastCharge,Sailor Cap X,837,4
Sense,Sailor Cap X,837,-2
Evasion,Sailor Vest X,837,3
FastCharge,Sailor Vest X,837,2
Sense,Sailor Vest X,837,-2
Evasion,Sailor Sleeves X,837,2
FastCharge,Sailor Sleeves X,837,3
Sense,Sailor Sleeves X,837,-2
Evasion,Sailor Mini X,837,3
FastCharge,Sailor Mini X,837,1
Sense,Sailor Mini X,837,-2
Evasion,Sailor Sandals X,837,3
Sense,Sailor Sandals X,837,-2
Status,Mariner Cap X,838,2
Rapid Fire,Mariner Cap X,838,2
Expert,Mariner Cap X,838,2
Status,Mariner Vest X,838,2
Rapid Fire,Mariner Vest X,838,1
Expert,Mariner Vest X,838,1
Status,Mariner Sleeves X,838,3
Rapid Fire,Mariner Sleeves X,838,3
Expert,Mariner Sleeves X,838,3
Status,Mariner Frills X,838,4
Rapid Fire,Mariner Frills X,838,1
Expert,Mariner Frills X,838,2
Status,Mariner Sandals X,838,4
Rapid Fire,Mariner Sandals X,838,3
Expert,Mariner Sandals X,838,2
Water Atk,Slagtoth Cowl X,839,4
Rec Speed,Slagtoth Cowl X,839,6
Water Atk,Slagtoth Wrap X,839,6
Rec Speed,Slagtoth Wrap X,839,3
Attack,Jaggi Cap X,840,5
Fire Atk,Jaggi Cap X,840,4
Health,Jaggi Cap X,840,1
Attack,Jaggi Vest X,840,3
Health,Jaggi Vest X,840,3
Fire Atk,Jaggi Guards X,840,3
Attack,Jaggi Guards X,840,2
Health,Jaggi Guards X,840,2
Attack,Jaggi Coat X,840,6
Health,Jaggi Coat X,840,2
Fire Atk,Jaggi Leggings X,840,5
Health,Jaggi Leggings X,840,2
Vault,Maccao Cap X,841,4
KO,Maccao Cap X,841,3
Destroyer,Maccao Cap X,841,2
Vault,Maccao Vest X,841,4
KO,Maccao Vest X,841,2
KO,Maccao Guards X,841,2
Destroyer,Maccao Guards X,841,1
KO,Maccao Coat X,841,2
Destroyer,Maccao Coat X,841,2
Vault,Maccao Leggings X,841,2
KO,Maccao Leggings X,841,1
Destroyer,Maccao Leggings X,841,4
Stun,Velociprey Cap X,842,4
Attack,Velociprey Cap X,842,1
Stun,Velociprey Vest X,842,5
Attack,Velociprey Vest X,842,1
Stun,Velociprey Guards X,842,3
Water Atk,Velociprey Guards X,842,5
Attack,Velociprey Guards X,842,2
Stun,Velociprey Coat X,842,1
Water Atk,Velociprey Coat X,842,5
Attack,Velociprey Coat X,842,2
Stun,Velociprey Leggings X,842,2
Attack,Velociprey Leggings X,842,2
Ice Atk,Giaprey Cap X,843,4
Bind Res,Giaprey Cap X,843,4
Gloves Off,Giaprey Cap X,843,2
Ice Atk,Giaprey Vest X,843,5
Ice Atk,Giaprey Guards X,843,3
Bind Res,Giaprey Guards X,843,2
Gloves Off,Giaprey Guards X,843,3
Bind Res,Giaprey Coat X,843,4
Gloves Off,Giaprey Coat X,843,4
Ice Atk,Giaprey Leggings X,843,2
Gloves Off,Giaprey Leggings X,843,1
Paralysis,Genprey Cap X,844,3
Thunder Atk,Genprey Cap X,844,1
Sense,Genprey Cap X,844,3
Thunder Atk,Genprey Vest X,844,3
Paralysis,Genprey Vest X,844,3
Sense,Genprey Vest X,844,1
Thunder Atk,Genprey Guards X,844,2
Paralysis,Genprey Guards X,844,5
Sense,Genprey Guards X,844,2
Thunder Atk,Genprey Coat X,844,2
Paralysis,Genprey Coat X,844,1
Sense,Genprey Coat X,844,3
Thunder Atk,Genprey Leggings X,844,6
Sense,Genprey Leggings X,844,1
Attack,Genprey Cap GX,845,4
Status,Genprey Cap GX,845,4
Elemental,Genprey Cap GX,845,-2
Attack,Genprey Vest GX,845,4
Status,Genprey Vest GX,845,1
Elemental,Genprey Vest GX,845,-1
Attack,Genprey Guards GX,845,3
Status,Genprey Guards GX,845,2
Elemental,Genprey Guards GX,845,-1
Attack,Genprey Coat GX,845,2
Status,Genprey Coat GX,845,3
Elemental,Genprey Coat GX,845,-2
Attack,Genprey Leggings GX,845,2
Status,Genprey Leggings GX,845,3
Elemental,Genprey Leggings GX,845,-2
Status,Vespoid Cap X,846,4
Vault,Vespoid Cap X,846,3
Sheathing,Vespoid Vest X,846,2
Vault,Vespoid Vest X,846,1
Sheathing,Vespoid Guards X,846,3
Vault,Vespoid Guards X,846,2
Sheathing,Vespoid Coat X,846,5
Vault,Vespoid Coat X,846,2
Status,Vespoid Leggings X,846,3
Vault,Vespoid Leggings X,846,2
Evade Dist,Vespoid Cap GX,847,2
Pellet Up,Vespoid Cap GX,847,2
Evade Dist,Vespoid Vest GX,847,2
Pellet Up,Vespoid Vest GX,847,2
Evade Dist,Vespoid Guards GX,847,2
Pellet Up,Vespoid Guards GX,847,2
Evade Dist,Vespoid Coat GX,847,2
Pellet Up,Vespoid Coat GX,847,2
Evade Dist,Vespoid Leggings GX,847,2
Pellet Up,Vespoid Leggings GX,847,2
Dragon Atk,Hornetaur Cap X,848,6
Dragon Atk,Hornetaur Vest X,848,5
Dragon Res,Hornetaur Vest X,848,2
Dragon Atk,Hornetaur Guards X,848,1
Dragon Res,Hornetaur Guards X,848,4
Dragon Res,Hornetaur Coat X,848,4
Dragon Atk,Hornetaur Leggings X,848,3
Dragon Res,Hornetaur Leggings X,848,3
Precision,Hornetaur Cap GX,849,3
Dragon Atk,Hornetaur Cap GX,849,3
Constitution,Hornetaur Cap GX,849,-1
Precision,Hornetaur Vest GX,849,3
Dragon Atk,Hornetaur Vest GX,849,3
Constitution,Hornetaur Vest GX,849,-1
Precision,Hornetaur Guards GX,849,3
Dragon Atk,Hornetaur Guards GX,849,3
Constitution,Hornetaur Guards GX,849,-2
Precision,Hornetaur Coat GX,849,3
Dragon Atk,Hornetaur Coat GX,849,3
Constitution,Hornetaur Coat GX,849,-2
Precision,Hornetaur Leggings GX,849,3
Dragon Atk,Hornetaur Leggings GX,849,3
Constitution,Hornetaur Leggings GX,849,-2
Dragon Res,Hornetaur Cap XR,850,8
Crisis,Hornetaur Vest XR,850,3
Dragon Atk,Hornetaur Guards XR,850,6
Dragon Res,Hornetaur Guards XR,850,5
Crisis,Hornetaur Coat XR,850,7
Dragon Res,Hornetaur Coat XR,850,2
Dragon Atk,Hornetaur Leggings XR,850,6
Dragon Res,Hornetaur Leggings XR,850,5
Ammo Saver,Bnahabra Headpiece X,851,2
Status,Bnahabra Headpiece X,851,3
Blight Res,Bnahabra Headpiece X,851,2
Ammo Saver,Bnahabra Vest X,851,1
Status,Bnahabra Vest X,851,4
Ammo Saver,Bnahabra Sleeves X,851,2
Blight Res,Bnahabra Sleeves X,851,2
Status,Bnahabra Coat X,851,5
Blight Res,Bnahabra Coat X,851,2
Ammo Saver,Bnahabra Pants X,851,5
Precision,Konchu Cap X,852,4
Heavy Up,Konchu Cap X,852,3
Constitution,Konchu Cap X,852,-2
Precision,Konchu Guards X,852,5
Heavy Up,Konchu Guards X,852,3
Constitution,Konchu Guards X,852,-2
Artillery,Rhenoplos Cap X,853,8
Artillery,Rhenoplos Vest X,853,2
Water Atk,Rhenoplos Vest X,853,3
Water Atk,Rhenoplos Guards X,853,4
Artillery,Rhenoplos Coat X,853,3
Water Atk,Rhenoplos Coat X,853,2
Artillery,Rhenoplos Leggings X,853,2
Water Atk,Rhenoplos Leggings X,853,3
Potential,Bulldrome Cap X,854,4
Attack,Bulldrome Cap X,854,4
Protection,Bulldrome Cap X,854,-3
Potential,Bulldrome Vest X,854,4
Attack,Bulldrome Vest X,854,2
Protection,Bulldrome Vest X,854,-4
Attack,Bulldrome Guards X,854,4
Potential,Bulldrome Coat X,854,4
Attack,Bulldrome Coat X,854,2
Protection,Bulldrome Coat X,854,-3
Attack,Bulldrome Leggings X,854,5
Constitution,Arzuros Cap X,855,5
Protection,Arzuros Cap X,855,2
Defense,Arzuros Vest X,855,4
Constitution,Arzuros Vest X,855,3
Protection,Arzuros Vest X,855,1
Defense,Arzuros Guards X,855,4
Constitution,Arzuros Guards X,855,3
Protection,Arzuros Guards X,855,4
Constitution,Arzuros Coat X,855,2
Defense,Arzuros Leggings X,855,5
Constitution,Arzuros Leggings X,855,2
Protection,Arzuros Leggings X,855,3
Water Atk,Cephalos Cap X,856,3
Fire Res,Cephalos Cap X,856,2
Attack,Cephalos Cap X,856,3
Water Atk,Cephalos Vest X,856,4
Heat Res,Cephalos Vest X,856,10
Fire Res,Cephalos Guards X,856,2
Attack,Cephalos Guards X,856,3
Fire Res,Cephalos Coat X,856,5
Attack,Cephalos Coat X,856,3
Water Atk,Cephalos Leggings X,856,2
Fire Res,Cephalos Leggings X,856,1
Attack,Cephalos Leggings X,856,1
Tremor Res,Cephalos Cap GX,857,2
Water Atk,Cephalos Cap GX,857,4
Sleep,Cephalos Cap GX,857,4
Tremor Res,Cephalos Vest GX,857,2
Water Atk,Cephalos Vest GX,857,2
Sleep,Cephalos Vest GX,857,3
Tremor Res,Cephalos Guards GX,857,2
Water Atk,Cephalos Guards GX,857,3
Sleep,Cephalos Guards GX,857,2
Tremor Res,Cephalos Coat GX,857,2
Water Atk,Cephalos Coat GX,857,3
Sleep,Cephalos Coat GX,857,3
Tremor Res,Cephalos Leggings GX,857,2
Water Atk,Cephalos Leggings GX,857,3
Sleep,Cephalos Leggings GX,857,2
Light Eater,Droth Vest X,858,5
Constitution,Droth Vest X,858,2
Light Eater,Droth Coat X,858,2
Constitution,Droth Coat X,858,2
Light Eater,Droth Leggings X,858,3
Constitution,Droth Leggings X,858,3
Haphazard,Uroktor Vest X,859,4
Evasion,Uroktor Vest X,859,3
Haphazard,Uroktor Coat X,859,6
Evasion,Uroktor Coat X,859,1
Thunder Atk,Moofah Wig X,860,2
Cold Res,Moofah Wig X,860,4
Furor,Moofah Wig X,860,3
Thunder Atk,Moofah Jacket X,860,4
Cold Res,Moofah Jacket X,860,3
Furor,Moofah Jacket X,860,2
Thunder Atk,Moofah Sleeves X,860,5
Cold Res,Moofah Sleeves X,860,1
Furor,Moofah Sleeves X,860,2
Thunder Atk,Moofah Coat X,860,4
Cold Res,Moofah Coat X,860,2
Furor,Moofah Coat X,860,3
Fate,Velociprey Mask X,861,4
Hunger,Velociprey Mask X,861,-2
Fate,Velociprey Suit X,861,1
Hunger,Velociprey Suit X,861,-2
Fate,Velociprey Gloves X,861,3
Hunger,Velociprey Gloves X,861,-2
Fate,Velociprey Tights X,861,3
Hunger,Velociprey Tights X,861,-2
Fate,Giaprey Mask X,862,4
Hunger,Giaprey Mask X,862,-2
Fate,Giaprey Wear X,862,1
Hunger,Giaprey Wear X,862,-2
Fate,Giaprey Gloves X,862,3
Hunger,Giaprey Gloves X,862,-2
Fate,Giaprey Tights X,862,3
Hunger,Giaprey Tights X,862,-2
Fate,Genprey Mask X,863,4
Hunger,Genprey Mask X,863,-2
Fate,Genprey Suit X,863,1
Hunger,Genprey Suit X,863,-2
Fate,Genprey Gloves X,863,3
Hunger,Genprey Gloves X,863,-2
Fate,Genprey Tights X,863,3
Hunger,Genprey Tights X,863,-2
Fate,Ioprey Mask X,864,4
Hunger,Ioprey Mask X,864,-2
Fate,Ioprey Wear X,864,1
Hunger,Ioprey Wear X,864,-2
Fate,Ioprey Gloves X,864,3
Hunger,Ioprey Gloves X,864,-2
Fate,Ioprey Tights X,864,3
Hunger,Ioprey Tights X,864,-2
Fate,Remobra Mask X,865,4
Hunger,Remobra Mask X,865,-2
Fate,Remobra Wear X,865,1
Hunger,Remobra Wear X,865,-2
Fate,Remobra Hands X,865,3
Hunger,Remobra Hands X,865,-2
Fate,Remobra Band X,865,2
Hunger,Remobra Band X,865,-2
Fate,Remobra Tights X,865,3
Hunger,Remobra Tights X,865,-2
Perception,Ioprey Cap X,866,4
Status,Ioprey Cap X,866,2
Poison,Ioprey Vest X,866,2
Perception,Ioprey Vest X,866,3
Poison,Ioprey Guards X,866,2
Perception,Ioprey Guards X,866,2
Status,Ioprey Guards X,866,2
Poison,Ioprey Coat X,866,1
Perception,Ioprey Coat X,866,1
Status,Ioprey Coat X,866,2
Poison,Ioprey Leggings X,866,5
Status,Ioprey Leggings X,866,2
Guts,Ioprey Cap GX,867,2
Fire Res,Ioprey Cap GX,867,4
Elemental,Ioprey Cap GX,867,2
Guts,Ioprey Vest GX,867,2
Fire Res,Ioprey Vest GX,867,3
Guts,Ioprey Guards GX,867,2
Fire Res,Ioprey Guards GX,867,3
Elemental,Ioprey Guards GX,867,2
Guts,Ioprey Coat GX,867,2
Fire Res,Ioprey Coat GX,867,2
Elemental,Ioprey Coat GX,867,2
Guts,Ioprey Leggings GX,867,2
Fire Res,Ioprey Leggings GX,867,3
Elemental,Ioprey Leggings GX,867,2
Fire Atk,Kut-Ku Cap X,868,4
Attack,Kut-Ku Cap X,868,4
Defense,Kut-Ku Cap X,868,-3
Fire Atk,Kut-Ku Vest X,868,2
Attack,Kut-Ku Vest X,868,4
Defense,Kut-Ku Vest X,868,-3
Fire Atk,Kut-Ku Guards X,868,7
Fire Atk,Kut-Ku Coat X,868,2
Attack,Kut-Ku Coat X,868,3
Defense,Kut-Ku Coat X,868,-2
Attack,Kut-Ku Leggings X,868,6
Defense,Kut-Ku Leggings X,868,-2
Constitution,Kecha Cap X,869,2
Stam Recov,Kecha Cap X,869,5
Evade Dist,Kecha Cap X,869,2
Combo Plus,Kecha Cap X,869,2
Constitution,Kecha Vest X,869,2
Stam Recov,Kecha Vest X,869,1
Evade Dist,Kecha Vest X,869,2
Combo Plus,Kecha Vest X,869,1
Constitution,Kecha Guards X,869,4
Stam Recov,Kecha Guards X,869,2
Evade Dist,Kecha Guards X,869,2
Combo Plus,Kecha Guards X,869,1
Constitution,Kecha Coat X,869,3
Stam Recov,Kecha Coat X,869,2
Evade Dist,Kecha Coat X,869,2
Combo Plus,Kecha Coat X,869,2
Constitution,Kecha Leggings X,869,4
Evade Dist,Kecha Leggings X,869,2
Combo Plus,Kecha Leggings X,869,2
Evasion,Lagombi Cap X,870,2
Vault,Lagombi Cap X,870,4
Stamina,Lagombi Cap X,870,2
Evasion,Lagombi Vest X,870,2
Vault,Lagombi Vest X,870,3
Stamina,Lagombi Vest X,870,1
Evasion,Lagombi Guards X,870,1
Vault,Lagombi Guards X,870,3
Stamina,Lagombi Guards X,870,1
Evasion,Lagombi Coat X,870,3
Stamina,Lagombi Coat X,870,2
Evasion,Lagombi Leggings X,870,4
Stamina,Lagombi Leggings X,870,4
Poison,Gypceros Cap X,871,4
Stamina,Gypceros Cap X,871,1
Defense,Gypceros Cap X,871,2
Poison,Gypceros Vest X,871,3
Stamina,Gypceros Vest X,871,1
Defense,Gypceros Vest X,871,1
Poison,Gypceros Guards X,871,4
Stamina,Gypceros Guards X,871,1
Defense,Gypceros Guards X,871,3
Poison,Gypceros Coat X,871,3
Stamina,Gypceros Coat X,871,3
Defense,Gypceros Coat X,871,2
Stamina,Gypceros Leggings X,871,4
Defense,Gypceros Leggings X,871,2
Poison,Gypceros Cap XR,872,9
Stun,Gypceros Cap XR,872,3
Stamina,Gypceros Vest XR,872,6
Hunger,Gypceros Vest XR,872,-4
Stun,Gypceros Guards XR,872,5
Paralysis,Gypceros Guards XR,872,-3
Stamina,Gypceros Guards XR,872,1
Stun,Gypceros Coat XR,872,7
Paralysis,Gypceros Coat XR,872,-3
Stamina,Gypceros Leggings XR,872,9
Hunger,Gypceros Leggings XR,872,-5
Dead Eye,Tetsucabra Cap X,873,3
Tremor Res,Tetsucabra Cap X,873,3
Stam Recov,Tetsucabra Cap X,873,1
Dead Eye,Tetsucabra Vest X,873,2
Tremor Res,Tetsucabra Vest X,873,1
Stam Recov,Tetsucabra Vest X,873,2
Dead Eye,Tetsucabra Guards X,873,4
Stam Recov,Tetsucabra Guards X,873,2
Tremor Res,Tetsucabra Coat X,873,3
Stam Recov,Tetsucabra Coat X,873,2
Dead Eye,Tetsucabra Leggings X,873,1
Tremor Res,Tetsucabra Leggings X,873,3
Stam Recov,Tetsucabra Leggings X,873,3
Recoil,Hermitaur Cap X,874,4
Defense,Hermitaur Cap X,874,4
Dead Eye,Hermitaur Cap X,874,1
Recoil,Hermitaur Vest X,874,4
Defense,Hermitaur Vest X,874,2
Recoil,Hermitaur Guards X,874,2
Defense,Hermitaur Guards X,874,4
Dead Eye,Hermitaur Guards X,874,1
Recoil,Hermitaur Coat X,874,4
Dead Eye,Hermitaur Coat X,874,3
Recoil,Hermitaur Leggings X,874,1
Dead Eye,Hermitaur Leggings X,874,1
Power C+,Hermitaur Cap GX,875,4
Crisis,Hermitaur Cap GX,875,2
Constitution,Hermitaur Cap GX,875,1
Power C+,Hermitaur Vest GX,875,1
Crisis,Hermitaur Vest GX,875,4
Constitution,Hermitaur Vest GX,875,1
Power C+,Hermitaur Guards GX,875,1
Crisis,Hermitaur Guards GX,875,3
Constitution,Hermitaur Guards GX,875,1
Power C+,Hermitaur Coat GX,875,4
Crisis,Hermitaur Coat GX,875,1
Constitution,Hermitaur Coat GX,875,1
Defense,Hermitaur Cap XR,876,8
Attack,Hermitaur Cap XR,876,-4
Recoil,Hermitaur Vest XR,876,1
Defense,Hermitaur Guards XR,876,7
Attack,Hermitaur Guards XR,876,-4
Recoil,Hermitaur Coat XR,876,7
Reload Spd,Hermitaur Coat XR,876,-4
Recoil,Hermitaur Leggings XR,876,7
Reload Spd,Hermitaur Leggings XR,876,-5
FastCharge,Volvidon Cap X,877,4
Biology,Volvidon Cap X,877,4
Constitution,Volvidon Cap X,877,3
FastCharge,Volvidon Vest X,877,4
Biology,Volvidon Vest X,877,4
Constitution,Volvidon Vest X,877,1
FastCharge,Volvidon Guards X,877,1
Biology,Volvidon Guards X,877,3
Constitution,Volvidon Guards X,877,3
Biology,Volvidon Coat X,877,4
FastCharge,Volvidon Leggings X,877,1
Constitution,Volvidon Leggings X,877,3
Attack,Conga Cap X,878,5
Biology,Conga Cap X,878,2
Attack,Conga Vest X,878,1
Gluttony,Conga Vest X,878,2
Biology,Conga Vest X,878,2
Attack,Conga Guards X,878,5
Gluttony,Conga Guards X,878,2
Biology,Conga Guards X,878,2
Gluttony,Conga Coat X,878,4
Biology,Conga Coat X,878,2
Attack,Conga Leggings X,878,4
Gluttony,Conga Leggings X,878,2
Biology,Conga Leggings X,878,2
Attack,Conga Cap GX,879,4
Mycology,Conga Cap GX,879,1
Status,Conga Cap GX,879,2
Attack,Conga Vest GX,879,1
Mycology,Conga Vest GX,879,1
Status,Conga Vest GX,879,2
Attack,Conga Guards GX,879,3
Mycology,Conga Guards GX,879,2
Status,Conga Guards GX,879,2
Mycology,Conga Coat GX,879,4
Status,Conga Coat GX,879,2
Attack,Conga Leggings GX,879,2
Mycology,Conga Leggings GX,879,2
Status,Conga Leggings GX,879,2
Stam Recov,Ludroth Cap X,880,2
Stamina,Ludroth Cap X,880,3
Water Atk,Ludroth Cap X,880,2
Stam Recov,Ludroth Vest X,880,2
Water Atk,Ludroth Vest X,880,1
Stam Recov,Ludroth Guards X,880,1
Stamina,Ludroth Guards X,880,4
Water Atk,Ludroth Guards X,880,3
Stam Recov,Ludroth Coat X,880,4
Water Atk,Ludroth Coat X,880,1
Stam Recov,Ludroth Leggings X,880,1
Stamina,Ludroth Leggings X,880,3
Water Atk,Ludroth Leggings X,880,1
Stam Recov,Ludroth Cap XR,881,6
Evasion,Ludroth Cap XR,881,-3
Stam Recov,Ludroth Vest XR,881,4
Evasion,Ludroth Vest XR,881,-3
Stam Recov,Ludroth Guards XR,881,5
Evasion,Ludroth Guards XR,881,-3
Stamina,Ludroth Coat XR,881,7
Hunger,Ludroth Coat XR,881,5
Stamina,Ludroth Leggings XR,881,8
Hunger,Ludroth Leggings XR,881,5
Attack,Barroth Cap X,882,3
Haphazard,Barroth Cap X,882,2
Bind Res,Barroth Cap X,882,2
Precision,Barroth Cap X,882,1
Attack,Barroth Vest X,882,2
Haphazard,Barroth Vest X,882,3
Bind Res,Barroth Vest X,882,2
Precision,Barroth Vest X,882,1
Attack,Barroth Guards X,882,4
Bind Res,Barroth Guards X,882,2
Precision,Barroth Guards X,882,1
Attack,Barroth Coat X,882,3
Haphazard,Barroth Coat X,882,3
Bind Res,Barroth Coat X,882,2
Precision,Barroth Coat X,882,1
Attack,Barroth Leggings X,882,3
Haphazard,Barroth Leggings X,882,2
Bind Res,Barroth Leggings X,882,2
Destroyer,Basarios Cap X,883,3
Defense,Basarios Cap X,883,4
Stam Drain,Basarios Cap X,883,2
Destroyer,Basarios Vest X,883,1
Defense,Basarios Vest X,883,3
Stam Drain,Basarios Vest X,883,2
Destroyer,Basarios Guards X,883,3
Stam Drain,Basarios Guards X,883,2
Defense,Basarios Coat X,883,3
Stam Drain,Basarios Coat X,883,2
Destroyer,Basarios Leggings X,883,3
Defense,Basarios Leggings X,883,5
Stam Drain,Basarios Leggings X,883,2
Tenderizer,Malfestio Cap X,884,3
Sleep,Malfestio Cap X,884,4
Perception,Malfestio Cap X,884,1
Status,Malfestio Cap X,884,2
Tenderizer,Malfestio Vest X,884,2
Sleep,Malfestio Vest X,884,1
Perception,Malfestio Vest X,884,3
Status,Malfestio Vest X,884,1
Tenderizer,Malfestio Guards X,884,2
Sleep,Malfestio Guards X,884,1
Perception,Malfestio Guards X,884,2
Status,Malfestio Guards X,884,2
Tenderizer,Malfestio Coat X,884,2
Sleep,Malfestio Coat X,884,4
Perception,Malfestio Coat X,884,2
Status,Malfestio Coat X,884,2
Tenderizer,Malfestio Leggings X,884,1
Perception,Malfestio Leggings X,884,2
Status,Malfestio Leggings X,884,3
Recoil,Zamtrios Cap X,885,4
ColdBlooded,Zamtrios Cap X,885,2
Artillery,Zamtrios Cap X,885,3
Recoil,Zamtrios Vest X,885,4
ColdBlooded,Zamtrios Vest X,885,1
Artillery,Zamtrios Vest X,885,2
Recoil,Zamtrios Guards X,885,3
ColdBlooded,Zamtrios Guards X,885,2
Artillery,Zamtrios Guards X,885,2
Recoil,Zamtrios Coat X,885,3
ColdBlooded,Zamtrios Coat X,885,3
Artillery,Zamtrios Coat X,885,2
Recoil,Zamtrios Leggings X,885,1
ColdBlooded,Zamtrios Leggings X,885,2
Artillery,Zamtrios Leggings X,885,2
Rec Speed,Khezu Cap X,886,5
Rec Level,Khezu Cap X,886,1
Protection,Khezu Cap X,886,2
Rec Speed,Khezu Vest X,886,2
Rec Level,Khezu Vest X,886,3
Protection,Khezu Vest X,886,1
Rec Speed,Khezu Guards X,886,4
Protection,Khezu Guards X,886,2
Rec Level,Khezu Coat X,886,4
Protection,Khezu Coat X,886,3
Rec Speed,Khezu Leggings X,886,4
Rec Level,Khezu Leggings X,886,2
Protection,Khezu Leggings X,886,2
Rec Level,Khezu Cap XR,887,5
Combo Rate,Khezu Cap XR,887,-2
Rec Speed,Khezu Vest XR,887,6
Combo Rate,Khezu Vest XR,887,-2
Rec Level,Khezu Guards XR,887,6
Combo Rate,Khezu Guards XR,887,-2
Rec Speed,Khezu Coat XR,887,5
Rec Level,Khezu Coat XR,887,1
Combo Rate,Khezu Coat XR,887,-2
Rec Speed,Khezu Leggings XR,887,8
Combo Rate,Khezu Leggings XR,887,-2
Status,Nerscylla Cap X,888,3
Constitution,Nerscylla Cap X,888,4
Mechanic,Nerscylla Cap X,888,2
Status,Nerscylla Vest X,888,1
Constitution,Nerscylla Vest X,888,3
Mechanic,Nerscylla Vest X,888,2
Status,Nerscylla Guards X,888,3
Constitution,Nerscylla Guards X,888,3
Mechanic,Nerscylla Guards X,888,2
Constitution,Nerscylla Coat X,888,2
Mechanic,Nerscylla Coat X,888,2
Status,Nerscylla Leggings X,888,3
Constitution,Nerscylla Leggings X,888,3
Mechanic,Nerscylla Leggings X,888,2
Rec Level,Rathian Cap X,889,2
Health,Rathian Cap X,889,3
Distance Runner,Rathian Cap X,889,2
Rec Level,Rathian Vest X,889,2
Health,Rathian Vest X,889,3
Distance Runner,Rathian Vest X,889,1
Rec Level,Rathian Guards X,889,2
Health,Rathian Guards X,889,5
Distance Runner,Rathian Guards X,889,2
Rec Level,Rathian Coat X,889,1
Health,Rathian Coat X,889,2
Distance Runner,Rathian Coat X,889,3
Rec Level,Rathian Leggings X,889,3
Health,Rathian Leggings X,889,2
Distance Runner,Rathian Leggings X,889,2
Rec Level,Rathian Cap GX,890,2
Botany,Rathian Cap GX,890,3
Light Eater,Rathian Cap GX,890,2
Rec Level,Rathian Vest GX,890,2
Botany,Rathian Vest GX,890,3
Light Eater,Rathian Vest GX,890,1
Rec Level,Rathian Guards GX,890,1
Botany,Rathian Guards GX,890,4
Light Eater,Rathian Guards GX,890,2
Rec Level,Rathian Coat GX,890,2
Botany,Rathian Coat GX,890,4
Light Eater,Rathian Coat GX,890,2
Rec Level,Rathian Leggings GX,890,3
Light Eater,Rathian Leggings GX,890,3
Health,Rathian Cap XR,891,9
Health,Rathian Vest XR,891,2
Rec Level,Rathian Guards XR,891,6
Health,Rathian Coat XR,891,8
Rec Level,Rathian Leggings XR,891,8
Eating,Nibelsnarf Cap X,892,6
Eating,Nibelsnarf Vest X,892,3
Reload Spd,Nibelsnarf Vest X,892,3
Eating,Nibelsnarf Guards X,892,2
Reload Spd,Nibelsnarf Guards X,892,3
Reload Spd,Nibelsnarf Coat X,892,5
Eating,Nibelsnarf Leggings X,892,4
Reload Spd,Nibelsnarf Leggings X,892,4
Mounting,Plesioth Cap X,893,3
Vault,Plesioth Cap X,893,2
Capturer,Plesioth Cap X,893,3
Stam Recov,Plesioth Cap X,893,2
Mounting,Plesioth Vest X,893,3
Vault,Plesioth Vest X,893,2
Capturer,Plesioth Vest X,893,2
Stam Recov,Plesioth Vest X,893,2
Mounting,Plesioth Guards X,893,2
Vault,Plesioth Guards X,893,2
Capturer,Plesioth Guards X,893,3
Stam Recov,Plesioth Guards X,893,3
Mounting,Plesioth Leggings X,893,2
Vault,Plesioth Leggings X,893,4
Capturer,Plesioth Leggings X,893,2
Stam Recov,Plesioth Leggings X,893,3
Constitution,Blango Cap X,894,3
Ice Atk,Blango Cap X,894,4
Sheathing,Blango Cap X,894,2
Constitution,Blango Vest X,894,4
Sheathing,Blango Vest X,894,1
Constitution,Blango Guards X,894,1
Ice Atk,Blango Guards X,894,2
Sheathing,Blango Guards X,894,1
Constitution,Blango Coat X,894,4
Ice Atk,Blango Coat X,894,3
Sheathing,Blango Coat X,894,4
Ice Atk,Blango Leggings X,894,6
Sheathing,Blango Leggings X,894,2
Constitution,Blango Cap GX,895,4
FastCharge,Blango Cap GX,895,3
Stamina,Blango Cap GX,895,1
Constitution,Blango Vest GX,895,4
Stamina,Blango Vest GX,895,2
Constitution,Blango Guards GX,895,1
FastCharge,Blango Guards GX,895,2
Stamina,Blango Guards GX,895,1
Constitution,Blango Coat GX,895,4
FastCharge,Blango Coat GX,895,2
Stamina,Blango Coat GX,895,2
FastCharge,Blango Leggings GX,895,4
Guts,Lava Cap X,896,3
Crisis,Lava Cap X,896,3
Attack,Lava Cap X,896,2
Guts,Lava Vest X,896,1
Crisis,Lava Vest X,896,2
Attack,Lava Vest X,896,3
Guts,Lava Guards X,896,2
Crisis,Lava Guards X,896,3
Attack,Lava Guards X,896,3
Guts,Lava Coat X,896,2
Crisis,Lava Coat X,896,2
Attack,Lava Coat X,896,3
Guts,Lava Leggings X,896,2
Attack,Lava Leggings X,896,4
Survivor,Lavasioth Cap GX,897,3
Crisis,Lavasioth Cap GX,897,3
Endurance,Lavasioth Cap GX,897,2
Survivor,Lavasioth Vest GX,897,1
Crisis,Lavasioth Vest GX,897,2
Endurance,Lavasioth Vest GX,897,2
Survivor,Lavasioth Guards GX,897,2
Crisis,Lavasioth Guards GX,897,3
Endurance,Lavasioth Guards GX,897,2
Survivor,Lavasioth Coat GX,897,2
Crisis,Lavasioth Coat GX,897,2
Endurance,Lavasioth Coat GX,897,2
Survivor,Lavasioth Leggings GX,897,2
Endurance,Lavasioth Leggings GX,897,2
Ammo Saver,Ceanataur Cap X,898,1
Expert,Ceanataur Cap X,898,6
Ammo Saver,Ceanataur Vest X,898,2
Expert,Ceanataur Vest X,898,3
Ammo Saver,Ceanataur Guards X,898,4
Expert,Ceanataur Guards X,898,1
Ammo Saver,Ceanataur Coat X,898,2
Expert,Ceanataur Coat X,898,5
Ammo Saver,Ceanataur Leggings X,898,1
Expert,Ceanataur Leggings X,898,5
Normal Up,Ceanataur Cap GX,899,1
Expert,Ceanataur Cap GX,899,5
Chain Crit,Ceanataur Cap GX,899,2
Normal Up,Ceanataur Vest GX,899,2
Expert,Ceanataur Vest GX,899,3
Chain Crit,Ceanataur Vest GX,899,2
Normal Up,Ceanataur Guards GX,899,3
Chain Crit,Ceanataur Guards GX,899,2
Normal Up,Ceanataur Coat GX,899,2
Expert,Ceanataur Coat GX,899,3
Chain Crit,Ceanataur Coat GX,899,2
Normal Up,Ceanataur Leggings GX,899,2
Expert,Ceanataur Leggings GX,899,3
Chain Crit,Ceanataur Leggings GX,899,2
Normal Up,Ceanataur Cap XR,900,3
Expert,Ceanataur Cap XR,900,6
Normal Up,Ceanataur Vest XR,900,1
Ammo Saver,Ceanataur Vest XR,900,5
Expert,Ceanataur Vest XR,900,2
Normal Up,Ceanataur Guards XR,900,4
Expert,Ceanataur Guards XR,900,5
Ammo Saver,Ceanataur Coat XR,900,6
Expert,Ceanataur Coat XR,900,5
Normal Up,Ceanataur Leggings XR,900,3
Expert,Ceanataur Leggings XR,900,2
Hearing,Najarala Cap X,901,5
Capturer,Najarala Cap X,901,2
Paralysis,Najarala Cap X,901,1
Hearing,Najarala Vest X,901,4
Capturer,Najarala Vest X,901,1
Paralysis,Najarala Vest X,901,1
Hearing,Najarala Guards X,901,4
Capturer,Najarala Guards X,901,2
Paralysis,Najarala Guards X,901,3
Hearing,Najarala Coat X,901,2
Capturer,Najarala Coat X,901,2
Paralysis,Najarala Coat X,901,2
Capturer,Najarala Leggings X,901,3
Paralysis,Najarala Leggings X,901,3
Evade Dist,Nargacuga Cap X,902,3
Expert,Nargacuga Cap X,902,4
Evasion,Nargacuga Cap X,902,3
Evade Dist,Nargacuga Vest X,902,2
Expert,Nargacuga Vest X,902,4
Evasion,Nargacuga Vest X,902,1
Evade Dist,Nargacuga Guards X,902,1
Expert,Nargacuga Guards X,902,3
Evasion,Nargacuga Guards X,902,2
Expert,Nargacuga Coat X,902,3
Evade Dist,Nargacuga Leggings X,902,4
Evasion,Nargacuga Leggings X,902,2
Hearing,Garuga Cap X,903,3
Haphazard,Garuga Cap X,903,3
Rapid Fire,Garuga Cap X,903,3
Gathering,Garuga Cap X,903,-2
Hearing,Garuga Vest X,903,2
Haphazard,Garuga Vest X,903,3
Gathering,Garuga Vest X,903,-3
Hearing,Garuga Guards X,903,3
Haphazard,Garuga Guards X,903,2
Rapid Fire,Garuga Guards X,903,2
Gathering,Garuga Guards X,903,-1
Hearing,Garuga Coat X,903,1
Haphazard,Garuga Coat X,903,2
Gathering,Garuga Coat X,903,-1
Rapid Fire,Garuga Coat X,903,1
Hearing,Garuga Leggings X,903,3
Gathering,Garuga Leggings X,903,-3
Rapid Fire,Garuga Leggings X,903,4
Bleeding,Uragaan Cap X,904,6
Defense,Uragaan Cap X,904,3
Attack,Uragaan Cap X,904,2
Pellet Up,Uragaan Vest X,904,4
Defense,Uragaan Vest X,904,1
Attack,Uragaan Vest X,904,2
Pellet Up,Uragaan Guards X,904,1
Bleeding,Uragaan Guards X,904,2
Defense,Uragaan Guards X,904,1
Attack,Uragaan Guards X,904,2
Pellet Up,Uragaan Coat X,904,2
Bleeding,Uragaan Coat X,904,2
Defense,Uragaan Coat X,904,2
Attack,Uragaan Coat X,904,2
Pellet Up,Uragaan Leggings X,904,3
Defense,Uragaan Leggings X,904,3
Attack,Uragaan Leggings X,904,2
D. Fencing,GX Umi Ocean Headdress,905,3
D. Fencing,GX Umi Ocean Jacket,905,2
D. Fencing,GX Umi Ocean Sleeves,905,2
D. Fencing,GX Umi Ocean Hakama,905,3
Fate,G. Knight Mask X,906,2
Team Player,G. Knight Mask X,906,2
Covert,G. Knight Mask X,906,2
Fate,G. Knight Vest X,906,2
Team Player,G. Knight Vest X,906,2
Covert,G. Knight Vest X,906,1
Fate,G. Knight Sleeves X,906,2
Team Player,G. Knight Sleeves X,906,2
Covert,G. Knight Sleeves X,906,2
Fate,G. Knight Kilt X,906,2
Team Player,G. Knight Kilt X,906,2
Covert,G. Knight Kilt X,906,3
Fate,G. Knight Tights X,906,2
Team Player,G. Knight Tights X,906,2
Covert,G. Knight Tights X,906,2
Fate,Guild Bard Hat X,907,3
TeamLeader,Guild Bard Hat X,907,2
Covert,Guild Bard Hat X,907,2
Fate,Guild Bard Vest X,907,2
TeamLeader,Guild Bard Vest X,907,2
Covert,Guild Bard Vest X,907,1
Fate,Guild Bard Sleeves X,907,2
TeamLeader,Guild Bard Sleeves X,907,2
Covert,Guild Bard Sleeves X,907,2
Fate,Guild Bard Coat X,907,2
TeamLeader,Guild Bard Coat X,907,2
Covert,Guild Bard Coat X,907,3
Fate,Guild Bard Gaiters X,907,1
TeamLeader,Guild Bard Gaiters X,907,2
Covert,Guild Bard Gaiters X,907,2
Status,Dark Metal Feet X,908,9
Elemental,Chrome Metal Feet X,909,9
Destroyer,Strange Cap X,910,3
Maestro,Strange Cap X,910,2
Health,Strange Cap X,910,3
Brawn,Strange Cap X,910,2
Destroyer,Strange Vest X,910,1
Maestro,Strange Vest X,910,2
Health,Strange Vest X,910,3
Brawn,Strange Vest X,910,2
Destroyer,Strange Guards X,910,2
Maestro,Strange Guards X,910,2
Health,Strange Guards X,910,3
Brawn,Strange Guards X,910,2
Destroyer,Strange Coat X,910,2
Maestro,Strange Coat X,910,2
Health,Strange Coat X,910,3
Brawn,Strange Coat X,910,2
Destroyer,Strange Leggings X,910,2
Maestro,Strange Leggings X,910,2
Health,Strange Leggings X,910,3
Brawn,Strange Leggings X,910,2
Wide-Range,Helper Hood X,910,3
Rec Level,Helper Hood X,910,1
Prolong SP,Helper Hood X,910,3
Wide-Range,Helper Suit X,910,3
Rec Level,Helper Suit X,910,2
Wide-Range,Helper Sleeves X,910,3
Rec Level,Helper Sleeves X,910,2
Prolong SP,Helper Sleeves X,910,3
Wide-Range,Helper Skirt X,910,3
Rec Level,Helper Skirt X,910,2
Prolong SP,Helper Skirt X,910,1
Wide-Range,Helper Socks X,910,3
Rec Level,Helper Socks X,910,3
Prolong SP,Helper Socks X,910,3
Wide-Range,Helper Hood Z,911,3
Destroyer,Helper Hood Z,911,2
Perception,Helper Hood Z,911,2
Botany,Helper Hood Z,911,4
Wide-Range,Helper Suit Z,911,3
Destroyer,Helper Suit Z,911,2
Perception,Helper Suit Z,911,2
Botany,Helper Suit Z,911,1
Wide-Range,Helper Sleeves Z,911,3
Destroyer,Helper Sleeves Z,911,3
Perception,Helper Sleeves Z,911,3
Botany,Helper Sleeves Z,911,5
Wide-Range,Helper Skirt Z,911,3
Wide-Range,Helper Socks Z,911,3
Destroyer,Helper Socks Z,911,3
Perception,Helper Socks Z,911,3
Botany,Helper Socks Z,911,5
ColdBlooded,Ancient Helm X,912,2
HotBlooded,Ancient Helm X,912,2
Grinder,Ancient Helm X,912,2
Nimbleness,Ancient Helm X,912,3
ColdBlooded,Ancient Mail X,912,2
HotBlooded,Ancient Mail X,912,2
Grinder,Ancient Mail X,912,1
Nimbleness,Ancient Mail X,912,1
ColdBlooded,Ancient Arms X,912,2
HotBlooded,Ancient Arms X,912,2
Grinder,Ancient Arms X,912,2
Nimbleness,Ancient Arms X,912,3
ColdBlooded,Ancient Coil X,912,2
HotBlooded,Ancient Coil X,912,2
Grinder,Ancient Coil X,912,3
Nimbleness,Ancient Coil X,912,2
ColdBlooded,Ancient Boots X,912,2
HotBlooded,Ancient Boots X,912,2
Grinder,Ancient Boots X,912,2
Nimbleness,Ancient Boots X,912,1
Sharpness,Ace Headgear X,913,2
Fencing,Ace Headgear X,913,2
Stam Recov,Ace Headgear X,913,2
Sharpener,Ace Headgear X,913,2
Sharpness,Ace Mail X,913,2
Fencing,Ace Mail X,913,2
Stam Recov,Ace Mail X,913,1
Sharpener,Ace Mail X,913,2
Sharpness,Ace Vambraces X,913,2
Fencing,Ace Vambraces X,913,2
Stam Recov,Ace Vambraces X,913,2
Sharpener,Ace Vambraces X,913,2
Sharpness,Ace Faulds X,913,2
Fencing,Ace Faulds X,913,2
Stam Recov,Ace Faulds X,913,2
Sharpener,Ace Faulds X,913,2
Sharpness,Ace Greaves X,913,2
Fencing,Ace Greaves X,913,2
Stam Recov,Ace Greaves X,913,3
Sharpener,Ace Greaves X,913,2
Sharpness,Sororal Headgear X,914,2
Fencing,Sororal Headgear X,914,2
Stam Recov,Sororal Headgear X,914,2
Sharpener,Sororal Headgear X,914,2
Sharpness,Sororal Mail X,914,2
Fencing,Sororal Mail X,914,2
Stam Recov,Sororal Mail X,914,1
Sharpener,Sororal Mail X,914,2
Sharpness,Sororal Vambraces X,914,2
Fencing,Sororal Vambraces X,914,2
Stam Recov,Sororal Vambraces X,914,2
Sharpener,Sororal Vambraces X,914,2
Sharpness,Sororal Faulds X,914,2
Fencing,Sororal Faulds X,914,2
Stam Recov,Sororal Faulds X,914,2
Sharpener,Sororal Faulds X,914,2
Sharpness,Sororal Greaves X,914,2
Fencing,Sororal Greaves X,914,2
Stam Recov,Sororal Greaves X,914,3
Sharpener,Sororal Greaves X,914,2
Carving,Strider's Headgear,915,3
Rec Level,Strider's Headgear,915,1
Sense,Strider's Headgear,915,-2
Handicraft,Strider's Headgear,915,1
Carving,Strider's Girdle,915,1
Rec Level,Strider's Girdle,915,1
Handicraft,Strider's Girdle,915,2
Sense,Strider's Girdle,915,-2
Carving,Strider's Gauntlets,915,2
Rec Level,Strider's Gauntlets,915,2
Sense,Strider's Gauntlets,915,-2
Handicraft,Strider's Gauntlets,915,2
Carving,Strider's Sash,915,2
Rec Level,Strider's Sash,915,4
Sense,Strider's Sash,915,-2
Handicraft,Strider's Sash,915,2
Carving,Strider's Espadrilles,915,2
Rec Level,Strider's Espadrilles,915,2
Sense,Strider's Espadrilles,915,-2
Handicraft,Strider's Espadrilles,915,3
Hunger,Shinobi Heaven Mask Goku,916,7
Sense,Shinobi Heaven Mask Goku,916,2
Chain Crit,Shinobi Heaven Mask Goku,916,2
Tenderizer,Shinobi Heaven Suit Goku,916,3
Sense,Shinobi Heaven Suit Goku,916,2
Chain Crit,Shinobi Heaven Suit Goku,916,2
Tenderizer,Shinobi Heaven Kote Goku,916,4
Sense,Shinobi Heaven Kote Goku,916,2
Chain Crit,Shinobi Heaven Kote Goku,916,2
Tenderizer,Shinobi Heaven Belt Goku,916,3
Sense,Shinobi Heaven Belt Goku,916,2
Chain Crit,Shinobi Heaven Belt Goku,916,2
Hunger,Shinobi Heaven Boots Goku,916,8
Sense,Shinobi Heaven Boots Goku,916,2
Chain Crit,Shinobi Heaven Boots Goku,916,2
Insight,Master's Earcuff X,917,2
Hero Shield,Master's Earcuff X,917,2
Protection,Master's Earcuff X,917,2
Brutality,Master's Earcuff X,917,3
Insight,Master's Mail X,917,2
Hero Shield,Master's Mail X,917,2
Protection,Master's Mail X,917,1
Brutality,Master's Mail X,917,1
Insight,Master's Gauntlets X,917,2
Hero Shield,Master's Gauntlets X,917,2
Protection,Master's Gauntlets X,917,2
Brutality,Master's Gauntlets X,917,2
Insight,Master's Faulds X,917,2
Hero Shield,Master's Faulds X,917,2
Protection,Master's Faulds X,917,3
Brutality,Master's Faulds X,917,2
Insight,Master's Greaves X,917,2
Hero Shield,Master's Greaves X,917,2
Protection,Master's Greaves X,917,2
Brutality,Master's Greaves X,917,2
Chain Crit,Grand Toka Kabuto,918,2
Critical Up,Grand Toka Kabuto,918,2
Crit Element,Grand Toka Kabuto,918,2
Stam Recov,Grand Toka Kabuto,918,2
Chain Crit,Grand Toka Doate,918,2
Critical Up,Grand Toka Doate,918,1
Crit Element,Grand Toka Doate,918,2
Stam Recov,Grand Toka Doate,918,1
Chain Crit,Grand Toka Kote,918,2
Critical Up,Grand Toka Kote,918,3
Crit Element,Grand Toka Kote,918,2
Stam Recov,Grand Toka Kote,918,3
Chain Crit,Grand Toka Koshiate,918,2
Critical Up,Grand Toka Koshiate,918,2
Crit Element,Grand Toka Koshiate,918,2
Stam Recov,Grand Toka Koshiate,918,2
Chain Crit,Grand Toka Gusoku,918,2
Critical Up,Grand Toka Gusoku,918,2
Crit Element,Grand Toka Gusoku,918,2
Stam Recov,Grand Toka Gusoku,918,2
Amplify,Yaksha Mask,919,2
Chain Crit,Yaksha Mask,919,2
Fencing,Yaksha Mask,919,2
Potential,Yaksha Mask,919,-2
Amplify,Yaksha Raiment,919,1
Chain Crit,Yaksha Raiment,919,2
Fencing,Yaksha Raiment,919,2
Potential,Yaksha Raiment,919,-2
Amplify,Yaksha Braces,919,2
Chain Crit,Yaksha Braces,919,1
Fencing,Yaksha Braces,919,2
Potential,Yaksha Braces,919,-2
Amplify,Yaksha Coil,919,2
Chain Crit,Yaksha Coil,919,2
Fencing,Yaksha Coil,919,1
Potential,Yaksha Coil,919,-2
Amplify,Yaksha Boots,919,3
Chain Crit,Yaksha Boots,919,3
Fencing,Yaksha Boots,919,3
Potential,Yaksha Boots,919,-2
Hearing,Helios Helm X,920,2
Chain Crit,Helios Helm X,920,2
Elemental,Helios Helm X,920,2
Protection,Helios Helm X,920,-2
Hearing,Helios Mail X,920,3
Chain Crit,Helios Mail X,920,1
Elemental,Helios Mail X,920,1
Protection,Helios Mail X,920,-2
Hearing,Helios Vambraces X,920,4
Chain Crit,Helios Vambraces X,920,2
Elemental,Helios Vambraces X,920,4
Protection,Helios Vambraces X,920,-2
Hearing,Helios Coil X,920,3
Chain Crit,Helios Coil X,920,4
Elemental,Helios Coil X,920,2
Protection,Helios Coil X,920,-2
Hearing,Helios Greaves X,920,3
Chain Crit,Helios Greaves X,920,1
Elemental,Helios Greaves X,920,1
Protection,Helios Greaves X,920,-2
Hearing,Selene Helm X,921,2
Chain Crit,Selene Helm X,921,2
Elemental,Selene Helm X,921,2
Protection,Selene Helm X,921,-2
Hearing,Selene Mail X,921,3
Chain Crit,Selene Mail X,921,1
Elemental,Selene Mail X,921,1
Protection,Selene Mail X,921,-2
Hearing,Selene Vambraces X,921,4
Chain Crit,Selene Vambraces X,921,2
Elemental,Selene Vambraces X,921,4
Protection,Selene Vambraces X,921,-2
Hearing,Selene Coil X,921,3
Chain Crit,Selene Coil X,921,4
Elemental,Selene Coil X,921,2
Protection,Selene Coil X,921,-2
Hearing,Selene Greaves X,921,3
Chain Crit,Selene Greaves X,921,1
Elemental,Selene Greaves X,921,1
Protection,Selene Greaves X,921,-2
Mechanic,Kaiserin Crown,922,3
Evasion,Kaiserin Crown,922,2
Rec Level,Kaiserin Crown,922,2
Vault,Kaiserin Crown,922,1
Evasion,Kaiserin Mail,922,2
Rec Level,Kaiserin Mail,922,2
Vault,Kaiserin Mail,922,1
Mechanic,Kaiserin Arms,922,3
Evasion,Kaiserin Arms,922,3
Rec Level,Kaiserin Arms,922,2
Vault,Kaiserin Arms,922,2
Mechanic,Kaiserin Faulds,922,2
Evasion,Kaiserin Faulds,922,4
Rec Level,Kaiserin Faulds,922,2
Vault,Kaiserin Faulds,922,1
Mechanic,Kaiserin Greaves,922,2
Evasion,Kaiserin Greaves,922,4
Rec Level,Kaiserin Greaves,922,2
Vault,Kaiserin Greaves,922,2
Prolong SP,Wisdom Headgear X,923,2
Endurance,Wisdom Headgear X,923,2
Combo Plus,Wisdom Headgear X,923,2
Lasting Pwr,Wisdom Headgear X,923,3
Prolong SP,Wisdom Suit X,923,1
Combo Plus,Wisdom Suit X,923,1
Endurance,Wisdom Suit X,923,2
Lasting Pwr,Wisdom Suit X,923,2
Prolong SP,Wisdom Sleeves X,923,3
Combo Plus,Wisdom Sleeves X,923,3
Endurance,Wisdom Sleeves X,923,2
Lasting Pwr,Wisdom Sleeves X,923,1
Prolong SP,Wisdom Coil X,923,1
Combo Plus,Wisdom Coil X,923,1
Endurance,Wisdom Coil X,923,2
Lasting Pwr,Wisdom Coil X,923,3
Prolong SP,Wisdom Boots X,923,3
Combo Plus,Wisdom Boots X,923,3
Endurance,Wisdom Boots X,923,2
Lasting Pwr,Wisdom Boots X,923,1
Capturer,Research Hood,924,2
Combo Rate,Research Hood,924,5
Combo Plus,Research Hood,924,2
Wide-Range,Research Hood,924,3
Capturer,Research Suit,924,1
Combo Rate,Research Suit,924,3
Combo Plus,Research Suit,924,2
Wide-Range,Research Suit,924,3
Capturer,Research Grips,924,3
Combo Rate,Research Grips,924,2
Combo Plus,Research Grips,924,2
Wide-Range,Research Grips,924,3
Capturer,Research Sash,924,1
Combo Rate,Research Sash,924,2
Combo Plus,Research Sash,924,2
Wide-Range,Research Sash,924,3
Capturer,Research Boots,924,3
Combo Rate,Research Boots,924,3
Combo Plus,Research Boots,924,2
Wide-Range,Research Boots,924,3
Sheathe Sharpen,Cheerful Headgear X,925,2
Health,Cheerful Headgear X,925,4
Gloves Off,Cheerful Headgear X,925,2
Sheathe Sharpen,Cheerful Suit X,925,1
Health,Cheerful Suit X,925,3
Gloves Off,Cheerful Suit X,925,2
Sheathe Sharpen,Cheerful Braces X,925,4
Gloves Off,Cheerful Braces X,925,2
Health,Cheerful Belt X,925,5
Gloves Off,Cheerful Belt X,925,2
Sheathe Sharpen,Cheerful Boots X,925,3
Health,Cheerful Boots X,925,3
Gloves Off,Cheerful Boots X,925,2
Stun,Barman's Shades,926,2
Expert,Barman's Shades,926,1
Avarice,Barman's Shades,926,1
Stun,Barman's Suit,926,3
Expert,Barman's Suit,926,3
Avarice,Barman's Suit,926,1
Stun,Barman's Gloves,926,3
Expert,Barman's Gloves,926,5
Avarice,Barman's Gloves,926,3
Stun,Barman's Coil,926,2
Expert,Barman's Coil,926,4
Avarice,Barman's Coil,926,3
Stun,Barman's Boots,926,2
Expert,Barman's Boots,926,2
Avarice,Barman's Boots,926,2
Sleep,Barmaid's Earrings,927,1
Expert,Barmaid's Earrings,927,1
Avarice,Barmaid's Earrings,927,1
Sleep,Barmaid's Suit,927,2
Expert,Barmaid's Suit,927,3
Avarice,Barmaid's Suit,927,1
Sleep,Barmaid's Gloves,927,3
Expert,Barmaid's Gloves,927,5
Avarice,Barmaid's Gloves,927,3
Sleep,Barmaid's Skirt,927,2
Expert,Barmaid's Skirt,927,4
Avarice,Barmaid's Skirt,927,3
Sleep,Barmaid's Boots,927,2
Expert,Barmaid's Boots,927,2
Avarice,Barmaid's Boots,927,2
Vault,Barioth Helm X,928,2
Expert,Barioth Helm X,928,3
Evasion,Barioth Helm X,928,2
Vault,Barioth Mail X,928,1
Expert,Barioth Mail X,928,3
Constitution,Barioth Mail X,928,3
Evasion,Barioth Mail X,928,2
Vault,Barioth Vambraces X,928,2
Expert,Barioth Vambraces X,928,3
Constitution,Barioth Vambraces X,928,5
Evasion,Barioth Vambraces X,928,2
Vault,Barioth Faulds X,928,3
Expert,Barioth Faulds X,928,3
Constitution,Barioth Faulds X,928,2
Evasion,Barioth Faulds X,928,2
Vault,Barioth Greaves X,928,2
Expert,Barioth Greaves X,928,3
Evasion,Barioth Greaves X,928,2
Sharpness,Seltas Helm X,929,3
Artillery,Seltas Helm X,929,2
Hero Shield,Seltas Helm X,929,2
Guard,Seltas Helm X,929,2
Sharpness,Seltas Mail X,929,4
Artillery,Seltas Mail X,929,1
Hero Shield,Seltas Mail X,929,1
Guard,Seltas Mail X,929,2
Sharpness,Seltas Vambraces X,929,2
Artillery,Seltas Vambraces X,929,6
Hero Shield,Seltas Vambraces X,929,2
Guard,Seltas Vambraces X,929,2
Sharpness,Seltas Faulds X,929,1
Artillery,Seltas Faulds X,929,4
Hero Shield,Seltas Faulds X,929,2
Guard,Seltas Faulds X,929,2
Artillery,Seltas Greaves X,929,2
Hero Shield,Seltas Greaves X,929,3
Guard,Seltas Greaves X,929,2
Tenderizer,Rathalos Helm X,930,4
Attack,Rathalos Helm X,930,4
Hearing,Rathalos Helm X,930,1
Tenderizer,Rathalos Mail X,930,3
Attack,Rathalos Mail X,930,3
Hearing,Rathalos Mail X,930,1
Tenderizer,Rathalos Vambraces X,930,1
Attack,Rathalos Vambraces X,930,6
Hearing,Rathalos Vambraces X,930,1
Tenderizer,Rathalos Faulds X,930,2
Attack,Rathalos Faulds X,930,3
Hearing,Rathalos Faulds X,930,1
Attack,Rathalos Greaves X,930,4
Hearing,Rathalos Greaves X,930,1
HotBlooded,Rathalos Helm GX,931,4
Potential,Rathalos Helm GX,931,3
Tenderizer,Rathalos Helm GX,931,1
HotBlooded,Rathalos Mail GX,931,3
Tenderizer,Rathalos Mail GX,931,2
HotBlooded,Rathalos Braces GX,931,1
Potential,Rathalos Braces GX,931,4
Tenderizer,Rathalos Braces GX,931,2
HotBlooded,Rathalos Faulds GX,931,2
Potential,Rathalos Faulds GX,931,3
Tenderizer,Rathalos Faulds GX,931,2
Potential,Rathalos Greaves GX,931,5
Tenderizer,Rathalos Greaves GX,931,3
Tenderizer,Rathalos Helm XR,932,7
Tenderizer,Rathalos Mail XR,932,3
Attack,Rathalos Mail XR,932,4
Attack,Rathalos Braces XR,932,8
Attack,Rathalos Faulds XR,932,9
Tenderizer,Rathalos Greaves XR,932,6
Attack,Rathalos Greaves XR,932,2
Stam Recov,Lagiacrus Helm X,933,2
Elemental,Lagiacrus Helm X,933,2
Stam Recov,Lagiacrus Mail X,933,2
Elemental,Lagiacrus Mail X,933,2
Guard,Lagiacrus Mail X,933,1
Stam Recov,Lagiacrus Braces X,933,1
Guard,Lagiacrus Braces X,933,3
Elemental,Lagiacrus Braces X,933,2
Stam Recov,Lagiacrus Faulds X,933,3
Guard,Lagiacrus Faulds X,933,3
Elemental,Lagiacrus Faulds X,933,2
Stam Recov,Lagiacrus Greaves X,933,2
Guard,Lagiacrus Greaves X,933,3
Elemental,Lagiacrus Greaves X,933,2
Elemental,Lagiacrus Helm XR,934,7
Stam Recov,Lagiacrus Mail XR,934,7
Elemental,Lagiacrus Braces XR,934,4
Guard,Lagiacrus Braces XR,934,5
Elemental,Lagiacrus Faulds XR,934,3
Guard,Lagiacrus Faulds XR,934,7
Stam Recov,Lagiacrus Greaves XR,934,7
Guard,Lagiacrus Greaves XR,934,3
Gloves Off,Zinogre Helm X,935,5
Expert,Zinogre Helm X,935,2
Crit Element,Zinogre Mail X,935,4
Expert,Zinogre Mail X,935,1
Gloves Off,Zinogre Vambraces X,935,5
Expert,Zinogre Vambraces X,935,4
Crit Element,Zinogre Faulds X,935,4
Expert,Zinogre Faulds X,935,4
Gloves Off,Zinogre Greaves X,935,5
Expert,Zinogre Greaves X,935,2
Crit Element,Zinogre Greaves X,935,2
Gloves Off,Zinogre Helm GX,936,2
Chain Crit,Zinogre Helm GX,936,2
Constitution,Zinogre Helm GX,936,2
Gloves Off,Zinogre Mail GX,936,2
Chain Crit,Zinogre Mail GX,936,2
Constitution,Zinogre Mail GX,936,1
Gloves Off,Zinogre Braces GX,936,3
Chain Crit,Zinogre Braces GX,936,2
Constitution,Zinogre Braces GX,936,3
Gloves Off,Zinogre Faulds GX,936,3
Chain Crit,Zinogre Faulds GX,936,2
Constitution,Zinogre Faulds GX,936,3
Gloves Off,Zinogre Greaves GX,936,4
Chain Crit,Zinogre Greaves GX,936,2
Constitution,Zinogre Greaves GX,936,1
Attack,Gravios Helm X,937,1
Guard,Gravios Helm X,937,3
Stalwart,Gravios Helm X,937,3
Sleep,Gravios Helm X,937,2
Attack,Gravios Mail X,937,3
Guard,Gravios Mail X,937,1
Stalwart,Gravios Mail X,937,2
Sleep,Gravios Mail X,937,2
Attack,Gravios Vambraces X,937,2
Guard,Gravios Vambraces X,937,3
Stalwart,Gravios Vambraces X,937,2
Attack,Gravios Tassets X,937,3
Guard,Gravios Tassets X,937,4
Sleep,Gravios Tassets X,937,4
Attack,Gravios Greaves X,937,1
Guard,Gravios Greaves X,937,2
Stalwart,Gravios Greaves X,937,3
Bubble,Mizutsune Helm X,938,2
Hunger,Mizutsune Helm X,938,3
Crisis,Mizutsune Helm X,938,2
Bubble,Mizutsune Mail X,938,3
Hunger,Mizutsune Mail X,938,2
Crisis,Mizutsune Mail X,938,2
Bubble,Mizutsune Braces X,938,1
Hunger,Mizutsune Braces X,938,3
Crisis,Mizutsune Braces X,938,3
Bubble,Mizutsune Faulds X,938,2
Hunger,Mizutsune Faulds X,938,3
Crisis,Mizutsune Faulds X,938,2
Bubble,Mizutsune Greaves X,938,2
Hunger,Mizutsune Greaves X,938,4
Crisis,Mizutsune Greaves X,938,1
Chain Crit,Astalos Helm X,939,2
Stun,Astalos Helm X,939,3
Stam Recov,Astalos Helm X,939,2
Chain Crit,Astalos Mail X,939,3
Stun,Astalos Mail X,939,3
Stam Recov,Astalos Mail X,939,2
Chain Crit,Astalos Braces X,939,2
Stun,Astalos Braces X,939,2
Stam Recov,Astalos Braces X,939,2
Chain Crit,Astalos Faulds X,939,2
Stun,Astalos Faulds X,939,3
Stam Recov,Astalos Faulds X,939,2
Chain Crit,Astalos Greaves X,939,1
Stun,Astalos Greaves X,939,4
Stam Recov,Astalos Greaves X,939,2
ColdBlooded,Gammoth Helm X,940,1
Negative Crit,Gammoth Helm X,940,2
Destroyer,Gammoth Helm X,940,2
ColdBlooded,Gammoth Mail X,940,3
Negative Crit,Gammoth Mail X,940,2
Destroyer,Gammoth Mail X,940,2
ColdBlooded,Gammoth Braces X,940,1
Destroyer,Gammoth Braces X,940,3
ColdBlooded,Gammoth Faulds X,940,3
Negative Crit,Gammoth Faulds X,940,2
Destroyer,Gammoth Faulds X,940,1
ColdBlooded,Gammoth Greaves X,940,2
Negative Crit,Gammoth Greaves X,940,4
Destroyer,Gammoth Greaves X,940,2
ColdBlooded,Gammoth Helm X,941,1
Negative Crit,Gammoth Helm X,941,2
Destroyer,Gammoth Helm X,941,2
ColdBlooded,Gammoth Mail X,941,3
Negative Crit,Gammoth Mail X,941,2
Destroyer,Gammoth Mail X,941,2
ColdBlooded,Gammoth Braces X,941,1
Destroyer,Gammoth Braces X,941,3
ColdBlooded,Gammoth Faulds X,941,3
Negative Crit,Gammoth Faulds X,941,2
Destroyer,Gammoth Faulds X,941,1
ColdBlooded,Gammoth Greaves X,941,2
Negative Crit,Gammoth Greaves X,941,4
Destroyer,Gammoth Greaves X,941,2
Grinder,Glavenus Helm X,942,3
Handicraft,Glavenus Helm X,942,3
Evasion,Glavenus Helm X,942,2
Grinder,Glavenus Mail X,942,3
Handicraft,Glavenus Mail X,942,2
Grinder,Glavenus Braces X,942,2
Handicraft,Glavenus Braces X,942,4
Grinder,Glavenus Faulds X,942,1
Handicraft,Glavenus Faulds X,942,3
Evasion,Glavenus Faulds X,942,2
Grinder,Glavenus Greaves X,942,1
Handicraft,Glavenus Greaves X,942,3
HotBlooded,Agnaktor Helm X,943,1
Guard,Agnaktor Helm X,943,3
Guard Up,Agnaktor Helm X,943,2
HotBlooded,Agnaktor Mail X,943,3
Guard,Agnaktor Mail X,943,4
Guard Up,Agnaktor Mail X,943,2
HotBlooded,Agnaktor Vambraces X,943,1
Guard Up,Agnaktor Vambraces X,943,1
HotBlooded,Agnaktor Faulds X,943,3
Guard,Agnaktor Faulds X,943,4
Guard Up,Agnaktor Faulds X,943,2
HotBlooded,Agnaktor Greaves X,943,2
Guard,Agnaktor Greaves X,943,4
Guard Up,Agnaktor Greaves X,943,3
Frenzy Res,Gore Helm X,944,5
Constitution,Gore Helm X,944,2
Frenzy Res,Gore Mail X,944,2
Evasion,Gore Mail X,944,3
Constitution,Gore Mail X,944,2
Evasion,Gore Braces X,944,5
Frenzy Res,Gore Faulds X,944,3
Evasion,Gore Faulds X,944,3
Constitution,Gore Faulds X,944,3
Evasion,Gore Greaves X,944,4
Constitution,Gore Greaves X,944,3
Spirit,Gore Helm GX,945,4
Biology,Gore Helm GX,945,1
Endurance,Gore Helm GX,945,2
Spirit,Gore Mail GX,945,4
Biology,Gore Mail GX,945,3
Endurance,Gore Mail GX,945,2
Spirit,Gore Braces GX,945,3
Biology,Gore Braces GX,945,4
Endurance,Gore Braces GX,945,2
Spirit,Gore Faulds GX,945,4
Biology,Gore Faulds GX,945,3
Endurance,Gore Faulds GX,945,2
Biology,Gore Greaves GX,945,4
Endurance,Gore Greaves GX,945,2
Spirit,Gore Helm XR,946,3
Frenzy Res,Gore Helm XR,946,4
Frenzy Res,Gore Mail XR,946,6
Frenzy Res,Gore Braces XR,946,8
Spirit,Gore Faulds XR,946,7
Spirit,Gore Greaves XR,946,8
Crit Draw,Regios Helm X,947,3
Bladescale,Regios Helm X,947,3
Crit Draw,Regios Mail X,947,1
Constitution,Regios Mail X,947,4
Bladescale,Regios Mail X,947,2
Crit Draw,Regios Vambraces X,947,3
Constitution,Regios Vambraces X,947,4
Bladescale,Regios Vambraces X,947,1
Crit Draw,Regios Tassets X,947,2
Constitution,Regios Tassets X,947,2
Bladescale,Regios Tassets X,947,2
Crit Draw,Regios Greaves X,947,1
Constitution,Regios Greaves X,947,5
Bladescale,Regios Greaves X,947,2
Destroyer,Duramboros Helm X,948,5
Brawn,Duramboros Helm X,948,2
Destroyer,Duramboros Mail X,948,2
FastCharge,Duramboros Mail X,948,2
Brawn,Duramboros Mail X,948,1
FastCharge,Duramboros Braces X,948,4
Brawn,Duramboros Braces X,948,3
Destroyer,Duramboros Faulds X,948,3
FastCharge,Duramboros Faulds X,948,1
Brawn,Duramboros Faulds X,948,2
FastCharge,Duramboros Greaves X,948,3
Brawn,Duramboros Greaves X,948,2
Eating,Tigrex Helm X,949,3
Hearing,Tigrex Helm X,949,2
Unscathed,Tigrex Helm X,949,2
Eating,Tigrex Mail X,949,3
Hearing,Tigrex Mail X,949,4
Unscathed,Tigrex Mail X,949,2
Eating,Tigrex Vambraces X,949,3
Hearing,Tigrex Vambraces X,949,3
Unscathed,Tigrex Vambraces X,949,3
Eating,Tigrex Tassets X,949,4
Hearing,Tigrex Tassets X,949,3
Unscathed,Tigrex Tassets X,949,2
Eating,Tigrex Greaves X,949,2
Hearing,Tigrex Greaves X,949,3
Unscathed,Tigrex Greaves X,949,1
Eating,Tigrex Helm GX,950,3
Furor,Tigrex Helm GX,950,2
Carnivore,Tigrex Helm GX,950,3
Eating,Tigrex Mail GX,950,4
Furor,Tigrex Mail GX,950,2
Carnivore,Tigrex Mail GX,950,1
Eating,Tigrex Braces GX,950,4
Furor,Tigrex Braces GX,950,1
Carnivore,Tigrex Braces GX,950,2
Eating,Tigrex Tassets GX,950,3
Furor,Tigrex Tassets GX,950,2
Carnivore,Tigrex Tassets GX,950,2
Eating,Tigrex Greaves GX,950,1
Furor,Tigrex Greaves GX,950,3
Carnivore,Tigrex Greaves GX,950,2
Eating,Tigrex Helm XR,951,7
Eating,Tigrex Mail XR,951,5
Eating,Tigrex Braces XR,951,4
Hearing,Tigrex Braces XR,951,2
Hearing,Tigrex Tassets XR,951,6
Hearing,Tigrex Greaves XR,951,7
Crit Draw,Diablos Helm X,952,3
Sheathe Sharpen,Diablos Helm X,952,5
Spirit,Diablos Helm X,952,1
Destroyer,Diablos Helm X,952,2
Crit Draw,Diablos Mail X,952,1
Spirit,Diablos Mail X,952,2
Destroyer,Diablos Mail X,952,2
Crit Draw,Diablos Vambraces X,952,3
Spirit,Diablos Vambraces X,952,3
Destroyer,Diablos Vambraces X,952,2
Crit Draw,Diablos Coil X,952,1
Sheathe Sharpen,Diablos Coil X,952,5
Spirit,Diablos Coil X,952,2
Destroyer,Diablos Coil X,952,2
Crit Draw,Diablos Greaves X,952,2
Spirit,Diablos Greaves X,952,2
Destroyer,Diablos Greaves X,952,2
Punish Draw,Diablos Helm XR,953,1
Spirit,Diablos Helm XR,953,6
Punish Draw,Diablos Mail XR,953,2
Sheathe Sharpen,Diablos Mail XR,953,5
Punish Draw,Diablos Vambraces XR,953,2
Spirit,Diablos Vambraces XR,953,6
Sheathe Sharpen,Diablos Coil XR,953,8
Punish Draw,Diablos Greaves XR,953,8
Elemental,Kirin Horn X,954,2
Protection,Kirin Horn X,954,2
Stamina,Kirin Horn X,954,2
Crit Element,Kirin Horn X,954,2
Elemental,Kirin Jacket X,954,3
Protection,Kirin Jacket X,954,1
Stamina,Kirin Jacket X,954,2
Crit Element,Kirin Jacket X,954,1
Elemental,Kirin Longarms X,954,1
Protection,Kirin Longarms X,954,2
Stamina,Kirin Longarms X,954,2
Crit Element,Kirin Longarms X,954,3
Elemental,Kirin Hoop X,954,1
Protection,Kirin Hoop X,954,3
Stamina,Kirin Hoop X,954,2
Crit Element,Kirin Hoop X,954,2
Elemental,Kirin Leg Guards X,954,3
Protection,Kirin Leg Guards X,954,2
Stamina,Kirin Leg Guards X,954,2
Crit Element,Kirin Leg Guards X,954,2
Protection,Kirin Horn XR,955,7
Protection,Kirin Jacket XR,955,5
Elemental,Kirin Longarms XR,955,8
Elemental,Kirin Hoop XR,955,5
Protection,Kirin Leg Guards XR,955,7
Spirit,Brachydios Helm X,956,4
Biology,Brachydios Helm X,956,3
Sheathe Sharpen,Brachydios Helm X,956,3
Spirit,Brachydios Mail X,956,2
Biology,Brachydios Mail X,956,3
Sheathe Sharpen,Brachydios Mail X,956,1
Spirit,Brachydios Braces X,956,3
Biology,Brachydios Braces X,956,3
Sheathe Sharpen,Brachydios Braces X,956,2
Spirit,Brachydios Faulds X,956,4
Biology,Brachydios Faulds X,956,2
Sheathe Sharpen,Brachydios Faulds X,956,4
Spirit,Brachydios Greaves X,956,2
Biology,Brachydios Greaves X,956,4
Bomb Boost,Brachydios Helm GX,957,5
Handicraft,Brachydios Helm GX,957,4
Bomb Boost,Brachydios Mail GX,957,2
Handicraft,Brachydios Mail GX,957,2
Bomb Boost,Brachydios Braces GX,957,2
Handicraft,Brachydios Braces GX,957,5
Bomb Boost,Brachydios Faulds GX,957,1
Handicraft,Brachydios Faulds GX,957,2
Bomb Boost,Brachydios Greaves GX,957,5
Handicraft,Brachydios Greaves GX,957,2
Prudence,Arc Helm X,958,3
Handicraft,Arc Helm X,958,2
Light Eater,Arc Helm X,958,1
Prudence,Arc Mail X,958,1
Handicraft,Arc Mail X,958,2
Light Eater,Arc Mail X,958,2
Prudence,Arc Vambraces X,958,2
Handicraft,Arc Vambraces X,958,2
Light Eater,Arc Vambraces X,958,3
Prudence,Arc Faulds X,958,3
Handicraft,Arc Faulds X,958,1
Light Eater,Arc Faulds X,958,2
Prudence,Arc Greaves X,958,1
Handicraft,Arc Greaves X,958,4
Light Eater,Arc Greaves X,958,2
Prudence,Storge Helm X,959,3
Handicraft,Storge Helm X,959,2
Light Eater,Storge Helm X,959,1
Prudence,Storge Mail X,959,1
Handicraft,Storge Mail X,959,2
Light Eater,Storge Mail X,959,2
Prudence,Storge Vambraces X,959,2
Handicraft,Storge Vambraces X,959,2
Light Eater,Storge Vambraces X,959,3
Prudence,Storge Faulds X,959,3
Handicraft,Storge Faulds X,959,1
Light Eater,Storge Faulds X,959,2
Prudence,Storge Greaves X,959,1
Handicraft,Storge Greaves X,959,4
Light Eater,Storge Greaves X,959,2
Chance,Arc Helm GX,960,3
Guard,Arc Helm GX,960,3
Light Eater,Arc Helm GX,960,1
Chance,Arc Mail GX,960,1
Guard,Arc Mail GX,960,3
Light Eater,Arc Mail GX,960,2
Chance,Arc Vambraces GX,960,2
Guard,Arc Vambraces GX,960,3
Light Eater,Arc Vambraces GX,960,3
Chance,Arc Faulds GX,960,2
Guard,Arc Faulds GX,960,2
Light Eater,Arc Faulds GX,960,2
Chance,Arc Greaves GX,960,2
Guard,Arc Greaves GX,960,4
Light Eater,Arc Greaves GX,960,2
Chance,Storge Helm GX,961,3
Guard,Storge Helm GX,961,3
Light Eater,Storge Helm GX,961,1
Chance,Storge Mail GX,961,1
Guard,Storge Mail GX,961,3
Light Eater,Storge Mail GX,961,2
Chance,Storge Braces GX,961,2
Guard,Storge Braces GX,961,3
Light Eater,Storge Braces GX,961,3
Chance,Storge Faulds GX,961,2
Guard,Storge Faulds GX,961,2
Light Eater,Storge Faulds GX,961,2
Chance,Storge Greaves GX,961,2
Guard,Storge Greaves GX,961,4
Light Eater,Storge Greaves GX,961,2
Rec Level,Arc Helm XR,962,1
Unscathed,Arc Helm XR,962,6
Handicraft,Arc Helm XR,962,1
Rec Level,Arc Mail XR,962,2
Unscathed,Arc Mail XR,962,3
Handicraft,Arc Vambraces XR,962,5
Rec Level,Arc Faulds XR,962,7
Unscathed,Arc Faulds XR,962,2
Handicraft,Arc Faulds XR,962,1
Handicraft,Arc Greaves XR,962,8
Rec Level,Storge Helm XR,963,1
Unscathed,Storge Helm XR,963,6
Handicraft,Storge Helm XR,963,1
Rec Level,Storge Mail XR,963,2
Unscathed,Storge Mail XR,963,3
Handicraft,Storge Braces XR,963,5
Rec Level,Storge Faulds XR,963,7
Unscathed,Storge Faulds XR,963,2
Handicraft,Storge Faulds XR,963,1
Handicraft,Storge Greaves XR,963,8
Dragon Spirit,Valstrax Helm X,964,2
Distance Runner,Valstrax Helm X,964,2
Attack,Valstrax Helm X,964,4
Crisis,Valstrax Helm X,964,2
Dragon Spirit,Valstrax Mail X,964,1
Distance Runner,Valstrax Mail X,964,1
Attack,Valstrax Mail X,964,2
Crisis,Valstrax Mail X,964,2
Dragon Spirit,Valstrax Braces X,964,2
Distance Runner,Valstrax Braces X,964,2
Attack,Valstrax Braces X,964,3
Crisis,Valstrax Braces X,964,2
Dragon Spirit,Valstrax Faulds X,964,2
Distance Runner,Valstrax Faulds X,964,3
Attack,Valstrax Faulds X,964,5
Crisis,Valstrax Faulds X,964,2
Dragon Spirit,Valstrax Greaves X,964,3
Distance Runner,Valstrax Greaves X,964,2
Attack,Valstrax Greaves X,964,3
Crisis,Valstrax Greaves X,964,2
Insight,Grand God's Peer Mask,965,2
Attack,Grand God's Peer Mask,965,3
Sense,Grand God's Peer Mask,965,-2
Furor,Grand God's Peer Mask,965,2
Insight,Grand God's Peer Robe,965,1
Attack,Grand God's Peer Robe,965,3
Sense,Grand God's Peer Robe,965,-2
Furor,Grand God's Peer Robe,965,2
Insight,Grand God's Peer Arms,965,3
Attack,Grand God's Peer Arms,965,5
Sense,Grand God's Peer Arms,965,-2
Furor,Grand God's Peer Arms,965,2
Insight,Grand God's Peer Belt,965,2
Attack,Grand God's Peer Belt,965,1
Sense,Grand God's Peer Belt,965,-2
Furor,Grand God's Peer Belt,965,2
Insight,Grand God's Peer Feet,965,2
Attack,Grand God's Peer Feet,965,3
Sense,Grand God's Peer Feet,965,-2
Furor,Grand God's Peer Feet,965,2
Tenderizer,Vangis Helm X,966,2
Destroyer,Vangis Helm X,966,2
PowerEater,Vangis Helm X,966,2
Tenderizer,Vangis Mail X,966,2
Destroyer,Vangis Mail X,966,1
PowerEater,Vangis Mail X,966,2
Tenderizer,Vangis Vambraces X,966,2
Destroyer,Vangis Vambraces X,966,3
PowerEater,Vangis Vambraces X,966,2
Tenderizer,Vangis Coil X,966,2
Destroyer,Vangis Coil X,966,2
PowerEater,Vangis Coil X,966,2
Tenderizer,Vangis Greaves X,966,2
Destroyer,Vangis Greaves X,966,2
PowerEater,Vangis Greaves X,966,2
Brutality,Chaos Helm,967,3
Attack,Chaos Helm,967,1
Frenzy Res,Chaos Helm,967,2
Fate,Chaos Helm,967,-2
Brutality,Chaos Mail,967,1
Attack,Chaos Mail,967,2
Frenzy Res,Chaos Mail,967,1
Fate,Chaos Mail,967,-2
Brutality,Chaos Vambraces,967,2
Attack,Chaos Vambraces,967,3
Frenzy Res,Chaos Vambraces,967,4
Fate,Chaos Vambraces,967,-2
Brutality,Chaos Faulds,967,2
Attack,Chaos Faulds,967,5
Frenzy Res,Chaos Faulds,967,2
Fate,Chaos Faulds,967,-2
Brutality,Chaos Greaves,967,2
Attack,Chaos Greaves,967,1
Frenzy Res,Chaos Greaves,967,1
Fate,Chaos Greaves,967,-2
Brutality,Nephilim Helm,968,3
Attack,Nephilim Helm,968,1
Frenzy Res,Nephilim Helm,968,2
Fate,Nephilim Helm,968,-2
Brutality,Nephilim Mail,968,1
Attack,Nephilim Mail,968,2
Frenzy Res,Nephilim Mail,968,1
Fate,Nephilim Mail,968,-2
Brutality,Nephilim Vambraces,968,2
Attack,Nephilim Vambraces,968,3
Frenzy Res,Nephilim Vambraces,968,4
Fate,Nephilim Vambraces,968,-2
Brutality,Nephilim Tassets,968,2
Attack,Nephilim Tassets,968,5
Frenzy Res,Nephilim Tassets,968,2
Fate,Nephilim Tassets,968,-2
Brutality,Nephilim Greaves,968,2
Attack,Nephilim Greaves,968,1
Frenzy Res,Nephilim Greaves,968,1
Fate,Nephilim Greaves,968,-2
Gloves Off,Black Belt Helm X,969,2
Critical Up,Black Belt Mail X,969,4
Gloves Off,Black Belt Mail X,969,3
Handicraft,Black Belt Mail X,969,1
Critical Up,Black Belt Tassets X,969,2
Gloves Off,Black Belt Tassets X,969,6
Guard,Guardian Helm X,970,4
Sharpener,Guardian Helm X,970,4
Sense,Guardian Helm X,970,-2
Guard,Guardian Suit X,970,3
Sharpener,Guardian Suit X,970,2
Sense,Guardian Suit X,970,-2
Guard,Guardian Vambraces X,970,2
Sharpener,Guardian Vambraces X,970,3
Sense,Guardian Vambraces X,970,-2
Guard,Guardian Coil X,970,3
Sharpener,Guardian Coil X,970,1
Sense,Guardian Coil X,970,-2
Guard,Guardian Boots X,970,3
Sense,Guardian Boots X,970,-2
Guard,Guardian Helm Z,971,4
Artillery,Guardian Helm Z,971,4
Sense,Guardian Helm Z,971,-2
Guard,Guardian Suit Z,971,3
Artillery,Guardian Suit Z,971,3
Sense,Guardian Suit Z,971,-2
Guard,Guardian Vambraces Z,971,2
Artillery,Guardian Vambraces Z,971,4
Sense,Guardian Vambraces Z,971,-2
Guard,Guardian Coil Z,971,3
Artillery,Guardian Coil Z,971,1
Sense,Guardian Coil Z,971,-2
Guard,Guardian Boots Z,971,3
Artillery,Guardian Boots Z,971,2
Sense,Guardian Boots Z,971,-2
Charmer,Blue Guild Lobos X,972,2
Team Player,Blue Guild Lobos X,972,2
Whim,Blue Guild Lobos X,972,2
Charmer,Blue Guild Suit X,972,2
Team Player,Blue Guild Suit X,972,2
Whim,Blue Guild Suit X,972,2
Charmer,Blue Guild Gloves X,972,2
Team Player,Blue Guild Gloves X,972,2
Whim,Blue Guild Gloves X,972,4
Charmer,Blue Guild Coil X,972,2
Team Player,Blue Guild Coil X,972,2
Whim,Blue Guild Coil X,972,4
Charmer,Blue Guild Boots X,972,2
Team Player,Blue Guild Boots X,972,2
Whim,Blue Guild Boots X,972,3
Charmer,Blue Guild Tricorne X,973,2
Team Player,Blue Guild Tricorne X,973,2
Whim,Blue Guild Tricorne X,973,2
Charmer,Blue Guild Suit X,973,2
Team Player,Blue Guild Suit X,973,2
Whim,Blue Guild Suit X,973,2
Charmer,Blue Guild Gloves X,973,2
Team Player,Blue Guild Gloves X,973,2
Whim,Blue Guild Gloves X,973,4
Charmer,Blue Guild Coil X,973,2
Team Player,Blue Guild Coil X,973,2
Whim,Blue Guild Coil X,973,4
Charmer,Blue Guild Boots X,973,2
Team Player,Blue Guild Boots X,973,2
Whim,Blue Guild Boots X,973,3
Carving,Red Guild Lobos X,974,3
Team Player,Red Guild Lobos X,974,2
Destroyer,Red Guild Lobos X,974,2
Carving,Red Guild Suit X,974,2
Team Player,Red Guild Suit X,974,2
Destroyer,Red Guild Suit X,974,2
Carving,Red Guild Gloves X,974,2
Team Player,Red Guild Gloves X,974,2
Destroyer,Red Guild Gloves X,974,2
Carving,Red Guild Coil X,974,2
Team Player,Red Guild Coil X,974,2
Destroyer,Red Guild Coil X,974,2
Carving,Red Guild Boots X,974,4
Team Player,Red Guild Boots X,974,2
Destroyer,Red Guild Boots X,974,2
Carving,Red Guild Tricorne X,975,3
Team Player,Red Guild Tricorne X,975,2
Destroyer,Red Guild Tricorne X,975,2
Carving,Red Guild Suit X,975,2
Team Player,Red Guild Suit X,975,2
Destroyer,Red Guild Suit X,975,2
Carving,Red Guild Gloves X,975,2
Team Player,Red Guild Gloves X,975,2
Destroyer,Red Guild Gloves X,975,2
Carving,Red Guild Coil X,975,2
Team Player,Red Guild Coil X,975,2
Destroyer,Red Guild Coil X,975,2
Carving,Red Guild Boots X,975,4
Team Player,Red Guild Boots X,975,2
Destroyer,Red Guild Boots X,975,2
Blight Res,Black Head X,976,2
FastCharge,Black Head X,976,3
Crit Draw,Black Head X,976,2
Readiness,Black Head X,976,2
Blight Res,Black Hide X,976,2
FastCharge,Black Hide X,976,1
Crit Draw,Black Hide X,976,2
Readiness,Black Hide X,976,2
Blight Res,Black Claw X,976,2
FastCharge,Black Claw X,976,2
Crit Draw,Black Claw X,976,2
Readiness,Black Claw X,976,2
Blight Res,Black Spine X,976,3
FastCharge,Black Spine X,976,2
Crit Draw,Black Spine X,976,2
Readiness,Black Spine X,976,2
Blight Res,Black Feet X,976,1
FastCharge,Black Feet X,976,2
Crit Draw,Black Feet X,976,2
Readiness,Black Feet X,976,2
Insight,Damascus Helm X,977,2
Crit Draw,Damascus Helm X,977,2
Sheathe Sharpen,Damascus Helm X,977,2
Insight,Damascus Mail X,977,1
Crit Draw,Damascus Mail X,977,3
Bind Res,Damascus Mail X,977,3
Sheathe Sharpen,Damascus Mail X,977,2
Insight,Damascus Vambraces X,977,3
Crit Draw,Damascus Vambraces X,977,3
Bind Res,Damascus Vambraces X,977,2
Sheathe Sharpen,Damascus Vambraces X,977,2
Insight,Damascus Coil X,977,3
Crit Draw,Damascus Coil X,977,1
Bind Res,Damascus Coil X,977,2
Sheathe Sharpen,Damascus Coil X,977,2
Insight,Damascus Greaves X,977,1
Crit Draw,Damascus Greaves X,977,1
Bind Res,Damascus Greaves X,977,3
Sheathe Sharpen,Damascus Greaves X,977,2
Insight,Damascus Helm XR,978,6
Crit Draw,Damascus Mail XR,978,4
Insight,Damascus VambracesXR,978,4
Crit Draw,Damascus VambracesXR,978,3
Crit Draw,Damascus Coil XR,978,7
Insight,Damascus Greaves XR,978,6
Sense,Criminal Head,979,3
Stamina,Criminal Head,979,1
Distance Runner,Criminal Head,979,3
Sense,Criminal Suit,979,2
Stamina,Criminal Suit,979,1
Distance Runner,Criminal Suit,979,2
Sense,Criminal Braces,979,2
Stamina,Criminal Braces,979,2
Distance Runner,Criminal Braces,979,2
Sense,Criminal Legs,979,3
Stamina,Criminal Legs,979,2
Distance Runner,Criminal Legs,979,3
Dragon Spirit,XX Valstrax Jacket,980,3
Ranger,XX Valstrax Jacket,980,5
Negative Crit,XX Diablos Jacket,981,3
Ranger,XX Diablos Jacket,981,5
Wide-Range,Healer Glasses X,981,4
Rec Level,Healer Glasses X,981,1
Prolong SP,Healer Glasses X,981,3
Wide-Range,Healer Vest X,981,2
Rec Level,Healer Vest X,981,2
Wide-Range,Healer Sleeves X,981,3
Rec Level,Healer Sleeves X,981,2
Prolong SP,Healer Sleeves X,981,3
Wide-Range,Healer Frills X,981,3
Rec Level,Healer Frills X,981,2
Prolong SP,Healer Frills X,981,1
Wide-Range,Healer Socks X,981,3
Rec Level,Healer Socks X,981,3
Prolong SP,Healer Socks X,981,3
Rec Level,Healer Beret Z,982,3
Destroyer,Healer Beret Z,982,2
Psychic,Healer Beret Z,982,2
Mycology,Healer Beret Z,982,4
Rec Level,Healer Vest Z,982,3
Destroyer,Healer Vest Z,982,2
Psychic,Healer Vest Z,982,2
Mycology,Healer Vest Z,982,1
Rec Level,Healer Sleeves Z,982,2
Destroyer,Healer Sleeves Z,982,3
Psychic,Healer Sleeves Z,982,4
Mycology,Healer Sleeves Z,982,5
Psychic,Healer Frills Z,982,3
Rec Level,Healer Socks Z,982,2
Destroyer,Healer Socks Z,982,3
Psychic,Healer Socks Z,982,4
Mycology,Healer Socks Z,982,5
ColdBlooded,Ancient Cap X,983,2
HotBlooded,Ancient Cap X,983,2
Grinder,Ancient Cap X,983,3
Nimbleness,Ancient Cap X,983,3
ColdBlooded,Ancient Vest X,983,2
HotBlooded,Ancient Vest X,983,2
Grinder,Ancient Vest X,983,1
Nimbleness,Ancient Vest X,983,1
ColdBlooded,Ancient Guards X,983,2
HotBlooded,Ancient Guards X,983,2
Grinder,Ancient Guards X,983,2
Nimbleness,Ancient Guards X,983,3
ColdBlooded,Ancient Coat X,983,2
HotBlooded,Ancient Coat X,983,2
Grinder,Ancient Coat X,983,2
Nimbleness,Ancient Coat X,983,2
ColdBlooded,Ancient Feet X,983,2
HotBlooded,Ancient Feet X,983,2
Grinder,Ancient Feet X,983,2
Nimbleness,Ancient Feet X,983,1
Ammo Saver,Ace Mask X,984,2
Loading,Ace Mask X,984,2
Stam Recov,Ace Mask X,984,3
Combo Plus,Ace Mask X,984,2
Ammo Saver,Ace Vest X,984,2
Loading,Ace Vest X,984,2
Stam Recov,Ace Vest X,984,1
Combo Plus,Ace Vest X,984,2
Ammo Saver,Ace Guards X,984,2
Loading,Ace Guards X,984,2
Stam Recov,Ace Guards X,984,2
Combo Plus,Ace Guards X,984,2
Ammo Saver,Ace Coat X,984,2
Loading,Ace Coat X,984,2
Stam Recov,Ace Coat X,984,2
Combo Plus,Ace Coat X,984,2
Ammo Saver,Ace Leggings X,984,2
Loading,Ace Leggings X,984,2
Stam Recov,Ace Leggings X,984,2
Combo Plus,Ace Leggings X,984,2
Ammo Saver,Sororal Mask X,985,2
Loading,Sororal Mask X,985,2
Stam Recov,Sororal Mask X,985,3
Combo Plus,Sororal Mask X,985,2
Ammo Saver,Sororal Vest X,985,2
Loading,Sororal Vest X,985,2
Stam Recov,Sororal Vest X,985,1
Combo Plus,Sororal Vest X,985,2
Ammo Saver,Sororal Guards X,985,2
Loading,Sororal Guards X,985,2
Stam Recov,Sororal Guards X,985,2
Combo Plus,Sororal Guards X,985,2
Ammo Saver,Sororal Coat X,985,2
Loading,Sororal Coat X,985,2
Stam Recov,Sororal Coat X,985,2
Combo Plus,Sororal Coat X,985,2
Ammo Saver,Sororal Leggings X,985,2
Loading,Sororal Leggings X,985,2
Stam Recov,Sororal Leggings X,985,2
Combo Plus,Sororal Leggings X,985,2
Carving,Deadeye's Turban,986,3
Rec Level,Deadeye's Turban,986,2
Sense,Deadeye's Turban,986,-2
Recoil,Deadeye's Turban,986,1
Carving,Deadeye's Girdle,986,1
Rec Level,Deadeye's Girdle,986,1
Recoil,Deadeye's Girdle,986,2
Sense,Deadeye's Girdle,986,-2
Carving,Deadeye's Gauntlets,986,2
Rec Level,Deadeye's Gauntlets,986,2
Sense,Deadeye's Gauntlets,986,-2
Recoil,Deadeye's Gauntlets,986,2
Carving,Deadeye's Belt,986,2
Rec Level,Deadeye's Belt,986,4
Sense,Deadeye's Belt,986,-2
Recoil,Deadeye's Belt,986,2
Carving,Deadeye's Espadrilles,986,2
Rec Level,Deadeye's Espadrilles,986,1
Sense,Deadeye's Espadrilles,986,-2
Recoil,Deadeye's Espadrilles,986,3
Hunger,Shinobi Land Mask Goku,987,8
Sense,Shinobi Land Mask Goku,987,2
Chain Crit,Shinobi Land Mask Goku,987,2
Tenderizer,Shinobi Land Suit Goku,987,3
Sense,Shinobi Land Suit Goku,987,2
Chain Crit,Shinobi Land Suit Goku,987,2
Tenderizer,Shinobi Land Kote Goku,987,4
Sense,Shinobi Land Kote Goku,987,2
Chain Crit,Shinobi Land Kote Goku,987,2
Tenderizer,Shinobi Land Belt Goku,987,3
Sense,Shinobi Land Belt Goku,987,2
Chain Crit,Shinobi Land Belt Goku,987,2
Hunger,Shinobi Land Boots Goku,987,7
Sense,Shinobi Land Boots Goku,987,2
Chain Crit,Shinobi Land Boots Goku,987,2
Insight,Master's Earrings X,988,2
Hero Shield,Master's Earrings X,988,2
Protection,Master's Earrings X,988,3
Brutality,Master's Earrings X,988,3
Insight,Master's Vest X,988,2
Hero Shield,Master's Vest X,988,2
Protection,Master's Vest X,988,1
Brutality,Master's Vest X,988,1
Insight,Master's Guards X,988,2
Hero Shield,Master's Guards X,988,2
Protection,Master's Guards X,988,2
Brutality,Master's Guards X,988,2
Insight,Master's Coat X,988,2
Hero Shield,Master's Coat X,988,2
Protection,Master's Coat X,988,2
Brutality,Master's Coat X,988,2
Insight,Master's Leggings X,988,2
Hero Shield,Master's Leggings X,988,2
Protection,Master's Leggings X,988,2
Brutality,Master's Leggings X,988,2
Chain Crit,Grand Mitsuaoi Kabuto,989,2
Critical Up,Grand Mitsuaoi Kabuto,989,3
Crit Element,Grand Mitsuaoi Kabuto,989,2
Stam Recov,Grand Mitsuaoi Kabuto,989,2
Chain Crit,Grand Mitsuaoi Doate,989,2
Critical Up,Grand Mitsuaoi Doate,989,1
Crit Element,Grand Mitsuaoi Doate,989,2
Stam Recov,Grand Mitsuaoi Doate,989,1
Chain Crit,Grand Mitsuaoi Kote,989,2
Critical Up,Grand Mitsuaoi Kote,989,2
Crit Element,Grand Mitsuaoi Kote,989,2
Stam Recov,Grand Mitsuaoi Kote,989,3
Chain Crit,Grand Mitsuaoi Koshiate,989,2
Critical Up,Grand Mitsuaoi Koshiate,989,2
Crit Element,Grand Mitsuaoi Koshiate,989,2
Stam Recov,Grand Mitsuaoi Koshiate,989,2
Chain Crit,Grand Mitsuaoi Gusoku,989,2
Critical Up,Grand Mitsuaoi Gusoku,989,2
Crit Element,Grand Mitsuaoi Gusoku,989,2
Stam Recov,Grand Mitsuaoi Gusoku,989,2
Amplify,Carnage Helm,990,2
Chain Crit,Carnage Helm,990,3
Loading,Carnage Helm,990,2
Potential,Carnage Helm,990,-2
Amplify,Carnage Raiment,990,1
Chain Crit,Carnage Raiment,990,2
Loading,Carnage Raiment,990,2
Potential,Carnage Raiment,990,-2
Amplify,Carnage Vambraces,990,2
Chain Crit,Carnage Vambraces,990,1
Loading,Carnage Vambraces,990,2
Potential,Carnage Vambraces,990,-2
Amplify,Carnage Wrap,990,2
Chain Crit,Carnage Wrap,990,2
Loading,Carnage Wrap,990,1
Potential,Carnage Wrap,990,-2
Amplify,Carnage Boots,990,3
Chain Crit,Carnage Boots,990,2
Loading,Carnage Boots,990,3
Potential,Carnage Boots,990,-2
Hearing,Helios Cap X,991,3
Chain Crit,Helios Cap X,991,2
Elemental,Helios Cap X,991,2
Protection,Helios Cap X,991,-2
Hearing,Helios Vest X,991,3
Chain Crit,Helios Vest X,991,1
Elemental,Helios Vest X,991,1
Protection,Helios Vest X,991,-2
Hearing,Helios Guards X,991,4
Chain Crit,Helios Guards X,991,2
Elemental,Helios Guards X,991,4
Protection,Helios Guards X,991,-2
Hearing,Helios Coat X,991,3
Chain Crit,Helios Coat X,991,4
Elemental,Helios Coat X,991,2
Protection,Helios Coat X,991,-2
Hearing,Helios Leggings X,991,2
Chain Crit,Helios Leggings X,991,1
Elemental,Helios Leggings X,991,1
Protection,Helios Leggings X,991,-2
Hearing,Selene Cap X,992,3
Chain Crit,Selene Cap X,992,2
Elemental,Selene Cap X,992,2
Protection,Selene Cap X,992,-2
Hearing,Selene Vest X,992,3
Chain Crit,Selene Vest X,992,1
Elemental,Selene Vest X,992,1
Protection,Selene Vest X,992,-2
Hearing,Selene Guards X,992,4
Chain Crit,Selene Guards X,992,2
Elemental,Selene Guards X,992,4
Protection,Selene Guards X,992,-2
Hearing,Selene Coat X,992,3
Chain Crit,Selene Coat X,992,4
Elemental,Selene Coat X,992,2
Protection,Selene Coat X,992,-2
Hearing,Selene Leggings X,992,2
Chain Crit,Selene Leggings X,992,1
Elemental,Selene Leggings X,992,1
Protection,Selene Leggings X,992,-2
Mechanic,Kaiserin Mask,993,3
Evasion,Kaiserin Mask,993,3
Rec Level,Kaiserin Mask,993,2
Vault,Kaiserin Mask,993,1
Evasion,Kaiserin Vest,993,2
Rec Level,Kaiserin Vest,993,2
Vault,Kaiserin Vest,993,1
Mechanic,Kaisrein Guards,993,3
Evasion,Kaisrein Guards,993,3
Rec Level,Kaisrein Guards,993,2
Vault,Kaisrein Guards,993,2
Mechanic,Kaiserin Coat,993,2
Evasion,Kaiserin Coat,993,3
Rec Level,Kaiserin Coat,993,2
Vault,Kaiserin Coat,993,1
Mechanic,Kaiserin Leggings,993,2
Evasion,Kaiserin Leggings,993,4
Rec Level,Kaiserin Leggings,993,2
Vault,Kaiserin Leggings,993,2
Prolong SP,Wisdom Hat X,994,3
Endurance,Wisdom Hat X,994,2
Combo Plus,Wisdom Hat X,994,2
Lasting Pwr,Wisdom Hat X,994,3
Prolong SP,Wisdom Vest X,994,1
Combo Plus,Wisdom Vest X,994,1
Endurance,Wisdom Vest X,994,2
Lasting Pwr,Wisdom Vest X,994,2
Prolong SP,Wisdom Cuffs X,994,3
Combo Plus,Wisdom Cuffs X,994,3
Endurance,Wisdom Cuffs X,994,2
Lasting Pwr,Wisdom Cuffs X,994,1
Prolong SP,Wisdom Coat X,994,1
Combo Plus,Wisdom Coat X,994,1
Endurance,Wisdom Coat X,994,2
Lasting Pwr,Wisdom Coat X,994,3
Prolong SP,Wisdom Feet X,994,2
Combo Plus,Wisdom Feet X,994,3
Endurance,Wisdom Feet X,994,2
Lasting Pwr,Wisdom Feet X,994,1
Capturer,Research Cap,995,3
Combo Rate,Research Cap,995,5
Combo Plus,Research Cap,995,2
Wide-Range,Research Cap,995,3
Capturer,Research Vest,995,1
Combo Rate,Research Vest,995,3
Combo Plus,Research Vest,995,2
Wide-Range,Research Vest,995,3
Capturer,Research Cuffs,995,3
Combo Rate,Research Cuffs,995,2
Combo Plus,Research Cuffs,995,2
Wide-Range,Research Cuffs,995,3
Capturer,Research Coat,995,1
Combo Rate,Research Coat,995,2
Combo Plus,Research Coat,995,2
Wide-Range,Research Coat,995,3
Capturer,Research Tights,995,2
Combo Rate,Research Tights,995,3
Combo Plus,Research Tights,995,2
Wide-Range,Research Tights,995,3
Dead Eye,Cheerful Cap X,996,2
Health,Cheerful Cap X,996,5
Gloves Off,Cheerful Cap X,996,2
Dead Eye,Cheerful Vest X,996,1
Health,Cheerful Vest X,996,3
Gloves Off,Cheerful Vest X,996,2
Dead Eye,Cheerful Guards X,996,4
Gloves Off,Cheerful Guards X,996,2
Health,Cheerful Band X,996,4
Gloves Off,Cheerful Band X,996,2
Dead Eye,Cheerful Feet X,996,3
Health,Cheerful Feet X,996,3
Gloves Off,Cheerful Feet X,996,2
Stun,Barman's Glasses,997,2
Expert,Barman's Glasses,997,1
Avarice,Barman's Glasses,997,2
Stun,Barman's Vest,997,3
Expert,Barman's Vest,997,3
Avarice,Barman's Vest,997,1
Stun,Barman's Sleeves,997,3
Expert,Barman's Sleeves,997,5
Avarice,Barman's Sleeves,997,3
Stun,Barman's Coat,997,2
Expert,Barman's Coat,997,4
Avarice,Barman's Coat,997,2
Stun,Barman's Pants,997,2
Expert,Barman's Pants,997,2
Avarice,Barman's Pants,997,2
Sleep,Barmaid's Earring,998,1
Expert,Barmaid's Earring,998,2
Avarice,Barmaid's Earring,998,1
Sleep,Barmaid's Vest,998,2
Expert,Barmaid's Vest,998,3
Avarice,Barmaid's Vest,998,1
Sleep,Barmaid's Sleeves,998,3
Expert,Barmaid's Sleeves,998,5
Avarice,Barmaid's Sleeves,998,3
Sleep,Barmaid's Frills,998,2
Expert,Barmaid's Frills,998,4
Avarice,Barmaid's Frills,998,3
Sleep,Barmaid's Tights,998,2
Expert,Barmaid's Tights,998,1
Avarice,Barmaid's Tights,998,2
Vault,Barioth Cap X,999,3
Expert,Barioth Cap X,999,3
Evasion,Barioth Cap X,999,2
Vault,Barioth Vest X,999,1
Expert,Barioth Vest X,999,3
Constitution,Barioth Vest X,999,3
Evasion,Barioth Vest X,999,2
Vault,Barioth Guards X,999,1
Expert,Barioth Guards X,999,3
Constitution,Barioth Guards X,999,5
Evasion,Barioth Guards X,999,2
Vault,Barioth Coat X,999,3
Expert,Barioth Coat X,999,3
Constitution,Barioth Coat X,999,2
Evasion,Barioth Coat X,999,2
Vault,Barioth Leggings X,999,2
Expert,Barioth Leggings X,999,3
Evasion,Barioth Leggings X,999,2
Ammo Saver,Seltas Cap X,1000,3
Artillery,Seltas Cap X,1000,2
Hero Shield,Seltas Cap X,1000,2
Guard,Seltas Cap X,1000,2
Ammo Saver,Seltas Vest X,1000,4
Artillery,Seltas Vest X,1000,1
Hero Shield,Seltas Vest X,1000,1
Guard,Seltas Vest X,1000,2
Ammo Saver,Seltas Guards X,1000,2
Artillery,Seltas Guards X,1000,6
Hero Shield,Seltas Guards X,1000,2
Guard,Seltas Guards X,1000,2
Ammo Saver,Seltas Coat X,1000,1
Artillery,Seltas Coat X,1000,4
Hero Shield,Seltas Coat X,1000,2
Guard,Seltas Coat X,1000,2
Artillery,Seltas Leggings X,1000,2
Hero Shield,Seltas Leggings X,1000,3
Guard,Seltas Leggings X,1000,2
Tenderizer,Rathalos Cap X,1001,4
Attack,Rathalos Cap X,1001,5
Hearing,Rathalos Cap X,1001,1
Tenderizer,Rathalos Vest X,1001,3
Attack,Rathalos Vest X,1001,3
Hearing,Rathalos Vest X,1001,1
Tenderizer,Rathalos Guards X,1001,1
Attack,Rathalos Guards X,1001,6
Hearing,Rathalos Guards X,1001,1
Tenderizer,Rathalos Coat X,1001,2
Attack,Rathalos Coat X,1001,2
Hearing,Rathalos Coat X,1001,1
Attack,Rathalos Leggings X,1001,4
Hearing,Rathalos Leggings X,1001,1
HotBlooded,Rathalos Cap GX,1002,4
Potential,Rathalos Cap GX,1002,4
Tenderizer,Rathalos Cap GX,1002,1
HotBlooded,Rathalos Vest GX,1002,3
Tenderizer,Rathalos Vest GX,1002,2
HotBlooded,Rathalos Guards GX,1002,1
Potential,Rathalos Guards GX,1002,4
Tenderizer,Rathalos Guards GX,1002,2
HotBlooded,Rathalos Coat GX,1002,2
Potential,Rathalos Coat GX,1002,2
Tenderizer,Rathalos Coat GX,1002,2
Potential,Rathalos Leggings GX,1002,5
Tenderizer,Rathalos Leggings GX,1002,3
Tenderizer,Rathalos Cap XR,1003,8
Tenderizer,Rathalos Vest XR,1003,3
Attack,Rathalos Vest XR,1003,4
Attack,Rathalos Guards XR,1003,8
Attack,Rathalos Coat XR,1003,9
Tenderizer,Rathalos Leggings XR,1003,5
Attack,Rathalos Leggings XR,1003,2
Stam Recov,Lagiacrus Cap X,1004,3
Elemental,Lagiacrus Cap X,1004,2
Stam Recov,Lagiacrus Vest X,1004,2
Elemental,Lagiacrus Vest X,1004,2
Pierce Up,Lagiacrus Vest X,1004,1
Stam Recov,Lagiacrus Guards X,1004,1
Pierce Up,Lagiacrus Guards X,1004,3
Elemental,Lagiacrus Guards X,1004,2
Stam Recov,Lagiacrus Coat X,1004,2
Pierce Up,Lagiacrus Coat X,1004,3
Elemental,Lagiacrus Coat X,1004,2
Stam Recov,Lagiacrus Leggings X,1004,2
Pierce Up,Lagiacrus Leggings X,1004,3
Elemental,Lagiacrus Leggings X,1004,2
Elemental,Lagiacrus Cap XR,1005,8
Stam Recov,Lagiacrus Vest XR,1005,7
Elemental,Lagiacrus Guards XR,1005,3
Pierce Up,Lagiacrus Guards XR,1005,5
Elemental,Lagiacrus Coat XR,1005,3
Pierce Up,Lagiacrus Coat XR,1005,7
Stam Recov,Lagiacrus Leggings XR,1005,7
Pierce Up,Lagiacrus Leggings XR,1005,3
Gloves Off,Zinogre Cap X,1006,5
Expert,Zinogre Cap X,1006,1
Crit Element,Zinogre Cap X,1006,2
Crit Element,Zinogre Vest X,1006,4
Expert,Zinogre Vest X,1006,1
Gloves Off,Zinogre Guards X,1006,5
Expert,Zinogre Guards X,1006,4
Crit Element,Zinogre Coat X,1006,4
Expert,Zinogre Coat X,1006,4
Gloves Off,Zinogre Leggings X,1006,5
Expert,Zinogre Leggings X,1006,3
Gloves Off,Zinogre Cap GX,1007,3
Chain Crit,Zinogre Cap GX,1007,2
Constitution,Zinogre Cap GX,1007,2
Gloves Off,Zinogre Vest GX,1007,2
Chain Crit,Zinogre Vest GX,1007,2
Constitution,Zinogre Vest GX,1007,1
Gloves Off,Zinogre Guards GX,1007,3
Chain Crit,Zinogre Guards GX,1007,2
Constitution,Zinogre Guards GX,1007,3
Gloves Off,Zinogre Coat GX,1007,3
Chain Crit,Zinogre Coat GX,1007,2
Constitution,Zinogre Coat GX,1007,3
Gloves Off,Zinogre Leggings GX,1007,3
Chain Crit,Zinogre Leggings GX,1007,2
Constitution,Zinogre Leggings GX,1007,1
Attack,Gravios Cap X,1008,1
Recoil,Gravios Cap X,1008,3
Stalwart,Gravios Cap X,1008,3
Sleep,Gravios Cap X,1008,2
Attack,Gravios Vest X,1008,3
Recoil,Gravios Vest X,1008,1
Stalwart,Gravios Vest X,1008,2
Sleep,Gravios Vest X,1008,2
Attack,Gravios Guards X,1008,2
Recoil,Gravios Guards X,1008,3
Stalwart,Gravios Guards X,1008,2
Attack,Gravios Coat X,1008,3
Recoil,Gravios Coat X,1008,4
Sleep,Gravios Coat X,1008,4
Attack,Gravios Leggings X,1008,1
Recoil,Gravios Leggings X,1008,2
Stalwart,Gravios Leggings X,1008,3
Bubble,Mizutsune Mask X,1009,2
Hunger,Mizutsune Mask X,1009,4
Crisis,Mizutsune Mask X,1009,2
Bubble,Mizutsune Vest X,1009,3
Hunger,Mizutsune Vest X,1009,2
Crisis,Mizutsune Vest X,1009,2
Bubble,Mizutsune Guards X,1009,1
Hunger,Mizutsune Guards X,1009,2
Crisis,Mizutsune Guards X,1009,3
Bubble,Mizutsune Coat X,1009,2
Hunger,Mizutsune Coat X,1009,3
Crisis,Mizutsune Coat X,1009,2
Bubble,Mizutsune Leggings X,1009,2
Hunger,Mizutsune Leggings X,1009,4
Crisis,Mizutsune Leggings X,1009,1
Chain Crit,Astalos Cap X,1010,3
Stun,Astalos Cap X,1010,3
Stam Recov,Astalos Cap X,1010,2
Chain Crit,Astalos Vest X,1010,3
Stun,Astalos Vest X,1010,3
Stam Recov,Astalos Vest X,1010,2
Chain Crit,Astalos Guards X,1010,1
Stun,Astalos Guards X,1010,2
Stam Recov,Astalos Guards X,1010,2
Chain Crit,Astalos Coat X,1010,2
Stun,Astalos Coat X,1010,3
Stam Recov,Astalos Coat X,1010,2
Chain Crit,Astalos Leggings X,1010,1
Stun,Astalos Leggings X,1010,4
Stam Recov,Astalos Leggings X,1010,2
ColdBlooded,Gammoth Cap X,1011,2
Negative Crit,Gammoth Cap X,1011,2
Destroyer,Gammoth Cap X,1011,2
ColdBlooded,Gammoth Vest X,1011,3
Negative Crit,Gammoth Vest X,1011,2
Destroyer,Gammoth Vest X,1011,2
ColdBlooded,Gammoth Guards X,1011,1
Destroyer,Gammoth Guards X,1011,3
ColdBlooded,Gammoth Coat X,1011,2
Negative Crit,Gammoth Coat X,1011,2
Destroyer,Gammoth Coat X,1011,1
ColdBlooded,Gammoth Leggings X,1011,2
Negative Crit,Gammoth Leggings X,1011,4
Destroyer,Gammoth Leggings X,1011,2
ColdBlooded,Gammoth Cap X,1012,2
Negative Crit,Gammoth Cap X,1012,2
Destroyer,Gammoth Cap X,1012,2
ColdBlooded,Gammoth Vest X,1012,3
Negative Crit,Gammoth Vest X,1012,2
Destroyer,Gammoth Vest X,1012,2
ColdBlooded,Gammoth Guards X,1012,1
Destroyer,Gammoth Guards X,1012,3
ColdBlooded,Gammoth Coat X,1012,2
Negative Crit,Gammoth Coat X,1012,2
Destroyer,Gammoth Coat X,1012,1
ColdBlooded,Gammoth Leggings X,1012,2
Negative Crit,Gammoth Leggings X,1012,4
Destroyer,Gammoth Leggings X,1012,2
Grinder,Glavenus Cap X,1013,3
Dead Eye,Glavenus Cap X,1013,1
Loading,Glavenus Cap X,1013,2
Grinder,Glavenus Vest X,1013,3
Dead Eye,Glavenus Vest X,1013,1
Loading,Glavenus Vest X,1013,1
Grinder,Glavenus Guards X,1013,2
Dead Eye,Glavenus Guards X,1013,3
Loading,Glavenus Guards X,1013,2
Grinder,Glavenus Coat X,1013,1
Dead Eye,Glavenus Coat X,1013,3
Loading,Glavenus Coat X,1013,2
Grinder,Glavenus Leggings X,1013,1
Dead Eye,Glavenus Leggings X,1013,2
Loading,Glavenus Leggings X,1013,3
HotBlooded,Agnaktor Cap X,1014,2
Recoil,Agnaktor Cap X,1014,3
Guard Up,Agnaktor Cap X,1014,2
HotBlooded,Agnaktor Vest X,1014,3
Recoil,Agnaktor Vest X,1014,4
Guard Up,Agnaktor Vest X,1014,2
HotBlooded,Agnaktor Guards X,1014,1
Guard Up,Agnaktor Guards X,1014,1
HotBlooded,Agnaktor Coat X,1014,2
Recoil,Agnaktor Coat X,1014,4
Guard Up,Agnaktor Coat X,1014,2
HotBlooded,Agnaktor Leggings X,1014,2
Recoil,Agnaktor Leggings X,1014,4
Guard Up,Agnaktor Leggings X,1014,3
Frenzy Res,Gore Cap X,1015,6
Constitution,Gore Cap X,1015,2
Frenzy Res,Gore Vest X,1015,1
Evasion,Gore Vest X,1015,3
Constitution,Gore Vest X,1015,2
Evasion,Gore Guards X,1015,5
Frenzy Res,Gore Coat X,1015,3
Evasion,Gore Coat X,1015,3
Constitution,Gore Coat X,1015,3
Evasion,Gore Leggings X,1015,4
Constitution,Gore Leggings X,1015,3
Spirit,Gore Cap GX,1016,5
Biology,Gore Cap GX,1016,1
Endurance,Gore Cap GX,1016,2
Spirit,Gore Vest GX,1016,3
Biology,Gore Vest GX,1016,3
Endurance,Gore Vest GX,1016,2
Spirit,Gore Guards GX,1016,3
Biology,Gore Guards GX,1016,4
Endurance,Gore Guards GX,1016,2
Spirit,Gore Coat GX,1016,4
Biology,Gore Coat GX,1016,3
Endurance,Gore Coat GX,1016,2
Biology,Gore Leggings GX,1016,4
Endurance,Gore Leggings GX,1016,2
Spirit,Gore Cap XR,1017,4
Frenzy Res,Gore Cap XR,1017,4
Frenzy Res,Gore Vest XR,1017,6
Frenzy Res,Gore Guards XR,1017,8
Spirit,Gore Coat XR,1017,6
Spirit,Gore Leggings XR,1017,8
Dead Eye,Regios Cap X,1018,3
Bladescale,Regios Cap X,1018,3
Dead Eye,Regios Vest X,1018,1
Constitution,Regios Vest X,1018,4
Bladescale,Regios Vest X,1018,2
Dead Eye,Regios Guards X,1018,3
Constitution,Regios Guards X,1018,4
Bladescale,Regios Guards X,1018,1
Dead Eye,Regios Coat X,1018,2
Constitution,Regios Coat X,1018,2
Bladescale,Regios Coat X,1018,2
Dead Eye,Regios Leggings X,1018,1
Constitution,Regios Leggings X,1018,5
Bladescale,Regios Leggings X,1018,2
Destroyer,Duramboros Cap X,1019,6
Brawn,Duramboros Cap X,1019,2
Destroyer,Duramboros Vest X,1019,1
FastCharge,Duramboros Vest X,1019,2
Brawn,Duramboros Vest X,1019,1
FastCharge,Duramboros Guards X,1019,4
Brawn,Duramboros Guards X,1019,3
Destroyer,Duramboros Coat X,1019,3
FastCharge,Duramboros Coat X,1019,1
Brawn,Duramboros Coat X,1019,2
FastCharge,Duramboros Leggings X,1019,3
Brawn,Duramboros Leggings X,1019,2
Eating,Tigrex Cap X,1020,4
Hearing,Tigrex Cap X,1020,2
Unscathed,Tigrex Cap X,1020,2
Eating,Tigrex Vest X,1020,3
Hearing,Tigrex Vest X,1020,4
Unscathed,Tigrex Vest X,1020,2
Eating,Tigrex Guards X,1020,3
Hearing,Tigrex Guards X,1020,3
Unscathed,Tigrex Guards X,1020,3
Eating,Tigrex Coat X,1020,3
Hearing,Tigrex Coat X,1020,3
Unscathed,Tigrex Coat X,1020,2
Eating,Tigrex Leggings X,1020,2
Hearing,Tigrex Leggings X,1020,3
Unscathed,Tigrex Leggings X,1020,1
Eating,Tigrex Cap GX,1021,4
Furor,Tigrex Cap GX,1021,2
Carnivore,Tigrex Cap GX,1021,3
Eating,Tigrex Vest GX,1021,4
Furor,Tigrex Vest GX,1021,2
Carnivore,Tigrex Vest GX,1021,1
Eating,Tigrex Guards GX,1021,3
Furor,Tigrex Guards GX,1021,1
Carnivore,Tigrex Guards GX,1021,2
Eating,Tigrex Coat GX,1021,3
Furor,Tigrex Coat GX,1021,2
Carnivore,Tigrex Coat GX,1021,2
Eating,Tigrex Leggings GX,1021,1
Furor,Tigrex Leggings GX,1021,3
Carnivore,Tigrex Leggings GX,1021,2
Eating,Tigrex Cap XR,1022,8
Eating,Tigrex Vest XR,1022,5
Eating,Tigrex Guards XR,1022,3
Hearing,Tigrex Guards XR,1022,2
Hearing,Tigrex Coat XR,1022,6
Hearing,Tigrex Leggings XR,1022,7
Reload Spd,Diablos Cap X,1023,3
Sheathing,Diablos Cap X,1023,5
Spirit,Diablos Cap X,1023,2
Destroyer,Diablos Cap X,1023,2
Reload Spd,Diablos Vest X,1023,1
Spirit,Diablos Vest X,1023,2
Destroyer,Diablos Vest X,1023,2
Reload Spd,Diablos Guards X,1023,3
Spirit,Diablos Guards X,1023,3
Destroyer,Diablos Guards X,1023,2
Reload Spd,Diablos Coat X,1023,1
Sheathing,Diablos Coat X,1023,5
Spirit,Diablos Coat X,1023,1
Destroyer,Diablos Coat X,1023,2
Reload Spd,Diablos Leggings X,1023,2
Spirit,Diablos Leggings X,1023,2
Destroyer,Diablos Leggings X,1023,2
Haphazard,Diablos Cap XR,1024,1
Spirit,Diablos Cap XR,1024,7
Haphazard,Diablos Vest XR,1024,2
Sheathing,Diablos Vest XR,1024,5
Haphazard,Diablos Guards XR,1024,2
Spirit,Diablos Guards XR,1024,5
Sheathing,Diablos Coat XR,1024,8
Haphazard,Diablos Leggings XR,1024,8
Elemental,Kirin Crest X,1025,2
Protection,Kirin Crest X,1025,3
Stamina,Kirin Crest X,1025,2
Crit Element,Kirin Crest X,1025,2
Elemental,Kirin Cape X,1025,3
Protection,Kirin Cape X,1025,1
Stamina,Kirin Cape X,1025,2
Crit Element,Kirin Cape X,1025,1
Elemental,Kirin Gloves X,1025,1
Protection,Kirin Gloves X,1025,2
Stamina,Kirin Gloves X,1025,2
Crit Element,Kirin Gloves X,1025,3
Elemental,Kirin Shorts X,1025,1
Protection,Kirin Shorts X,1025,2
Stamina,Kirin Shorts X,1025,2
Crit Element,Kirin Shorts X,1025,2
Elemental,Kirin Boots X,1025,3
Protection,Kirin Boots X,1025,2
Stamina,Kirin Boots X,1025,2
Crit Element,Kirin Boots X,1025,2
Protection,Kirin Crest XR,1026,8
Protection,Kirin Cape XR,1026,5
Elemental,Kirin Gloves XR,1026,8
Elemental,Kirin Shorts XR,1026,5
Protection,Kirin Boots XR,1026,6
Spirit,Brachydios Cap X,1027,4
Biology,Brachydios Cap X,1027,4
Haphazard,Brachydios Cap X,1027,3
Spirit,Brachydios Vest X,1027,2
Biology,Brachydios Vest X,1027,3
Haphazard,Brachydios Vest X,1027,1
Spirit,Brachydios Guards X,1027,3
Biology,Brachydios Guards X,1027,3
Haphazard,Brachydios Guards X,1027,2
Spirit,Brachydios Coat X,1027,4
Biology,Brachydios Coat X,1027,2
Haphazard,Brachydios Coat X,1027,4
Spirit,Brachydios Leggings X,1027,2
Biology,Brachydios Leggings X,1027,3
Bomb Boost,Brachydios Cap GX,1028,5
Rapid Fire,Brachydios Cap GX,1028,4
Bomb Boost,Brachydios Vest GX,1028,2
Rapid Fire,Brachydios Vest GX,1028,2
Bomb Boost,Brachydios Guards GX,1028,2
Rapid Fire,Brachydios Guards GX,1028,5
Bomb Boost,Brachydios Coat GX,1028,1
Rapid Fire,Brachydios Coat GX,1028,2
Bomb Boost,Brachydios Leggings GX,1028,5
Rapid Fire,Brachydios Leggings GX,1028,2
Prudence,Arc Cap X,1029,3
Normal Up,Arc Cap X,1029,2
Light Eater,Arc Cap X,1029,1
Prudence,Arc Vest X,1029,1
Normal Up,Arc Vest X,1029,2
Light Eater,Arc Vest X,1029,2
Prudence,Arc Guards X,1029,2
Normal Up,Arc Guards X,1029,1
Light Eater,Arc Guards X,1029,3
Prudence,Arc Coat X,1029,3
Normal Up,Arc Coat X,1029,1
Light Eater,Arc Coat X,1029,2
Prudence,Arc Leggings X,1029,1
Normal Up,Arc Leggings X,1029,4
Light Eater,Arc Leggings X,1029,2
Prudence,Storge Cap X,1030,3
Normal Up,Storge Cap X,1030,2
Light Eater,Storge Cap X,1030,1
Prudence,Storge Vest X,1030,1
Normal Up,Storge Vest X,1030,2
Light Eater,Storge Vest X,1030,2
Prudence,Storge Guards X,1030,2
Normal Up,Storge Guards X,1030,1
Light Eater,Storge Guards X,1030,3
Prudence,Storge Coat X,1030,3
Normal Up,Storge Coat X,1030,1
Light Eater,Storge Coat X,1030,2
Prudence,Storge Leggings X,1030,1
Normal Up,Storge Leggings X,1030,4
Light Eater,Storge Leggings X,1030,2
Chance,Arc Cap GX,1031,3
Recoil,Arc Cap GX,1031,3
Light Eater,Arc Cap GX,1031,1
Chance,Arc Vest GX,1031,1
Recoil,Arc Vest GX,1031,3
Light Eater,Arc Vest GX,1031,2
Chance,Arc Guards GX,1031,2
Recoil,Arc Guards GX,1031,3
Light Eater,Arc Guards GX,1031,3
Chance,Arc Coat GX,1031,2
Recoil,Arc Coat GX,1031,2
Light Eater,Arc Coat GX,1031,2
Chance,Arc Leggings GX,1031,2
Recoil,Arc Leggings GX,1031,4
Light Eater,Arc Leggings GX,1031,2
Chance,Storge Cap GX,1032,3
Recoil,Storge Cap GX,1032,3
Light Eater,Storge Cap GX,1032,1
Chance,Storge Vest GX,1032,1
Recoil,Storge Vest GX,1032,3
Light Eater,Storge Vest GX,1032,2
Chance,Storge Guards GX,1032,2
Recoil,Storge Guards GX,1032,3
Light Eater,Storge Guards GX,1032,3
Chance,Storge Coat GX,1032,2
Recoil,Storge Coat GX,1032,2
Light Eater,Storge Coat GX,1032,2
Chance,Storge Leggings GX,1032,2
Recoil,Storge Leggings GX,1032,4
Light Eater,Storge Leggings GX,1032,2
Rec Level,Arc Cap XR,1033,1
Unscathed,Arc Cap XR,1033,6
Rec Level,Arc Vest XR,1033,2
Unscathed,Arc Vest XR,1033,3
Normal Up,Arc Guards XR,1033,5
Rec Level,Arc Coat XR,1033,7
Unscathed,Arc Coat XR,1033,2
Normal Up,Arc Leggings XR,1033,8
Rec Level,Storge Cap XR,1034,1
Unscathed,Storge Cap XR,1034,6
Rec Level,Storge Vest XR,1034,2
Unscathed,Storge Vest XR,1034,3
Normal Up,Storge Guards XR,1034,5
Rec Level,Storge Coat XR,1034,7
Unscathed,Storge Coat XR,1034,2
Normal Up,Storge Leggings XR,1034,8
Dragon Spirit,Valstrax Cap X,1035,3
Distance Runner,Valstrax Cap X,1035,2
Attack,Valstrax Cap X,1035,4
Crisis,Valstrax Cap X,1035,2
Dragon Spirit,Valstrax Vest X,1035,1
Distance Runner,Valstrax Vest X,1035,1
Attack,Valstrax Vest X,1035,2
Crisis,Valstrax Vest X,1035,2
Dragon Spirit,Valstrax Guards X,1035,1
Distance Runner,Valstrax Guards X,1035,2
Attack,Valstrax Guards X,1035,3
Crisis,Valstrax Guards X,1035,2
Dragon Spirit,Valstrax Coat X,1035,2
Distance Runner,Valstrax Coat X,1035,3
Attack,Valstrax Coat X,1035,5
Crisis,Valstrax Coat X,1035,2
Dragon Spirit,Valstrax Leggings X,1035,3
Distance Runner,Valstrax Leggings X,1035,2
Attack,Valstrax Leggings X,1035,3
Crisis,Valstrax Leggings X,1035,2
Insight,Grand Hermit Mask,1036,2
Attack,Grand Hermit Mask,1036,4
Sense,Grand Hermit Mask,1036,2
Unscathed,Grand Hermit Mask,1036,2
Insight,Grand Hermit Robe,1036,1
Attack,Grand Hermit Robe,1036,3
Sense,Grand Hermit Robe,1036,2
Unscathed,Grand Hermit Robe,1036,2
Insight,Grand Hermit Arms,1036,3
Attack,Grand Hermit Arms,1036,4
Sense,Grand Hermit Arms,1036,2
Unscathed,Grand Hermit Arms,1036,2
Insight,Grand Hermit Belt,1036,2
Attack,Grand Hermit Belt,1036,1
Sense,Grand Hermit Belt,1036,2
Unscathed,Grand Hermit Belt,1036,2
Insight,Grand Hermit Feet,1036,2
Attack,Grand Hermit Feet,1036,3
Sense,Grand Hermit Feet,1036,2
Unscathed,Grand Hermit Feet,1036,2
Tenderizer,Vangis Cap X,1037,2
Destroyer,Vangis Cap X,1037,3
PowerEater,Vangis Cap X,1037,2
Tenderizer,Vangis Vest X,1037,2
Destroyer,Vangis Vest X,1037,1
PowerEater,Vangis Vest X,1037,2
Tenderizer,Vangis Guards X,1037,2
Destroyer,Vangis Guards X,1037,2
PowerEater,Vangis Guards X,1037,2
Tenderizer,Vangis Coat X,1037,2
Destroyer,Vangis Coat X,1037,2
PowerEater,Vangis Coat X,1037,2
Tenderizer,Vangis Leggings X,1037,2
Destroyer,Vangis Leggings X,1037,2
PowerEater,Vangis Leggings X,1037,2
Brutality,Chaos Cap,1038,3
Attack,Chaos Cap,1038,2
Frenzy Res,Chaos Cap,1038,2
Fate,Chaos Cap,1038,-2
Brutality,Chaos Vest,1038,1
Attack,Chaos Vest,1038,2
Frenzy Res,Chaos Vest,1038,1
Fate,Chaos Vest,1038,-2
Brutality,Chaos Guards,1038,2
Attack,Chaos Guards,1038,3
Frenzy Res,Chaos Guards,1038,4
Fate,Chaos Guards,1038,-2
Brutality,Chaos Coat,1038,2
Attack,Chaos Coat,1038,4
Frenzy Res,Chaos Coat,1038,2
Fate,Chaos Coat,1038,-2
Brutality,Chaos Leggings,1038,2
Attack,Chaos Leggings,1038,1
Frenzy Res,Chaos Leggings,1038,1
Fate,Chaos Leggings,1038,-2
Brutality,Nephilim Cap,1039,3
Attack,Nephilim Cap,1039,2
Frenzy Res,Nephilim Cap,1039,2
Fate,Nephilim Cap,1039,-2
Brutality,Nephilim Vest,1039,1
Attack,Nephilim Vest,1039,2
Frenzy Res,Nephilim Vest,1039,1
Fate,Nephilim Vest,1039,-2
Brutality,Nephilim Guards,1039,2
Attack,Nephilim Guards,1039,3
Frenzy Res,Nephilim Guards,1039,4
Fate,Nephilim Guards,1039,-2
Brutality,Nephilim Coat,1039,2
Attack,Nephilim Coat,1039,4
Frenzy Res,Nephilim Coat,1039,2
Fate,Nephilim Coat,1039,-2
Brutality,Nephilim Leggings,1039,2
Attack,Nephilim Leggings,1039,1
Frenzy Res,Nephilim Leggings,1039,1
Fate,Nephilim Leggings,1039,-2
Gloves Off,Black Belt Cap X,1040,3
Critical Up,Black Belt Vest X,1040,4
Gloves Off,Black Belt Vest X,1040,2
Loading,Black Belt Vest X,1040,1
Critical Up,Black Belt Coat X,1040,2
Gloves Off,Black Belt Coat X,1040,6
Guard,Guardian Mask X,1041,4
Reload Spd,Guardian Mask X,1041,4
Sense,Guardian Mask X,1041,-2
Guard,Guardian Vest X,1041,3
Reload Spd,Guardian Vest X,1041,2
Sense,Guardian Vest X,1041,-2
Guard,Guardian Guards X,1041,2
Reload Spd,Guardian Guards X,1041,3
Sense,Guardian Guards X,1041,-2
Guard,Guardian Coat X,1041,3
Reload Spd,Guardian Coat X,1041,1
Sense,Guardian Coat X,1041,-2
Guard,Guardian Pants X,1041,3
Sense,Guardian Pants X,1041,-2
Guard,Guardian Mask Z,1042,4
Recoil,Guardian Mask Z,1042,4
Sense,Guardian Mask Z,1042,-2
Guard,Guardian Vest Z,1042,3
Recoil,Guardian Vest Z,1042,3
Sense,Guardian Vest Z,1042,-2
Guard,Guardian Guards Z,1042,2
Recoil,Guardian Guards Z,1042,4
Sense,Guardian Guards Z,1042,-2
Guard,Guardian Coat Z,1042,3
Recoil,Guardian Coat Z,1042,1
Sense,Guardian Coat Z,1042,-2
Guard,Guardian Pants Z,1042,3
Recoil,Guardian Pants Z,1042,2
Sense,Guardian Pants Z,1042,-2
Charmer,Blue Guild Mask X,1043,3
Team Player,Blue Guild Mask X,1043,2
Whim,Blue Guild Mask X,1043,2
Charmer,Blue Guild Vest X,1043,2
Team Player,Blue Guild Vest X,1043,2
Whim,Blue Guild Vest X,1043,2
Charmer,Blue Guild Sleeves X,1043,2
Team Player,Blue Guild Sleeves X,1043,2
Whim,Blue Guild Sleeves X,1043,4
Charmer,Blue Guild Coat X,1043,2
Team Player,Blue Guild Coat X,1043,2
Whim,Blue Guild Coat X,1043,4
Charmer,Blue Guild Tights X,1043,1
Team Player,Blue Guild Tights X,1043,2
Whim,Blue Guild Tights X,1043,3
Charmer,Blue Guild Piercing X,1044,3
Team Player,Blue Guild Piercing X,1044,2
Whim,Blue Guild Piercing X,1044,2
Charmer,Blue Guild Vest X,1044,2
Team Player,Blue Guild Vest X,1044,2
Whim,Blue Guild Vest X,1044,2
Charmer,Blue Guild Sleeves X,1044,2
Team Player,Blue Guild Sleeves X,1044,2
Whim,Blue Guild Sleeves X,1044,4
Charmer,Blue Guild Coat X,1044,2
Team Player,Blue Guild Coat X,1044,2
Whim,Blue Guild Coat X,1044,4
Charmer,Blue Guild Tights X,1044,1
Team Player,Blue Guild Tights X,1044,2
Whim,Blue Guild Tights X,1044,3
Carving,Red Guild Mask X,1045,4
Team Player,Red Guild Mask X,1045,2
Destroyer,Red Guild Mask X,1045,2
Carving,Red Guild Vest X,1045,2
Team Player,Red Guild Vest X,1045,2
Destroyer,Red Guild Vest X,1045,2
Carving,Red Guild Sleeves X,1045,2
Team Player,Red Guild Sleeves X,1045,2
Destroyer,Red Guild Sleeves X,1045,2
Carving,Red Guild Coat X,1045,2
Team Player,Red Guild Coat X,1045,2
Destroyer,Red Guild Coat X,1045,2
Carving,Red Guild Tights X,1045,3
Team Player,Red Guild Tights X,1045,2
Destroyer,Red Guild Tights X,1045,2
Carving,Red Guild Piercing X,1046,4
Team Player,Red Guild Piercing X,1046,2
Destroyer,Red Guild Piercing X,1046,2
Carving,Red Guild Vest X,1046,2
Team Player,Red Guild Vest X,1046,2
Destroyer,Red Guild Vest X,1046,2
Carving,Red Guild Sleeves X,1046,2
Team Player,Red Guild Sleeves X,1046,2
Destroyer,Red Guild Sleeves X,1046,2
Carving,Red Guild Coat X,1046,2
Team Player,Red Guild Coat X,1046,2
Destroyer,Red Guild Coat X,1046,2
Carving,Red Guild Tights X,1046,3
Team Player,Red Guild Tights X,1046,2
Destroyer,Red Guild Tights X,1046,2
Blight Res,Black Face X,1047,2
FastCharge,Black Face X,1047,4
Pierce Up,Black Face X,1047,2
Prudence,Black Face X,1047,2
Blight Res,Black Skin X,1047,2
FastCharge,Black Skin X,1047,1
Pierce Up,Black Skin X,1047,2
Prudence,Black Skin X,1047,2
Blight Res,Black Fist X,1047,2
FastCharge,Black Fist X,1047,2
Pierce Up,Black Fist X,1047,2
Prudence,Black Fist X,1047,2
Blight Res,Black Scale X,1047,3
FastCharge,Black Scale X,1047,2
Pierce Up,Black Scale X,1047,2
Prudence,Black Scale X,1047,2
Blight Res,Black Legs X,1047,1
FastCharge,Black Legs X,1047,1
Pierce Up,Black Legs X,1047,2
Prudence,Black Legs X,1047,2
Insight,Damascus Cap X,1048,3
Pierce Up,Damascus Cap X,1048,2
Haphazard,Damascus Cap X,1048,2
Insight,Damascus Vest X,1048,1
Pierce Up,Damascus Vest X,1048,3
Bind Res,Damascus Vest X,1048,3
Haphazard,Damascus Vest X,1048,2
Insight,Damascus Guards X,1048,2
Pierce Up,Damascus Guards X,1048,3
Bind Res,Damascus Guards X,1048,2
Haphazard,Damascus Guards X,1048,2
Insight,Damascus Coat X,1048,3
Pierce Up,Damascus Coat X,1048,1
Bind Res,Damascus Coat X,1048,2
Haphazard,Damascus Coat X,1048,2
Insight,Damascus Leggings X,1048,1
Pierce Up,Damascus Leggings X,1048,1
Bind Res,Damascus Leggings X,1048,3
Haphazard,Damascus Leggings X,1048,2
Insight,Damascus Cap XR,1049,6
Pierce Up,Damascus Cap XR,1049,1
Pierce Up,Damascus Vest XR,1049,4
Insight,Damascus Guards XR,1049,3
Pierce Up,Damascus Guards XR,1049,2
Pierce Up,Damascus Coat XR,1049,7
Insight,Damascus Leggings XR,1049,6
Sense,Criminal Face,1050,3
Stamina,Criminal Face,1050,2
Distance Runner,Criminal Face,1050,3
Sense,Criminal Body,1050,2
Stamina,Criminal Body,1050,1
Distance Runner,Criminal Body,1050,2
Sense,Criminal Hands,1050,2
Stamina,Criminal Hands,1050,2
Distance Runner,Criminal Hands,1050,2
Sense,Criminal Feet,1050,3
Stamina,Criminal Feet,1050,1
Distance Runner,Criminal Feet,1050,3
Dragon Spirit,XX Valstrax Jersey,1051,3
Ranger,XX Valstrax Jersey,1051,5
Negative Crit,XX Diablos Jersey,1052,3
Ranger,XX Diablos Jersey,1052,5
Anti-Teostra,Kushala Glare X,1052,2
Handicraft,Kushala Glare X,1052,4
Sheathe Sharpen,Kushala Glare X,1052,2
Anti-Teostra,Kushala Cista X,1052,1
Handicraft,Kushala Cista X,1052,2
Sheathe Sharpen,Kushala Cista X,1052,2
Anti-Teostra,Kushala Grip X,1052,2
Handicraft,Kushala Grip X,1052,3
Sheathe Sharpen,Kushala Grip X,1052,2
Anti-Teostra,Kushala Cocoon X,1052,3
Handicraft,Kushala Cocoon X,1052,3
Sheathe Sharpen,Kushala Cocoon X,1052,2
Anti-Teostra,Kushala Crus X,1052,2
Handicraft,Kushala Crus X,1052,3
Sheathe Sharpen,Kushala Crus X,1052,2
Guard,Kushala Glare GX,1053,5
Vault,Kushala Glare GX,1053,2
Evasion,Kushala Glare GX,1053,1
Guard,Kushala Cista GX,1053,3
Vault,Kushala Cista GX,1053,1
Chain Crit,Kushala Cista GX,1053,4
Evasion,Kushala Cista GX,1053,1
Guard,Kushala Grip GX,1053,1
Vault,Kushala Grip GX,1053,3
Chain Crit,Kushala Grip GX,1053,3
Evasion,Kushala Grip GX,1053,1
Guard,Kushala Cocoon GX,1053,3
Vault,Kushala Cocoon GX,1053,4
Evasion,Kushala Cocoon GX,1053,1
Guard,Kushala Crus GX,1053,3
Chain Crit,Kushala Crus GX,1053,3
Evasion,Kushala Crus GX,1053,1
HotBlooded,Kushala Glare XR,1054,9
Poison,Kushala Glare XR,1054,-2
HotBlooded,Kushala Cista XR,1054,5
Poison,Kushala Cista XR,1054,-2
Handicraft,Kushala Grip XR,1054,6
Poison,Kushala Grip XR,1054,-2
Handicraft,Kushala Cocoon XR,1054,6
Poison,Kushala Cocoon XR,1054,-2
HotBlooded,Kushala Crus XR,1054,5
Handicraft,Kushala Crus XR,1054,3
Poison,Kushala Crus XR,1054,-2
Anti-Kushala,Grand Mizuha Cap,1055,2
Hearing,Grand Mizuha Cap,1055,2
Status,Grand Mizuha Cap,1055,2
Anti-Kushala,Grand Mizuha Guards,1055,1
Hearing,Grand Mizuha Guards,1055,2
Status,Grand Mizuha Guards,1055,2
Anti-Kushala,Grand Mizuha Sleeves,1055,2
Hearing,Grand Mizuha Sleeves,1055,2
Status,Grand Mizuha Sleeves,1055,2
Anti-Kushala,Grand Mizuha Sash,1055,2
Hearing,Grand Mizuha Sash,1055,1
Status,Grand Mizuha Sash,1055,2
Anti-Kushala,Grand Mizuha Leg Wrap,1055,3
Hearing,Grand Mizuha Leg Wrap,1055,3
Status,Grand Mizuha Leg Wrap,1055,2
Hearing,Mizuha Cap GX,1056,3
Mycology,Mizuha Cap GX,1056,2
Maestro,Mizuha Cap GX,1056,2
Endurance,Mizuha Cap GX,1056,2
Hearing,Mizuha Guards GX,1056,3
Mycology,Mizuha Guards GX,1056,1
Maestro,Mizuha Guards GX,1056,2
Endurance,Mizuha Guards GX,1056,2
Hearing,Mizuha Sleeves GX,1056,3
Mycology,Mizuha Sleeves GX,1056,2
Maestro,Mizuha Sleeves GX,1056,2
Endurance,Mizuha Sleeves GX,1056,2
Hearing,Mizuha Sash GX,1056,3
Mycology,Mizuha Sash GX,1056,3
Maestro,Mizuha Sash GX,1056,2
Endurance,Mizuha Sash GX,1056,2
Hearing,Mizuha Gaiters GX,1056,3
Mycology,Mizuha Gaiters GX,1056,2
Maestro,Mizuha Gaiters GX,1056,2
Endurance,Mizuha Gaiters GX,1056,2
Spirit,Kaiser Crown X,1057,3
Stam Recov,Kaiser Crown X,1057,2
Anti-Chameleos,Kaiser Crown X,1057,2
Spirit,Kaiser Mail X,1057,2
Stam Recov,Kaiser Mail X,1057,2
Anti-Chameleos,Kaiser Mail X,1057,2
Spirit,Kaiser Vambraces X,1057,3
Stam Recov,Kaiser Vambraces X,1057,2
Anti-Chameleos,Kaiser Vambraces X,1057,2
Spirit,Kaiser Tassets X,1057,4
Stam Recov,Kaiser Tassets X,1057,2
Anti-Chameleos,Kaiser Tassets X,1057,2
Spirit,Kaiser Greaves X,1057,3
Stam Recov,Kaiser Greaves X,1057,2
Anti-Chameleos,Kaiser Greaves X,1057,2
Expert,Kaiser Crown GX,1058,4
Evasion,Kaiser Crown GX,1058,2
Hearing,Kaiser Crown GX,1058,3
Expert,Kaiser Mail GX,1058,4
Evasion,Kaiser Mail GX,1058,2
Hearing,Kaiser Mail GX,1058,3
Expert,Kaiser Vambraces GX,1058,4
Evasion,Kaiser Vambraces GX,1058,3
Hearing,Kaiser Vambraces GX,1058,3
Expert,Kaiser Tassets GX,1058,4
Evasion,Kaiser Tassets GX,1058,3
Hearing,Kaiser Tassets GX,1058,3
Expert,Kaiser Greaves GX,1058,4
Evasion,Kaiser Greaves GX,1058,3
Hearing,Kaiser Greaves GX,1058,3
Tenderizer,Silver Solhelm Z,1059,2
Critical Up,Silver Solhelm Z,1059,2
Spirit,Silver Solhelm Z,1059,2
Tenderizer,Silver Solmail Z,1059,1
Critical Up,Silver Solmail Z,1059,3
Spirit,Silver Solmail Z,1059,2
Tenderizer,Silver Solbraces Z,1059,2
Critical Up,Silver Solbraces Z,1059,2
Spirit,Silver Solbraces Z,1059,2
Tenderizer,Silver Solcoil Z,1059,2
Critical Up,Silver Solcoil Z,1059,1
Spirit,Silver Solcoil Z,1059,2
Tenderizer,Silver Solgreaves Z,1059,3
Critical Up,Silver Solgreaves Z,1059,2
Spirit,Silver Solgreaves Z,1059,2
Carving,GX Silver Solhelm,1060,3
Hoarding,GX Silver Solhelm,1060,3
Sheathing,GX Silver Solhelm,1060,2
Carving,GX Silver Solmail,1060,2
Hoarding,GX Silver Solmail,1060,1
Sheathing,GX Silver Solmail,1060,2
Carving,GX Silver Solbraces,1060,3
Hoarding,GX Silver Solbraces,1060,2
Sheathing,GX Silver Solbraces,1060,2
Carving,GX Silver Solcoil,1060,4
Hoarding,GX Silver Solcoil,1060,2
Sheathing,GX Silver Solcoil,1060,2
Carving,GX Silver Solgreaves,1060,3
Hoarding,GX Silver Solgreaves,1060,2
Sheathing,GX Silver Solgreaves,1060,2
Handicraft,Silver Solhelm XR,1061,8
Handicraft,Silver Solmail XR,1061,5
Critical Up,Silver Solbraces XR,1061,4
Critical Up,Silver Solfaulds XR,1061,8
Handicraft,Silver Solgreaves XR,1061,5
Critical Up,Silver Solgreaves XR,1061,2
Prayer,Golden Lunehelm Z,1062,3
Light Eater,Golden Lunehelm Z,1062,2
Furor,Golden Lunehelm Z,1062,2
Prayer,Golden Lunemail Z,1062,2
Lasting Pwr,Golden Lunemail Z,1062,3
Light Eater,Golden Lunemail Z,1062,2
Furor,Golden Lunemail Z,1062,1
Lasting Pwr,Golden Lunebraces Z,1062,4
Light Eater,Golden Lunebraces Z,1062,2
Furor,Golden Lunebraces Z,1062,3
Prayer,Golden Lunecoil Z,1062,3
Light Eater,Golden Lunecoil Z,1062,2
Furor,Golden Lunecoil Z,1062,2
Prayer,Golden Lunegreaves Z,1062,2
Lasting Pwr,Golden Lunegreaves Z,1062,3
Light Eater,Golden Lunegreaves Z,1062,2
Furor,Golden Lunegreaves Z,1062,2
Fate,GX Golden Lunehelm,1063,4
Hoarding,GX Golden Lunehelm,1063,3
Lasting Pwr,GX Golden Lunehelm,1063,2
Fate,GX Golden Lunemail,1063,3
Hoarding,GX Golden Lunemail,1063,1
Lasting Pwr,GX Golden Lunemail,1063,2
Fate,GX Golden Lunebraces,1063,4
Hoarding,GX Golden Lunebraces,1063,2
Lasting Pwr,GX Golden Lunebraces,1063,2
Fate,GX Golden Lunecoil,1063,5
Hoarding,GX Golden Lunecoil,1063,2
Lasting Pwr,GX Golden Lunecoil,1063,2
Fate,GX Gold Lunegreaves,1063,4
Hoarding,GX Gold Lunegreaves,1063,2
Lasting Pwr,GX Gold Lunegreaves,1063,2
Insight,Grand Divine Ire Mask,1064,2
FastCharge,Grand Divine Ire Mask,1064,4
Nimbleness,Grand Divine Ire Mask,1064,2
Sense,Grand Divine Ire Mask,1064,-2
Insight,Grand Divine Ire Haori,1064,2
Nimbleness,Grand Divine Ire Haori,1064,1
Sense,Grand Divine Ire Haori,1064,-2
Insight,Grand Divine Ire Kote,1064,1
FastCharge,Grand Divine Ire Kote,1064,5
Nimbleness,Grand Divine Ire Kote,1064,3
Sense,Grand Divine Ire Kote,1064,-2
Insight,Grand Divine Ire Obi,1064,2
FastCharge,Grand Divine Ire Obi,1064,1
Nimbleness,Grand Divine Ire Obi,1064,2
Sense,Grand Divine Ire Obi,1064,-2
Insight,Grand Divine Ire Hakama,1064,3
Nimbleness,Grand Divine Ire Hakama,1064,2
Sense,Grand Divine Ire Hakama,1064,-2
Sharpness,Esurient Helm Z,1065,2
Handicraft,Esurient Helm Z,1065,3
Stalwart,Esurient Helm Z,1065,2
Sharpness,Esurient Mail Z,1065,1
Handicraft,Esurient Mail Z,1065,3
Stalwart,Esurient Mail Z,1065,2
Sharpness,Esurient Vambraces Z,1065,2
Handicraft,Esurient Vambraces Z,1065,3
Stalwart,Esurient Vambraces Z,1065,2
Sharpness,Esurient Faulds Z,1065,3
Handicraft,Esurient Faulds Z,1065,3
Stalwart,Esurient Faulds Z,1065,2
Sharpness,Esurient Greaves Z,1065,2
Handicraft,Esurient Greaves Z,1065,3
Stalwart,Esurient Greaves Z,1065,2
Handicraft,Esurient Helm XR,1066,4
Handicraft,Esurient Mail XR,1066,4
Handicraft,Esurient Vambraces XR,1066,5
Handicraft,Esurient Faulds XR,1066,5
Handicraft,Esurient Greaves XR,1066,5
Brawn,Brachydium Helm,1067,3
Spirit,Brachydium Helm,1067,2
Potential,Brachydium Helm,1067,1
Mounting,Brachydium Helm,1067,-2
Brawn,Brachydium Mail,1067,1
Spirit,Brachydium Mail,1067,2
Potential,Brachydium Mail,1067,3
Mounting,Brachydium Mail,1067,-2
Brawn,Brachydium Vambraces,1067,2
Spirit,Brachydium Vambraces,1067,3
Potential,Brachydium Vambraces,1067,4
Mounting,Brachydium Vambraces,1067,-2
Brawn,Brachydium Faulds,1067,2
Spirit,Brachydium Faulds,1067,4
Potential,Brachydium Faulds,1067,3
Mounting,Brachydium Faulds,1067,-2
Brawn,Brachydium Greaves,1067,2
Spirit,Brachydium Greaves,1067,4
Potential,Brachydium Greaves,1067,4
Mounting,Brachydium Greaves,1067,-2
Edge Lore,Auroros Helm,1068,2
Evade Dist,Auroros Helm,1068,2
Potential,Auroros Helm,1068,1
Edge Lore,Auroros Torso,1068,1
Evade Dist,Auroros Torso,1068,2
Potential,Auroros Torso,1068,2
Edge Lore,Auroros Gauntlets,1068,2
Evade Dist,Auroros Gauntlets,1068,2
Potential,Auroros Gauntlets,1068,2
Edge Lore,Auroros Tassets,1068,3
Evade Dist,Auroros Tassets,1068,2
Potential,Auroros Tassets,1068,3
Edge Lore,Auroros Pants,1068,2
Evade Dist,Auroros Pants,1068,2
Potential,Auroros Pants,1068,2
Edge Lore,Borealis Crown,1069,2
Evade Dist,Borealis Crown,1069,2
Potential,Borealis Crown,1069,1
Edge Lore,Borealis Chest,1069,1
Evade Dist,Borealis Chest,1069,2
Potential,Borealis Chest,1069,2
Edge Lore,Borealis Gauntlets,1069,2
Evade Dist,Borealis Gauntlets,1069,2
Potential,Borealis Gauntlets,1069,2
Edge Lore,Borealis Tassets,1069,3
Evade Dist,Borealis Tassets,1069,2
Potential,Borealis Tassets,1069,3
Edge Lore,Borealis Hakama,1069,2
Evade Dist,Borealis Hakama,1069,2
Potential,Borealis Hakama,1069,2
Edge Lore,Auroros Helm GX,1070,2
Sheathing,Auroros Helm GX,1070,2
Furor,Auroros Helm GX,1070,1
Edge Lore,Auroros Torso GX,1070,1
Sheathing,Auroros Torso GX,1070,2
Furor,Auroros Torso GX,1070,2
Edge Lore,Auroros Gauntlets GX,1070,2
Sheathing,Auroros Gauntlets GX,1070,2
Furor,Auroros Gauntlets GX,1070,1
Edge Lore,Auroros Tassets GX,1070,3
Sheathing,Auroros Tassets GX,1070,2
Furor,Auroros Tassets GX,1070,3
Edge Lore,Auroros Pants GX,1070,2
Sheathing,Auroros Pants GX,1070,2
Furor,Auroros Pants GX,1070,3
Edge Lore,Borealis Crown GX,1071,2
Sheathing,Borealis Crown GX,1071,2
Furor,Borealis Crown GX,1071,1
Edge Lore,Borealis Chest GX,1071,1
Sheathing,Borealis Chest GX,1071,2
Furor,Borealis Chest GX,1071,2
Edge Lore,Borealis Gauntlets GX,1071,2
Sheathing,Borealis Gauntlets GX,1071,2
Furor,Borealis Gauntlets GX,1071,1
Edge Lore,Borealis Tassets GX,1071,3
Sheathing,Borealis Tassets GX,1071,2
Furor,Borealis Tassets GX,1071,3
Edge Lore,Borealis Hakama GX,1071,2
Sheathing,Borealis Hakama GX,1071,2
Furor,Borealis Hakama GX,1071,3
Sharpness,Auroros Helm XR,1072,8
Evasion,Auroros Helm XR,1072,1
Sharpness,Auroros Torso XR,1072,2
Evasion,Auroros Torso XR,1072,1
Potential,Auroros Torso XR,1072,5
Sharpness,Auroros Gauntlets XR,1072,3
Evasion,Auroros Gauntlets XR,1072,4
Potential,Auroros Gauntlets XR,1072,3
Sharpness,Auroros Tassets XR,1072,2
Potential,Auroros Tassets XR,1072,8
Potential,Auroros Pants XR,1072,2
Evasion,Auroros Pants XR,1072,7
Sharpness,Borealis Crown XR,1073,8
Evasion,Borealis Crown XR,1073,1
Sharpness,Borealis Chest XR,1073,2
Evasion,Borealis Chest XR,1073,1
Potential,Borealis Chest XR,1073,5
Sharpness,Borealis Gauntlets XR,1073,3
Evasion,Borealis Gauntlets XR,1073,4
Potential,Borealis Gauntlets XR,1073,3
Sharpness,Borealis Tassets XR,1073,2
Potential,Borealis Tassets XR,1073,8
Potential,Borealis Hakama XR,1073,2
Evasion,Borealis Hakama XR,1073,7
Edge Lore,Auroros Helm R,1074,2
Evasion,Auroros Helm R,1074,2
Insight,Auroros Helm R,1074,2
Stamina,Auroros Helm R,1074,1
Edge Lore,Auroros Torso R,1074,1
Evasion,Auroros Torso R,1074,2
Insight,Auroros Torso R,1074,1
Stamina,Auroros Torso R,1074,2
Edge Lore,Auroros Gauntlets R,1074,2
Evasion,Auroros Gauntlets R,1074,2
Insight,Auroros Gauntlets R,1074,3
Stamina,Auroros Gauntlets R,1074,2
Edge Lore,Auroros Tassets R,1074,3
Evasion,Auroros Tassets R,1074,2
Insight,Auroros Tassets R,1074,2
Stamina,Auroros Tassets R,1074,3
Edge Lore,Auroros Pants R,1074,2
Evasion,Auroros Pants R,1074,2
Insight,Auroros Pants R,1074,2
Stamina,Auroros Pants R,1074,2
Edge Lore,Borealis Crown R,1075,2
Evasion,Borealis Crown R,1075,2
Insight,Borealis Crown R,1075,2
Stamina,Borealis Crown R,1075,1
Edge Lore,Borealis Chest R,1075,1
Evasion,Borealis Chest R,1075,2
Insight,Borealis Chest R,1075,1
Stamina,Borealis Chest R,1075,2
Edge Lore,Borealis Gauntlets R,1075,2
Evasion,Borealis Gauntlets R,1075,2
Insight,Borealis Gauntlets R,1075,3
Stamina,Borealis Gauntlets R,1075,2
Edge Lore,Borealis Tassets R,1075,3
Evasion,Borealis Tassets R,1075,2
Insight,Borealis Tassets R,1075,2
Stamina,Borealis Tassets R,1075,3
Edge Lore,Borealis Hakama R,1075,2
Evasion,Borealis Hakama R,1075,2
Insight,Borealis Hakama R,1075,2
Stamina,Borealis Hakama R,1075,2
Blunt,Akantor Mask X,1076,2
Hearing,Akantor Mask X,1076,3
Fencing,Akantor Mask X,1076,2
HotBlooded,Akantor Mask X,1076,2
Blunt,Akantor Aegis X,1076,1
Hearing,Akantor Aegis X,1076,3
Fencing,Akantor Aegis X,1076,2
HotBlooded,Akantor Aegis X,1076,2
Blunt,Akantor Claws X,1076,3
Hearing,Akantor Claws X,1076,3
Fencing,Akantor Claws X,1076,2
HotBlooded,Akantor Claws X,1076,2
Blunt,Akantor Cincture X,1076,2
Hearing,Akantor Cincture X,1076,3
Fencing,Akantor Cincture X,1076,2
HotBlooded,Akantor Cincture X,1076,2
Blunt,Akantor Hessian X,1076,2
Hearing,Akantor Hessian X,1076,3
Fencing,Akantor Hessian X,1076,2
HotBlooded,Akantor Hessian X,1076,2
Fencing,Akantor Mask XR,1077,8
Hearing,Akantor Mask XR,1077,1
Hearing,Akantor Aegis XR,1077,5
Fencing,Akantor Aegis XR,1077,4
Blunt,Akantor Claws XR,1077,5
Hearing,Akantor Claws XR,1077,3
Fencing,Akantor Claws XR,1077,2
Hearing,Akantor Cincture XR,1077,8
Blunt,Akantor Hessian XR,1077,7
Sharpness,Ukanlos Mask X,1078,2
Attack,Ukanlos Mask X,1078,4
Rec Level,Ukanlos Mask X,1078,2
ColdBlooded,Ukanlos Mask X,1078,1
Sharpness,Ukanlos Aegis X,1078,1
Attack,Ukanlos Aegis X,1078,4
Rec Level,Ukanlos Aegis X,1078,2
ColdBlooded,Ukanlos Aegis X,1078,2
Sharpness,Ukanlos Claws X,1078,3
Attack,Ukanlos Claws X,1078,4
Rec Level,Ukanlos Claws X,1078,2
ColdBlooded,Ukanlos Claws X,1078,3
Sharpness,Ukanlos Cincture X,1078,2
Attack,Ukanlos Cincture X,1078,4
Rec Level,Ukanlos Cincture X,1078,2
ColdBlooded,Ukanlos Cincture X,1078,2
Sharpness,Ukanlos Hessian X,1078,2
Attack,Ukanlos Hessian X,1078,4
Rec Level,Ukanlos Hessian X,1078,2
ColdBlooded,Ukanlos Hessian X,1078,2
Gloves Off,Grand Tempest Crown,1079,3
Evasion,Grand Tempest Crown,1079,3
Critical Up,Grand Tempest Crown,1079,1
Gloves Off,Grand Tempest Robe,1079,2
Evasion,Grand Tempest Robe,1079,2
Critical Up,Grand Tempest Robe,1079,2
Gloves Off,Grand Tempest Sleeves,1079,3
Evasion,Grand Tempest Sleeves,1079,3
Critical Up,Grand Tempest Sleeves,1079,2
Gloves Off,Grand Tempest Obi,1079,4
Evasion,Grand Tempest Obi,1079,3
Critical Up,Grand Tempest Obi,1079,3
Gloves Off,Grand Tempest Hakama,1079,3
Evasion,Grand Tempest Hakama,1079,4
Critical Up,Grand Tempest Hakama,1079,2
Evasion,Tempest Crown XR,1080,7
Gloves Off,Tempest Robe XR,1080,5
Gloves Off,Tempest Sleeves XR,1080,5
Evasion,Tempest Sleeves XR,1080,5
Gloves Off,Tempest Obi XR,1080,9
Gloves Off,Tempest Hakama XR,1080,2
Evasion,Tempest Hakama XR,1080,6
Furor,Grand Skeletal Skull,1081,2
Crisis,Grand Skeletal Skull,1081,2
Potential,Grand Skeletal Skull,1081,1
Rec Speed,Grand Skeletal Skull,1081,-3
Furor,Grand Skeletal Sternum,1081,1
Crisis,Grand Skeletal Sternum,1081,2
Potential,Grand Skeletal Sternum,1081,2
Rec Speed,Grand Skeletal Sternum,1081,-3
Furor,Grand Skeletal Humerus,1081,3
Crisis,Grand Skeletal Humerus,1081,2
Potential,Grand Skeletal Humerus,1081,3
Rec Speed,Grand Skeletal Humerus,1081,-3
Furor,Grand Skeletal Hipbone,1081,2
Crisis,Grand Skeletal Hipbone,1081,2
Potential,Grand Skeletal Hipbone,1081,2
Rec Speed,Grand Skeletal Hipbone,1081,-3
Furor,Grand Skeletal Femur,1081,2
Crisis,Grand Skeletal Femur,1081,2
Potential,Grand Skeletal Femur,1081,2
Rec Speed,Grand Skeletal Femur,1081,-3
Chance,Astral Helm X,1082,2
Insight,Astral Helm X,1082,2
Amplify,Astral Helm X,1082,2
Prolong SP,Astral Helm X,1082,2
Chance,Astral Suit X,1082,2
Insight,Astral Suit X,1082,1
Amplify,Astral Suit X,1082,2
Prolong SP,Astral Suit X,1082,2
Chance,Astral Vambraces X,1082,2
Insight,Astral Vambraces X,1082,2
Amplify,Astral Vambraces X,1082,2
Prolong SP,Astral Vambraces X,1082,2
Chance,Astral Coil X,1082,2
Insight,Astral Coil X,1082,2
Amplify,Astral Coil X,1082,2
Prolong SP,Astral Coil X,1082,2
Chance,Astral Boots X,1082,2
Insight,Astral Boots X,1082,3
Amplify,Astral Boots X,1082,2
Prolong SP,Astral Boots X,1082,2
Secret Arts,Neset Helm,1083,2
Secret Arts,Neset Mail,1083,1
Talisman Boost,Neset Mail,1083,1
Secret Arts,Neset Gloves,1083,2
Talisman Boost,Neset Gloves,1083,3
Secret Arts,Neset Coat,1083,3
Talisman Boost,Neset Coat,1083,2
Secret Arts,Neset Boots,1083,2
Talisman Boost,Neset Boots,1083,2
Status Res,Dragonhead,1084,2
Sharpness,Dragonhead,1084,1
Handicraft,Dragonhead,1084,1
Status Res,Dragonhide,1084,1
Sharpness,Dragonhide,1084,2
Handicraft,Dragonhide,1084,3
Status Res,Dragonclaws,1084,2
Sharpness,Dragonclaws,1084,2
Status Res,Dragonbarbs,1084,3
Sharpness,Dragonbarbs,1084,3
Handicraft,Dragonbarbs,1084,3
Status Res,Dragonfeet,1084,2
Sharpness,Dragonfeet,1084,2
Handicraft,Dragonfeet,1084,3
Elemental,Escadora Wisdom X,1085,2
Blight Res,Escadora Wisdom X,1085,2
Crit Element,Escadora Wisdom X,1085,2
Brutality,Escadora Wisdom X,1085,2
Elemental,Escadora Soul X,1085,2
Blight Res,Escadora Soul X,1085,1
Crit Element,Escadora Soul X,1085,2
Brutality,Escadora Soul X,1085,2
Elemental,Escadora Arms X,1085,2
Blight Res,Escadora Arms X,1085,2
Crit Element,Escadora Arms X,1085,2
Brutality,Escadora Arms X,1085,2
Elemental,Escadora Might X,1085,2
Blight Res,Escadora Might X,1085,3
Crit Element,Escadora Might X,1085,2
Brutality,Escadora Might X,1085,2
Elemental,Escadora Sheath X,1085,2
Blight Res,Escadora Sheath X,1085,2
Crit Element,Escadora Sheath X,1085,2
Brutality,Escadora Sheath X,1085,2
Elemental,Escadora Wisdom XR,1086,7
Blight Res,Escadora Wisdom XR,1086,1
Blight Res,Escadora Soul XR,1086,4
Crit Element,Escadora Soul XR,1086,3
Elemental,Escadora Armguards XR,1086,6
Crit Element,Escadora Armguards XR,1086,2
Blight Res,Escadora Might XR,1086,8
Crit Element,Escadora Might XR,1086,1
Blight Res,Escadora Sheath XR,1086,1
Crit Element,Escadora Sheath XR,1086,8
Fury,Fatalis Crimsonhead,1087,2
Handicraft,Fatalis Crimsonhead,1087,3
Stamina,Fatalis Crimsonhead,1087,1
Defense,Fatalis Crimsonhead,1087,-3
Fury,Fatalis Crimsonhide,1087,1
Handicraft,Fatalis Crimsonhide,1087,2
Stamina,Fatalis Crimsonhide,1087,3
Defense,Fatalis Crimsonhide,1087,-3
Fury,Fatalis Crimsonclaws,1087,3
Handicraft,Fatalis Crimsonclaws,1087,2
Defense,Fatalis Crimsonclaws,1087,-3
Fury,Fatalis Crimsonbarbs,1087,2
Handicraft,Fatalis Crimsonbarbs,1087,4
Stamina,Fatalis Crimsonbarbs,1087,3
Defense,Fatalis Crimsonbarbs,1087,-3
Fury,Fatalis Crimsonfeet,1087,2
Handicraft,Fatalis Crimsonfeet,1087,4
Stamina,Fatalis Crimsonfeet,1087,3
Defense,Fatalis Crimsonfeet,1087,-3
Edge Lore,GX Fatalis Crimsonhead,1088,3
Guts,GX Fatalis Crimsonhead,1088,1
Elemental,GX Fatalis Crimsonhead,1088,2
Constitution,GX Fatalis Crimsonhead,1088,-3
Edge Lore,GX Fatalis Crimsonhide,1088,1
Guts,GX Fatalis Crimsonhide,1088,2
Elemental,GX Fatalis Crimsonhide,1088,3
Constitution,GX Fatalis Crimsonhide,1088,-1
Edge Lore,GX Fatalis Crimsonclaws,1088,2
Guts,GX Fatalis Crimsonclaws,1088,2
Constitution,GX Fatalis Crimsonclaws,1088,-1
Edge Lore,GX Fatalis Crimsonbarbs,1088,2
Guts,GX Fatalis Crimsonbarbs,1088,3
Elemental,GX Fatalis Crimsonbarbs,1088,4
Constitution,GX Fatalis Crimsonbarbs,1088,-2
Edge Lore,GX Fatalis Crimsonfeet,1088,2
Guts,GX Fatalis Crimsonfeet,1088,2
Elemental,GX Fatalis Crimsonfeet,1088,1
Constitution,GX Fatalis Crimsonfeet,1088,-3
Handicraft,Fatalis Crimsonhead XR,1089,6
Elemental,Fatalis Crimsonhead XR,1089,3
Status,Fatalis Crimsonhead XR,1089,-1
Handicraft,Fatalis Crimsonhide XR,1089,2
Elemental,Fatalis Crimsonhide XR,1089,6
Status,Fatalis Crimsonhide XR,1089,-2
Guts,Fatalis Crimsonclaws XR,1089,8
Elemental,Fatalis Crimsonclaws XR,1089,2
Handicraft,Fatalis Crimsonbarbs XR,1089,6
Guts,Fatalis Crimsonbarbs XR,1089,3
Elemental,Fatalis Crimsonfeet XR,1089,8
Status,Fatalis Crimsonfeet XR,1089,-8
Edgemaster,Old Fatalis Head,1090,3
Expert,Old Fatalis Head,1090,3
Constitution,Old Fatalis Head,1090,2
Fate,Old Fatalis Head,1090,-3
Edgemaster,Old Fatalis Hide,1090,1
Expert,Old Fatalis Hide,1090,1
Constitution,Old Fatalis Hide,1090,4
Fate,Old Fatalis Hide,1090,-3
Edgemaster,Old Fatalis Claw,1090,2
Expert,Old Fatalis Claw,1090,3
Fate,Old Fatalis Claw,1090,-3
Edgemaster,Old Fatalis Spine,1090,2
Expert,Old Fatalis Spine,1090,4
Constitution,Old Fatalis Spine,1090,3
Fate,Old Fatalis Spine,1090,-3
Edgemaster,Old Fatalis Feet,1090,2
Expert,Old Fatalis Feet,1090,4
Constitution,Old Fatalis Feet,1090,3
Fate,Old Fatalis Feet,1090,-3
Prudence,GX Old Fatalis Head,1091,3
Expert,GX Old Fatalis Head,1091,3
Critical Up,GX Old Fatalis Head,1091,3
Fate,GX Old Fatalis Head,1091,-3
Prudence,GX Old Fatalis Hide,1091,1
Expert,GX Old Fatalis Hide,1091,4
Critical Up,GX Old Fatalis Hide,1091,2
Fate,GX Old Fatalis Hide,1091,-3
Prudence,GX Old Fatalis Claw,1091,2
Expert,GX Old Fatalis Claw,1091,2
Fate,GX Old Fatalis Claw,1091,-3
Prudence,GX Old Fatalis Spine,1091,2
Expert,GX Old Fatalis Spine,1091,6
Critical Up,GX Old Fatalis Spine,1091,2
Fate,GX Old Fatalis Spine,1091,-3
Prudence,GX Old Fatalis Feet,1091,2
Expert,GX Old Fatalis Feet,1091,5
Critical Up,GX Old Fatalis Feet,1091,3
Fate,GX Old Fatalis Feet,1091,-3
Critical Up,Garo Helm,1092,1
Gloves Off,Garo Helm,1092,2
Insight,Garo Helm,1092,2
Sense,Garo Helm,1092,-2
Critical Up,Garo Plate,1092,2
Gloves Off,Garo Plate,1092,2
Insight,Garo Plate,1092,1
Sense,Garo Plate,1092,-2
Critical Up,Garo Gauntlets,1092,3
Gloves Off,Garo Gauntlets,1092,2
Insight,Garo Gauntlets,1092,3
Sense,Garo Gauntlets,1092,-2
Critical Up,Garo Tassets,1092,2
Gloves Off,Garo Tassets,1092,2
Insight,Garo Tassets,1092,2
Sense,Garo Tassets,1092,-2
Critical Up,Garo Guards,1092,2
Gloves Off,Garo Guards,1092,2
Insight,Garo Guards,1092,2
Sense,Garo Guards,1092,-2
Edge Lore,Hylian Hair Tie,1093,3
PowerEater,Hylian Hair Tie,1093,2
Mechanic,Hylian Hair Tie,1093,2
Gathering,Hylian Hair Tie,1093,2
Edge Lore,Blue Tunic,1093,1
PowerEater,Blue Tunic,1093,1
Mechanic,Blue Tunic,1093,1
Gathering,Blue Tunic,1093,3
Edge Lore,Hylian Bracers,1093,2
PowerEater,Hylian Bracers,1093,3
Mechanic,Hylian Bracers,1093,2
Gathering,Hylian Bracers,1093,1
Edge Lore,Hylian Belt,1093,2
PowerEater,Hylian Belt,1093,2
Mechanic,Hylian Belt,1093,3
Gathering,Hylian Belt,1093,2
Edge Lore,Hylian Footwear,1093,2
PowerEater,Hylian Footwear,1093,2
Mechanic,Hylian Footwear,1093,2
Gathering,Hylian Footwear,1093,2
Anti-Teostra,Kushala Snarl X,1093,3
Rapid Fire,Kushala Snarl X,1093,2
Ammo Saver,Kushala Snarl X,1093,2
Anti-Teostra,Kushala Vise X,1093,1
Rapid Fire,Kushala Vise X,1093,2
Ammo Saver,Kushala Vise X,1093,2
Anti-Teostra,Kushala Embrace X,1093,2
Rapid Fire,Kushala Embrace X,1093,2
Ammo Saver,Kushala Embrace X,1093,2
Anti-Teostra,Kushala Wind Wrap X,1093,2
Rapid Fire,Kushala Wind Wrap X,1093,2
Ammo Saver,Kushala Wind Wrap X,1093,2
Anti-Teostra,Kushala Shank X,1093,2
Rapid Fire,Kushala Shank X,1093,2
Ammo Saver,Kushala Shank X,1093,2
Reload Spd,Kushala Snarl GX,1094,5
Vault,Kushala Snarl GX,1094,2
Evasion,Kushala Snarl GX,1094,1
Reload Spd,Kushala Vise GX,1094,3
Vault,Kushala Vise GX,1094,1
Chain Crit,Kushala Vise GX,1094,4
Evasion,Kushala Vise GX,1094,1
Reload Spd,Kushala Embrace GX,1094,1
Vault,Kushala Embrace GX,1094,3
Chain Crit,Kushala Embrace GX,1094,3
Evasion,Kushala Embrace GX,1094,1
Reload Spd,Kushala Wind Wrap GX,1094,3
Vault,Kushala Wind Wrap GX,1094,4
Evasion,Kushala Wind Wrap GX,1094,1
Reload Spd,Kushala Shank GX,1094,3
Chain Crit,Kushala Shank GX,1094,3
Evasion,Kushala Shank GX,1094,1
HotBlooded,Kushala Snarl XR,1095,9
Poison,Kushala Snarl XR,1095,-2
HotBlooded,Kushala Vise XR,1095,5
Poison,Kushala Vise XR,1095,-2
Loading,Kushala Embrace XR,1095,6
Poison,Kushala Embrace XR,1095,-2
Loading,Kushala Wind Wrap XR,1095,6
Poison,Kushala Wind Wrap XR,1095,-2
HotBlooded,Kushala Shank XR,1095,5
Loading,Kushala Shank XR,1095,3
Poison,Kushala Shank XR,1095,-2
Anti-Kushala,Grand Cham Hat,1096,3
Hearing,Grand Cham Hat,1096,2
Status,Grand Cham Hat,1096,2
Anti-Kushala,Grand Cham Camise,1096,1
Hearing,Grand Cham Camise,1096,2
Status,Grand Cham Camise,1096,2
Anti-Kushala,Grand Cham Sleeves,1096,2
Hearing,Grand Cham Sleeves,1096,2
Status,Grand Cham Sleeves,1096,2
Anti-Kushala,Grand Cham Coat,1096,1
Hearing,Grand Cham Coat,1096,1
Status,Grand Cham Coat,1096,2
Anti-Kushala,Grand Cham Trousers,1096,3
Hearing,Grand Cham Trousers,1096,3
Status,Grand Cham Trousers,1096,2
Hearing,Cham Hat GX,1097,3
Mycology,Cham Hat GX,1097,3
Maestro,Cham Hat GX,1097,2
Endurance,Cham Hat GX,1097,2
Hearing,Cham Camise GX,1097,3
Mycology,Cham Camise GX,1097,1
Maestro,Cham Camise GX,1097,2
Endurance,Cham Camise GX,1097,2
Hearing,Cham Sleeves GX,1097,3
Mycology,Cham Sleeves GX,1097,2
Maestro,Cham Sleeves GX,1097,2
Endurance,Cham Sleeves GX,1097,2
Hearing,Cham Coat GX,1097,3
Mycology,Cham Coat GX,1097,3
Maestro,Cham Coat GX,1097,2
Endurance,Cham Coat GX,1097,2
Hearing,Cham Trousers GX,1097,3
Mycology,Cham Trousers GX,1097,1
Maestro,Cham Trousers GX,1097,2
Endurance,Cham Trousers GX,1097,2
Spirit,Kaiser Mask X,1098,4
Stam Recov,Kaiser Mask X,1098,2
Anti-Chameleos,Kaiser Mask X,1098,2
Spirit,Kaiser Vest X,1098,2
Stam Recov,Kaiser Vest X,1098,2
Anti-Chameleos,Kaiser Vest X,1098,2
Spirit,Kaiser Guards X,1098,3
Stam Recov,Kaiser Guards X,1098,2
Anti-Chameleos,Kaiser Guards X,1098,2
Spirit,Kaiser Coat X,1098,3
Stam Recov,Kaiser Coat X,1098,2
Anti-Chameleos,Kaiser Coat X,1098,2
Spirit,Kaiser Leggings X,1098,3
Stam Recov,Kaiser Leggings X,1098,2
Anti-Chameleos,Kaiser Leggings X,1098,2
Expert,Kaiser Mask GX,1099,4
Evasion,Kaiser Mask GX,1099,3
Hearing,Kaiser Mask GX,1099,3
Expert,Kaiser Vest GX,1099,4
Evasion,Kaiser Vest GX,1099,2
Hearing,Kaiser Vest GX,1099,3
Expert,Kaiser Guards GX,1099,4
Evasion,Kaiser Guards GX,1099,3
Hearing,Kaiser Guards GX,1099,3
Expert,Kaiser Coat GX,1099,4
Evasion,Kaiser Coat GX,1099,2
Hearing,Kaiser Coat GX,1099,3
Expert,Kaiser Leggings GX,1099,4
Evasion,Kaiser Leggings GX,1099,3
Hearing,Kaiser Leggings GX,1099,3
Tenderizer,Silver Solcap Z,1100,3
Critical Up,Silver Solcap Z,1100,2
Spirit,Silver Solcap Z,1100,2
Tenderizer,Silver Solvest Z,1100,1
Critical Up,Silver Solvest Z,1100,3
Spirit,Silver Solvest Z,1100,2
Tenderizer,Silver Solguards Z,1100,1
Critical Up,Silver Solguards Z,1100,2
Spirit,Silver Solguards Z,1100,2
Tenderizer,Silver Solcoat Z,1100,2
Critical Up,Silver Solcoat Z,1100,1
Spirit,Silver Solcoat Z,1100,2
Tenderizer,Silver Solleggings Z,1100,3
Critical Up,Silver Solleggings Z,1100,2
Spirit,Silver Solleggings Z,1100,2
Carving,GX Silver Solcap,1101,3
Hoarding,GX Silver Solcap,1101,3
Sheathing,GX Silver Solcap,1101,2
Carving,GX Silver Solvest,1101,2
Hoarding,GX Silver Solvest,1101,1
Sheathing,GX Silver Solvest,1101,2
Carving,GX Silver Solguards,1101,3
Hoarding,GX Silver Solguards,1101,2
Sheathing,GX Silver Solguards,1101,2
Carving,GX Silver Solcoat,1101,4
Hoarding,GX Silver Solcoat,1101,2
Sheathing,GX Silver Solcoat,1101,2
Carving,GX Silver Solleggings,1101,3
Hoarding,GX Silver Solleggings,1101,2
Sheathing,GX Silver Solleggings,1101,2
Loading,Silver Solcap XR,1102,8
Loading,Silver Solvest XR,1102,5
Critical Up,Silver Solguards XR,1102,4
Critical Up,Silver Solcoat XR,1102,8
Loading,Silver Solleggings XR,1102,5
Critical Up,Silver Solleggings XR,1102,2
Prayer,Golden Lunecap Z,1103,3
Light Eater,Golden Lunecap Z,1103,2
Unscathed,Golden Lunecap Z,1103,2
Prayer,Golden Lunevest Z,1103,2
Lasting Pwr,Golden Lunevest Z,1103,3
Light Eater,Golden Lunevest Z,1103,2
Unscathed,Golden Lunevest Z,1103,1
Lasting Pwr,Golden Luneguards Z,1103,4
Light Eater,Golden Luneguards Z,1103,2
Unscathed,Golden Luneguards Z,1103,3
Prayer,Golden Lunecoat Z,1103,3
Light Eater,Golden Lunecoat Z,1103,2
Unscathed,Golden Lunecoat Z,1103,2
Prayer,Golden Luneleggings Z,1103,2
Lasting Pwr,Golden Luneleggings Z,1103,3
Light Eater,Golden Luneleggings Z,1103,2
Unscathed,Golden Luneleggings Z,1103,2
Fate,GX Golden Lunecap,1104,5
Hoarding,GX Golden Lunecap,1104,3
Lasting Pwr,GX Golden Lunecap,1104,2
Fate,GX Golden Lunevest,1104,3
Hoarding,GX Golden Lunevest,1104,1
Lasting Pwr,GX Golden Lunevest,1104,2
Fate,GX Golden Luneguards,1104,4
Hoarding,GX Golden Luneguards,1104,2
Lasting Pwr,GX Golden Luneguards,1104,2
Fate,GX Golden Lunecoat,1104,4
Hoarding,GX Golden Lunecoat,1104,2
Lasting Pwr,GX Golden Lunecoat,1104,2
Fate,GX Gold Luneleggings,1104,4
Hoarding,GX Gold Luneleggings,1104,2
Lasting Pwr,GX Gold Luneleggings,1104,2
Insight,Grand Crusher Mask,1105,3
FastCharge,Grand Crusher Mask,1105,4
Prudence,Grand Crusher Mask,1105,2
Sense,Grand Crusher Mask,1105,2
Insight,Grand Crusher Garb,1105,2
Prudence,Grand Crusher Garb,1105,1
Sense,Grand Crusher Garb,1105,2
Insight,Grand Crusher Braces,1105,1
FastCharge,Grand Crusher Braces,1105,5
Prudence,Grand Crusher Braces,1105,3
Sense,Grand Crusher Braces,1105,2
Insight,Grand Crusher Belt,1105,2
FastCharge,Grand Crusher Belt,1105,1
Prudence,Grand Crusher Belt,1105,2
Sense,Grand Crusher Belt,1105,2
Insight,Grand Mind Crusher Tabi,1105,2
Prudence,Grand Mind Crusher Tabi,1105,2
Sense,Grand Mind Crusher Tabi,1105,2
Dead Eye,Esurient Cap Z,1106,2
Normal Up,Esurient Cap Z,1106,2
Stalwart,Esurient Cap Z,1106,2
Dead Eye,Esurient Vest Z,1106,1
Normal Up,Esurient Vest Z,1106,2
Stalwart,Esurient Vest Z,1106,2
Dead Eye,Esurient Guards Z,1106,2
Normal Up,Esurient Guards Z,1106,2
Stalwart,Esurient Guards Z,1106,2
Dead Eye,Esurient Coat Z,1106,3
Normal Up,Esurient Coat Z,1106,2
Stalwart,Esurient Coat Z,1106,2
Dead Eye,Esurient Leggings Z,1106,2
Normal Up,Esurient Leggings Z,1106,2
Stalwart,Esurient Leggings Z,1106,2
Normal Up,Esurient Cap XR,1107,4
Normal Up,Esurient Vest XR,1107,4
Normal Up,Esurient Guards XR,1107,5
Normal Up,Esurient Coat XR,1107,5
Normal Up,Esurient Leggings XR,1107,5
Brawn,Brachydium Cap,1108,3
Spirit,Brachydium Cap,1108,3
Potential,Brachydium Cap,1108,1
Mounting,Brachydium Cap,1108,-2
Brawn,Brachydium Vest,1108,1
Spirit,Brachydium Vest,1108,2
Potential,Brachydium Vest,1108,3
Mounting,Brachydium Vest,1108,-2
Brawn,Brachydium Guards,1108,2
Spirit,Brachydium Guards,1108,3
Potential,Brachydium Guards,1108,4
Mounting,Brachydium Guards,1108,-2
Brawn,Brachydium Coat,1108,2
Spirit,Brachydium Coat,1108,4
Potential,Brachydium Coat,1108,3
Mounting,Brachydium Coat,1108,-2
Brawn,Brachydium Leggings,1108,2
Spirit,Brachydium Leggings,1108,3
Potential,Brachydium Leggings,1108,4
Mounting,Brachydium Leggings,1108,-2
Covert,Genesis Headpiece,1109,2
FastCharge,Genesis Headpiece,1109,2
Potential,Genesis Headpiece,1109,2
Covert,Genesis Torso,1109,1
FastCharge,Genesis Torso,1109,2
Potential,Genesis Torso,1109,2
Covert,Genesis Gauntlets,1109,2
FastCharge,Genesis Gauntlets,1109,2
Potential,Genesis Gauntlets,1109,2
Covert,Genesis Tassets,1109,3
FastCharge,Genesis Tassets,1109,2
Potential,Genesis Tassets,1109,2
Covert,Genesis Pants,1109,2
FastCharge,Genesis Pants,1109,2
Potential,Genesis Pants,1109,2
Covert,Glyph Crown,1110,2
FastCharge,Glyph Crown,1110,2
Potential,Glyph Crown,1110,2
Covert,Glyph Chest,1110,1
FastCharge,Glyph Chest,1110,2
Potential,Glyph Chest,1110,2
Covert,Glyph Gauntlets,1110,2
FastCharge,Glyph Gauntlets,1110,2
Potential,Glyph Gauntlets,1110,2
Covert,Glyph Tassets,1110,3
FastCharge,Glyph Tassets,1110,2
Potential,Glyph Tassets,1110,2
Covert,Glyph Hakama,1110,2
FastCharge,Glyph Hakama,1110,2
Potential,Glyph Hakama,1110,2
Covert,Genesis Headpiece GX,1111,2
Constitution,Genesis Headpiece GX,1111,2
Furor,Genesis Headpiece GX,1111,2
Covert,Genesis Torso GX,1111,1
Constitution,Genesis Torso GX,1111,2
Furor,Genesis Torso GX,1111,2
Covert,Genesis Gauntlets GX,1111,2
Constitution,Genesis Gauntlets GX,1111,2
Furor,Genesis Gauntlets GX,1111,1
Covert,Genesis Tassets GX,1111,3
Constitution,Genesis Tassets GX,1111,2
Furor,Genesis Tassets GX,1111,2
Covert,Genesis Pants GX,1111,2
Constitution,Genesis Pants GX,1111,2
Furor,Genesis Pants GX,1111,3
Covert,Glyph Crown GX,1112,2
Constitution,Glyph Crown GX,1112,2
Furor,Glyph Crown GX,1112,2
Covert,Glyph Chest GX,1112,1
Constitution,Glyph Chest GX,1112,2
Furor,Glyph Chest GX,1112,2
Covert,Glyph Gauntlets GX,1112,2
Constitution,Glyph Gauntlets GX,1112,2
Furor,Glyph Gauntlets GX,1112,1
Covert,Glyph Tassets GX,1112,3
Constitution,Glyph Tassets GX,1112,2
Furor,Glyph Tassets GX,1112,2
Covert,Glyph Hakama GX,1112,2
Constitution,Glyph Hakama GX,1112,2
Furor,Glyph Hakama GX,1112,3
Loading,Genesis Headpiece XR,1113,8
Constitution,Genesis Headpiece XR,1113,1
Loading,Genesis Torso XR,1113,2
Constitution,Genesis Torso XR,1113,1
Tenderizer,Genesis Torso XR,1113,5
Loading,Genesis Gauntlets XR,1113,3
Constitution,Genesis Gauntlets XR,1113,4
Tenderizer,Genesis Gauntlets XR,1113,3
Loading,Genesis Tassets XR,1113,2
Tenderizer,Genesis Tassets XR,1113,8
Tenderizer,Genesis Pants XR,1113,2
Constitution,Genesis Pants XR,1113,7
Loading,Glyph Crown XR,1114,8
Constitution,Glyph Crown XR,1114,1
Loading,Glyph Chest XR,1114,2
Constitution,Glyph Chest XR,1114,1
Tenderizer,Glyph Chest XR,1114,5
Loading,Glyph Gauntlets XR,1114,3
Constitution,Glyph Gauntlets XR,1114,4
Tenderizer,Glyph Gauntlets XR,1114,3
Loading,Glyph Tassets XR,1114,2
Tenderizer,Glyph Tassets XR,1114,8
Tenderizer,Glyph Hakama XR,1114,2
Constitution,Glyph Hakama XR,1114,7
Covert,Genesis Headpiece R,1115,2
FastCharge,Genesis Headpiece R,1115,2
Insight,Genesis Headpiece R,1115,2
Stamina,Genesis Headpiece R,1115,2
Covert,Genesis Torso R,1115,1
FastCharge,Genesis Torso R,1115,2
Insight,Genesis Torso R,1115,1
Stamina,Genesis Torso R,1115,2
Covert,Genesis Gauntlets R,1115,2
FastCharge,Genesis Gauntlets R,1115,2
Insight,Genesis Gauntlets R,1115,3
Stamina,Genesis Gauntlets R,1115,2
Covert,Genesis Tassets R,1115,3
FastCharge,Genesis Tassets R,1115,2
Insight,Genesis Tassets R,1115,2
Stamina,Genesis Tassets R,1115,2
Covert,Genesis Pants R,1115,2
FastCharge,Genesis Pants R,1115,2
Insight,Genesis Pants R,1115,2
Stamina,Genesis Pants R,1115,2
Covert,Glyph Crown R,1116,2
FastCharge,Glyph Crown R,1116,2
Insight,Glyph Crown R,1116,2
Stamina,Glyph Crown R,1116,2
Covert,Glyph Chest R,1116,1
FastCharge,Glyph Chest R,1116,2
Insight,Glyph Chest R,1116,1
Stamina,Glyph Chest R,1116,2
Covert,Glyph Gauntlets R,1116,2
FastCharge,Glyph Gauntlets R,1116,2
Insight,Glyph Gauntlets R,1116,3
Stamina,Glyph Gauntlets R,1116,2
Covert,Glyph Tassets R,1116,3
FastCharge,Glyph Tassets R,1116,2
Insight,Glyph Tassets R,1116,2
Stamina,Glyph Tassets R,1116,2
Covert,Glyph Hakama R,1116,2
FastCharge,Glyph Hakama R,1116,2
Insight,Glyph Hakama R,1116,2
Stamina,Glyph Hakama R,1116,2
Precision,Akantor Fangs X,1117,2
Hearing,Akantor Fangs X,1117,3
Pierce Up,Akantor Fangs X,1117,2
HotBlooded,Akantor Fangs X,1117,2
Precision,Akantor Plate X,1117,1
Hearing,Akantor Plate X,1117,3
Pierce Up,Akantor Plate X,1117,2
HotBlooded,Akantor Plate X,1117,2
Precision,Akantor Gauntlets X,1117,3
Hearing,Akantor Gauntlets X,1117,3
Pierce Up,Akantor Gauntlets X,1117,2
HotBlooded,Akantor Gauntlets X,1117,2
Precision,Akantor Sash X,1117,2
Hearing,Akantor Sash X,1117,3
Pierce Up,Akantor Sash X,1117,2
HotBlooded,Akantor Sash X,1117,2
Precision,Akantor Boots X,1117,2
Hearing,Akantor Boots X,1117,3
Pierce Up,Akantor Boots X,1117,2
HotBlooded,Akantor Boots X,1117,2
Loading,Akantor Fangs XR,1118,8
Hearing,Akantor Fangs XR,1118,1
Hearing,Akantor Plate XR,1118,5
Loading,Akantor Plate XR,1118,4
Pierce Up,Akantor Gauntlets XR,1118,5
Hearing,Akantor Gauntlets XR,1118,3
Loading,Akantor Gauntlets XR,1118,2
Hearing,Akantor Sash XR,1118,8
Pierce Up,Akantor Boots XR,1118,7
Pellet Up,Ukanlos Fangs X,1119,2
Attack,Ukanlos Fangs X,1119,4
Rec Level,Ukanlos Fangs X,1119,2
ColdBlooded,Ukanlos Fangs X,1119,1
Pellet Up,Ukanlos Plate X,1119,1
Attack,Ukanlos Plate X,1119,4
Rec Level,Ukanlos Plate X,1119,2
ColdBlooded,Ukanlos Plate X,1119,2
Pellet Up,Ukanlos Gauntlets X,1119,3
Attack,Ukanlos Gauntlets X,1119,4
Rec Level,Ukanlos Gauntlets X,1119,2
ColdBlooded,Ukanlos Gauntlets X,1119,3
Pellet Up,Ukanlos Sash X,1119,2
Attack,Ukanlos Sash X,1119,4
Rec Level,Ukanlos Sash X,1119,2
ColdBlooded,Ukanlos Sash X,1119,2
Pellet Up,Ukanlos Boots X,1119,2
Attack,Ukanlos Boots X,1119,4
Rec Level,Ukanlos Boots X,1119,2
ColdBlooded,Ukanlos Boots X,1119,2
Gloves Off,Grand Welkin Crown,1120,4
Evasion,Grand Welkin Crown,1120,3
Critical Up,Grand Welkin Crown,1120,1
Gloves Off,Grand Welkin Robe,1120,2
Evasion,Grand Welkin Robe,1120,2
Critical Up,Grand Welkin Robe,1120,2
Gloves Off,Grand Welkin Sleeves,1120,3
Evasion,Grand Welkin Sleeves,1120,3
Critical Up,Grand Welkin Sleeves,1120,2
Gloves Off,Grand Welkin Obi,1120,3
Evasion,Grand Welkin Obi,1120,3
Critical Up,Grand Welkin Obi,1120,3
Gloves Off,Grand Welkin Hakama,1120,3
Evasion,Grand Welkin Hakama,1120,4
Critical Up,Grand Welkin Hakama,1120,2
Evasion,Welkin Crown XR,1121,8
Gloves Off,Welkin Robe XR,1121,5
Gloves Off,Welkin Sleeves XR,1121,5
Evasion,Welkin Sleeves XR,1121,4
Gloves Off,Welkin Obi XR,1121,9
Gloves Off,Welkin Hakama XR,1121,2
Evasion,Welkin Hakama XR,1121,6
Furor,Grand Decayed Skull,1122,2
Crisis,Grand Decayed Skull,1122,2
Potential,Grand Decayed Skull,1122,2
Rec Speed,Grand Decayed Skull,1122,-3
Furor,Grand Decayed Sternum,1122,1
Crisis,Grand Decayed Sternum,1122,2
Potential,Grand Decayed Sternum,1122,2
Rec Speed,Grand Decayed Sternum,1122,-3
Furor,Grand Decayed Humerus,1122,3
Crisis,Grand Decayed Humerus,1122,2
Potential,Grand Decayed Humerus,1122,2
Rec Speed,Grand Decayed Humerus,1122,-3
Furor,Grand Decayed Hipbone,1122,2
Crisis,Grand Decayed Hipbone,1122,2
Potential,Grand Decayed Hipbone,1122,2
Rec Speed,Grand Decayed Hipbone,1122,-3
Furor,Grand Decayed Femur,1122,2
Crisis,Grand Decayed Femur,1122,2
Potential,Grand Decayed Femur,1122,2
Rec Speed,Grand Decayed Femur,1122,-3
Chance,Astral Mask X,1123,2
Insight,Astral Mask X,1123,3
Amplify,Astral Mask X,1123,2
Prolong SP,Astral Mask X,1123,2
Chance,Astral Vest X,1123,2
Insight,Astral Vest X,1123,1
Amplify,Astral Vest X,1123,2
Prolong SP,Astral Vest X,1123,2
Chance,Astral Guards X,1123,2
Insight,Astral Guards X,1123,2
Amplify,Astral Guards X,1123,2
Prolong SP,Astral Guards X,1123,2
Chance,Astral Coat X,1123,2
Insight,Astral Coat X,1123,2
Amplify,Astral Coat X,1123,2
Prolong SP,Astral Coat X,1123,2
Chance,Astral Feet X,1123,2
Insight,Astral Feet X,1123,2
Amplify,Astral Feet X,1123,2
Prolong SP,Astral Feet X,1123,2
Talisman Boost,Neset Hat,1124,2
Secret Arts,Neset Vest,1124,1
Talisman Boost,Neset Vest,1124,1
Secret Arts,Neset Brachia,1124,3
Talisman Boost,Neset Brachia,1124,2
Secret Arts,Neset Elytra,1124,3
Talisman Boost,Neset Elytra,1124,1
Secret Arts,Neset Feet,1124,3
Talisman Boost,Neset Feet,1124,2
Status Res,Dragonface,1125,3
Pierce Up,Dragonface,1125,1
Normal Up,Dragonface,1125,1
Status Res,Dragonskin,1125,1
Pierce Up,Dragonskin,1125,2
Normal Up,Dragonskin,1125,3
Status Res,Dragonfists,1125,2
Pierce Up,Dragonfists,1125,2
Status Res,Dragonsheath,1125,2
Pierce Up,Dragonsheath,1125,3
Normal Up,Dragonsheath,1125,3
Status Res,Dragonlegs,1125,2
Pierce Up,Dragonlegs,1125,2
Normal Up,Dragonlegs,1125,3
Elemental,Escadora Sagesse X,1126,2
Blight Res,Escadora Sagesse X,1126,3
Crit Element,Escadora Sagesse X,1126,2
Brutality,Escadora Sagesse X,1126,2
Elemental,Escadora Seele X,1126,2
Blight Res,Escadora Seele X,1126,1
Crit Element,Escadora Seele X,1126,2
Brutality,Escadora Seele X,1126,2
Elemental,Escadora Arma X,1126,2
Blight Res,Escadora Arma X,1126,2
Crit Element,Escadora Arma X,1126,2
Brutality,Escadora Arma X,1126,2
Elemental,Escadora Force X,1126,2
Blight Res,Escadora Force X,1126,2
Crit Element,Escadora Force X,1126,2
Brutality,Escadora Force X,1126,2
Elemental,Escadora Scala X,1126,2
Blight Res,Escadora Scala X,1126,2
Crit Element,Escadora Scala X,1126,2
Brutality,Escadora Scala X,1126,2
Elemental,Escadora Sagesse XR,1127,8
Blight Res,Escadora Sagesse XR,1127,1
Blight Res,Escadora Seele XR,1127,4
Crit Element,Escadora Seele XR,1127,3
Elemental,Escadora Arma XR,1127,5
Crit Element,Escadora Arma XR,1127,2
Blight Res,Escadora Force XR,1127,8
Crit Element,Escadora Force XR,1127,1
Blight Res,Escadora Scala XR,1127,1
Crit Element,Escadora Scala XR,1127,8
Fury,Fatalis Crimsonface,1128,3
Normal Up,Fatalis Crimsonface,1128,1
Stamina,Fatalis Crimsonface,1128,1
Defense,Fatalis Crimsonface,1128,-3
Fury,Fatalis Crimsonskin,1128,1
Normal Up,Fatalis Crimsonskin,1128,2
Stamina,Fatalis Crimsonskin,1128,3
Defense,Fatalis Crimsonskin,1128,-3
Fury,Fatalis Crimsonfists,1128,3
Normal Up,Fatalis Crimsonfists,1128,2
Defense,Fatalis Crimsonfists,1128,-3
Fury,Fatalis Crimsonscale,1128,1
Normal Up,Fatalis Crimsonscale,1128,3
Stamina,Fatalis Crimsonscale,1128,3
Defense,Fatalis Crimsonscale,1128,-3
Fury,Fatalis Crimsonlegs,1128,2
Normal Up,Fatalis Crimsonlegs,1128,2
Stamina,Fatalis Crimsonlegs,1128,3
Defense,Fatalis Crimsonlegs,1128,-3
SteadyHand,GX Fatalis Crimsonface,1129,3
Guts,GX Fatalis Crimsonface,1129,2
Elemental,GX Fatalis Crimsonface,1129,2
Constitution,GX Fatalis Crimsonface,1129,-3
SteadyHand,GX Fatalis Crimsonskin,1129,1
Guts,GX Fatalis Crimsonskin,1129,2
Elemental,GX Fatalis Crimsonskin,1129,3
Constitution,GX Fatalis Crimsonskin,1129,-1
SteadyHand,GX Fatalis Crimsonfists,1129,2
Guts,GX Fatalis Crimsonfists,1129,2
Constitution,GX Fatalis Crimsonfists,1129,-1
SteadyHand,GX Fatalis Crimsonscale,1129,2
Guts,GX Fatalis Crimsonscale,1129,3
Elemental,GX Fatalis Crimsonscale,1129,4
Constitution,GX Fatalis Crimsonscale,1129,-2
SteadyHand,GX Fatalis Crimsonlegs,1129,2
Guts,GX Fatalis Crimsonlegs,1129,1
Elemental,GX Fatalis Crimsonlegs,1129,1
Constitution,GX Fatalis Crimsonlegs,1129,-3
Haphazard,Fatalis Crimsonface XR,1130,6
Elemental,Fatalis Crimsonface XR,1130,3
Status,Fatalis Crimsonface XR,1130,-1
Haphazard,Fatalis Crimsonskin XR,1130,2
Elemental,Fatalis Crimsonskin XR,1130,6
Status,Fatalis Crimsonskin XR,1130,-2
Guts,Fatalis Crimsonfists XR,1130,8
Elemental,Fatalis Crimsonfists XR,1130,2
Haphazard,Fatalis Crimsonscale XR,1130,6
Guts,Fatalis Crimsonscale XR,1130,3
Elemental,Fatalis Crimsonlegs XR,1130,8
Status,Fatalis Crimsonlegs XR,1130,-8
SteadyHand,Old Fatalis Face,1131,3
Expert,Old Fatalis Face,1131,4
Constitution,Old Fatalis Face,1131,2
Fate,Old Fatalis Face,1131,-3
SteadyHand,Old Fatalis Skin,1131,1
Expert,Old Fatalis Skin,1131,1
Constitution,Old Fatalis Skin,1131,4
Fate,Old Fatalis Skin,1131,-3
SteadyHand,Old Fatalis Fist,1131,2
Expert,Old Fatalis Fist,1131,3
Fate,Old Fatalis Fist,1131,-3
SteadyHand,Old Fatalis Scale,1131,2
Expert,Old Fatalis Scale,1131,4
Constitution,Old Fatalis Scale,1131,3
Fate,Old Fatalis Scale,1131,-3
SteadyHand,Old Fatalis Legs,1131,2
Expert,Old Fatalis Legs,1131,3
Constitution,Old Fatalis Legs,1131,3
Fate,Old Fatalis Legs,1131,-3
Prudence,GX Old Fatalis Face,1132,3
Expert,GX Old Fatalis Face,1132,4
Critical Up,GX Old Fatalis Face,1132,3
Fate,GX Old Fatalis Face,1132,-3
Prudence,GX Old Fatalis Skin,1132,1
Expert,GX Old Fatalis Skin,1132,4
Critical Up,GX Old Fatalis Skin,1132,2
Fate,GX Old Fatalis Skin,1132,-3
Prudence,GX Old Fatalis Fist,1132,2
Expert,GX Old Fatalis Fist,1132,2
Fate,GX Old Fatalis Fist,1132,-3
Prudence,GX Old Fatalis Scale,1132,2
Expert,GX Old Fatalis Scale,1132,5
Critical Up,GX Old Fatalis Scale,1132,2
Fate,GX Old Fatalis Scale,1132,-3
Prudence,GX Old Fatalis Legs,1132,2
Expert,GX Old Fatalis Legs,1132,5
Critical Up,GX Old Fatalis Legs,1132,3
Fate,GX Old Fatalis Legs,1132,-3
Critical Up,Garo Head,1133,2
Gloves Off,Garo Head,1133,2
Insight,Garo Head,1133,2
Sense,Garo Head,1133,-2
Critical Up,Garo Mail,1133,2
Gloves Off,Garo Mail,1133,2
Insight,Garo Mail,1133,1
Sense,Garo Mail,1133,-2
Critical Up,Garo Vambraces,1133,3
Gloves Off,Garo Vambraces,1133,2
Insight,Garo Vambraces,1133,3
Sense,Garo Vambraces,1133,-2
Critical Up,Garo Belt,1133,2
Gloves Off,Garo Belt,1133,2
Insight,Garo Belt,1133,2
Sense,Garo Belt,1133,-2
Critical Up,Garo Greaves,1133,1
Gloves Off,Garo Greaves,1133,2
Insight,Garo Greaves,1133,2
Sense,Garo Greaves,1133,-2
Prudence,Hylian Hood,1134,3
PowerEater,Hylian Hood,1134,2
Mechanic,Hylian Hood,1134,2
Gathering,Hylian Hood,1134,2
Prudence,Blue Jerkin,1134,1
PowerEater,Blue Jerkin,1134,1
Mechanic,Blue Jerkin,1134,1
Gathering,Blue Jerkin,1134,3
Prudence,Hylian Gloves,1134,2
PowerEater,Hylian Gloves,1134,3
Mechanic,Hylian Gloves,1134,2
Gathering,Hylian Gloves,1134,1
Prudence,Hylian Bandolier,1134,2
PowerEater,Hylian Bandolier,1134,2
Mechanic,Hylian Bandolier,1134,3
Gathering,Hylian Bandolier,1134,2
Prudence,Hylian Boots,1134,2
PowerEater,Hylian Boots,1134,2
Mechanic,Hylian Boots,1134,2
Gathering,Hylian Boots,1134,2
Redhelm,Redhelm Helm,1134,2
Defense,Redhelm Helm,1134,2
Constitution,Redhelm Helm,1134,3
Redhelm X,Redhelm Helm,1134,2
Redhelm,Redhelm Mail,1134,1
Defense,Redhelm Mail,1134,2
Constitution,Redhelm Mail,1134,3
Redhelm X,Redhelm Mail,1134,1
Redhelm,Redhelm Vambraces,1134,3
Defense,Redhelm Vambraces,1134,2
Constitution,Redhelm Vambraces,1134,3
Redhelm X,Redhelm Vambraces,1134,3
Redhelm,Redhelm Faulds,1134,2
Defense,Redhelm Faulds,1134,2
Constitution,Redhelm Faulds,1134,3
Redhelm X,Redhelm Faulds,1134,2
Redhelm,Redhelm Greaves,1134,2
Defense,Redhelm Greaves,1134,2
Constitution,Redhelm Greaves,1134,3
Redhelm X,Redhelm Greaves,1134,2
Snowbaron,Snowbaron Helm,1135,2
Vault,Snowbaron Helm,1135,2
Rec Speed,Snowbaron Helm,1135,3
Snowbaron X,Snowbaron Helm,1135,2
Snowbaron,Snowbaron Mail,1135,1
Vault,Snowbaron Mail,1135,2
Rec Speed,Snowbaron Mail,1135,3
Snowbaron X,Snowbaron Mail,1135,1
Snowbaron,Snowbaron Vambraces,1135,2
Vault,Snowbaron Vambraces,1135,2
Rec Speed,Snowbaron Vambraces,1135,3
Snowbaron X,Snowbaron Vambraces,1135,2
Snowbaron,Snowbaron Faulds,1135,2
Vault,Snowbaron Faulds,1135,2
Rec Speed,Snowbaron Faulds,1135,3
Snowbaron X,Snowbaron Faulds,1135,2
Snowbaron,Snowbaron Greaves,1135,3
Vault,Snowbaron Greaves,1135,2
Rec Speed,Snowbaron Greaves,1135,3
Snowbaron X,Snowbaron Greaves,1135,3
Stonefist,Stonefist Helm,1136,2
Crisis,Stonefist Helm,1136,2
Bubble,Stonefist Helm,1136,2
Stonefist X,Stonefist Helm,1136,2
Stonefist,Stonefist Mail,1136,1
Crisis,Stonefist Mail,1136,2
Bubble,Stonefist Mail,1136,1
Stonefist X,Stonefist Mail,1136,1
Stonefist,Stonefist Vambraces,1136,2
Crisis,Stonefist Vambraces,1136,2
Bubble,Stonefist Vambraces,1136,2
Stonefist X,Stonefist Vambraces,1136,2
Stonefist,Stonefist Faulds,1136,3
Crisis,Stonefist Faulds,1136,2
Bubble,Stonefist Faulds,1136,2
Stonefist X,Stonefist Faulds,1136,3
Stonefist,Stonefist Greaves,1136,2
Crisis,Stonefist Greaves,1136,2
Bubble,Stonefist Greaves,1136,3
Stonefist X,Stonefist Greaves,1136,2
Dreadqueen,Dreadqueen Helm,1137,2
Crit Status,Dreadqueen Helm,1137,2
Expert,Dreadqueen Helm,1137,3
Dreadqueen X,Dreadqueen Helm,1137,2
Dreadqueen,Dreadqueen Mail,1137,1
Crit Status,Dreadqueen Mail,1137,2
Expert,Dreadqueen Mail,1137,3
Dreadqueen X,Dreadqueen Mail,1137,1
Dreadqueen,Dreadqueen Braces,1137,2
Crit Status,Dreadqueen Braces,1137,2
Expert,Dreadqueen Braces,1137,3
Dreadqueen X,Dreadqueen Braces,1137,2
Dreadqueen,Dreadqueen Faulds,1137,3
Crit Status,Dreadqueen Faulds,1137,2
Expert,Dreadqueen Faulds,1137,3
Dreadqueen X,Dreadqueen Faulds,1137,3
Dreadqueen,Dreadqueen Greaves,1137,2
Crit Status,Dreadqueen Greaves,1137,2
Expert,Dreadqueen Greaves,1137,3
Dreadqueen X,Dreadqueen Greaves,1137,2
Drilltusk,Drilltusk Helm,1138,2
Tenderizer,Drilltusk Helm,1138,2
Guard,Drilltusk Helm,1138,3
Drilltusk X,Drilltusk Helm,1138,2
Drilltusk,Drilltusk Mail,1138,1
Tenderizer,Drilltusk Mail,1138,1
Guard,Drilltusk Mail,1138,3
Drilltusk X,Drilltusk Mail,1138,1
Drilltusk,Drilltusk Braces,1138,3
Tenderizer,Drilltusk Braces,1138,2
Guard,Drilltusk Braces,1138,3
Drilltusk X,Drilltusk Braces,1138,3
Drilltusk,Drilltusk Faulds,1138,2
Tenderizer,Drilltusk Faulds,1138,2
Guard,Drilltusk Faulds,1138,3
Drilltusk X,Drilltusk Faulds,1138,2
Drilltusk,Drilltusk Greaves,1138,2
Tenderizer,Drilltusk Greaves,1138,3
Guard,Drilltusk Greaves,1138,3
Drilltusk X,Drilltusk Greaves,1138,2
Silverwind,Silverwind Helm,1139,2
Evade Dist,Silverwind Helm,1139,2
Critical Up,Silverwind Helm,1139,2
Silverwind X,Silverwind Helm,1139,2
Silverwind,Silverwind Mail,1139,1
Evade Dist,Silverwind Mail,1139,2
Critical Up,Silverwind Mail,1139,2
Silverwind X,Silverwind Mail,1139,1
Silverwind,Silverwind Braces,1139,2
Evade Dist,Silverwind Braces,1139,2
Critical Up,Silverwind Braces,1139,2
Silverwind X,Silverwind Braces,1139,2
Silverwind,Silverwind Faulds,1139,2
Evade Dist,Silverwind Faulds,1139,2
Critical Up,Silverwind Faulds,1139,2
Silverwind X,Silverwind Faulds,1139,2
Silverwind,Silverwind Greaves,1139,3
Evade Dist,Silverwind Greaves,1139,2
Critical Up,Silverwind Greaves,1139,2
Silverwind X,Silverwind Greaves,1139,3
C.beard,Crystalbeard Helm,1140,2
Chance,Crystalbeard Helm,1140,2
Fate,Crystalbeard Helm,1140,3
Crystalbeard X,Crystalbeard Helm,1140,2
C.beard,Crystalbeard Mail,1140,1
Chance,Crystalbeard Mail,1140,1
Fate,Crystalbeard Mail,1140,3
Crystalbeard X,Crystalbeard Mail,1140,1
C.beard,Crystalbeard Braces,1140,3
Chance,Crystalbeard Braces,1140,2
Fate,Crystalbeard Braces,1140,3
Crystalbeard X,Crystalbeard Braces,1140,3
C.beard,Crystalbeard Faulds,1140,2
Chance,Crystalbeard Faulds,1140,3
Fate,Crystalbeard Faulds,1140,3
Crystalbeard X,Crystalbeard Faulds,1140,2
C.beard,Crystalbeard Greaves,1140,2
Chance,Crystalbeard Greaves,1140,2
Fate,Crystalbeard Greaves,1140,3
Crystalbeard X,Crystalbeard Greaves,1140,2
Deadeye,Deadeye Helm,1141,2
Guts,Deadeye Helm,1141,2
Chain Crit,Deadeye Helm,1141,2
Deadeye X,Deadeye Helm,1141,2
Deadeye,Deadeye Mail,1141,1
Guts,Deadeye Mail,1141,1
Chain Crit,Deadeye Mail,1141,2
Deadeye X,Deadeye Mail,1141,1
Deadeye,Deadeye Vambraces,1141,2
Guts,Deadeye Vambraces,1141,2
Chain Crit,Deadeye Vambraces,1141,2
Deadeye X,Deadeye Vambraces,1141,2
Deadeye,Deadeye Faulds,1141,2
Guts,Deadeye Faulds,1141,3
Chain Crit,Deadeye Faulds,1141,2
Deadeye X,Deadeye Faulds,1141,2
Deadeye,Deadeye Greaves,1141,3
Guts,Deadeye Greaves,1141,2
Chain Crit,Deadeye Greaves,1141,2
Deadeye X,Deadeye Greaves,1141,3
Dreadking,Dreadking Helm,1142,2
Tenderizer,Dreadking Helm,1142,2
Hearing,Dreadking Helm,1142,3
Dreadking X,Dreadking Helm,1142,2
Dreadking,Dreadking Mail,1142,1
Tenderizer,Dreadking Mail,1142,1
Hearing,Dreadking Mail,1142,3
Dreadking X,Dreadking Mail,1142,1
Dreadking,Dreadking Braces,1142,2
Tenderizer,Dreadking Braces,1142,3
Hearing,Dreadking Braces,1142,3
Dreadking X,Dreadking Braces,1142,2
Dreadking,Dreadking Faulds,1142,3
Tenderizer,Dreadking Faulds,1142,2
Hearing,Dreadking Faulds,1142,3
Dreadking X,Dreadking Faulds,1142,3
Dreadking,Dreadking Greaves,1142,2
Tenderizer,Dreadking Greaves,1142,2
Hearing,Dreadking Greaves,1142,3
Dreadking X,Dreadking Greaves,1142,2
Thunderlord,Thunderlord Helm,1143,2
Stamina,Thunderlord Helm,1143,2
Frenzy Res,Thunderlord Helm,1143,2
Thunderlord X,Thunderlord Helm,1143,2
Thunderlord,Thunderlord Mail,1143,1
Stamina,Thunderlord Mail,1143,2
Frenzy Res,Thunderlord Mail,1143,2
Thunderlord X,Thunderlord Mail,1143,1
Thunderlord,Thunderlord Braces,1143,2
Stamina,Thunderlord Braces,1143,2
Frenzy Res,Thunderlord Braces,1143,2
Thunderlord X,Thunderlord Braces,1143,2
Thunderlord,Thunderlord Faulds,1143,2
Stamina,Thunderlord Faulds,1143,2
Frenzy Res,Thunderlord Faulds,1143,2
Thunderlord X,Thunderlord Faulds,1143,3
Thunderlord,Thunderlord Greaves,1143,3
Stamina,Thunderlord Greaves,1143,2
Frenzy Res,Thunderlord Greaves,1143,2
Thunderlord X,Thunderlord Greaves,1143,2
Grimclaw,Grimclaw Helm,1144,2
Destroyer,Grimclaw Helm,1144,2
Crit Draw,Grimclaw Helm,1144,2
Grimclaw X,Grimclaw Helm,1144,2
Grimclaw,Grimclaw Mail,1144,1
Destroyer,Grimclaw Mail,1144,2
Crit Draw,Grimclaw Mail,1144,1
Grimclaw X,Grimclaw Mail,1144,1
Grimclaw,Grimclaw Braces,1144,3
Destroyer,Grimclaw Braces,1144,2
Crit Draw,Grimclaw Braces,1144,2
Grimclaw X,Grimclaw Braces,1144,2
Grimclaw,Grimclaw Faulds,1144,2
Destroyer,Grimclaw Faulds,1144,2
Crit Draw,Grimclaw Faulds,1144,2
Grimclaw X,Grimclaw Faulds,1144,3
Grimclaw,Grimclaw Greaves,1144,2
Destroyer,Grimclaw Greaves,1144,2
Crit Draw,Grimclaw Greaves,1144,3
Grimclaw X,Grimclaw Greaves,1144,2
Hellblade,Hellblade Helm,1145,2
Grinder,Hellblade Helm,1145,2
Protection,Hellblade Helm,1145,2
Hellblade X,Hellblade Helm,1145,2
Hellblade,Hellblade Mail,1145,1
Grinder,Hellblade Mail,1145,2
Protection,Hellblade Mail,1145,2
Hellblade X,Hellblade Mail,1145,1
Hellblade,Hellblade Braces,1145,2
Grinder,Hellblade Braces,1145,2
Protection,Hellblade Braces,1145,2
Hellblade X,Hellblade Braces,1145,2
Hellblade,Hellblade Faulds,1145,3
Grinder,Hellblade Faulds,1145,2
Protection,Hellblade Faulds,1145,2
Hellblade X,Hellblade Faulds,1145,3
Hellblade,Hellblade Greaves,1145,2
Grinder,Hellblade Greaves,1145,2
Protection,Hellblade Greaves,1145,2
Hellblade X,Hellblade Greaves,1145,2
Nightcloak,Nightcloak Helm,1146,2
Sense,Nightcloak Helm,1146,2
Insight,Nightcloak Helm,1146,2
Nightcloak X,Nightcloak Helm,1146,2
Nightcloak,Nightcloak Mail,1146,1
Sense,Nightcloak Mail,1146,2
Insight,Nightcloak Mail,1146,1
Nightcloak X,Nightcloak Mail,1146,1
Nightcloak,Nightcloak Vambraces,1146,2
Sense,Nightcloak Vambraces,1146,2
Insight,Nightcloak Vambraces,1146,2
Nightcloak X,Nightcloak Vambraces,1146,2
Nightcloak,Nightcloak Faulds,1146,3
Sense,Nightcloak Faulds,1146,2
Insight,Nightcloak Faulds,1146,2
Nightcloak X,Nightcloak Faulds,1146,3
Nightcloak,Nightcloak Greaves,1146,2
Sense,Nightcloak Greaves,1146,2
Insight,Nightcloak Greaves,1146,3
Nightcloak X,Nightcloak Greaves,1146,2
Rustrazor,Rustrazor Helm,1147,2
Guard Up,Rustrazor Helm,1147,2
Sharpness,Rustrazor Helm,1147,2
Rustrazor X,Rustrazor Helm,1147,2
Rustrazor,Rustrazor Mail,1147,1
Guard Up,Rustrazor Mail,1147,2
Sharpness,Rustrazor Mail,1147,1
Rustrazor X,Rustrazor Mail,1147,1
Rustrazor,Rustrazor Vambraces,1147,2
Guard Up,Rustrazor Vambraces,1147,2
Sharpness,Rustrazor Vambraces,1147,2
Rustrazor X,Rustrazor Vambraces,1147,2
Rustrazor,Rustrazor Faulds,1147,3
Guard Up,Rustrazor Faulds,1147,2
Sharpness,Rustrazor Faulds,1147,2
Rustrazor X,Rustrazor Faulds,1147,3
Rustrazor,Rustrazor Greaves,1147,2
Guard Up,Rustrazor Greaves,1147,2
Sharpness,Rustrazor Greaves,1147,3
Rustrazor X,Rustrazor Greaves,1147,2
Soulseer,Soulseer Helm,1148,2
Bubble,Soulseer Helm,1148,2
Nimbleness,Soulseer Helm,1148,2
Soulseer X,Soulseer Helm,1148,2
Soulseer,Soulseer Mail,1148,1
Bubble,Soulseer Mail,1148,2
Nimbleness,Soulseer Mail,1148,1
Soulseer X,Soulseer Mail,1148,1
Soulseer,Soulseer Vambraces,1148,2
Bubble,Soulseer Vambraces,1148,2
Nimbleness,Soulseer Vambraces,1148,2
Soulseer X,Soulseer Vambraces,1148,2
Soulseer,Soulseer Faulds,1148,3
Bubble,Soulseer Faulds,1148,2
Nimbleness,Soulseer Faulds,1148,2
Soulseer X,Soulseer Faulds,1148,3
Soulseer,Soulseer Greaves,1148,2
Bubble,Soulseer Greaves,1148,2
Nimbleness,Soulseer Greaves,1148,3
Soulseer X,Soulseer Greaves,1148,2
Boltreaver,Boltreaver Helm,1149,2
Chain Crit,Boltreaver Helm,1149,2
Vault,Boltreaver Helm,1149,2
Boltreaver X,Boltreaver Helm,1149,2
Boltreaver,Boltreaver Mail,1149,1
Chain Crit,Boltreaver Mail,1149,2
Vault,Boltreaver Mail,1149,1
Boltreaver X,Boltreaver Mail,1149,1
Boltreaver,Boltreaver Vambraces,1149,2
Chain Crit,Boltreaver Vambraces,1149,2
Vault,Boltreaver Vambraces,1149,2
Boltreaver X,Boltreaver Vambraces,1149,2
Boltreaver,Boltreaver Faulds,1149,3
Chain Crit,Boltreaver Faulds,1149,2
Vault,Boltreaver Faulds,1149,2
Boltreaver X,Boltreaver Faulds,1149,3
Boltreaver,Boltreaver Greaves,1149,2
Chain Crit,Boltreaver Greaves,1149,2
Vault,Boltreaver Greaves,1149,3
Boltreaver X,Boltreaver Greaves,1149,2
Elderfrost,Elderfrost Helm,1150,2
FastCharge,Elderfrost Helm,1150,2
Stam Recov,Elderfrost Helm,1150,2
Elderfrost X,Elderfrost Helm,1150,2
Elderfrost,Elderfrost Mail,1150,1
FastCharge,Elderfrost Mail,1150,2
Stam Recov,Elderfrost Mail,1150,1
Elderfrost X,Elderfrost Mail,1150,1
Elderfrost,Elderfrost Vambraces,1150,2
FastCharge,Elderfrost Vambraces,1150,2
Stam Recov,Elderfrost Vambraces,1150,2
Elderfrost X,Elderfrost Vambraces,1150,2
Elderfrost,Elderfrost Faulds,1150,3
FastCharge,Elderfrost Faulds,1150,2
Stam Recov,Elderfrost Faulds,1150,2
Elderfrost X,Elderfrost Faulds,1150,3
Elderfrost,Elderfrost Greaves,1150,2
FastCharge,Elderfrost Greaves,1150,2
Stam Recov,Elderfrost Greaves,1150,3
Elderfrost X,Elderfrost Greaves,1150,2
Bloodbath,Bloodbath Helm,1151,2
Negative Crit,Bloodbath Helm,1151,2
Furor,Bloodbath Helm,1151,2
Bloodbath X,Bloodbath Helm,1151,2
Bloodbath,Bloodbath Mail,1151,1
Negative Crit,Bloodbath Mail,1151,2
Furor,Bloodbath Mail,1151,1
Bloodbath X,Bloodbath Mail,1151,1
Bloodbath,Bloodbath Vambraces,1151,2
Negative Crit,Bloodbath Vambraces,1151,2
Furor,Bloodbath Vambraces,1151,2
Bloodbath X,Bloodbath Vambraces,1151,2
Bloodbath,Bloodbath Faulds,1151,3
Negative Crit,Bloodbath Faulds,1151,2
Furor,Bloodbath Faulds,1151,2
Bloodbath X,Bloodbath Faulds,1151,3
Bloodbath,Bloodbath Greaves,1151,2
Negative Crit,Bloodbath Greaves,1151,2
Furor,Bloodbath Greaves,1151,3
Bloodbath X,Bloodbath Greaves,1151,2
Redhelm,Redhelm Cap,1151,3
Defense,Redhelm Cap,1151,2
Constitution,Redhelm Cap,1151,3
Redhelm X,Redhelm Cap,1151,3
Redhelm,Redhelm Vest,1151,1
Defense,Redhelm Vest,1151,2
Constitution,Redhelm Vest,1151,3
Redhelm X,Redhelm Vest,1151,1
Redhelm,Redhelm Guards,1151,2
Defense,Redhelm Guards,1151,2
Constitution,Redhelm Guards,1151,3
Redhelm X,Redhelm Guards,1151,2
Redhelm,Redhelm Coat,1151,2
Defense,Redhelm Coat,1151,2
Constitution,Redhelm Coat,1151,3
Redhelm X,Redhelm Coat,1151,2
Redhelm,Redhelm Leggings,1151,2
Defense,Redhelm Leggings,1151,2
Constitution,Redhelm Leggings,1151,3
Redhelm X,Redhelm Leggings,1151,2
Snowbaron,Snowbaron Cap,1152,3
Vault,Snowbaron Cap,1152,2
Rec Speed,Snowbaron Cap,1152,3
Snowbaron X,Snowbaron Cap,1152,3
Snowbaron,Snowbaron Vest,1152,1
Vault,Snowbaron Vest,1152,2
Rec Speed,Snowbaron Vest,1152,3
Snowbaron X,Snowbaron Vest,1152,1
Snowbaron,Snowbaron Guards,1152,2
Vault,Snowbaron Guards,1152,2
Rec Speed,Snowbaron Guards,1152,3
Snowbaron X,Snowbaron Guards,1152,2
Snowbaron,Snowbaron Coat,1152,2
Vault,Snowbaron Coat,1152,2
Rec Speed,Snowbaron Coat,1152,3
Snowbaron X,Snowbaron Coat,1152,2
Snowbaron,Snowbaron Leggings,1152,2
Vault,Snowbaron Leggings,1152,2
Rec Speed,Snowbaron Leggings,1152,3
Snowbaron X,Snowbaron Leggings,1152,2
Stonefist,Stonefist Cap,1153,3
Crisis,Stonefist Cap,1153,2
Bubble,Stonefist Cap,1153,2
Stonefist X,Stonefist Cap,1153,3
Stonefist,Stonefist Vest,1153,1
Crisis,Stonefist Vest,1153,2
Bubble,Stonefist Vest,1153,1
Stonefist X,Stonefist Vest,1153,1
Stonefist,Stonefist Guards,1153,2
Crisis,Stonefist Guards,1153,2
Bubble,Stonefist Guards,1153,2
Stonefist X,Stonefist Guards,1153,2
Stonefist,Stonefist Coat,1153,2
Crisis,Stonefist Coat,1153,2
Bubble,Stonefist Coat,1153,2
Stonefist X,Stonefist Coat,1153,2
Stonefist,Stonefist Leggings,1153,2
Crisis,Stonefist Leggings,1153,2
Bubble,Stonefist Leggings,1153,3
Stonefist X,Stonefist Leggings,1153,2
Dreadqueen,Dreadqueen Cap,1154,3
Crit Status,Dreadqueen Cap,1154,2
Expert,Dreadqueen Cap,1154,3
Dreadqueen X,Dreadqueen Cap,1154,3
Dreadqueen,Dreadqueen Vest,1154,1
Crit Status,Dreadqueen Vest,1154,2
Expert,Dreadqueen Vest,1154,3
Dreadqueen X,Dreadqueen Vest,1154,1
Dreadqueen,Dreadqueen Guards,1154,2
Crit Status,Dreadqueen Guards,1154,2
Expert,Dreadqueen Guards,1154,3
Dreadqueen X,Dreadqueen Guards,1154,2
Dreadqueen,Dreadqueen Coat,1154,2
Crit Status,Dreadqueen Coat,1154,2
Expert,Dreadqueen Coat,1154,3
Dreadqueen X,Dreadqueen Coat,1154,2
Dreadqueen,Dreadqueen Leggings,1154,2
Crit Status,Dreadqueen Leggings,1154,2
Expert,Dreadqueen Leggings,1154,3
Dreadqueen X,Dreadqueen Leggings,1154,2
Drilltusk,Drilltusk Cap,1155,3
Tenderizer,Drilltusk Cap,1155,2
Reload Spd,Drilltusk Cap,1155,3
Drilltusk X,Drilltusk Cap,1155,3
Drilltusk,Drilltusk Vest,1155,1
Tenderizer,Drilltusk Vest,1155,1
Reload Spd,Drilltusk Vest,1155,3
Drilltusk X,Drilltusk Vest,1155,1
Drilltusk,Drilltusk Guards,1155,2
Tenderizer,Drilltusk Guards,1155,2
Reload Spd,Drilltusk Guards,1155,3
Drilltusk X,Drilltusk Guards,1155,2
Drilltusk,Drilltusk Coat,1155,2
Tenderizer,Drilltusk Coat,1155,2
Reload Spd,Drilltusk Coat,1155,3
Drilltusk X,Drilltusk Coat,1155,2
Drilltusk,Drilltusk Leggings,1155,2
Tenderizer,Drilltusk Leggings,1155,3
Reload Spd,Drilltusk Leggings,1155,3
Drilltusk X,Drilltusk Leggings,1155,2
Silverwind,Silverwind Cap,1156,3
Evade Dist,Silverwind Cap,1156,2
Critical Up,Silverwind Cap,1156,2
Silverwind X,Silverwind Cap,1156,3
Silverwind,Silverwind Vest,1156,1
Evade Dist,Silverwind Vest,1156,2
Critical Up,Silverwind Vest,1156,2
Silverwind X,Silverwind Vest,1156,1
Silverwind,Silverwind Guards,1156,2
Evade Dist,Silverwind Guards,1156,2
Critical Up,Silverwind Guards,1156,2
Silverwind X,Silverwind Guards,1156,2
Silverwind,Silverwind Coat,1156,2
Evade Dist,Silverwind Coat,1156,2
Critical Up,Silverwind Coat,1156,2
Silverwind X,Silverwind Coat,1156,2
Silverwind,Silverwind Leggings,1156,2
Evade Dist,Silverwind Leggings,1156,2
Critical Up,Silverwind Leggings,1156,2
Silverwind X,Silverwind Leggings,1156,2
C.beard,Crystalbeard Cap,1157,3
Chance,Crystalbeard Cap,1157,2
Fate,Crystalbeard Cap,1157,3
Crystalbeard X,Crystalbeard Cap,1157,3
C.beard,Crystalbeard Vest,1157,1
Chance,Crystalbeard Vest,1157,1
Fate,Crystalbeard Vest,1157,3
Crystalbeard X,Crystalbeard Vest,1157,1
C.beard,Crystalbeard Guards,1157,2
Chance,Crystalbeard Guards,1157,2
Fate,Crystalbeard Guards,1157,3
Crystalbeard X,Crystalbeard Guards,1157,2
C.beard,Crystalbeard Coat,1157,2
Chance,Crystalbeard Coat,1157,3
Fate,Crystalbeard Coat,1157,3
Crystalbeard X,Crystalbeard Coat,1157,2
C.beard,Crystalbeard Leggings,1157,2
Chance,Crystalbeard Leggings,1157,2
Fate,Crystalbeard Leggings,1157,3
Crystalbeard X,Crystalbeard Leggings,1157,2
Deadeye,Deadeye Cap,1158,3
Guts,Deadeye Cap,1158,2
Chain Crit,Deadeye Cap,1158,2
Deadeye X,Deadeye Cap,1158,3
Deadeye,Deadeye Vest,1158,1
Guts,Deadeye Vest,1158,1
Chain Crit,Deadeye Vest,1158,2
Deadeye X,Deadeye Vest,1158,1
Deadeye,Deadeye Guards,1158,2
Guts,Deadeye Guards,1158,2
Chain Crit,Deadeye Guards,1158,2
Deadeye X,Deadeye Guards,1158,2
Deadeye,Deadeye Coat,1158,2
Guts,Deadeye Coat,1158,3
Chain Crit,Deadeye Coat,1158,2
Deadeye X,Deadeye Coat,1158,2
Deadeye,Deadeye Leggings,1158,2
Guts,Deadeye Leggings,1158,2
Chain Crit,Deadeye Leggings,1158,2
Deadeye X,Deadeye Leggings,1158,2
Dreadking,Dreadking Cap,1159,3
Tenderizer,Dreadking Cap,1159,2
Hearing,Dreadking Cap,1159,3
Dreadking X,Dreadking Cap,1159,3
Dreadking,Dreadking Vest,1159,1
Tenderizer,Dreadking Vest,1159,1
Hearing,Dreadking Vest,1159,3
Dreadking X,Dreadking Vest,1159,1
Dreadking,Dreadking Guards,1159,2
Tenderizer,Dreadking Guards,1159,3
Hearing,Dreadking Guards,1159,3
Dreadking X,Dreadking Guards,1159,2
Dreadking,Dreadking Coat,1159,2
Tenderizer,Dreadking Coat,1159,2
Hearing,Dreadking Coat,1159,3
Dreadking X,Dreadking Coat,1159,2
Dreadking,Dreadking Leggings,1159,2
Tenderizer,Dreadking Leggings,1159,2
Hearing,Dreadking Leggings,1159,3
Dreadking X,Dreadking Leggings,1159,2
Thunderlord,Thunderlord Cap,1160,3
Stamina,Thunderlord Cap,1160,2
Frenzy Res,Thunderlord Cap,1160,2
Thunderlord X,Thunderlord Cap,1160,3
Thunderlord,Thunderlord Vest,1160,1
Stamina,Thunderlord Vest,1160,2
Frenzy Res,Thunderlord Vest,1160,2
Thunderlord X,Thunderlord Vest,1160,1
Thunderlord,Thunderlord Guards,1160,2
Stamina,Thunderlord Guards,1160,2
Frenzy Res,Thunderlord Guards,1160,2
Thunderlord X,Thunderlord Guards,1160,2
Thunderlord,Thunderlord Coat,1160,2
Stamina,Thunderlord Coat,1160,2
Frenzy Res,Thunderlord Coat,1160,2
Thunderlord X,Thunderlord Coat,1160,2
Thunderlord,Thunderlord Leggings,1160,2
Stamina,Thunderlord Leggings,1160,2
Frenzy Res,Thunderlord Leggings,1160,2
Thunderlord X,Thunderlord Leggings,1160,2
Grimclaw,Grimclaw Cap,1161,3
Destroyer,Grimclaw Cap,1161,2
Normal Up,Grimclaw Cap,1161,2
Grimclaw X,Grimclaw Cap,1161,3
Grimclaw,Grimclaw Vest,1161,1
Destroyer,Grimclaw Vest,1161,2
Normal Up,Grimclaw Vest,1161,1
Grimclaw X,Grimclaw Vest,1161,1
Grimclaw,Grimclaw Guards,1161,2
Destroyer,Grimclaw Guards,1161,2
Normal Up,Grimclaw Guards,1161,2
Grimclaw X,Grimclaw Guards,1161,2
Grimclaw,Grimclaw Coat,1161,2
Destroyer,Grimclaw Coat,1161,2
Normal Up,Grimclaw Coat,1161,2
Grimclaw X,Grimclaw Coat,1161,2
Grimclaw,Grimclaw Leggings,1161,2
Destroyer,Grimclaw Leggings,1161,2
Normal Up,Grimclaw Leggings,1161,3
Grimclaw X,Grimclaw Leggings,1161,2
Hellblade,Hellblade Cap,1162,3
Grinder,Hellblade Cap,1162,2
Protection,Hellblade Cap,1162,2
Hellblade X,Hellblade Cap,1162,3
Hellblade,Hellblade Vest,1162,1
Grinder,Hellblade Vest,1162,2
Protection,Hellblade Vest,1162,2
Hellblade X,Hellblade Vest,1162,1
Hellblade,Hellblade Guards,1162,2
Grinder,Hellblade Guards,1162,2
Protection,Hellblade Guards,1162,2
Hellblade X,Hellblade Guards,1162,2
Hellblade,Hellblade Coat,1162,2
Grinder,Hellblade Coat,1162,2
Protection,Hellblade Coat,1162,2
Hellblade X,Hellblade Coat,1162,2
Hellblade,Hellblade Leggings,1162,2
Grinder,Hellblade Leggings,1162,2
Protection,Hellblade Leggings,1162,2
Hellblade X,Hellblade Leggings,1162,2
Nightcloak,Nightcloak Cap,1163,3
Sense,Nightcloak Cap,1163,2
Insight,Nightcloak Cap,1163,2
Nightcloak X,Nightcloak Cap,1163,3
Nightcloak,Nightcloak Vest,1163,1
Sense,Nightcloak Vest,1163,2
Insight,Nightcloak Vest,1163,1
Nightcloak X,Nightcloak Vest,1163,1
Nightcloak,Nightcloak Guards,1163,2
Sense,Nightcloak Guards,1163,2
Insight,Nightcloak Guards,1163,2
Nightcloak X,Nightcloak Guards,1163,2
Nightcloak,Nightcloak Coat,1163,2
Sense,Nightcloak Coat,1163,2
Insight,Nightcloak Coat,1163,2
Nightcloak X,Nightcloak Coat,1163,2
Nightcloak,Nightcloak Leggings,1163,2
Sense,Nightcloak Leggings,1163,2
Insight,Nightcloak Leggings,1163,3
Nightcloak X,Nightcloak Leggings,1163,2
Rustrazor,Rustrazor Cap,1164,3
Guard Up,Rustrazor Cap,1164,2
Pierce Up,Rustrazor Cap,1164,2
Rustrazor X,Rustrazor Cap,1164,3
Rustrazor,Rustrazor Vest,1164,1
Guard Up,Rustrazor Vest,1164,2
Pierce Up,Rustrazor Vest,1164,1
Rustrazor X,Rustrazor Vest,1164,1
Rustrazor,Rustrazor Guards,1164,2
Guard Up,Rustrazor Guards,1164,2
Pierce Up,Rustrazor Guards,1164,2
Rustrazor X,Rustrazor Guards,1164,2
Rustrazor,Rustrazor Coat,1164,2
Guard Up,Rustrazor Coat,1164,2
Pierce Up,Rustrazor Coat,1164,2
Rustrazor X,Rustrazor Coat,1164,2
Rustrazor,Rustrazor Leggings,1164,2
Guard Up,Rustrazor Leggings,1164,2
Pierce Up,Rustrazor Leggings,1164,3
Rustrazor X,Rustrazor Leggings,1164,2
Soulseer,Soulseer Cap,1165,3
Bubble,Soulseer Cap,1165,2
Nimbleness,Soulseer Cap,1165,2
Soulseer X,Soulseer Cap,1165,3
Soulseer,Soulseer Vest,1165,1
Bubble,Soulseer Vest,1165,2
Nimbleness,Soulseer Vest,1165,1
Soulseer X,Soulseer Vest,1165,1
Soulseer,Soulseer Guards,1165,2
Bubble,Soulseer Guards,1165,2
Nimbleness,Soulseer Guards,1165,2
Soulseer X,Soulseer Guards,1165,2
Soulseer,Soulseer Coat,1165,2
Bubble,Soulseer Coat,1165,2
Nimbleness,Soulseer Coat,1165,2
Soulseer X,Soulseer Coat,1165,2
Soulseer,Soulseer Leggings,1165,2
Bubble,Soulseer Leggings,1165,2
Nimbleness,Soulseer Leggings,1165,3
Soulseer X,Soulseer Leggings,1165,2
Boltreaver,Boltreaver Cap,1166,3
Chain Crit,Boltreaver Cap,1166,2
Vault,Boltreaver Cap,1166,2
Boltreaver X,Boltreaver Cap,1166,3
Boltreaver,Boltreaver Vest,1166,1
Chain Crit,Boltreaver Vest,1166,2
Vault,Boltreaver Vest,1166,1
Boltreaver X,Boltreaver Vest,1166,1
Boltreaver,Boltreaver Guards,1166,2
Chain Crit,Boltreaver Guards,1166,2
Vault,Boltreaver Guards,1166,2
Boltreaver X,Boltreaver Guards,1166,2
Boltreaver,Boltreaver Coat,1166,2
Chain Crit,Boltreaver Coat,1166,2
Vault,Boltreaver Coat,1166,2
Boltreaver X,Boltreaver Coat,1166,2
Boltreaver,Boltreaver Leggings,1166,2
Chain Crit,Boltreaver Leggings,1166,2
Vault,Boltreaver Leggings,1166,3
Boltreaver X,Boltreaver Leggings,1166,2
Elderfrost,Elderfrost Cap,1167,3
FastCharge,Elderfrost Cap,1167,2
Stam Recov,Elderfrost Cap,1167,2
Elderfrost X,Elderfrost Cap,1167,3
Elderfrost,Elderfrost Vest,1167,1
FastCharge,Elderfrost Vest,1167,2
Stam Recov,Elderfrost Vest,1167,1
Elderfrost X,Elderfrost Vest,1167,1
Elderfrost,Elderfrost Guards,1167,2
FastCharge,Elderfrost Guards,1167,2
Stam Recov,Elderfrost Guards,1167,2
Elderfrost X,Elderfrost Guards,1167,2
Elderfrost,Elderfrost Coat,1167,2
FastCharge,Elderfrost Coat,1167,2
Stam Recov,Elderfrost Coat,1167,2
Elderfrost X,Elderfrost Coat,1167,2
Elderfrost,Elderfrost Leggings,1167,2
FastCharge,Elderfrost Leggings,1167,2
Stam Recov,Elderfrost Leggings,1167,3
Elderfrost X,Elderfrost Leggings,1167,2
Bloodbath,Bloodbath Cap,1168,3
Negative Crit,Bloodbath Cap,1168,2
Furor,Bloodbath Cap,1168,2
Bloodbath X,Bloodbath Cap,1168,3
Bloodbath,Bloodbath Vest,1168,1
Negative Crit,Bloodbath Vest,1168,2
Furor,Bloodbath Vest,1168,1
Bloodbath X,Bloodbath Vest,1168,1
Bloodbath,Bloodbath Guards,1168,2
Negative Crit,Bloodbath Guards,1168,2
Furor,Bloodbath Guards,1168,2
Bloodbath X,Bloodbath Guards,1168,2
Bloodbath,Bloodbath Coat,1168,2
Negative Crit,Bloodbath Coat,1168,2
Furor,Bloodbath Coat,1168,2
Bloodbath X,Bloodbath Coat,1168,2
Bloodbath,Bloodbath Leggings,1168,2
Negative Crit,Bloodbath Leggings,1168,2
Furor,Bloodbath Leggings,1168,3
Bloodbath X,Bloodbath Leggings,1168,2
