name,armor_set_id,min_defense,max_defense,fire,ice,thunder,water,dragon,rarity,hunter_type,wearable_by,num_slots
Hunting Helm,0,2,50,1,0,0,0,0,1,blademaster,both,1
Hunting Mail,0,2,50,1,0,0,0,0,1,blademaster,both,0
Hunting Braces,0,2,50,1,0,0,0,0,1,blademaster,both,0
Hunting Faulds,0,2,50,1,0,0,0,0,1,blademaster,both,1
Hunting Greaves,0,2,50,1,0,0,0,0,1,blademaster,both,2
Hunter's Helm,1,6,54,0,0,0,0,0,1,blademaster,both,0
Hunter's Mail,1,6,54,0,0,0,0,0,1,blademaster,both,1
Hunter's Vambraces,1,6,54,0,0,0,0,0,1,blademaster,both,1
Hunter's Faulds,1,6,54,0,0,0,0,0,1,blademaster,both,1
Hunter's Greaves,1,6,54,0,0,0,0,0,1,blademaster,both,2
Bone Helm,2,6,54,0,-1,0,0,0,1,blademaster,both,1
Bone Mail,2,6,54,0,-1,0,0,0,1,blademaster,both,0
Bone Vambraces,2,6,54,0,-1,0,0,0,1,blademaster,both,2
Bone Faulds,2,6,54,0,-1,0,0,0,1,blademaster,both,2
Bone Greaves,2,6,54,0,-1,0,0,0,1,blademaster,both,0
Chaoshroom,3,6,54,2,0,0,-2,0,1,blademaster,both,1
Chaos Plate,3,6,54,2,0,0,-2,0,1,blademaster,both,2
Trapper's Gauntlets,4,6,54,0,0,0,1,0,1,blademaster,both,1
Trapper's Greaves,4,6,54,0,0,0,1,0,1,blademaster,both,0
Maccao Gauntlets,5,6,54,0,0,1,0,0,1,blademaster,both,0
Maccao Shinguards,5,6,54,0,0,1,0,0,1,blademaster,both,2
Jaggi Gauntlets,6,6,54,0,1,0,0,0,1,blademaster,both,0
Jaggi Shinguards,6,6,54,0,1,0,0,0,1,blademaster,both,2
Jaggi Helm,7,6,54,-2,0,0,0,0,1,blademaster,both,0
Jaggi Mail,7,6,54,-2,0,0,0,0,1,blademaster,both,0
Jaggi Vambraces,7,6,54,-2,0,0,0,0,1,blademaster,both,1
Jaggi Faulds,7,6,54,-2,0,0,0,0,1,blademaster,both,1
Jaggi Greaves,7,6,54,-2,0,0,0,0,1,blademaster,both,1
Maccao Helm,8,8,56,-2,0,0,0,0,1,blademaster,both,1
Maccao Mail,8,8,56,-2,0,0,0,0,1,blademaster,both,0
Maccao Braces,8,8,56,-2,0,0,0,0,1,blademaster,both,2
Maccao Faulds,8,8,56,-2,0,0,0,0,1,blademaster,both,1
Maccao Greaves,8,8,56,-2,0,0,0,0,1,blademaster,both,1
Velociprey Helm,9,8,56,0,-2,0,0,0,1,blademaster,both,1
Velociprey Mail,9,8,56,0,-2,0,0,0,1,blademaster,both,0
Velociprey Braces,9,8,56,0,-2,0,0,0,1,blademaster,both,1
Velociprey Tassets,9,8,56,0,-2,0,0,0,1,blademaster,both,1
Velociprey Greaves,9,8,56,0,-2,0,0,0,1,blademaster,both,2
Giaprey Helm,10,8,56,0,2,-1,0,0,1,blademaster,both,0
Giaprey Mail,10,8,56,0,2,-1,0,0,1,blademaster,both,0
Giaprey Vambraces,10,8,56,0,2,-1,0,0,1,blademaster,both,1
Giaprey Tassets,10,8,56,0,2,-1,0,0,1,blademaster,both,1
Giaprey Greaves,10,8,56,0,2,-1,0,0,1,blademaster,both,3
Genprey Helm,11,10,58,0,-2,1,0,0,1,blademaster,both,2
Genprey Mail,11,10,58,0,-2,1,0,0,1,blademaster,both,0
Genprey Vambraces,11,10,58,0,-2,1,0,0,1,blademaster,both,1
Genprey Tassets,11,10,58,0,-2,1,0,0,1,blademaster,both,2
Genprey Greaves,11,10,58,0,-2,1,0,0,1,blademaster,both,0
Vespoid Helm,12,10,58,-2,1,1,1,2,1,blademaster,both,2
Vespoid Mail,12,10,58,-2,1,1,1,2,1,blademaster,both,1
Vespoid Vambraces,12,10,58,-2,1,1,1,2,1,blademaster,both,1
Vespoid Tassets,12,10,58,-2,1,1,1,2,1,blademaster,both,0
Vespoid Greaves,12,10,58,-2,1,1,1,2,1,blademaster,both,2
Hornetaur Helm,13,10,58,-1,-1,-1,-1,4,1,blademaster,both,1
Hornetaur Mail,13,10,58,-1,-1,-1,-1,4,1,blademaster,both,0
Hornetaur Braces,13,10,58,-1,-1,-1,-1,4,1,blademaster,both,2
Hornetaur Tassets,13,10,58,-1,-1,-1,-1,4,1,blademaster,both,1
Hornetaur Greaves,13,10,58,-1,-1,-1,-1,4,1,blademaster,both,1
Bnahabra Hat,14,10,58,-2,0,0,0,2,1,blademaster,both,1
Bnahabra Suit,14,10,58,-2,0,0,0,2,1,blademaster,both,1
Bnahabra Gloves,14,10,58,-2,0,0,0,2,1,blademaster,both,1
Bnahabra Coil,14,10,58,-2,0,0,0,2,1,blademaster,both,0
Bnahabra Boots,14,10,58,-2,0,0,0,2,1,blademaster,both,0
Konchu Helm,15,12,60,0,1,1,1,1,1,blademaster,both,2
Konchu Braces,15,12,60,0,1,1,1,1,1,blademaster,both,0
Rhenoplos Helm,16,12,60,2,-2,0,0,0,1,blademaster,both,0
Rhenoplos Mail,16,12,60,2,-2,0,0,0,1,blademaster,both,0
Rhenoplos Vambraces,16,12,60,2,-2,0,0,0,1,blademaster,both,2
Rhenoplos Coil,16,12,60,2,-2,0,0,0,1,blademaster,both,1
Rhenoplos Greaves,16,12,60,2,-2,0,0,0,1,blademaster,both,0
Bulldrome Helm,17,12,60,0,1,-2,2,0,1,blademaster,both,1
Bulldrome Mail,17,12,60,0,1,-2,2,0,1,blademaster,both,1
Bulldrome Braces,17,12,60,0,1,-2,2,0,1,blademaster,both,1
Bulldrome Faulds,17,12,60,0,1,-2,2,0,1,blademaster,both,1
Bulldrome Greaves,17,12,60,0,1,-2,2,0,1,blademaster,both,1
Arzuros Helm,18,14,62,-2,0,-2,0,0,1,blademaster,both,2
Arzuros Mail,18,14,62,-2,0,-2,0,0,1,blademaster,both,0
Arzuros Vambraces,18,14,62,-2,0,-2,0,0,1,blademaster,both,0
Arzuros Faulds,18,14,62,-2,0,-2,0,0,1,blademaster,both,3
Arzuros Greaves,18,14,62,-2,0,-2,0,0,1,blademaster,both,0
Cephalos Helm,19,14,62,2,-3,0,0,0,1,blademaster,both,1
Cephalos Mail,19,14,62,2,-3,0,0,0,1,blademaster,both,1
Cephalos Braces,19,14,62,2,-3,0,0,0,1,blademaster,both,1
Cephalos Tassets,19,14,62,2,-3,0,0,0,1,blademaster,both,1
Cephalos Greaves,19,14,62,2,-3,0,0,0,1,blademaster,both,2
Hunting Cap,19,1,25,2,0,0,0,0,1,gunner,both,1
Hunting Vest,19,1,25,2,0,0,0,0,1,gunner,both,0
Hunting Guards,19,1,25,2,0,0,0,0,1,gunner,both,0
Hunting Coat,19,1,25,2,0,0,0,0,1,gunner,both,1
Hunting Leggings,19,1,25,2,0,0,0,0,1,gunner,both,2
Hunter's Cap,20,3,27,0,0,0,0,0,1,gunner,both,0
Hunter's Vest,20,3,27,0,0,0,0,0,1,gunner,both,1
Hunter's Guards,20,3,27,0,0,0,0,0,1,gunner,both,1
Hunter's Coat,20,3,27,0,0,0,0,0,1,gunner,both,1
Hunter's Leggings,20,3,27,0,0,0,0,0,1,gunner,both,2
Bone Cap,21,3,27,0,-1,0,0,0,1,gunner,both,1
Bone Vest,21,3,27,0,-1,0,0,0,1,gunner,both,0
Bone Guards,21,3,27,0,-1,0,0,0,1,gunner,both,2
Bone Coat,21,3,27,0,-1,0,0,0,1,gunner,both,2
Bone Leggings,21,3,27,0,-1,0,0,0,1,gunner,both,0
Chaos Diadem,22,3,27,2,0,0,-2,0,1,gunner,both,1
Chaos Brigandine,22,3,27,2,0,0,-2,0,1,gunner,both,2
Trapper's Gloves,23,3,27,0,0,0,1,0,1,gunner,both,1
Trapper's Boots,23,3,27,0,0,0,1,0,1,gunner,both,0
Maccao Gloves,24,3,27,0,0,1,0,0,1,gunner,both,0
Maccao Boots,24,3,27,0,0,1,0,0,1,gunner,both,2
Jaggi Gloves,25,3,27,0,1,0,0,0,1,gunner,both,0
Jaggi Boots,25,3,27,0,1,0,0,0,1,gunner,both,2
Jaggi Cap,26,3,27,-2,0,0,0,0,1,gunner,both,0
Jaggi Vest,26,3,27,-2,0,0,0,0,1,gunner,both,0
Jaggi Guards,26,3,27,-2,0,0,0,0,1,gunner,both,1
Jaggi Coat,26,3,27,-2,0,0,0,0,1,gunner,both,1
Jaggi Leggings,26,3,27,-2,0,0,0,0,1,gunner,both,1
Maccao Cap,27,4,28,-2,1,1,1,1,1,gunner,both,1
Maccao Vest,27,4,28,-2,1,1,1,1,1,gunner,both,0
Maccao Guards,27,4,28,-2,1,1,1,1,1,gunner,both,2
Maccao Coat,27,4,28,-2,1,1,1,1,1,gunner,both,1
Maccao Leggings,27,4,28,-2,1,1,1,1,1,gunner,both,1
Velociprey Cap,28,4,28,0,-2,1,1,0,1,gunner,both,1
Velociprey Vest,28,4,28,0,-2,1,1,0,1,gunner,both,0
Velociprey Guards,28,4,28,0,-2,1,1,0,1,gunner,both,1
Velociprey Coat,28,4,28,0,-2,1,1,0,1,gunner,both,1
Velociprey Leggings,28,4,28,0,-2,1,1,0,1,gunner,both,2
Giaprey Cap,29,4,28,0,3,-1,0,0,1,gunner,both,0
Giaprey Vest,29,4,28,0,3,-1,0,0,1,gunner,both,0
Giaprey Guards,29,4,28,0,3,-1,0,0,1,gunner,both,1
Giaprey Coat,29,4,28,0,3,-1,0,0,1,gunner,both,1
Giaprey Leggings,29,4,28,0,3,-1,0,0,1,gunner,both,3
Genprey Cap,30,5,29,1,-2,2,0,0,1,gunner,both,2
Genprey Vest,30,5,29,1,-2,2,0,0,1,gunner,both,0
Genprey Guards,30,5,29,1,-2,2,0,0,1,gunner,both,1
Genprey Coat,30,5,29,1,-2,2,0,0,1,gunner,both,2
Genprey Leggings,30,5,29,1,-2,2,0,0,1,gunner,both,0
Vespoid Cap,31,5,29,-2,2,2,2,3,1,gunner,both,2
Vespoid Vest,31,5,29,-2,2,2,2,3,1,gunner,both,1
Vespoid Guards,31,5,29,-2,2,2,2,3,1,gunner,both,1
Vespoid Coat,31,5,29,-2,2,2,2,3,1,gunner,both,0
Vespoid Leggings,31,5,29,-2,2,2,2,3,1,gunner,both,2
Hornetaur Cap,32,5,29,-1,-1,-1,-1,6,1,gunner,both,1
Hornetaur Vest,32,5,29,-1,-1,-1,-1,6,1,gunner,both,0
Hornetaur Guards,32,5,29,-1,-1,-1,-1,6,1,gunner,both,2
Hornetaur Coat,32,5,29,-1,-1,-1,-1,6,1,gunner,both,1
Hornetaur Leggings,32,5,29,-1,-1,-1,-1,6,1,gunner,both,1
Bnahabra Headpiece,33,5,29,-2,1,1,1,3,1,gunner,both,1
Bnahabra Vest,33,5,29,-2,1,1,1,3,1,gunner,both,1
Bnahabra Sleeves,33,5,29,-2,1,1,1,3,1,gunner,both,1
Bnahabra Coat,33,5,29,-2,1,1,1,3,1,gunner,both,0
Bnahabra Pants,33,5,29,-2,1,1,1,3,1,gunner,both,0
Konchu Cap,34,6,30,0,2,2,2,2,1,gunner,both,2
Konchu Guards,34,6,30,0,2,2,2,2,1,gunner,both,0
Rhenoplos Cap,35,6,30,3,-2,0,0,0,1,gunner,both,0
Rhenoplos Vest,35,6,30,3,-2,0,0,0,1,gunner,both,0
Rhenoplos Guards,35,6,30,3,-2,0,0,0,1,gunner,both,2
Rhenoplos Coat,35,6,30,3,-2,0,0,0,1,gunner,both,1
Rhenoplos Leggings,35,6,30,3,-2,0,0,0,1,gunner,both,0
Bulldrome Cap,36,6,30,0,1,-2,3,0,1,gunner,both,1
Bulldrome Vest,36,6,30,0,1,-2,3,0,1,gunner,both,1
Bulldrome Guards,36,6,30,0,1,-2,3,0,1,gunner,both,1
Bulldrome Coat,36,6,30,0,1,-2,3,0,1,gunner,both,1
Bulldrome Leggings,36,6,30,0,1,-2,3,0,1,gunner,both,1
Arzuros Cap,37,7,31,-2,0,-2,0,0,1,gunner,both,2
Arzuros Vest,37,7,31,-2,0,-2,0,0,1,gunner,both,0
Arzuros Guards,37,7,31,-2,0,-2,0,0,1,gunner,both,0
Arzuros Coat,37,7,31,-2,0,-2,0,0,1,gunner,both,3
Arzuros Leggings,37,7,31,-2,0,-2,0,0,1,gunner,both,0
Cephalos Cap,38,7,31,2,-3,0,0,0,1,gunner,both,1
Cephalos Vest,38,7,31,2,-3,0,0,0,1,gunner,both,1
Cephalos Guards,38,7,31,2,-3,0,0,0,1,gunner,both,1
Cephalos Coat,38,7,31,2,-3,0,0,0,1,gunner,both,1
Cephalos Leggings,38,7,31,2,-3,0,0,0,1,gunner,both,2
Alloy Helm,38,12,62,-1,-1,-1,0,0,2,blademaster,both,0
Alloy Mail,38,12,62,-1,-1,-1,0,0,2,blademaster,both,1
Alloy Vambraces,38,12,62,-1,-1,-1,0,0,2,blademaster,both,0
Alloy Coil,38,12,62,-1,-1,-1,0,0,2,blademaster,both,0
Alloy Greaves,38,12,62,-1,-1,-1,0,0,2,blademaster,both,2
Battle Helm,39,12,62,1,0,-1,-1,0,2,blademaster,both,1
Battle Mail,39,12,62,1,0,-1,-1,0,2,blademaster,both,2
Battle Vambraces,39,12,62,1,0,-1,-1,0,2,blademaster,both,1
Battle Tassets,39,12,62,1,0,-1,-1,0,2,blademaster,both,0
Battle Greaves,39,12,62,1,0,-1,-1,0,2,blademaster,both,1
Ingot Helm,40,14,64,-1,0,1,-1,0,2,blademaster,both,1
Ingot Mail,40,14,64,-1,0,1,-1,0,2,blademaster,both,1
Ingot Vambraces,40,14,64,-1,0,1,-1,0,2,blademaster,both,0
Ingot Coil,40,14,64,-1,0,1,-1,0,2,blademaster,both,2
Ingot Greaves,40,14,64,-1,0,1,-1,0,2,blademaster,both,0
High Metal Helm,41,14,64,0,-1,2,-1,0,2,blademaster,both,1
High Metal Mail,41,14,64,0,-1,2,-1,0,2,blademaster,both,0
High Metal Braces,41,14,64,0,-1,2,-1,0,2,blademaster,both,0
High Metal Tassets,41,14,64,0,-1,2,-1,0,2,blademaster,both,2
High Metal Greaves,41,14,64,0,-1,2,-1,0,2,blademaster,both,1
Metal Boots,42,12,62,0,0,-2,2,0,2,blademaster,both,0
Melahoa Hat,43,12,62,0,0,1,1,0,2,blademaster,both,1
Melahoa Jacket,43,12,62,0,0,1,1,0,2,blademaster,both,0
Melahoa Branch,43,12,62,0,0,1,1,0,2,blademaster,both,0
Melahoa Folia,43,12,62,0,0,1,1,0,2,blademaster,both,2
Melahoa Roots,43,12,62,0,0,1,1,0,2,blademaster,both,0
Makluva Hood,44,14,64,1,0,-2,2,0,2,blademaster,both,1
Makluva Cover,44,14,64,1,0,-2,2,0,2,blademaster,both,1
Makluva Sleeves,44,14,64,1,0,-2,2,0,2,blademaster,both,0
Makluva Coil,44,14,64,1,0,-2,2,0,2,blademaster,both,1
Makluva Pants,44,14,64,1,0,-2,2,0,2,blademaster,both,2
Bistro Toque,45,12,62,3,2,0,1,0,2,blademaster,both,1
Bistro Suit,45,12,62,3,2,0,1,0,2,blademaster,both,1
Bistro Sarong,45,12,62,3,2,0,1,0,2,blademaster,both,1
Obituary Vertex,46,18,68,2,-2,2,-2,3,2,blademaster,male,1
Obituary Thorax,46,18,68,2,-2,2,-2,3,2,blademaster,male,2
Obituary Brachia,46,18,68,2,-2,2,-2,3,2,blademaster,male,0
Obituary Elytra,46,18,68,2,-2,2,-2,3,2,blademaster,male,0
Obituary Crura,46,18,68,2,-2,2,-2,3,2,blademaster,male,0
Butterfly Vertex,47,18,68,2,-2,2,-2,3,2,blademaster,female,1
Butterfly Thorax,47,18,68,2,-2,2,-2,3,2,blademaster,female,2
Butterfly Brachia,47,18,68,2,-2,2,-2,3,2,blademaster,female,0
Butterfly Elytra,47,18,68,2,-2,2,-2,3,2,blademaster,female,0
Butterfly Crura,47,18,68,2,-2,2,-2,3,2,blademaster,female,0
Death Stench Brain,48,16,66,2,-1,1,1,0,2,blademaster,both,0
Death Stench Muscle,48,16,66,2,-1,1,1,0,2,blademaster,both,1
Death Stench Grip,48,16,66,2,-1,1,1,0,2,blademaster,both,1
Death Stench Bowels,48,16,66,2,-1,1,1,0,2,blademaster,both,0
Death Stench Heel,48,16,66,2,-1,1,1,0,2,blademaster,both,0
Acorn Helm,49,16,66,2,-2,0,2,0,2,blademaster,both,1
Acorn Mail,49,16,66,2,-2,0,2,0,2,blademaster,both,0
Mosgharl Vizor,50,14,64,-3,2,0,1,0,2,blademaster,male,0
Mosgharl Ribplate,50,14,64,-3,2,0,1,0,2,blademaster,male,0
Mosgharl Creeper,50,14,64,-3,2,0,1,0,2,blademaster,male,1
Mosgharl Folia,50,14,64,-3,2,0,1,0,2,blademaster,male,2
Mosgharl Roots,50,14,64,-3,2,0,1,0,2,blademaster,male,0
Mosgharl Vizor,51,14,64,-3,2,0,1,0,2,blademaster,female,0
Mosgharl Ribplate,51,14,64,-3,2,0,1,0,2,blademaster,female,0
Mosgharl Creeper,51,14,64,-3,2,0,1,0,2,blademaster,female,1
Mosgharl Folia,51,14,64,-3,2,0,1,0,2,blademaster,female,2
Mosgharl Roots,51,14,64,-3,2,0,1,0,2,blademaster,female,0
Edel Vizor,52,14,64,-1,0,-1,3,0,2,blademaster,both,2
Edel Ribplate,52,14,64,-1,0,-1,3,0,2,blademaster,both,0
Edel Creeper,52,14,64,-1,0,-1,3,0,2,blademaster,both,1
Edel Folia,52,14,64,-1,0,-1,3,0,2,blademaster,both,1
Edel Roots,52,14,64,-1,0,-1,3,0,2,blademaster,both,0
Skalda Vertex,53,18,68,3,-1,-1,-1,3,2,blademaster,male,1
Skalda Thorax,53,18,68,3,-1,-1,-1,3,2,blademaster,male,0
Skalda Brachia,53,18,68,3,-1,-1,-1,3,2,blademaster,male,0
Skalda Elytra,53,18,68,3,-1,-1,-1,3,2,blademaster,male,0
Skalda Crura,53,18,68,3,-1,-1,-1,3,2,blademaster,male,2
Spio Vertex,54,18,68,3,-1,-1,-1,3,2,blademaster,female,1
Spio Thorax,54,18,68,3,-1,-1,-1,3,2,blademaster,female,0
Spio Brachia,54,18,68,3,-1,-1,-1,3,2,blademaster,female,0
Spio Elytra,54,18,68,3,-1,-1,-1,3,2,blademaster,female,0
Spio Crura,54,18,68,3,-1,-1,-1,3,2,blademaster,female,2
Droth Mail,55,12,62,-2,0,-1,4,0,2,blademaster,both,0
Droth Faulds,55,12,62,-2,0,-1,4,0,2,blademaster,both,2
Droth Greaves,55,12,62,-2,0,-1,4,0,2,blademaster,both,1
Uroktor Torso,56,14,64,4,-1,0,-2,0,2,blademaster,both,1
Uroktor Tassets,56,14,64,4,-1,0,-2,0,2,blademaster,both,0
Moofah Head,57,14,64,-1,3,2,0,0,2,blademaster,both,1
Moofah Suit,57,14,64,-1,3,2,0,0,2,blademaster,both,0
Moofah Claws,57,14,64,-1,3,2,0,0,2,blademaster,both,0
Moofah Coil,57,14,64,-1,3,2,0,0,2,blademaster,both,0
Velociprey Head,58,10,60,1,1,1,2,1,2,blademaster,both,0
Velociprey Body,58,10,60,1,1,1,2,1,2,blademaster,both,0
Velociprey Claws,58,10,60,1,1,1,2,1,2,blademaster,both,0
Velociprey Feet,58,10,60,1,1,1,2,1,2,blademaster,both,0
Genprey Head,59,10,60,1,1,2,1,1,2,blademaster,both,0
Genprey Body,59,10,60,1,1,2,1,1,2,blademaster,both,0
Genprey Claws,59,10,60,1,1,2,1,1,2,blademaster,both,0
Genprey Feet,59,10,60,1,1,2,1,1,2,blademaster,both,0
Ioprey Head,60,10,60,2,1,1,1,1,2,blademaster,both,0
Ioprey Body,60,10,60,2,1,1,1,1,2,blademaster,both,0
Ioprey Claws,60,10,60,2,1,1,1,1,2,blademaster,both,0
Ioprey Feet,60,10,60,2,1,1,1,1,2,blademaster,both,0
Remobra Headgear,61,10,60,1,1,1,1,2,2,blademaster,both,0
Remobra Suit,61,10,60,1,1,1,1,2,2,blademaster,both,0
Remobra Gloves,61,10,60,1,1,1,1,2,2,blademaster,both,0
Remobra Belt,61,10,60,1,1,1,1,2,2,blademaster,both,1
Remobra Feet,61,10,60,1,1,1,1,2,2,blademaster,both,0
Ioprey Helm,62,14,64,2,0,-1,-1,0,2,blademaster,both,2
Ioprey Mail,62,14,64,2,0,-1,-1,0,2,blademaster,both,1
Ioprey Vambraces,62,14,64,2,0,-1,-1,0,2,blademaster,both,0
Ioprey Tassets,62,14,64,2,0,-1,-1,0,2,blademaster,both,1
Ioprey Greaves,62,14,64,2,0,-1,-1,0,2,blademaster,both,0
Kut-Ku Helm,63,16,66,4,-3,0,-1,0,2,blademaster,both,0
Kut-Ku Mail,63,16,66,4,-3,0,-1,0,2,blademaster,both,0
Kut-Ku Vambraces,63,16,66,4,-3,0,-1,0,2,blademaster,both,0
Kut-Ku Tassets,63,16,66,4,-3,0,-1,0,2,blademaster,both,0
Kut-Ku Greaves,63,16,66,4,-3,0,-1,0,2,blademaster,both,2
Lagombi Helm,64,14,64,-3,4,0,1,0,2,blademaster,both,1
Lagombi Mail,64,14,64,-3,4,0,1,0,2,blademaster,both,0
Lagombi Vambraces,64,14,64,-3,4,0,1,0,2,blademaster,both,1
Lagombi Faulds,64,14,64,-3,4,0,1,0,2,blademaster,both,1
Lagombi Greaves,64,14,64,-3,4,0,1,0,2,blademaster,both,1
Gypceros Helm,65,16,66,-3,-1,4,1,0,2,blademaster,both,0
Gypceros Mail,65,16,66,-3,-1,4,1,0,2,blademaster,both,1
Gypceros Braces,65,16,66,-3,-1,4,1,0,2,blademaster,both,0
Gypceros Tassets,65,16,66,-3,-1,4,1,0,2,blademaster,both,0
Gypceros Greaves,65,16,66,-3,-1,4,1,0,2,blademaster,both,1
Tetsucabra Helm,66,18,68,2,0,-1,-3,1,2,blademaster,both,0
Tetsucabra Mail,66,18,68,2,0,-1,-3,1,2,blademaster,both,1
Tetsucabra Braces,66,18,68,2,0,-1,-3,1,2,blademaster,both,0
Tetsucabra Faulds,66,18,68,2,0,-1,-3,1,2,blademaster,both,1
Tetsucabra Greaves,66,18,68,2,0,-1,-3,1,2,blademaster,both,1
Hermitaur Helm,67,20,70,-1,0,-3,3,1,2,blademaster,both,0
Hermitaur Mail,67,20,70,-1,0,-3,3,1,2,blademaster,both,0
Hermitaur Braces,67,20,70,-1,0,-3,3,1,2,blademaster,both,2
Hermitaur Tassets,67,20,70,-1,0,-3,3,1,2,blademaster,both,0
Hermitaur Greaves,67,20,70,-1,0,-3,3,1,2,blademaster,both,3
Volvidon Helm,68,18,68,2,-1,0,-3,1,2,blademaster,both,0
Volvidon Mail,68,18,68,2,-1,0,-3,1,2,blademaster,both,1
Volvidon Vambraces,68,18,68,2,-1,0,-3,1,2,blademaster,both,1
Volvidon Faulds,68,18,68,2,-1,0,-3,1,2,blademaster,both,1
Volvidon Greaves,68,18,68,2,-1,0,-3,1,2,blademaster,both,1
Ludroth Helm,69,18,68,-3,0,-1,4,0,2,blademaster,both,1
Ludroth Mail,69,18,68,-3,0,-1,4,0,2,blademaster,both,1
Ludroth Braces,69,18,68,-3,0,-1,4,0,2,blademaster,both,0
Ludroth Faulds,69,18,68,-3,0,-1,4,0,2,blademaster,both,1
Ludroth Greaves,69,18,68,-3,0,-1,4,0,2,blademaster,both,0
Malfestio Helm,70,18,68,-2,1,1,-2,0,2,blademaster,both,0
Malfestio Mail,70,18,68,-2,1,1,-2,0,2,blademaster,both,0
Malfestio Braces,70,18,68,-2,1,1,-2,0,2,blademaster,both,1
Malfestio Faulds,70,18,68,-2,1,1,-2,0,2,blademaster,both,0
Malfestio Greaves,70,18,68,-2,1,1,-2,0,2,blademaster,both,2
Khezu Helm,71,18,68,-4,2,4,1,1,2,blademaster,both,0
Khezu Mail,71,18,68,-4,2,4,1,1,2,blademaster,both,0
Khezu Vambraces,71,18,68,-4,2,4,1,1,2,blademaster,both,2
Khezu Tassets,71,18,68,-4,2,4,1,1,2,blademaster,both,0
Khezu Greaves,71,18,68,-4,2,4,1,1,2,blademaster,both,1
Rathian Helm,72,20,70,3,0,-2,0,-3,2,blademaster,both,1
Rathian Mail,72,20,70,3,0,-2,0,-3,2,blademaster,both,0
Rathian Braces,72,20,70,3,0,-2,0,-3,2,blademaster,both,0
Rathian Faulds,72,20,70,3,0,-2,0,-3,2,blademaster,both,0
Rathian Greaves,72,20,70,3,0,-2,0,-3,2,blademaster,both,0
Nibelsnarf Helm,73,20,70,2,-3,-1,0,1,2,blademaster,both,0
Nibelsnarf Mail,73,20,70,2,-3,-1,0,1,2,blademaster,both,0
Nibelsnarf Braces,73,20,70,2,-3,-1,0,1,2,blademaster,both,1
Nibelsnarf Faulds,73,20,70,2,-3,-1,0,1,2,blademaster,both,2
Nibelsnarf Greaves,73,20,70,2,-3,-1,0,1,2,blademaster,both,1
Blango Helm,74,18,68,-4,4,0,1,0,2,blademaster,both,0
Blango Mail,74,18,68,-4,4,0,1,0,2,blademaster,both,1
Blango Vambraces,74,18,68,-4,4,0,1,0,2,blademaster,both,1
Blango Tassets,74,18,68,-4,4,0,1,0,2,blademaster,both,0
Blango Greaves,74,18,68,-4,4,0,1,0,2,blademaster,both,1
Ceanataur Helm,75,20,70,1,-1,-1,2,0,2,blademaster,both,1
Ceanataur Mail,75,20,70,1,-1,-1,2,0,2,blademaster,both,0
Ceanataur Braces,75,20,70,1,-1,-1,2,0,2,blademaster,both,1
Ceanataur Tassets,75,20,70,1,-1,-1,2,0,2,blademaster,both,0
Ceanataur Greaves,75,20,70,1,-1,-1,2,0,2,blademaster,both,1
Najarala Helm,76,20,70,1,-3,0,-1,1,2,blademaster,both,1
Najarala Mail,76,20,70,1,-3,0,-1,1,2,blademaster,both,1
Najarala Braces,76,20,70,1,-3,0,-1,1,2,blademaster,both,0
Najarala Faulds,76,20,70,1,-3,0,-1,1,2,blademaster,both,1
Najarala Greaves,76,20,70,1,-3,0,-1,1,2,blademaster,both,1
Nargacuga Helm,77,18,68,-2,1,-3,1,1,2,blademaster,both,1
Nargacuga Mail,77,18,68,-2,1,-3,1,1,2,blademaster,both,1
Nargacuga Braces,77,18,68,-2,1,-3,1,1,2,blademaster,both,2
Nargacuga Faulds,77,18,68,-2,1,-3,1,1,2,blademaster,both,3
Nargacuga Greaves,77,18,68,-2,1,-3,1,1,2,blademaster,both,1
Scholarly Hood,78,18,68,0,0,0,0,0,2,blademaster,both,0
Scholarly Suit,78,18,68,0,0,0,0,0,2,blademaster,both,1
Scholarly Grips,78,18,68,0,0,0,0,0,2,blademaster,both,0
Scholarly Sash,78,18,68,0,0,0,0,0,2,blademaster,both,1
Scholarly Boots,78,18,68,0,0,0,0,0,2,blademaster,both,0
Alloy Cap,78,6,31,-1,-1,-1,0,0,2,gunner,both,0
Alloy Vest,78,6,31,-1,-1,-1,0,0,2,gunner,both,1
Alloy Guards,78,6,31,-1,-1,-1,0,0,2,gunner,both,0
Alloy Coat,78,6,31,-1,-1,-1,0,0,2,gunner,both,0
Alloy Leggings,78,6,31,-1,-1,-1,0,0,2,gunner,both,2
Battle Cap,79,6,31,2,0,-1,-1,0,2,gunner,both,1
Battle Vest,79,6,31,2,0,-1,-1,0,2,gunner,both,2
Battle Guards,79,6,31,2,0,-1,-1,0,2,gunner,both,1
Battle Coat,79,6,31,2,0,-1,-1,0,2,gunner,both,0
Battle Leggings,79,6,31,2,0,-1,-1,0,2,gunner,both,1
Ingot Cap,80,7,32,-1,0,2,-1,0,2,gunner,both,1
Ingot Vest,80,7,32,-1,0,2,-1,0,2,gunner,both,1
Ingot Guards,80,7,32,-1,0,2,-1,0,2,gunner,both,0
Ingot Coat,80,7,32,-1,0,2,-1,0,2,gunner,both,2
Ingot Leggings,80,7,32,-1,0,2,-1,0,2,gunner,both,0
High Metal Cap,81,7,32,0,-1,3,-1,0,2,gunner,both,0
High Metal Vest,81,7,32,0,-1,3,-1,0,2,gunner,both,0
High Metal Guards,81,7,32,0,-1,3,-1,0,2,gunner,both,0
High Metal Coat,81,7,32,0,-1,3,-1,0,2,gunner,both,2
High Metal Leggings,81,7,32,0,-1,3,-1,0,2,gunner,both,1
Metal Feet,82,6,31,0,0,-2,3,0,2,gunner,both,0
Melahoa Bloom,83,6,31,0,0,1,1,0,2,gunner,both,1
Melahoa Stalk,83,6,31,0,0,1,1,0,2,gunner,both,0
Melahoa Petal,83,6,31,0,0,1,1,0,2,gunner,both,0
Melahoa Trunk,83,6,31,0,0,1,1,0,2,gunner,both,2
Melahoa Taproot,83,6,31,0,0,1,1,0,2,gunner,both,0
Makluva Gills,84,7,32,1,0,-2,3,0,2,gunner,both,1
Makluva Scale,84,7,32,1,0,-2,3,0,2,gunner,both,1
Makluva Sucker,84,7,32,1,0,-2,3,0,2,gunner,both,0
Makluva Fin,84,7,32,1,0,-2,3,0,2,gunner,both,1
Makluva Leggings,84,7,32,1,0,-2,3,0,2,gunner,both,2
Bistro Cap,85,6,31,4,3,0,1,0,2,gunner,both,1
Bistro Vest,85,6,31,4,3,0,1,0,2,gunner,both,1
Bistro Apron,85,6,31,4,3,0,1,0,2,gunner,both,1
Obituary Clypeus,86,9,34,3,-2,2,-2,4,2,gunner,male,1
Obituary Pleuron,86,9,34,3,-2,2,-2,4,2,gunner,male,2
Obituary Manus,86,9,34,3,-2,2,-2,4,2,gunner,male,0
Obituary Alae,86,9,34,3,-2,2,-2,4,2,gunner,male,0
Obituary Tarsi,86,9,34,3,-2,2,-2,4,2,gunner,male,0
Butterfly Clypeus,87,9,34,3,-2,2,-2,4,2,gunner,female,1
Butterfly Pleuron,87,9,34,3,-2,2,-2,4,2,gunner,female,2
Butterfly Manus,87,9,34,3,-2,2,-2,4,2,gunner,female,0
Butterfly Alae,87,9,34,3,-2,2,-2,4,2,gunner,female,0
Butterfly Tarsi,87,9,34,3,-2,2,-2,4,2,gunner,female,0
Death Stench Soul,88,8,33,3,-1,1,1,0,2,gunner,both,0
Death Stench Heart,88,8,33,3,-1,1,1,0,2,gunner,both,1
Death Stench Grasp,88,8,33,3,-1,1,1,0,2,gunner,both,1
Death Stench Belly,88,8,33,3,-1,1,1,0,2,gunner,both,0
Death Stench March,88,8,33,3,-1,1,1,0,2,gunner,both,0
Acorn Cap,89,8,33,3,-2,0,3,0,2,gunner,both,1
Acorn Vest,89,8,33,3,-2,0,3,0,2,gunner,both,0
Mosgharl Brim,90,7,32,-3,3,0,2,0,2,gunner,male,0
Mosgharl Ribguard,90,7,32,-3,3,0,2,0,2,gunner,male,0
Mosgharl Tendril,90,7,32,-3,3,0,2,0,2,gunner,male,1
Mosgharl Fronds,90,7,32,-3,3,0,2,0,2,gunner,male,2
Mosgharl Radicles,90,7,32,-3,3,0,2,0,2,gunner,male,0
Mosgharl Brim,91,7,32,-3,3,0,2,0,2,gunner,female,0
Mosgharl Ribguard,91,7,32,-3,3,0,2,0,2,gunner,female,0
Mosgharl Tendril,91,7,32,-3,3,0,2,0,2,gunner,female,1
Mosgharl Fronds,91,7,32,-3,3,0,2,0,2,gunner,female,2
Mosgharl Radicles,91,7,32,-3,3,0,2,0,2,gunner,female,0
Edel Bloom,92,7,32,-1,0,-1,4,0,2,gunner,both,2
Edel Ribguard,92,7,32,-1,0,-1,4,0,2,gunner,both,0
Edel Tendril,92,7,32,-1,0,-1,4,0,2,gunner,both,1
Edel Fronds,92,7,32,-1,0,-1,4,0,2,gunner,both,1
Edel Radicles,92,7,32,-1,0,-1,4,0,2,gunner,both,0
Skalda Clypeus,93,9,34,4,-1,-1,-1,3,2,gunner,male,1
Skalda Pleuron,93,9,34,4,-1,-1,-1,3,2,gunner,male,0
Skalda Manus,93,9,34,4,-1,-1,-1,3,2,gunner,male,0
Skalda Alae,93,9,34,4,-1,-1,-1,3,2,gunner,male,0
Skalda Tarsi,93,9,34,4,-1,-1,-1,3,2,gunner,male,2
Spio Clypeus,94,9,34,4,-1,-1,-1,3,2,gunner,female,1
Spio Pleuron,94,9,34,4,-1,-1,-1,3,2,gunner,female,0
Spio Manus,94,9,34,4,-1,-1,-1,3,2,gunner,female,0
Spio Alae,94,9,34,4,-1,-1,-1,3,2,gunner,female,0
Spio Tarsi,94,9,34,4,-1,-1,-1,3,2,gunner,female,2
Droth Vest,95,6,31,-2,0,-1,5,0,2,gunner,both,0
Droth Coat,95,6,31,-2,0,-1,5,0,2,gunner,both,2
Droth Leggings,95,6,31,-2,0,-1,5,0,2,gunner,both,1
Uroktor Vest,96,7,32,5,-1,0,-2,0,2,gunner,both,1
Uroktor Coat,96,7,32,5,-1,0,-2,0,2,gunner,both,0
Moofah Wig,97,7,32,-1,4,3,0,0,2,gunner,both,1
Moofah Jacket,97,7,32,-1,4,3,0,0,2,gunner,both,0
Moofah Sleeves,97,7,32,-1,4,3,0,0,2,gunner,both,0
Moofah Coat,97,7,32,-1,4,3,0,0,2,gunner,both,0
Velociprey Mask,98,5,30,1,1,1,3,1,2,gunner,both,0
Velociprey Suit,98,5,30,1,1,1,3,1,2,gunner,both,0
Velociprey Gloves,98,5,30,1,1,1,3,1,2,gunner,both,0
Velociprey Tights,98,5,30,1,1,1,3,1,2,gunner,both,0
Genprey Mask,99,5,30,1,1,3,1,1,2,gunner,both,0
Genprey Suit,99,5,30,1,1,3,1,1,2,gunner,both,0
Genprey Gloves,99,5,30,1,1,3,1,1,2,gunner,both,0
Genprey Tights,99,5,30,1,1,3,1,1,2,gunner,both,0
Ioprey Mask,100,5,30,3,1,1,1,1,2,gunner,both,0
Ioprey Wear,100,5,30,3,1,1,1,1,2,gunner,both,0
Ioprey Gloves,100,5,30,3,1,1,1,1,2,gunner,both,0
Ioprey Tights,100,5,30,3,1,1,1,1,2,gunner,both,0
Remobra Mask,101,5,30,1,1,1,1,3,2,gunner,both,0
Remobra Wear,101,5,30,1,1,1,1,3,2,gunner,both,0
Remobra Hands,101,5,30,1,1,1,1,3,2,gunner,both,0
Remobra Band,101,5,30,1,1,1,1,3,2,gunner,both,1
Remobra Tights,101,5,30,1,1,1,1,3,2,gunner,both,0
Ioprey Cap,102,7,32,3,0,-1,-1,0,2,gunner,both,2
Ioprey Vest,102,7,32,3,0,-1,-1,0,2,gunner,both,1
Ioprey Guards,102,7,32,3,0,-1,-1,0,2,gunner,both,0
Ioprey Coat,102,7,32,3,0,-1,-1,0,2,gunner,both,1
Ioprey Leggings,102,7,32,3,0,-1,-1,0,2,gunner,both,0
Kut-Ku Cap,103,8,33,5,-3,0,-1,0,2,gunner,both,0
Kut-Ku Vest,103,8,33,5,-3,0,-1,0,2,gunner,both,0
Kut-Ku Guards,103,8,33,5,-3,0,-1,0,2,gunner,both,0
Kut-Ku Coat,103,8,33,5,-3,0,-1,0,2,gunner,both,0
Kut-Ku Leggings,103,8,33,5,-3,0,-1,0,2,gunner,both,2
Lagombi Cap,104,7,32,-3,5,0,1,0,2,gunner,both,1
Lagombi Vest,104,7,32,-3,5,0,1,0,2,gunner,both,0
Lagombi Guards,104,7,32,-3,5,0,1,0,2,gunner,both,1
Lagombi Coat,104,7,32,-3,5,0,1,0,2,gunner,both,1
Lagombi Leggings,104,7,32,-3,5,0,1,0,2,gunner,both,1
Gypceros Cap,105,8,33,-3,-1,5,1,0,2,gunner,both,0
Gypceros Vest,105,8,33,-3,-1,5,1,0,2,gunner,both,1
Gypceros Guards,105,8,33,-3,-1,5,1,0,2,gunner,both,0
Gypceros Coat,105,8,33,-3,-1,5,1,0,2,gunner,both,0
Gypceros Leggings,105,8,33,-3,-1,5,1,0,2,gunner,both,1
Tetsucabra Cap,106,9,34,3,0,-1,-3,1,2,gunner,both,0
Tetsucabra Vest,106,9,34,3,0,-1,-3,1,2,gunner,both,1
Tetsucabra Guards,106,9,34,3,0,-1,-3,1,2,gunner,both,0
Tetsucabra Coat,106,9,34,3,0,-1,-3,1,2,gunner,both,1
Tetsucabra Leggings,106,9,34,3,0,-1,-3,1,2,gunner,both,1
Hermitaur Cap,107,10,35,-1,0,-3,4,1,2,gunner,both,0
Hermitaur Vest,107,10,35,-1,0,-3,4,1,2,gunner,both,0
Hermitaur Guards,107,10,35,-1,0,-3,4,1,2,gunner,both,2
Hermitaur Coat,107,10,35,-1,0,-3,4,1,2,gunner,both,0
Hermitaur Leggings,107,10,35,-1,0,-3,4,1,2,gunner,both,3
Volvidon Cap,108,9,34,3,-1,0,-3,1,2,gunner,both,0
Volvidon Vest,108,9,34,3,-1,0,-3,1,2,gunner,both,1
Volvidon Guards,108,9,34,3,-1,0,-3,1,2,gunner,both,1
Volvidon Coat,108,9,34,3,-1,0,-3,1,2,gunner,both,1
Volvidon Leggings,108,9,34,3,-1,0,-3,1,2,gunner,both,1
Ludroth Cap,109,9,34,-3,0,-1,5,0,2,gunner,both,1
Ludroth Vest,109,9,34,-3,0,-1,5,0,2,gunner,both,1
Ludroth Guards,109,9,34,-3,0,-1,5,0,2,gunner,both,0
Ludroth Coat,109,9,34,-3,0,-1,5,0,2,gunner,both,1
Ludroth Leggings,109,9,34,-3,0,-1,5,0,2,gunner,both,0
Malfestio Cap,110,9,34,-1,1,1,-2,0,2,gunner,both,0
Malfestio Vest,110,9,34,-1,1,1,-2,0,2,gunner,both,0
Malfestio Guards,110,9,34,-1,1,1,-2,0,2,gunner,both,1
Malfestio Coat,110,9,34,-1,1,1,-2,0,2,gunner,both,0
Malfestio Leggings,110,9,34,-1,1,1,-2,0,2,gunner,both,2
Khezu Cap,111,9,34,-4,2,5,1,1,2,gunner,both,0
Khezu Vest,111,9,34,-4,2,5,1,1,2,gunner,both,0
Khezu Guards,111,9,34,-4,2,5,1,1,2,gunner,both,2
Khezu Coat,111,9,34,-4,2,5,1,1,2,gunner,both,0
Khezu Leggings,111,9,34,-4,2,5,1,1,2,gunner,both,1
Rathian Cap,112,10,35,4,0,-2,0,-3,2,gunner,both,1
Rathian Vest,112,10,35,4,0,-2,0,-3,2,gunner,both,0
Rathian Guards,112,10,35,4,0,-2,0,-3,2,gunner,both,0
Rathian Coat,112,10,35,4,0,-2,0,-3,2,gunner,both,0
Rathian Leggings,112,10,35,4,0,-2,0,-3,2,gunner,both,0
Nibelsnarf Cap,113,10,35,3,-3,-1,0,1,2,gunner,both,1
Nibelsnarf Vest,113,10,35,3,-3,-1,0,1,2,gunner,both,0
Nibelsnarf Guards,113,10,35,3,-3,-1,0,1,2,gunner,both,1
Nibelsnarf Coat,113,10,35,3,-3,-1,0,1,2,gunner,both,2
Nibelsnarf Leggings,113,10,35,3,-3,-1,0,1,2,gunner,both,0
Blango Cap,114,9,34,-4,5,0,1,0,2,gunner,both,0
Blango Vest,114,9,34,-4,5,0,1,0,2,gunner,both,1
Blango Guards,114,9,34,-4,5,0,1,0,2,gunner,both,1
Blango Coat,114,9,34,-4,5,0,1,0,2,gunner,both,0
Blango Leggings,114,9,34,-4,5,0,1,0,2,gunner,both,1
Ceanataur Cap,115,10,35,2,-1,-1,2,0,2,gunner,both,1
Ceanataur Vest,115,10,35,2,-1,-1,2,0,2,gunner,both,0
Ceanataur Guards,115,10,35,2,-1,-1,2,0,2,gunner,both,1
Ceanataur Coat,115,10,35,2,-1,-1,2,0,2,gunner,both,0
Ceanataur Leggings,115,10,35,2,-1,-1,2,0,2,gunner,both,1
Najarala Cap,116,10,35,1,-3,1,-1,1,2,gunner,both,1
Najarala Vest,116,10,35,1,-3,1,-1,1,2,gunner,both,1
Najarala Guards,116,10,35,1,-3,1,-1,1,2,gunner,both,0
Najarala Coat,116,10,35,1,-3,1,-1,1,2,gunner,both,1
Najarala Leggings,116,10,35,1,-3,1,-1,1,2,gunner,both,1
Nargacuga Cap,117,9,34,-2,1,-2,1,1,2,gunner,both,1
Nargacuga Vest,117,9,34,-2,1,-2,1,1,2,gunner,both,1
Nargacuga Guards,117,9,34,-2,1,-2,1,1,2,gunner,both,2
Nargacuga Coat,117,9,34,-2,1,-2,1,1,2,gunner,both,3
Nargacuga Leggings,117,9,34,-2,1,-2,1,1,2,gunner,both,1
Scholarly Cap,118,9,34,0,0,0,0,0,2,gunner,both,0
Scholarly Vest,118,9,34,0,0,0,0,0,2,gunner,both,1
Scholarly Cuffs,118,9,34,0,0,0,0,0,2,gunner,both,0
Scholarly Coat,118,9,34,0,0,0,0,0,2,gunner,both,1
Scholarly Tights,118,9,34,0,0,0,0,0,2,gunner,both,0
Vaik Helm,118,20,70,0,-1,-2,3,0,3,blademaster,both,2
Vaik Mail,118,20,70,0,-1,-2,3,0,3,blademaster,both,2
Vaik Braces,118,20,70,0,-1,-2,3,0,3,blademaster,both,1
Vaik Faulds,118,20,70,0,-1,-2,3,0,3,blademaster,both,2
Vaik Greaves,118,20,70,0,-1,-2,3,0,3,blademaster,both,1
Skull Visage,119,14,64,-3,-3,-3,-3,2,3,blademaster,both,0
Aelucanth Vertex,120,20,70,-2,-2,3,0,2,3,blademaster,male,1
Aelucanth Thorax,120,20,70,-2,-2,3,0,2,3,blademaster,male,1
Aelucanth Brachia,120,20,70,-2,-2,3,0,2,3,blademaster,male,1
Aelucanth Elytra,120,20,70,-2,-2,3,0,2,3,blademaster,male,0
Aelucanth Crura,120,20,70,-2,-2,3,0,2,3,blademaster,male,1
Rhopessa Vertex,121,20,70,-2,-2,3,0,2,3,blademaster,female,1
Rhopessa Thorax,121,20,70,-2,-2,3,0,2,3,blademaster,female,1
Rhopessa Brachia,121,20,70,-2,-2,3,0,2,3,blademaster,female,1
Rhopessa Elytra,121,20,70,-2,-2,3,0,2,3,blademaster,female,0
Rhopessa Crura,121,20,70,-2,-2,3,0,2,3,blademaster,female,1
Artian Mail,122,24,74,1,2,-2,-2,3,3,blademaster,both,1
Artian Braces,122,24,74,1,2,-2,-2,3,3,blademaster,both,1
Artian Greaves,122,24,74,1,2,-2,-2,3,3,blademaster,both,0
Garuga Helm,123,22,72,2,0,2,-1,0,3,blademaster,both,0
Garuga Mail,123,22,72,2,0,2,-1,0,3,blademaster,both,0
Garuga Vambraces,123,22,72,2,0,2,-1,0,3,blademaster,both,0
Garuga Tassets,123,22,72,2,0,2,-1,0,3,blademaster,both,1
Garuga Greaves,123,22,72,2,0,2,-1,0,3,blademaster,both,1
Uragaan Helm,124,26,76,3,-1,0,-4,-2,3,blademaster,both,0
Uragaan Mail,124,26,76,3,-1,0,-4,-2,3,blademaster,both,0
Uragaan Vambraces,124,26,76,3,-1,0,-4,-2,3,blademaster,both,2
Uragaan Faulds,124,26,76,3,-1,0,-4,-2,3,blademaster,both,1
Uragaan Greaves,124,26,76,3,-1,0,-4,-2,3,blademaster,both,1
Rathalos Helm,125,24,74,4,0,-2,0,-4,3,blademaster,both,0
Rathalos Mail,125,24,74,4,0,-2,0,-4,3,blademaster,both,1
Rathalos Braces,125,24,74,4,0,-2,0,-4,3,blademaster,both,0
Rathalos Faulds,125,24,74,4,0,-2,0,-4,3,blademaster,both,2
Rathalos Greaves,125,24,74,4,0,-2,0,-4,3,blademaster,both,0
Lagiacrus Helm,126,24,74,-3,-1,4,2,-2,3,blademaster,both,1
Lagiacrus Mail,126,24,74,-3,-1,4,2,-2,3,blademaster,both,2
Lagiacrus Braces,126,24,74,-3,-1,4,2,-2,3,blademaster,both,0
Lagiacrus Faulds,126,24,74,-3,-1,4,2,-2,3,blademaster,both,0
Lagiacrus Greaves,126,24,74,-3,-1,4,2,-2,3,blademaster,both,0
Zinogre Helm,127,22,72,0,-4,4,-1,1,3,blademaster,both,1
Zinogre Mail,127,22,72,0,-4,4,-1,1,3,blademaster,both,0
Zinogre Braces,127,22,72,0,-4,4,-1,1,3,blademaster,both,1
Zinogre Faulds,127,22,72,0,-4,4,-1,1,3,blademaster,both,0
Zinogre Greaves,127,22,72,0,-4,4,-1,1,3,blademaster,both,1
Mizutsune Helm,128,20,70,0,1,-3,2,-1,3,blademaster,both,0
Mizutsune Mail,128,20,70,0,1,-3,2,-1,3,blademaster,both,1
Mizutsune Braces,128,20,70,0,1,-3,2,-1,3,blademaster,both,1
Mizutsune Faulds,128,20,70,0,1,-3,2,-1,3,blademaster,both,0
Mizutsune Greaves,128,20,70,0,1,-3,2,-1,3,blademaster,both,1
Astalos Helm,129,24,74,0,-3,3,-2,2,3,blademaster,both,0
Astalos Mail,129,24,74,0,-3,3,-2,2,3,blademaster,both,0
Astalos Braces,129,24,74,0,-3,3,-2,2,3,blademaster,both,1
Astalos Faulds,129,24,74,0,-3,3,-2,2,3,blademaster,both,0
Astalos Greaves,129,24,74,0,-3,3,-2,2,3,blademaster,both,1
Gammoth Helm,130,26,76,-3,3,-1,1,2,3,blademaster,male,2
Gammoth Mail,130,26,76,-3,3,-1,1,2,3,blademaster,male,0
Gammoth Braces,130,26,76,-3,3,-1,1,2,3,blademaster,male,2
Gammoth Faulds,130,26,76,-3,3,-1,1,2,3,blademaster,male,0
Gammoth Greaves,130,26,76,-3,3,-1,1,2,3,blademaster,male,0
Gammoth Helm,131,26,76,-3,3,-1,1,2,3,blademaster,female,2
Gammoth Mail,131,26,76,-3,3,-1,1,2,3,blademaster,female,0
Gammoth Braces,131,26,76,-3,3,-1,1,2,3,blademaster,female,2
Gammoth Faulds,131,26,76,-3,3,-1,1,2,3,blademaster,female,0
Gammoth Greaves,131,26,76,-3,3,-1,1,2,3,blademaster,female,0
Glavenus Helm,132,24,74,3,0,1,-3,-1,3,blademaster,both,1
Glavenus Mail,132,24,74,3,0,1,-3,-1,3,blademaster,both,1
Glavenus Braces,132,24,74,3,0,1,-3,-1,3,blademaster,both,0
Glavenus Faulds,132,24,74,3,0,1,-3,-1,3,blademaster,both,1
Glavenus Greaves,132,24,74,3,0,1,-3,-1,3,blademaster,both,2
Gore Helm,133,24,74,-2,2,-1,2,-2,3,blademaster,both,0
Gore Mail,133,24,74,-2,2,-1,2,-2,3,blademaster,both,0
Gore Braces,133,24,74,-2,2,-1,2,-2,3,blademaster,both,0
Gore Faulds,133,24,74,-2,2,-1,2,-2,3,blademaster,both,1
Gore Greaves,133,24,74,-2,2,-1,2,-2,3,blademaster,both,1
Regios Helm,134,24,74,2,-2,-3,0,0,3,blademaster,both,1
Regios Mail,134,24,74,2,-2,-3,0,0,3,blademaster,both,0
Regios Vambraces,134,24,74,2,-2,-3,0,0,3,blademaster,both,0
Regios Tassets,134,24,74,2,-2,-3,0,0,3,blademaster,both,2
Regios Greaves,134,24,74,2,-2,-3,0,0,3,blademaster,both,0
Tigrex Helm,135,24,74,2,0,-3,0,-2,3,blademaster,both,0
Tigrex Mail,135,24,74,2,0,-3,0,-2,3,blademaster,both,0
Tigrex Braces,135,24,74,2,0,-3,0,-2,3,blademaster,both,1
Tigrex Tassets,135,24,74,2,0,-3,0,-2,3,blademaster,both,0
Tigrex Greaves,135,24,74,2,0,-3,0,-2,3,blademaster,both,1
Kirin Horn,136,26,76,-1,0,3,-1,2,3,blademaster,both,0
Kirin Jacket,136,26,76,-1,0,3,-1,2,3,blademaster,both,0
Kirin Longarms,136,26,76,-1,0,3,-1,2,3,blademaster,both,1
Kirin Hoop,136,26,76,-1,0,3,-1,2,3,blademaster,both,0
Kirin Leg Guards,136,26,76,-1,0,3,-1,2,3,blademaster,both,1
Brachydios Helm,137,24,74,2,-2,0,-4,0,3,blademaster,both,0
Brachydios Mail,137,24,74,2,-2,0,-4,0,3,blademaster,both,1
Brachydios Braces,137,24,74,2,-2,0,-4,0,3,blademaster,both,0
Brachydios Faulds,137,24,74,2,-2,0,-4,0,3,blademaster,both,0
Brachydios Greaves,137,24,74,2,-2,0,-4,0,3,blademaster,both,2
Arc Helm,138,26,76,-2,2,0,2,-4,3,blademaster,male,2
Arc Mail,138,26,76,-2,2,0,2,-4,3,blademaster,male,0
Arc Vambraces,138,26,76,-2,2,0,2,-4,3,blademaster,male,0
Arc Faulds,138,26,76,-2,2,0,2,-4,3,blademaster,male,2
Arc Greaves,138,26,76,-2,2,0,2,-4,3,blademaster,male,0
Storge Helm,139,26,76,-2,2,0,2,-4,3,blademaster,female,2
Storge Mail,139,26,76,-2,2,0,2,-4,3,blademaster,female,0
Storge Braces,139,26,76,-2,2,0,2,-4,3,blademaster,female,0
Storge Faulds,139,26,76,-2,2,0,2,-4,3,blademaster,female,2
Storge Greaves,139,26,76,-2,2,0,2,-4,3,blademaster,female,0
Kushala Glare,140,26,76,-1,3,-2,2,-3,3,blademaster,both,0
Kushala Cista,140,26,76,-1,3,-2,2,-3,3,blademaster,both,1
Kushala Grip,140,26,76,-1,3,-2,2,-3,3,blademaster,both,0
Kushala Cocoon,140,26,76,-1,3,-2,2,-3,3,blademaster,both,0
Kushala Crus,140,26,76,-1,3,-2,2,-3,3,blademaster,both,0
Mizuha Cap,141,26,76,-5,2,0,1,-3,3,blademaster,both,0
Mizuha Guards,141,26,76,-5,2,0,1,-3,3,blademaster,both,0
Mizuha Sleeves,141,26,76,-5,2,0,1,-3,3,blademaster,both,0
Mizuha Sash,141,26,76,-5,2,0,1,-3,3,blademaster,both,1
Mizuha Gaiters,141,26,76,-5,2,0,1,-3,3,blademaster,both,0
Kaiser Crown,142,26,76,4,-1,1,-4,-3,3,blademaster,both,0
Kaiser Mail,142,26,76,4,-1,1,-4,-3,3,blademaster,both,0
Kaiser Vambraces,142,26,76,4,-1,1,-4,-3,3,blademaster,both,0
Kaiser Tassets,142,26,76,4,-1,1,-4,-3,3,blademaster,both,1
Kaiser Greaves,142,26,76,4,-1,1,-4,-3,3,blademaster,both,1
Skeletal Skull,143,26,76,-1,-1,-1,-1,-2,3,blademaster,both,1
Skeletal Sternum,143,26,76,-1,-1,-1,-1,-2,3,blademaster,both,1
Skeletal Humerus,143,26,76,-1,-1,-1,-1,-2,3,blademaster,both,1
Skeletal Hipbone,143,26,76,-1,-1,-1,-1,-2,3,blademaster,both,1
Skeletal Femur,143,26,76,-1,-1,-1,-1,-2,3,blademaster,both,1
Black Head,144,24,74,2,2,2,2,-5,3,blademaster,both,0
Black Hide,144,24,74,2,2,2,2,-5,3,blademaster,both,1
Black Claw,144,24,74,2,2,2,2,-5,3,blademaster,both,0
Black Spine,144,24,74,2,2,2,2,-5,3,blademaster,both,0
Black Feet,144,24,74,2,2,2,2,-5,3,blademaster,both,1
Black Belt Helm,145,22,72,1,1,1,1,1,3,blademaster,both,3
Black Belt Mail,145,22,72,1,1,1,1,1,3,blademaster,both,0
Black Belt Braces,145,22,72,1,1,1,1,1,3,blademaster,both,0
Black Belt Tassets,145,22,72,1,1,1,1,1,3,blademaster,both,0
Black Belt Greaves,145,22,72,1,1,1,1,1,3,blademaster,both,0
Guild Bard Lobos,146,20,70,0,0,0,0,0,3,blademaster,male,1
Guild Bard Bolero,146,20,70,0,0,0,0,0,3,blademaster,male,0
Guild Bard Braces,146,20,70,0,0,0,0,0,3,blademaster,male,1
Guild Bard Coil,146,20,70,0,0,0,0,0,3,blademaster,male,1
Guild Bard Boots,146,20,70,0,0,0,0,0,3,blademaster,male,1
Maiden's Hat,147,20,70,0,0,0,0,0,3,blademaster,female,1
Maiden's Suit,147,20,70,0,0,0,0,0,3,blademaster,female,0
Maiden's Gloves,147,20,70,0,0,0,0,0,3,blademaster,female,1
Maiden's Skirt,147,20,70,0,0,0,0,0,3,blademaster,female,1
Maiden's Socks,147,20,70,0,0,0,0,0,3,blademaster,female,1
Helper Hood,148,20,70,0,0,0,0,0,3,blademaster,female,1
Helper Suit,148,20,70,0,0,0,0,0,3,blademaster,female,1
Helper Sleeves,148,20,70,0,0,0,0,0,3,blademaster,female,1
Helper Skirt,148,20,70,0,0,0,0,0,3,blademaster,female,1
Helper Socks,148,20,70,0,0,0,0,0,3,blademaster,female,1
Dianthus Cap,149,20,70,0,0,0,0,0,3,blademaster,female,1
Dianthus Jacket,149,20,70,0,0,0,0,0,3,blademaster,female,0
Dianthus Sleeves,149,20,70,0,0,0,0,0,3,blademaster,female,1
Dianthus Skirt,149,20,70,0,0,0,0,0,3,blademaster,female,1
Dianthus Pants,149,20,70,0,0,0,0,0,3,blademaster,female,1
Gourmew Toque,150,22,72,1,1,1,1,1,3,blademaster,male,3
Gourmew Suit,150,22,72,1,1,1,1,1,3,blademaster,male,0
Gourmew Gloves,150,22,72,1,1,1,1,1,3,blademaster,male,0
Gourmew Sarong,150,22,72,1,1,1,1,1,3,blademaster,male,0
Gourmew Boots,150,22,72,1,1,1,1,1,3,blademaster,male,2
Gourmew Toque,151,22,72,1,1,1,1,1,3,blademaster,female,3
Gourmew Suit,151,22,72,1,1,1,1,1,3,blademaster,female,0
Gourmew Gloves,151,22,72,1,1,1,1,1,3,blademaster,female,0
Gourmew Sarong,151,22,72,1,1,1,1,1,3,blademaster,female,0
Gourmew Boots,151,22,72,1,1,1,1,1,3,blademaster,female,2
Vaik Cap,151,10,35,0,-1,-2,4,0,3,gunner,both,2
Vaik Vest,151,10,35,0,-1,-2,4,0,3,gunner,both,2
Vaik Guards,151,10,35,0,-1,-2,4,0,3,gunner,both,1
Vaik Coat,151,10,35,0,-1,-2,4,0,3,gunner,both,2
Vaik Leggings,151,10,35,0,-1,-2,4,0,3,gunner,both,1
Skull Mask,152,7,32,-3,-3,-3,-3,4,3,gunner,both,0
Aelucanth Clypeus,153,10,35,-2,-2,3,0,3,3,gunner,male,1
Aelucanth Pleuron,153,10,35,-2,-2,3,0,3,3,gunner,male,1
Aelucanth Manus,153,10,35,-2,-2,3,0,3,3,gunner,male,1
Aelucanth Alae,153,10,35,-2,-2,3,0,3,3,gunner,male,0
Aelucanth Tarsi,153,10,35,-2,-2,3,0,3,3,gunner,male,1
Rhopessa Clypeus,154,10,35,-2,-2,3,0,3,3,gunner,female,1
Rhopessa Pleuron,154,10,35,-2,-2,3,0,3,3,gunner,female,1
Rhopessa Manus,154,10,35,-2,-2,3,0,3,3,gunner,female,1
Rhopessa Alae,154,10,35,-2,-2,3,0,3,3,gunner,female,0
Rhopessa Tarsi,154,10,35,-2,-2,3,0,3,3,gunner,female,1
Artian Vest,155,12,37,3,2,-2,-2,3,3,gunner,both,1
Artian Guards,155,12,37,3,2,-2,-2,3,3,gunner,both,1
Artian Leggings,155,12,37,3,2,-2,-2,3,3,gunner,both,0
Garuga Cap,156,11,36,3,0,2,-1,0,3,gunner,both,0
Garuga Vest,156,11,36,3,0,2,-1,0,3,gunner,both,0
Garuga Guards,156,11,36,3,0,2,-1,0,3,gunner,both,0
Garuga Coat,156,11,36,3,0,2,-1,0,3,gunner,both,1
Garuga Leggings,156,11,36,3,0,2,-1,0,3,gunner,both,1
Uragaan Cap,157,13,38,4,-1,0,-4,-2,3,gunner,both,0
Uragaan Vest,157,13,38,4,-1,0,-4,-2,3,gunner,both,0
Uragaan Guards,157,13,38,4,-1,0,-4,-2,3,gunner,both,2
Uragaan Coat,157,13,38,4,-1,0,-4,-2,3,gunner,both,1
Uragaan Leggings,157,13,38,4,-1,0,-4,-2,3,gunner,both,1
Rathalos Cap,158,12,37,5,0,-2,0,-4,3,gunner,both,0
Rathalos Vest,158,12,37,5,0,-2,0,-4,3,gunner,both,1
Rathalos Guards,158,12,37,5,0,-2,0,-4,3,gunner,both,0
Rathalos Coat,158,12,37,5,0,-2,0,-4,3,gunner,both,2
Rathalos Leggings,158,12,37,5,0,-2,0,-4,3,gunner,both,0
Lagiacrus Cap,159,12,37,-3,-1,5,2,-2,3,gunner,both,1
Lagiacrus Vest,159,12,37,-3,-1,5,2,-2,3,gunner,both,2
Lagiacrus Guards,159,12,37,-3,-1,5,2,-2,3,gunner,both,0
Lagiacrus Coat,159,12,37,-3,-1,5,2,-2,3,gunner,both,0
Lagiacrus Leggings,159,12,37,-3,-1,5,2,-2,3,gunner,both,0
Zinogre Cap,160,11,36,0,-4,5,-1,1,3,gunner,both,1
Zinogre Vest,160,11,36,0,-4,5,-1,1,3,gunner,both,0
Zinogre Guards,160,11,36,0,-4,5,-1,1,3,gunner,both,1
Zinogre Coat,160,11,36,0,-4,5,-1,1,3,gunner,both,0
Zinogre Leggings,160,11,36,0,-4,5,-1,1,3,gunner,both,1
Mizutsune Mask,161,10,35,0,1,-2,2,-1,3,gunner,both,0
Mizutsune Vest,161,10,35,0,1,-2,2,-1,3,gunner,both,1
Mizutsune Guards,161,10,35,0,1,-2,2,-1,3,gunner,both,1
Mizutsune Coat,161,10,35,0,1,-2,2,-1,3,gunner,both,0
Mizutsune Leggings,161,10,35,0,1,-2,2,-1,3,gunner,both,1
Astalos Cap,162,12,37,0,-3,4,-2,2,3,gunner,both,0
Astalos Vest,162,12,37,0,-3,4,-2,2,3,gunner,both,0
Astalos Guards,162,12,37,0,-3,4,-2,2,3,gunner,both,1
Astalos Coat,162,12,37,0,-3,4,-2,2,3,gunner,both,0
Astalos Leggings,162,12,37,0,-3,4,-2,2,3,gunner,both,1
Gammoth Cap,163,13,38,-3,4,-1,1,2,3,gunner,male,2
Gammoth Vest,163,13,38,-3,4,-1,1,2,3,gunner,male,0
Gammoth Guards,163,13,38,-3,4,-1,1,2,3,gunner,male,2
Gammoth Coat,163,13,38,-3,4,-1,1,2,3,gunner,male,0
Gammoth Leggings,163,13,38,-3,4,-1,1,2,3,gunner,male,0
Gammoth Cap,164,13,38,-3,4,-1,1,2,3,gunner,female,2
Gammoth Vest,164,13,38,-3,4,-1,1,2,3,gunner,female,0
Gammoth Guards,164,13,38,-3,4,-1,1,2,3,gunner,female,2
Gammoth Coat,164,13,38,-3,4,-1,1,2,3,gunner,female,0
Gammoth Leggings,164,13,38,-3,4,-1,1,2,3,gunner,female,0
Glavenus Cap,165,12,37,4,0,1,-3,-1,3,gunner,both,1
Glavenus Vest,165,12,37,4,0,1,-3,-1,3,gunner,both,1
Glavenus Guards,165,12,37,4,0,1,-3,-1,3,gunner,both,0
Glavenus Coat,165,12,37,4,0,1,-3,-1,3,gunner,both,1
Glavenus Leggings,165,12,37,4,0,1,-3,-1,3,gunner,both,2
Gore Cap,166,12,37,-2,2,-1,3,-2,3,gunner,both,0
Gore Vest,166,12,37,-2,2,-1,3,-2,3,gunner,both,0
Gore Guards,166,12,37,-2,2,-1,3,-2,3,gunner,both,0
Gore Coat,166,12,37,-2,2,-1,3,-2,3,gunner,both,1
Gore Leggings,166,12,37,-2,2,-1,3,-2,3,gunner,both,1
Regios Cap,167,12,37,4,-2,-3,0,0,3,gunner,both,1
Regios Vest,167,12,37,4,-2,-3,0,0,3,gunner,both,0
Regios Guards,167,12,37,4,-2,-3,0,0,3,gunner,both,0
Regios Coat,167,12,37,4,-2,-3,0,0,3,gunner,both,2
Regios Leggings,167,12,37,4,-2,-3,0,0,3,gunner,both,0
Tigrex Cap,168,12,37,4,0,-3,0,-2,3,gunner,both,0
Tigrex Vest,168,12,37,4,0,-3,0,-2,3,gunner,both,0
Tigrex Guards,168,12,37,4,0,-3,0,-2,3,gunner,both,1
Tigrex Coat,168,12,37,4,0,-3,0,-2,3,gunner,both,0
Tigrex Leggings,168,12,37,4,0,-3,0,-2,3,gunner,both,1
Kirin Crest,169,13,38,-1,0,4,-1,2,3,gunner,both,0
Kirin Cape,169,13,38,-1,0,4,-1,2,3,gunner,both,0
Kirin Gloves,169,13,38,-1,0,4,-1,2,3,gunner,both,1
Kirin Shorts,169,13,38,-1,0,4,-1,2,3,gunner,both,0
Kirin Boots,169,13,38,-1,0,4,-1,2,3,gunner,both,1
Brachydios Cap,170,12,37,2,-2,0,-3,0,3,gunner,both,0
Brachydios Vest,170,12,37,2,-2,0,-3,0,3,gunner,both,1
Brachydios Guards,170,12,37,2,-2,0,-3,0,3,gunner,both,0
Brachydios Coat,170,12,37,2,-2,0,-3,0,3,gunner,both,0
Brachydios Leggings,170,12,37,2,-2,0,-3,0,3,gunner,both,2
Arc Cap,171,13,38,-2,2,0,2,-3,3,gunner,male,2
Arc Vest,171,13,38,-2,2,0,2,-3,3,gunner,male,0
Arc Guards,171,13,38,-2,2,0,2,-3,3,gunner,male,0
Arc Coat,171,13,38,-2,2,0,2,-3,3,gunner,male,1
Arc Leggings,171,13,38,-2,2,0,2,-3,3,gunner,male,0
Storge Cap,172,13,38,-2,2,0,2,-3,3,gunner,female,2
Storge Vest,172,13,38,-2,2,0,2,-3,3,gunner,female,0
Storge Guards,172,13,38,-2,2,0,2,-3,3,gunner,female,0
Storge Coat,172,13,38,-2,2,0,2,-3,3,gunner,female,1
Storge Leggings,172,13,38,-2,2,0,2,-3,3,gunner,female,0
Kushala Snarl,173,13,38,-1,5,-2,2,-3,3,gunner,both,0
Kushala Vise,173,13,38,-1,5,-2,2,-3,3,gunner,both,1
Kushala Embrace,173,13,38,-1,5,-2,2,-3,3,gunner,both,0
Kushala Wind Wrap,173,13,38,-1,5,-2,2,-3,3,gunner,both,0
Kushala Shank,173,13,38,-1,5,-2,2,-3,3,gunner,both,0
Cham Hat,174,13,38,-4,2,0,1,-3,3,gunner,both,0
Cham Camise,174,13,38,-4,2,0,1,-3,3,gunner,both,0
Cham Sleeves,174,13,38,-4,2,0,1,-3,3,gunner,both,0
Cham Coat,174,13,38,-4,2,0,1,-3,3,gunner,both,1
Cham Trousers,174,13,38,-4,2,0,1,-3,3,gunner,both,0
Kaiser Mask,175,13,38,4,-1,1,-3,-3,3,gunner,both,0
Kaiser Vest,175,13,38,4,-1,1,-3,-3,3,gunner,both,0
Kaiser Guards,175,13,38,4,-1,1,-3,-3,3,gunner,both,0
Kaiser Coat,175,13,38,4,-1,1,-3,-3,3,gunner,both,1
Kaiser Leggings,175,13,38,4,-1,1,-3,-3,3,gunner,both,1
Decayed Skull,176,13,38,-1,-1,-1,-1,-1,3,gunner,both,1
Decayed Sternum,176,13,38,-1,-1,-1,-1,-1,3,gunner,both,1
Decayed Humerus,176,13,38,-1,-1,-1,-1,-1,3,gunner,both,1
Decayed Hipbone,176,13,38,-1,-1,-1,-1,-1,3,gunner,both,1
Decayed Femur,176,13,38,-1,-1,-1,-1,-1,3,gunner,both,1
Black Face,177,12,37,2,2,2,2,-4,3,gunner,both,0
Black Skin,177,12,37,2,2,2,2,-4,3,gunner,both,1
Black Fist,177,12,37,2,2,2,2,-4,3,gunner,both,0
Black Scale,177,12,37,2,2,2,2,-4,3,gunner,both,0
Black Legs,177,12,37,2,2,2,2,-4,3,gunner,both,1
Black Belt Cap,178,11,36,1,1,1,1,2,3,gunner,both,3
Black Belt Vest,178,11,36,1,1,1,1,2,3,gunner,both,0
Black Belt Guards,178,11,36,1,1,1,1,2,3,gunner,both,0
Black Belt Coat,178,11,36,1,1,1,1,2,3,gunner,both,0
Black Belt Leggings,178,11,36,1,1,1,1,2,3,gunner,both,0
Guild Bard Hat,179,10,35,0,0,0,0,0,3,gunner,male,1
Guild Bard Vest,179,10,35,0,0,0,0,0,3,gunner,male,0
Guild Bard Sleeves,179,10,35,0,0,0,0,0,3,gunner,male,1
Guild Bard Coat,179,10,35,0,0,0,0,0,3,gunner,male,1
Guild Bard Gaiters,179,10,35,0,0,0,0,0,3,gunner,male,1
French Maid Glasses,180,10,35,0,0,0,0,0,3,gunner,female,1
French Maid Vest,180,10,35,0,0,0,0,0,3,gunner,female,0
French Maid Sleeves,180,10,35,0,0,0,0,0,3,gunner,female,1
French Maid Frills,180,10,35,0,0,0,0,0,3,gunner,female,1
French Maid Tights,180,10,35,0,0,0,0,0,3,gunner,female,1
Healer Glasses,181,10,35,0,0,0,0,0,3,gunner,female,1
Healer Vest,181,10,35,0,0,0,0,0,3,gunner,female,1
Healer Sleeves,181,10,35,0,0,0,0,0,3,gunner,female,1
Healer Frills,181,10,35,0,0,0,0,0,3,gunner,female,1
Healer Socks,181,10,35,0,0,0,0,0,3,gunner,female,1
Campanile Cap,182,10,35,0,0,0,0,0,3,gunner,female,1
Campanile Jacket,182,10,35,0,0,0,0,0,3,gunner,female,0
Campanile Sleeves,182,10,35,0,0,0,0,0,3,gunner,female,1
Campanile Skirt,182,10,35,0,0,0,0,0,3,gunner,female,1
Campanile Pants,182,10,35,0,0,0,0,0,3,gunner,female,1
Gourmew Cap,183,11,36,1,1,1,1,1,3,gunner,male,3
Gourmew Vest,183,11,36,1,1,1,1,1,3,gunner,male,0
Gourmew Mitts,183,11,36,1,1,1,1,1,3,gunner,male,0
Gourmew Apron,183,11,36,1,1,1,1,1,3,gunner,male,0
Gourmew Paws,183,11,36,1,1,1,1,1,3,gunner,male,2
Gourmew Cap,184,11,36,1,1,1,1,1,3,gunner,female,3
Gourmew Vest,184,11,36,1,1,1,1,1,3,gunner,female,0
Gourmew Mitts,184,11,36,1,1,1,1,1,3,gunner,female,0
Gourmew Apron,184,11,36,1,1,1,1,1,3,gunner,female,0
Gourmew Paws,184,11,36,1,1,1,1,1,3,gunner,female,2
Leather Helm S,184,24,100,0,0,0,0,0,4,blademaster,both,1
Leather Mail S,184,24,100,0,0,0,0,0,4,blademaster,both,0
Leather Braces S,184,24,100,0,0,0,0,0,4,blademaster,both,1
Leather Faulds S,184,24,100,0,0,0,0,0,4,blademaster,both,2
Leather Greaves S,184,24,100,0,0,0,0,0,4,blademaster,both,1
Chainmail Helm S,185,24,100,0,0,1,0,0,4,blademaster,both,3
Chainmail Armor S,185,24,100,0,0,1,0,0,4,blademaster,both,1
Chainmail Braces S,185,24,100,0,0,1,0,0,4,blademaster,both,1
Chainmail Faulds S,185,24,100,0,0,1,0,0,4,blademaster,both,1
Chainmail Greaves S,185,24,100,0,0,1,0,0,4,blademaster,both,0
Bherna Turban S,186,26,102,0,0,0,1,0,4,blademaster,both,1
Bherna Mail S,186,26,102,0,0,0,1,0,4,blademaster,both,2
Bherna Braces S,186,26,102,0,0,0,1,0,4,blademaster,both,1
Bherna Belt S,186,26,102,0,0,0,1,0,4,blademaster,both,1
Bherna Greaves S,186,26,102,0,0,0,1,0,4,blademaster,both,0
Hunting Helm S,187,26,102,1,0,0,0,0,4,blademaster,both,1
Hunting Mail S,187,26,102,1,0,0,0,0,4,blademaster,both,0
Hunting Braces S,187,26,102,1,0,0,0,0,4,blademaster,both,1
Hunting Faulds S,187,26,102,1,0,0,0,0,4,blademaster,both,1
Hunting Greaves S,187,26,102,1,0,0,0,0,4,blademaster,both,2
Mafumofu Hood S,188,26,102,-1,2,0,0,0,4,blademaster,both,2
Mafumofu Suit S,188,26,102,-1,2,0,0,0,4,blademaster,both,0
Mafumofu Grips S,188,26,102,-1,2,0,0,0,4,blademaster,both,2
Mafumofu Coil S,188,26,102,-1,2,0,0,0,4,blademaster,both,1
Mafumofu Boots S,188,26,102,-1,2,0,0,0,4,blademaster,both,0
Yukumo Sky Kasa,189,26,102,0,0,1,0,0,4,blademaster,both,1
Yukumo Sky Dogi,189,26,102,0,0,1,0,0,4,blademaster,both,0
Yukumo Sky Kote,189,26,102,0,0,1,0,0,4,blademaster,both,1
Yukumo Sky Obi,189,26,102,0,0,1,0,0,4,blademaster,both,2
Yukumo Sky Hakama,189,26,102,0,0,1,0,0,4,blademaster,both,1
Hunter's Helm S,190,26,102,0,0,0,0,0,4,blademaster,both,0
Hunter's Mail S,190,26,102,0,0,0,0,0,4,blademaster,both,1
Hunter's Vambraces S,190,26,102,0,0,0,0,0,4,blademaster,both,1
Hunter's Faulds S,190,26,102,0,0,0,0,0,4,blademaster,both,1
Hunter's Greaves S,190,26,102,0,0,0,0,0,4,blademaster,both,2
Hunter's Helm R,191,22,98,0,0,0,0,0,4,blademaster,both,1
Hunter's Mail R,191,22,98,0,0,0,0,0,4,blademaster,both,0
Hunter's Braces R,191,22,98,0,0,0,0,0,4,blademaster,both,0
Hunter's Faulds R,191,22,98,0,0,0,0,0,4,blademaster,both,1
Hunter's Greaves R,191,22,98,0,0,0,0,0,4,blademaster,both,1
Bone Helm S,192,30,106,0,-1,0,0,0,4,blademaster,both,1
Bone Mail S,192,30,106,0,-1,0,0,0,4,blademaster,both,1
Bone Vambraces S,192,30,106,0,-1,0,0,0,4,blademaster,both,2
Bone Faulds S,192,30,106,0,-1,0,0,0,4,blademaster,both,2
Bone Greaves S,192,30,106,0,-1,0,0,0,4,blademaster,both,0
Silver Metal Boots,193,32,108,0,0,-2,2,0,4,blademaster,both,1
Chaos Archbun,194,36,112,2,0,0,-2,0,4,blademaster,both,1
Chaos Archplate,194,36,112,2,0,0,-2,0,4,blademaster,both,3
Melahoa Hat S,195,32,108,0,0,1,1,0,4,blademaster,both,1
Melahoa Jacket S,195,32,108,0,0,1,1,0,4,blademaster,both,0
Melahoa Branch S,195,32,108,0,0,1,1,0,4,blademaster,both,0
Melahoa Folia S,195,32,108,0,0,1,1,0,4,blademaster,both,3
Melahoa Roots S,195,32,108,0,0,1,1,0,4,blademaster,both,0
Melahoa Hat U,196,28,104,0,0,1,1,0,4,blademaster,both,1
Melahoa Jacket U,196,28,104,0,0,1,1,0,4,blademaster,both,0
Melahoa Branch U,196,28,104,0,0,1,1,0,4,blademaster,both,1
Melahoa Folia U,196,28,104,0,0,1,1,0,4,blademaster,both,3
Melahoa Roots U,196,28,104,0,0,1,1,0,4,blademaster,both,1
Makluva Hood S,197,36,112,1,0,-2,2,0,4,blademaster,both,1
Makluva Cover S,197,36,112,1,0,-2,2,0,4,blademaster,both,1
Makluva Sleeves S,197,36,112,1,0,-2,2,0,4,blademaster,both,0
Makluva Coil S,197,36,112,1,0,-2,2,0,4,blademaster,both,1
Makluva Pants S,197,36,112,1,0,-2,2,0,4,blademaster,both,2
Makluva Hood U,198,32,108,1,0,-2,2,0,4,blademaster,both,1
Makluva Cover U,198,32,108,1,0,-2,2,0,4,blademaster,both,2
Makluva Sleeves U,198,32,108,1,0,-2,2,0,4,blademaster,both,0
Makluva Coil U,198,32,108,1,0,-2,2,0,4,blademaster,both,1
Makluva Pants U,198,32,108,1,0,-2,2,0,4,blademaster,both,2
Bistro Toque S,199,34,110,3,2,0,1,0,4,blademaster,both,1
Bistro Suit S,199,34,110,3,2,0,1,0,4,blademaster,both,1
Bistro Sarong S,199,34,110,3,2,0,1,0,4,blademaster,both,1
Acorn Helm S,200,36,112,2,-2,0,2,0,4,blademaster,both,1
Acorn Mail S,200,36,112,2,-2,0,2,0,4,blademaster,both,0
Mosgharl Vizor S,201,36,112,-3,2,0,1,0,4,blademaster,male,0
Mosgharl Ribplate S,201,36,112,-3,2,0,1,0,4,blademaster,male,0
Mosgharl Creeper S,201,36,112,-3,2,0,1,0,4,blademaster,male,1
Mosgharl Folia S,201,36,112,-3,2,0,1,0,4,blademaster,male,2
Mosgharl Roots S,201,36,112,-3,2,0,1,0,4,blademaster,male,0
Mosgharl Vizor S,202,36,112,-3,2,0,1,0,4,blademaster,female,0
Mosgharl Ribplate S,202,36,112,-3,2,0,1,0,4,blademaster,female,0
Mosgharl Creeper S,202,36,112,-3,2,0,1,0,4,blademaster,female,1
Mosgharl Folia S,202,36,112,-3,2,0,1,0,4,blademaster,female,2
Mosgharl Roots S,202,36,112,-3,2,0,1,0,4,blademaster,female,0
Edel Vizor S,203,34,110,-1,0,-1,3,0,4,blademaster,both,2
Edel Ribplate S,203,34,110,-1,0,-1,3,0,4,blademaster,both,0
Edel Creeper S,203,34,110,-1,0,-1,3,0,4,blademaster,both,1
Edel Folia S,203,34,110,-1,0,-1,3,0,4,blademaster,both,1
Edel Roots S,203,34,110,-1,0,-1,3,0,4,blademaster,both,0
Moofah Head S,204,32,108,-1,3,2,0,0,4,blademaster,both,1
Moofah Suit S,204,32,108,-1,3,2,0,0,4,blademaster,both,0
Moofah Claws S,204,32,108,-1,3,2,0,0,4,blademaster,both,0
Moofah Coil S,204,32,108,-1,3,2,0,0,4,blademaster,both,0
Slagtoth Hood,205,28,104,-2,-1,0,2,1,4,blademaster,both,1
Slagtoth Cloak,205,28,104,-2,-1,0,2,1,4,blademaster,both,0
Velociprey Head S,206,20,96,1,1,1,2,1,4,blademaster,both,0
Velociprey Body S,206,20,96,1,1,1,2,1,4,blademaster,both,0
Velociprey Claws S,206,20,96,1,1,1,2,1,4,blademaster,both,0
Velociprey Feet S,206,20,96,1,1,1,2,1,4,blademaster,both,0
Giaprey Head,207,28,104,1,2,1,1,1,4,blademaster,both,0
Giaprey Body,207,28,104,1,2,1,1,1,4,blademaster,both,0
Giaprey Claws,207,28,104,1,2,1,1,1,4,blademaster,both,0
Giaprey Feet,207,28,104,1,2,1,1,1,4,blademaster,both,0
Genprey Head S,208,20,96,1,1,2,1,1,4,blademaster,both,0
Genprey Body S,208,20,96,1,1,2,1,1,4,blademaster,both,0
Genprey Claws S,208,20,96,1,1,2,1,1,4,blademaster,both,0
Genprey Feet S,208,20,96,1,1,2,1,1,4,blademaster,both,0
Ioprey Head S,209,20,96,2,1,1,1,1,4,blademaster,both,0
Ioprey Body S,209,20,96,2,1,1,1,1,4,blademaster,both,0
Ioprey Claws S,209,20,96,2,1,1,1,1,4,blademaster,both,0
Ioprey Feet S,209,20,96,2,1,1,1,1,4,blademaster,both,0
Remobra Headgear S,210,20,96,1,1,1,1,2,4,blademaster,both,0
Remobra Suit S,210,20,96,1,1,1,1,2,4,blademaster,both,0
Remobra Gloves S,210,20,96,1,1,1,1,2,4,blademaster,both,0
Remobra Belt S,210,20,96,1,1,1,1,2,4,blademaster,both,1
Remobra Feet S,210,20,96,1,1,1,1,2,4,blademaster,both,0
Trapper's Gauntlets S,211,22,98,0,0,0,1,0,4,blademaster,both,1
Trapper's Shinguards S,211,22,98,0,0,0,1,0,4,blademaster,both,0
Maccao Gauntlets S,212,22,98,0,0,1,0,0,4,blademaster,both,0
Maccao Shinguards S,212,22,98,0,0,1,0,0,4,blademaster,both,2
Jaggi Gauntlets S,213,22,98,0,1,0,0,0,4,blademaster,both,0
Jaggi Shinguards S,213,22,98,0,1,0,0,0,4,blademaster,both,2
Rhenoplos Helm S,214,32,108,2,-2,0,0,0,4,blademaster,both,0
Rhenoplos Mail S,214,32,108,2,-2,0,0,0,4,blademaster,both,1
Rhenoplos Braces S,214,32,108,2,-2,0,0,0,4,blademaster,both,2
Rhenoplos Coil S,214,32,108,2,-2,0,0,0,4,blademaster,both,1
Rhenoplos Greaves S,214,32,108,2,-2,0,0,0,4,blademaster,both,0
Jaggi Helm S,215,28,104,-2,0,0,0,0,4,blademaster,both,0
Jaggi Mail S,215,28,104,-2,0,0,0,0,4,blademaster,both,1
Jaggi Vambraces S,215,28,104,-2,0,0,0,0,4,blademaster,both,1
Jaggi Faulds S,215,28,104,-2,0,0,0,0,4,blademaster,both,1
Jaggi Greaves S,215,28,104,-2,0,0,0,0,4,blademaster,both,1
Droth Mail S,216,28,104,-2,0,-1,4,0,4,blademaster,both,0
Droth Faulds S,216,28,104,-2,0,-1,4,0,4,blademaster,both,2
Droth Greaves S,216,28,104,-2,0,-1,4,0,4,blademaster,both,1
Uroktor Torso S,217,30,106,4,-1,0,-2,0,4,blademaster,both,1
Uroktor Tassets S,217,30,106,4,-1,0,-2,0,4,blademaster,both,1
Maccao Helm S,218,30,106,-2,0,0,0,0,4,blademaster,both,1
Maccao Mail S,218,30,106,-2,0,0,0,0,4,blademaster,both,0
Maccao Braces S,218,30,106,-2,0,0,0,0,4,blademaster,both,2
Maccao Faulds S,218,30,106,-2,0,0,0,0,4,blademaster,both,1
Maccao Greaves S,218,30,106,-2,0,0,0,0,4,blademaster,both,1
Velociprey Helm S,219,30,106,0,-2,0,0,0,4,blademaster,both,1
Velociprey Mail S,219,30,106,0,-2,0,0,0,4,blademaster,both,0
Velociprey Braces S,219,30,106,0,-2,0,0,0,4,blademaster,both,2
Velociprey Tassets S,219,30,106,0,-2,0,0,0,4,blademaster,both,2
Velociprey Greaves S,219,30,106,0,-2,0,0,0,4,blademaster,both,2
Giaprey Helm S,220,30,106,0,2,-1,0,0,4,blademaster,both,0
Giaprey Mail S,220,30,106,0,2,-1,0,0,4,blademaster,both,0
Giaprey Braces S,220,30,106,0,2,-1,0,0,4,blademaster,both,1
Giaprey Faulds S,220,30,106,0,2,-1,0,0,4,blademaster,both,1
Giaprey Greaves S,220,30,106,0,2,-1,0,0,4,blademaster,both,3
Genprey Helm S,221,32,108,0,-2,1,0,0,4,blademaster,both,2
Genprey Mail S,221,32,108,0,-2,1,0,0,4,blademaster,both,0
Genprey Vambraces S,221,32,108,0,-2,1,0,0,4,blademaster,both,1
Genprey Tassets S,221,32,108,0,-2,1,0,0,4,blademaster,both,2
Genprey Greaves S,221,32,108,0,-2,1,0,0,4,blademaster,both,0
EX Genprey Helm,222,36,112,0,-2,1,0,0,4,blademaster,both,1
EX Genprey Mail,222,36,112,0,-2,1,0,0,4,blademaster,both,1
EX Genprey Braces,222,36,112,0,-2,1,0,0,4,blademaster,both,1
EX Genprey Tassets,222,36,112,0,-2,1,0,0,4,blademaster,both,1
EX Genprey Greaves,222,36,112,0,-2,1,0,0,4,blademaster,both,1
Ioprey Helm S,223,34,110,2,0,-1,-1,0,4,blademaster,both,2
Ioprey Mail S,223,34,110,2,0,-1,-1,0,4,blademaster,both,1
Ioprey Vambraces S,223,34,110,2,0,-1,-1,0,4,blademaster,both,1
Ioprey Tassets S,223,34,110,2,0,-1,-1,0,4,blademaster,both,1
Ioprey Greaves S,223,34,110,2,0,-1,-1,0,4,blademaster,both,0
EX Ioprey Helm,224,38,114,2,0,-1,-1,0,4,blademaster,both,1
EX Ioprey Mail,224,38,114,2,0,-1,-1,0,4,blademaster,both,0
EX Ioprey Vambraces,224,38,114,2,0,-1,-1,0,4,blademaster,both,1
EX Ioprey Tassets,224,38,114,2,0,-1,-1,0,4,blademaster,both,0
EX Ioprey Greaves,224,38,114,2,0,-1,-1,0,4,blademaster,both,1
Vespoid Helm S,225,32,108,-2,1,1,1,2,4,blademaster,both,3
Vespoid Mail S,225,32,108,-2,1,1,1,2,4,blademaster,both,2
Vespoid Vambraces S,225,32,108,-2,1,1,1,2,4,blademaster,both,2
Vespoid Tassets S,225,32,108,-2,1,1,1,2,4,blademaster,both,1
Vespoid Greaves S,225,32,108,-2,1,1,1,2,4,blademaster,both,2
EX Vespoid Helm,226,36,112,-2,1,1,1,2,4,blademaster,both,1
EX Vespoid Mail,226,36,112,-2,1,1,1,2,4,blademaster,both,0
EX Vespoid Vambraces,226,36,112,-2,1,1,1,2,4,blademaster,both,0
EX Vespoid Tassets,226,36,112,-2,1,1,1,2,4,blademaster,both,0
EX Vespoid Greaves,226,36,112,-2,1,1,1,2,4,blademaster,both,0
Hornetaur Helm S,227,36,112,-1,-1,-1,-1,4,4,blademaster,both,1
Hornetaur Mail S,227,36,112,-1,-1,-1,-1,4,4,blademaster,both,0
Hornetaur Braces S,227,36,112,-1,-1,-1,-1,4,4,blademaster,both,2
Hornetaur Tassets S,227,36,112,-1,-1,-1,-1,4,4,blademaster,both,1
Hornetaur Greaves S,227,36,112,-1,-1,-1,-1,4,4,blademaster,both,1
EX Hornetaur Helm,228,40,116,-1,-1,-1,-1,4,4,blademaster,both,1
EX Hornetaur Mail,228,40,116,-1,-1,-1,-1,4,4,blademaster,both,1
EX Hornetaur Braces,228,40,116,-1,-1,-1,-1,4,4,blademaster,both,1
EX Hornetaur Tassets,228,40,116,-1,-1,-1,-1,4,4,blademaster,both,1
EX Hornetaur Greaves,228,40,116,-1,-1,-1,-1,4,4,blademaster,both,1
Hornetaur Helm R,229,32,108,-1,-1,-1,-1,4,4,blademaster,both,2
Hornetaur Mail R,229,32,108,-1,-1,-1,-1,4,4,blademaster,both,2
Hornetaur Braces R,229,32,108,-1,-1,-1,-1,4,4,blademaster,both,0
Hornetaur Tassets R,229,32,108,-1,-1,-1,-1,4,4,blademaster,both,0
Hornetaur Greaves R,229,32,108,-1,-1,-1,-1,4,4,blademaster,both,1
Bnahabra Hat S,230,32,108,-2,0,0,0,2,4,blademaster,both,2
Bnahabra Suit S,230,32,108,-2,0,0,0,2,4,blademaster,both,0
Bnahabra Gloves S,230,32,108,-2,0,0,0,2,4,blademaster,both,2
Bnahabra Coil S,230,32,108,-2,0,0,0,2,4,blademaster,both,1
Bnahabra Boots S,230,32,108,-2,0,0,0,2,4,blademaster,both,0
Konchu Helm S,231,40,116,0,1,1,1,1,4,blademaster,both,2
Konchu Braces S,231,40,116,0,1,1,1,1,4,blademaster,both,0
Bulldrome Helm S,232,36,112,0,1,-2,2,0,4,blademaster,both,1
Bulldrome Mail S,232,36,112,0,1,-2,2,0,4,blademaster,both,1
Bulldrome Braces S,232,36,112,0,1,-2,2,0,4,blademaster,both,2
Bulldrome Faulds S,232,36,112,0,1,-2,2,0,4,blademaster,both,1
Bulldrome Greaves S,232,36,112,0,1,-2,2,0,4,blademaster,both,1
Arzuros Helm S,233,38,114,-2,0,-2,0,0,4,blademaster,both,2
Arzuros Mail S,233,38,114,-2,0,-2,0,0,4,blademaster,both,0
Arzuros Vambraces S,233,38,114,-2,0,-2,0,0,4,blademaster,both,0
Arzuros Faulds S,233,38,114,-2,0,-2,0,0,4,blademaster,both,3
Arzuros Greaves S,233,38,114,-2,0,-2,0,0,4,blademaster,both,0
Cephalos Helm S,234,42,118,2,-3,0,0,0,4,blademaster,both,1
Cephalos Mail S,234,42,118,2,-3,0,0,0,4,blademaster,both,1
Cephalos Vambraces S,234,42,118,2,-3,0,0,0,4,blademaster,both,1
Cephalos Tassets S,234,42,118,2,-3,0,0,0,4,blademaster,both,0
Cephalos Greaves S,234,42,118,2,-3,0,0,0,4,blademaster,both,2
EX Cephalos Helm,235,46,122,2,-3,0,0,0,4,blademaster,both,0
EX Cephalos Mail,235,46,122,2,-3,0,0,0,4,blademaster,both,0
EX Cephalos Braces,235,46,122,2,-3,0,0,0,4,blademaster,both,0
EX Cephalos Tassets,235,46,122,2,-3,0,0,0,4,blademaster,both,0
EX Cephalos Greaves,235,46,122,2,-3,0,0,0,4,blademaster,both,0
Kut-Ku Helm S,236,44,120,3,-3,0,-1,0,4,blademaster,both,0
Kut-Ku Mail S,236,44,120,3,-3,0,-1,0,4,blademaster,both,0
Kut-Ku Vambraces S,236,44,120,3,-3,0,-1,0,4,blademaster,both,0
Kut-Ku Tassets S,236,44,120,3,-3,0,-1,0,4,blademaster,both,0
Kut-Ku Greaves S,236,44,120,3,-3,0,-1,0,4,blademaster,both,2
Kecha Helm,237,44,120,-2,0,-1,2,1,4,blademaster,both,0
Kecha Mail,237,44,120,-2,0,-1,2,1,4,blademaster,both,1
Kecha Vambraces,237,44,120,-2,0,-1,2,1,4,blademaster,both,0
Kecha Faulds,237,44,120,-2,0,-1,2,1,4,blademaster,both,1
Kecha Greaves,237,44,120,-2,0,-1,2,1,4,blademaster,both,1
Lagombi Helm S,238,40,116,-3,3,0,1,0,4,blademaster,both,1
Lagombi Mail S,238,40,116,-3,3,0,1,0,4,blademaster,both,0
Lagombi Vambraces S,238,40,116,-3,3,0,1,0,4,blademaster,both,1
Lagombi Faulds S,238,40,116,-3,3,0,1,0,4,blademaster,both,1
Lagombi Greaves S,238,40,116,-3,3,0,1,0,4,blademaster,both,1
Gypceros Helm S,239,46,122,-3,-1,4,1,0,4,blademaster,both,0
Gypceros Mail S,239,46,122,-3,-1,4,1,0,4,blademaster,both,2
Gypceros Braces S,239,46,122,-3,-1,4,1,0,4,blademaster,both,1
Gypceros Tassets S,239,46,122,-3,-1,4,1,0,4,blademaster,both,1
Gypceros Greaves S,239,46,122,-3,-1,4,1,0,4,blademaster,both,1
Gypceros Helm R,240,42,118,-3,-1,4,1,0,4,blademaster,both,0
Gypceros Mail R,240,42,118,-3,-1,4,1,0,4,blademaster,both,0
Gypceros Braces R,240,42,118,-3,-1,4,1,0,4,blademaster,both,1
Gypceros Tassets R,240,42,118,-3,-1,4,1,0,4,blademaster,both,0
Gypceros Greaves R,240,42,118,-3,-1,4,1,0,4,blademaster,both,0
Tetsucabra Helm S,241,46,122,2,0,-1,-3,1,4,blademaster,both,0
Tetsucabra Mail S,241,46,122,2,0,-1,-3,1,4,blademaster,both,1
Tetsucabra Braces S,241,46,122,2,0,-1,-3,1,4,blademaster,both,0
Tetsucabra Faulds S,241,46,122,2,0,-1,-3,1,4,blademaster,both,2
Tetsucabra Greaves S,241,46,122,2,0,-1,-3,1,4,blademaster,both,1
Hermitaur Helm S,242,48,124,-1,0,-3,3,1,4,blademaster,both,0
Hermitaur Mail S,242,48,124,-1,0,-3,3,1,4,blademaster,both,0
Hermitaur Braces S,242,48,124,-1,0,-3,3,1,4,blademaster,both,2
Hermitaur Tassets S,242,48,124,-1,0,-3,3,1,4,blademaster,both,0
Hermitaur Greaves S,242,48,124,-1,0,-3,3,1,4,blademaster,both,3
EX Hermitaur Helm,243,52,128,-1,0,-3,3,1,4,blademaster,both,1
EX Hermitaur Mail,243,52,128,-1,0,-3,3,1,4,blademaster,both,0
EX Hermitaur Braces,243,52,128,-1,0,-3,3,1,4,blademaster,both,1
EX Hermitaur Tassets,243,52,128,-1,0,-3,3,1,4,blademaster,both,0
EX Hermitaur Greaves,243,52,128,-1,0,-3,3,1,4,blademaster,both,0
Hermitaur Helm R,244,44,120,-1,0,-3,3,1,4,blademaster,both,0
Hermitaur Mail R,244,44,120,-1,0,-3,3,1,4,blademaster,both,3
Hermitaur Braces R,244,44,120,-1,0,-3,3,1,4,blademaster,both,0
Hermitaur Tassets R,244,44,120,-1,0,-3,3,1,4,blademaster,both,0
Hermitaur Greaves R,244,44,120,-1,0,-3,3,1,4,blademaster,both,0
Volvidon Helm S,245,46,122,2,-1,0,-3,1,4,blademaster,both,0
Volvidon Mail S,245,46,122,2,-1,0,-3,1,4,blademaster,both,1
Volvidon Vambraces S,245,46,122,2,-1,0,-3,1,4,blademaster,both,1
Volvidon Faulds S,245,46,122,2,-1,0,-3,1,4,blademaster,both,2
Volvidon Greaves S,245,46,122,2,-1,0,-3,1,4,blademaster,both,1
Conga Helm,246,32,108,-3,-1,1,1,0,4,blademaster,both,0
Conga Mail,246,32,108,-3,-1,1,1,0,4,blademaster,both,2
Conga Vambraces,246,32,108,-3,-1,1,1,0,4,blademaster,both,1
Conga Tassets,246,32,108,-3,-1,1,1,0,4,blademaster,both,0
Conga Greaves,246,32,108,-3,-1,1,1,0,4,blademaster,both,1
Ludroth Helm S,247,46,122,-3,0,-1,4,0,4,blademaster,both,1
Ludroth Mail S,247,46,122,-3,0,-1,4,0,4,blademaster,both,1
Ludroth Braces S,247,46,122,-3,0,-1,4,0,4,blademaster,both,0
Ludroth Faulds S,247,46,122,-3,0,-1,4,0,4,blademaster,both,1
Ludroth Greaves S,247,46,122,-3,0,-1,4,0,4,blademaster,both,0
Ludroth Helm R,248,42,118,-3,0,-1,4,0,4,blademaster,both,0
Ludroth Mail R,248,42,118,-3,0,-1,4,0,4,blademaster,both,0
Ludroth Braces R,248,42,118,-3,0,-1,4,0,4,blademaster,both,0
Ludroth Tassets R,248,42,118,-3,0,-1,4,0,4,blademaster,both,0
Ludroth Greaves R,248,42,118,-3,0,-1,4,0,4,blademaster,both,0
Barroth Helm,249,34,110,0,-2,1,0,0,4,blademaster,both,1
Barroth Mail,249,34,110,0,-2,1,0,0,4,blademaster,both,0
Barroth Vambraces,249,34,110,0,-2,1,0,0,4,blademaster,both,2
Barroth Faulds,249,34,110,0,-2,1,0,0,4,blademaster,both,0
Barroth Greaves,249,34,110,0,-2,1,0,0,4,blademaster,both,1
Lecturer's Hood,250,44,120,0,0,0,0,0,4,blademaster,female,0
Lecturer's Suit,250,44,120,0,0,0,0,0,4,blademaster,female,0
Lecturer's Braces,250,44,120,0,0,0,0,0,4,blademaster,female,0
Lecturer's Skirt,250,44,120,0,0,0,0,0,4,blademaster,female,0
Lecturer's Boots,250,44,120,0,0,0,0,0,4,blademaster,female,1
Leather Cap S,250,12,88,0,0,1,1,0,4,gunner,both,1
Leather Vest S,250,12,88,0,0,1,1,0,4,gunner,both,0
Leather Guards S,250,12,88,0,0,1,1,0,4,gunner,both,1
Leather Coat S,250,12,88,0,0,1,1,0,4,gunner,both,2
Leather Leggings S,250,12,88,0,0,1,1,0,4,gunner,both,1
Chainmail Cap S,251,12,88,0,1,1,0,0,4,gunner,both,3
Chainmail Vest S,251,12,88,0,1,1,0,0,4,gunner,both,1
Chainmail Guards S,251,12,88,0,1,1,0,0,4,gunner,both,1
Chainmail Coat S,251,12,88,0,1,1,0,0,4,gunner,both,1
Chainmail Leggings S,251,12,88,0,1,1,0,0,4,gunner,both,0
Bherna Cap S,252,13,51,0,0,0,2,0,4,gunner,both,1
Bherna Vest S,252,13,51,0,0,0,2,0,4,gunner,both,2
Bherna Guards S,252,13,51,0,0,0,2,0,4,gunner,both,1
Bherna Coat S,252,13,51,0,0,0,2,0,4,gunner,both,1
Bherna Leggings S,252,13,51,0,0,0,2,0,4,gunner,both,0
Hunting Cap S,253,13,51,2,0,0,0,0,4,gunner,both,1
Hunting Vest S,253,13,51,2,0,0,0,0,4,gunner,both,0
Hunting Guards S,253,13,51,2,0,0,0,0,4,gunner,both,1
Hunting Coat S,253,13,51,2,0,0,0,0,4,gunner,both,1
Hunting Leggings S,253,13,51,2,0,0,0,0,4,gunner,both,2
Mafumofu Cap S,254,13,51,-1,4,0,0,0,4,gunner,both,2
Mafumofu Jacket S,254,13,51,-1,4,0,0,0,4,gunner,both,0
Mafumofu Mittens S,254,13,51,-1,4,0,0,0,4,gunner,both,2
Mafumofu Coat S,254,13,51,-1,4,0,0,0,4,gunner,both,1
Mafumofu Tights S,254,13,51,-1,4,0,0,0,4,gunner,both,0
Yukumo Land Kasa,255,13,51,0,0,2,0,0,4,gunner,both,1
Yukumo Land Dogi,255,13,51,0,0,2,0,0,4,gunner,both,0
Yukumo Land Kote,255,13,51,0,0,2,0,0,4,gunner,both,1
Yukumo Land Obi,255,13,51,0,0,2,0,0,4,gunner,both,2
Yukumo Land Hakama,255,13,51,0,0,2,0,0,4,gunner,both,1
Hunter's Cap S,256,13,51,0,0,0,0,0,4,gunner,both,0
Hunter's Vest S,256,13,51,0,0,0,0,0,4,gunner,both,1
Hunter's Guards S,256,13,51,0,0,0,0,0,4,gunner,both,1
Hunter's Coat S,256,13,51,0,0,0,0,0,4,gunner,both,1
Hunter's Leggings S,256,13,51,0,0,0,0,0,4,gunner,both,2
Hunter's Cap R,257,11,49,0,0,0,0,0,4,gunner,both,1
Hunter's Vest R,257,11,49,0,0,0,0,0,4,gunner,both,0
Hunter's Guards R,257,11,49,0,0,0,0,0,4,gunner,both,0
Hunter's Coat R,257,11,49,0,0,0,0,0,4,gunner,both,1
Hunter's Leggings R,257,11,49,0,0,0,0,0,4,gunner,both,1
Bone Cap S,258,15,53,0,-1,0,0,0,4,gunner,both,1
Bone Vest S,258,15,53,0,-1,0,0,0,4,gunner,both,1
Bone Guards S,258,15,53,0,-1,0,0,0,4,gunner,both,2
Bone Coat S,258,15,53,0,-1,0,0,0,4,gunner,both,2
Bone Leggings S,258,15,53,0,-1,0,0,0,4,gunner,both,0
Silver Feet,259,16,54,0,0,-2,3,0,4,gunner,both,1
Chaos Archdiadem,260,18,56,4,0,0,-2,0,4,gunner,both,1
Chaos Archbrigandine,260,18,56,4,0,0,-2,0,4,gunner,both,3
Melahoa Bloom S,261,16,54,0,0,1,1,0,4,gunner,both,1
Melahoa Stalk S,261,16,54,0,0,1,1,0,4,gunner,both,0
Melahoa Petal S,261,16,54,0,0,1,1,0,4,gunner,both,0
Melahoa Trunk S,261,16,54,0,0,1,1,0,4,gunner,both,3
Melahoa Taproot S,261,16,54,0,0,1,1,0,4,gunner,both,0
Melahoa Bloom U,262,14,52,0,0,1,1,0,4,gunner,both,1
Melahoa Stalk U,262,14,52,0,0,1,1,0,4,gunner,both,0
Melahoa Petal U,262,14,52,0,0,1,1,0,4,gunner,both,1
Melahoa Trunk U,262,14,52,0,0,1,1,0,4,gunner,both,3
Melahoa Taproot U,262,14,52,0,0,1,1,0,4,gunner,both,1
Makluva Gills S,263,18,56,1,0,-2,3,0,4,gunner,both,1
Makluva Scale S,263,18,56,1,0,-2,3,0,4,gunner,both,1
Makluva Sucker S,263,18,56,1,0,-2,3,0,4,gunner,both,0
Makluva Fin S,263,18,56,1,0,-2,3,0,4,gunner,both,1
Makluva Leggings S,263,18,56,1,0,-2,3,0,4,gunner,both,2
Makluva Gills U,264,16,54,1,0,-2,3,0,4,gunner,both,1
Makluva Scale U,264,16,54,1,0,-2,3,0,4,gunner,both,2
Makluva Sucker U,264,16,54,1,0,-2,3,0,4,gunner,both,0
Makluva Fin U,264,16,54,1,0,-2,3,0,4,gunner,both,1
Makluva Leggings U,264,16,54,1,0,-2,3,0,4,gunner,both,2
Bistro Cap S,265,17,55,4,3,0,1,0,4,gunner,both,1
Bistro Vest S,265,17,55,4,3,0,1,0,4,gunner,both,1
Bistro Apron S,265,17,55,4,3,0,1,0,4,gunner,both,1
Acorn Cap S,266,18,56,3,-2,0,3,0,4,gunner,both,1
Acorn Vest S,266,18,56,3,-2,0,3,0,4,gunner,both,0
Mosgharl Brim S,267,18,56,-3,3,0,2,0,4,gunner,male,0
Mosgharl Ribguard S,267,18,56,-3,3,0,2,0,4,gunner,male,0
Mosgharl Tendril S,267,18,56,-3,3,0,2,0,4,gunner,male,1
Mosgharl Fronds S,267,18,56,-3,3,0,2,0,4,gunner,male,2
Mosgharl Radicles S,267,18,56,-3,3,0,2,0,4,gunner,male,0
Mosgharl Brim S,268,18,56,-3,3,0,2,0,4,gunner,female,0
Mosgharl Ribguard S,268,18,56,-3,3,0,2,0,4,gunner,female,0
Mosgharl Tendril S,268,18,56,-3,3,0,2,0,4,gunner,female,1
Mosgharl Fronds S,268,18,56,-3,3,0,2,0,4,gunner,female,2
Mosgharl Radicles S,268,18,56,-3,3,0,2,0,4,gunner,female,0
Edel Bloom S,269,17,55,-1,0,-1,4,0,4,gunner,both,2
Edel Ribguard S,269,17,55,-1,0,-1,4,0,4,gunner,both,0
Edel Tendril S,269,17,55,-1,0,-1,4,0,4,gunner,both,1
Edel Fronds S,269,17,55,-1,0,-1,4,0,4,gunner,both,1
Edel Radicles S,269,17,55,-1,0,-1,4,0,4,gunner,both,0
Moofah Wig S,270,16,54,-1,4,3,0,0,4,gunner,both,1
Moofah Jacket S,270,16,54,-1,4,3,0,0,4,gunner,both,0
Moofah Sleeves S,270,16,54,-1,4,3,0,0,4,gunner,both,0
Moofah Coat S,270,16,54,-1,4,3,0,0,4,gunner,both,0
Slagtoth Cowl,271,14,52,-2,-1,0,3,1,4,gunner,both,1
Slagtoth Wrap,271,14,52,-2,-1,0,3,1,4,gunner,both,0
Velociprey Mask S,272,10,48,1,1,1,3,1,4,gunner,both,0
Velociprey Suit S,272,10,48,1,1,1,3,1,4,gunner,both,0
Velociprey Gloves S,272,10,48,1,1,1,3,1,4,gunner,both,0
Velociprey Tights S,272,10,48,1,1,1,3,1,4,gunner,both,0
Giaprey Face,273,14,52,1,3,1,1,1,4,gunner,both,0
Giaprey Wear,273,14,52,1,3,1,1,1,4,gunner,both,0
Giaprey Gloves,273,14,52,1,3,1,1,1,4,gunner,both,0
Giaprey Tights,273,14,52,1,3,1,1,1,4,gunner,both,0
Genprey Mask S,274,10,48,1,1,3,1,1,4,gunner,both,0
Genprey Suit S,274,10,48,1,1,3,1,1,4,gunner,both,0
Genprey Gloves S,274,10,48,1,1,3,1,1,4,gunner,both,0
Genprey Tights S,274,10,48,1,1,3,1,1,4,gunner,both,0
Ioprey Mask S,275,10,48,3,1,1,1,1,4,gunner,both,0
Ioprey Wear S,275,10,48,3,1,1,1,1,4,gunner,both,0
Ioprey Gloves S,275,10,48,3,1,1,1,1,4,gunner,both,0
Ioprey Tights S,275,10,48,3,1,1,1,1,4,gunner,both,0
Remobra Mask S,276,10,48,1,1,1,1,3,4,gunner,both,0
Remobra Wear S,276,10,48,1,1,1,1,3,4,gunner,both,0
Remobra Hands S,276,10,48,1,1,1,1,3,4,gunner,both,0
Remobra Band S,276,10,48,1,1,1,1,3,4,gunner,both,1
Remobra Tights S,276,10,48,1,1,1,1,3,4,gunner,both,0
Trapper's Gloves S,277,11,49,0,0,0,1,0,4,gunner,both,1
Trapper's Boots S,277,11,49,0,0,0,1,0,4,gunner,both,0
Maccao Gloves S,278,11,49,0,0,1,0,0,4,gunner,both,0
Maccao Boots S,278,11,49,0,0,1,0,0,4,gunner,both,2
Jaggi Gloves S,279,11,49,0,1,0,0,0,4,gunner,both,0
Jaggi Boots S,279,11,49,0,1,0,0,0,4,gunner,both,2
Rhenoplos Cap S,280,16,54,3,-2,0,0,0,4,gunner,both,0
Rhenoplos Vest S,280,16,54,3,-2,0,0,0,4,gunner,both,1
Rhenoplos Guards S,280,16,54,3,-2,0,0,0,4,gunner,both,2
Rhenoplos Coat S,280,16,54,3,-2,0,0,0,4,gunner,both,1
Rhenoplos Leggings S,280,16,54,3,-2,0,0,0,4,gunner,both,0
Jaggi Cap S,281,14,52,-2,0,0,0,0,4,gunner,both,0
Jaggi Vest S,281,14,52,-2,0,0,0,0,4,gunner,both,1
Jaggi Guards S,281,14,52,-2,0,0,0,0,4,gunner,both,1
Jaggi Coat S,281,14,52,-2,0,0,0,0,4,gunner,both,1
Jaggi Leggings S,281,14,52,-2,0,0,0,0,4,gunner,both,1
Droth Vest S,282,14,52,-2,0,-1,5,0,4,gunner,both,0
Droth Coat S,282,14,52,-2,0,-1,5,0,4,gunner,both,2
Droth Leggings S,282,14,52,-2,0,-1,5,0,4,gunner,both,1
Uroktor Vest S,283,15,53,5,-1,0,-2,0,4,gunner,both,1
Uroktor Coat S,283,15,53,5,-1,0,-2,0,4,gunner,both,1
Maccao Cap S,284,15,53,-2,1,1,1,1,4,gunner,both,1
Maccao Vest S,284,15,53,-2,1,1,1,1,4,gunner,both,0
Maccao Guards S,284,15,53,-2,1,1,1,1,4,gunner,both,2
Maccao Coat S,284,15,53,-2,1,1,1,1,4,gunner,both,1
Maccao Leggings S,284,15,53,-2,1,1,1,1,4,gunner,both,1
Velociprey Cap S,285,15,53,0,-2,1,1,0,4,gunner,both,1
Velociprey Vest S,285,15,53,0,-2,1,1,0,4,gunner,both,0
Velociprey Guards S,285,15,53,0,-2,1,1,0,4,gunner,both,2
Velociprey Coat S,285,15,53,0,-2,1,1,0,4,gunner,both,2
Velociprey Leggings S,285,15,53,0,-2,1,1,0,4,gunner,both,2
Giaprey Cap S,286,15,53,0,3,-1,0,0,4,gunner,both,0
Giaprey Vest S,286,15,53,0,3,-1,0,0,4,gunner,both,0
Giaprey Guards S,286,15,53,0,3,-1,0,0,4,gunner,both,1
Giaprey Coat S,286,15,53,0,3,-1,0,0,4,gunner,both,1
Giaprey Leggings S,286,15,53,0,3,-1,0,0,4,gunner,both,3
Genprey Cap S,287,16,54,1,-2,2,0,0,4,gunner,both,2
Genprey Vest S,287,16,54,1,-2,2,0,0,4,gunner,both,0
Genprey Guards S,287,16,54,1,-2,2,0,0,4,gunner,both,1
Genprey Coat S,287,16,54,1,-2,2,0,0,4,gunner,both,2
Genprey Leggings S,287,16,54,1,-2,2,0,0,4,gunner,both,0
EX Genprey Cap,288,18,56,1,-2,2,0,0,4,gunner,both,1
EX Genprey Vest,288,18,56,1,-2,2,0,0,4,gunner,both,1
EX Genprey Guards,288,18,56,1,-2,2,0,0,4,gunner,both,1
EX Genprey Coat,288,18,56,1,-2,2,0,0,4,gunner,both,1
EX Genprey Leggings,288,18,56,1,-2,2,0,0,4,gunner,both,1
Ioprey Cap S,289,17,55,3,0,-1,-1,0,4,gunner,both,2
Ioprey Vest S,289,17,55,3,0,-1,-1,0,4,gunner,both,1
Ioprey Guards S,289,17,55,3,0,-1,-1,0,4,gunner,both,1
Ioprey Coat S,289,17,55,3,0,-1,-1,0,4,gunner,both,1
Ioprey Leggings S,289,17,55,3,0,-1,-1,0,4,gunner,both,0
EX Ioprey Cap,290,19,57,3,0,-1,-1,0,4,gunner,both,1
EX Ioprey Vest,290,19,57,3,0,-1,-1,0,4,gunner,both,0
EX Ioprey Guards,290,19,57,3,0,-1,-1,0,4,gunner,both,1
EX Ioprey Coat,290,19,57,3,0,-1,-1,0,4,gunner,both,0
EX Ioprey Leggings,290,19,57,3,0,-1,-1,0,4,gunner,both,1
Vespoid Cap S,291,16,54,-2,2,2,2,3,4,gunner,both,3
Vespoid Vest S,291,16,54,-2,2,2,2,3,4,gunner,both,2
Vespoid Guards S,291,16,54,-2,2,2,2,3,4,gunner,both,2
Vespoid Coat S,291,16,54,-2,2,2,2,3,4,gunner,both,1
Vespoid Leggings S,291,16,54,-2,2,2,2,3,4,gunner,both,2
EX Vespoid Cap,292,18,56,-2,2,2,2,3,4,gunner,both,1
EX Vespoid Vest,292,18,56,-2,2,2,2,3,4,gunner,both,0
EX Vespoid Guards,292,18,56,-2,2,2,2,3,4,gunner,both,0
EX Vespoid Coat,292,18,56,-2,2,2,2,3,4,gunner,both,0
EX Vespoid Leggings,292,18,56,-2,2,2,2,3,4,gunner,both,0
Hornetaur Cap S,293,18,56,-1,-1,-1,-1,6,4,gunner,both,1
Hornetaur Vest S,293,18,56,-1,-1,-1,-1,6,4,gunner,both,0
Hornetaur Guards S,293,18,56,-1,-1,-1,-1,6,4,gunner,both,2
Hornetaur Coat S,293,18,56,-1,-1,-1,-1,6,4,gunner,both,1
Hornetaur Leggings S,293,18,56,-1,-1,-1,-1,6,4,gunner,both,1
EX Hornetaur Cap,294,20,58,-1,-1,-1,-1,6,4,gunner,both,1
EX Hornetaur Vest,294,20,58,-1,-1,-1,-1,6,4,gunner,both,1
EX Hornetaur Guards,294,20,58,-1,-1,-1,-1,6,4,gunner,both,1
EX Hornetaur Coat,294,20,58,-1,-1,-1,-1,6,4,gunner,both,1
EX Hornetaur Leggings,294,20,58,-1,-1,-1,-1,6,4,gunner,both,1
Hornetaur Cap R,295,16,54,-1,-1,-1,-1,6,4,gunner,both,2
Hornetaur Vest R,295,16,54,-1,-1,-1,-1,6,4,gunner,both,2
Hornetaur Guards R,295,16,54,-1,-1,-1,-1,6,4,gunner,both,0
Hornetaur Coat R,295,16,54,-1,-1,-1,-1,6,4,gunner,both,0
Hornetaur Leggings R,295,16,54,-1,-1,-1,-1,6,4,gunner,both,1
Bnahabra Headpiece S,296,16,54,-2,1,1,1,3,4,gunner,both,2
Bnahabra Vest S,296,16,54,-2,1,1,1,3,4,gunner,both,0
Bnahabra Sleeves S,296,16,54,-2,1,1,1,3,4,gunner,both,2
Bnahabra Coat S,296,16,54,-2,1,1,1,3,4,gunner,both,1
Bnahabra Pants S,296,16,54,-2,1,1,1,3,4,gunner,both,0
Konchu Cap S,297,20,58,0,2,2,2,2,4,gunner,both,2
Konchu Guards S,297,20,58,0,2,2,2,2,4,gunner,both,0
Bulldrome Cap S,298,18,56,0,1,-2,3,0,4,gunner,both,1
Bulldrome Vest S,298,18,56,0,1,-2,3,0,4,gunner,both,1
Bulldrome Guards S,298,18,56,0,1,-2,3,0,4,gunner,both,2
Bulldrome Coat S,298,18,56,0,1,-2,3,0,4,gunner,both,1
Bulldrome Leggings S,298,18,56,0,1,-2,3,0,4,gunner,both,1
Arzuros Cap S,299,19,57,-2,0,-2,0,0,4,gunner,both,2
Arzuros Vest S,299,19,57,-2,0,-2,0,0,4,gunner,both,0
Arzuros Guards S,299,19,57,-2,0,-2,0,0,4,gunner,both,0
Arzuros Coat S,299,19,57,-2,0,-2,0,0,4,gunner,both,3
Arzuros Leggings S,299,19,57,-2,0,-2,0,0,4,gunner,both,0
Cephalos Cap S,300,21,59,2,-3,0,0,0,4,gunner,both,1
Cephalos Vest S,300,21,59,2,-3,0,0,0,4,gunner,both,1
Cephalos Guards S,300,21,59,2,-3,0,0,0,4,gunner,both,1
Cephalos Coat S,300,21,59,2,-3,0,0,0,4,gunner,both,0
Cephalos Leggings S,300,21,59,2,-3,0,0,0,4,gunner,both,2
EX Cephalos Cap,301,23,61,2,-3,0,0,0,4,gunner,both,0
EX Cephalos Vest,301,23,61,2,-3,0,0,0,4,gunner,both,0
EX Cephalos Guards,301,23,61,2,-3,0,0,0,4,gunner,both,0
EX Cephalos Coat,301,23,61,2,-3,0,0,0,4,gunner,both,0
EX Cephalos Leggings,301,23,61,2,-3,0,0,0,4,gunner,both,0
Kut-Ku Cap S,302,22,60,4,-3,0,-1,0,4,gunner,both,0
Kut-Ku Vest S,302,22,60,4,-3,0,-1,0,4,gunner,both,0
Kut-Ku Guards S,302,22,60,4,-3,0,-1,0,4,gunner,both,0
Kut-Ku Coat S,302,22,60,4,-3,0,-1,0,4,gunner,both,0
Kut-Ku Leggings S,302,22,60,4,-3,0,-1,0,4,gunner,both,2
Kecha Cap,303,22,60,-2,0,-1,3,1,4,gunner,both,0
Kecha Vest,303,22,60,-2,0,-1,3,1,4,gunner,both,1
Kecha Guards,303,22,60,-2,0,-1,3,1,4,gunner,both,0
Kecha Coat,303,22,60,-2,0,-1,3,1,4,gunner,both,1
Kecha Leggings,303,22,60,-2,0,-1,3,1,4,gunner,both,1
Lagombi Cap S,304,20,58,-3,4,0,1,0,4,gunner,both,1
Lagombi Vest S,304,20,58,-3,4,0,1,0,4,gunner,both,0
Lagombi Guards S,304,20,58,-3,4,0,1,0,4,gunner,both,1
Lagombi Coat S,304,20,58,-3,4,0,1,0,4,gunner,both,1
Lagombi Leggings S,304,20,58,-3,4,0,1,0,4,gunner,both,1
Gypceros Cap S,305,23,61,-3,-1,5,1,0,4,gunner,both,0
Gypceros Vest S,305,23,61,-3,-1,5,1,0,4,gunner,both,2
Gypceros Guards S,305,23,61,-3,-1,5,1,0,4,gunner,both,1
Gypceros Coat S,305,23,61,-3,-1,5,1,0,4,gunner,both,1
Gypceros Leggings S,305,23,61,-3,-1,5,1,0,4,gunner,both,1
Gypceros Cap R,306,21,59,-3,-1,5,1,0,4,gunner,both,0
Gypceros Vest R,306,21,59,-3,-1,5,1,0,4,gunner,both,0
Gypceros Guards R,306,21,59,-3,-1,5,1,0,4,gunner,both,1
Gypceros Coat R,306,21,59,-3,-1,5,1,0,4,gunner,both,0
Gypceros Leggings R,306,21,59,-3,-1,5,1,0,4,gunner,both,0
Tetsucabra Cap S,307,23,61,3,0,-1,-3,1,4,gunner,both,0
Tetsucabra Vest S,307,23,61,3,0,-1,-3,1,4,gunner,both,1
Tetsucabra Guards S,307,23,61,3,0,-1,-3,1,4,gunner,both,0
Tetsucabra Coat S,307,23,61,3,0,-1,-3,1,4,gunner,both,2
Tetsucabra Leggings S,307,23,61,3,0,-1,-3,1,4,gunner,both,1
Hermitaur Cap S,308,24,62,-1,0,-3,4,1,4,gunner,both,0
Hermitaur Vest S,308,24,62,-1,0,-3,4,1,4,gunner,both,0
Hermitaur Guards S,308,24,62,-1,0,-3,4,1,4,gunner,both,2
Hermitaur Coat S,308,24,62,-1,0,-3,4,1,4,gunner,both,0
Hermitaur Leggings S,308,24,62,-1,0,-3,4,1,4,gunner,both,3
EX Hermitaur Cap,309,26,64,-1,0,-3,4,1,4,gunner,both,1
EX Hermitaur Vest,309,26,64,-1,0,-3,4,1,4,gunner,both,0
EX Hermitaur Guards,309,26,64,-1,0,-3,4,1,4,gunner,both,1
EX Hermitaur Coat,309,26,64,-1,0,-3,4,1,4,gunner,both,0
EX Hermitaur Leggings,309,26,64,-1,0,-3,4,1,4,gunner,both,0
Hermitaur Cap R,310,22,60,-1,0,-3,4,1,4,gunner,both,0
Hermitaur Vest R,310,22,60,-1,0,-3,4,1,4,gunner,both,3
Hermitaur Guards R,310,22,60,-1,0,-3,4,1,4,gunner,both,0
Hermitaur Coat R,310,22,60,-1,0,-3,4,1,4,gunner,both,0
Hermitaur Leggings R,310,22,60,-1,0,-3,4,1,4,gunner,both,0
Volvidon Cap S,311,23,61,3,-1,0,-3,1,4,gunner,both,0
Volvidon Vest S,311,23,61,3,-1,0,-3,1,4,gunner,both,1
Volvidon Guards S,311,23,61,3,-1,0,-3,1,4,gunner,both,1
Volvidon Coat S,311,23,61,3,-1,0,-3,1,4,gunner,both,2
Volvidon Leggings S,311,23,61,3,-1,0,-3,1,4,gunner,both,1
Conga Cap,312,16,54,-2,-1,1,1,0,4,gunner,both,1
Conga Vest,312,16,54,-2,-1,1,1,0,4,gunner,both,2
Conga Guards,312,16,54,-2,-1,1,1,0,4,gunner,both,1
Conga Coat,312,16,54,-2,-1,1,1,0,4,gunner,both,0
Conga Leggings,312,16,54,-2,-1,1,1,0,4,gunner,both,0
Ludroth Cap S,313,23,61,-3,0,-1,5,0,4,gunner,both,1
Ludroth Vest S,313,23,61,-3,0,-1,5,0,4,gunner,both,1
Ludroth Guards S,313,23,61,-3,0,-1,5,0,4,gunner,both,0
Ludroth Coat S,313,23,61,-3,0,-1,5,0,4,gunner,both,1
Ludroth Leggings S,313,23,61,-3,0,-1,5,0,4,gunner,both,0
Ludroth Cap R,314,21,59,-3,0,-1,5,0,4,gunner,both,0
Ludroth Vest R,314,21,59,-3,0,-1,5,0,4,gunner,both,0
Ludroth Guards R,314,21,59,-3,0,-1,5,0,4,gunner,both,0
Ludroth Coat R,314,21,59,-3,0,-1,5,0,4,gunner,both,0
Ludroth Leggings R,314,21,59,-3,0,-1,5,0,4,gunner,both,0
Barroth Cap,315,17,55,0,-2,1,0,0,4,gunner,both,1
Barroth Vest,315,17,55,0,-2,1,0,0,4,gunner,both,0
Barroth Guards,315,17,55,0,-2,1,0,0,4,gunner,both,2
Barroth Coat,315,17,55,0,-2,1,0,0,4,gunner,both,0
Barroth Leggings,315,17,55,0,-2,1,0,0,4,gunner,both,1
Lecturer's Cap,316,22,60,0,0,0,0,0,4,gunner,female,0
Lecturer's Jacket,316,22,60,0,0,0,0,0,4,gunner,female,0
Lecturer's Guards,316,22,60,0,0,0,0,0,4,gunner,female,0
Lecturer's Frills,316,22,60,0,0,0,0,0,4,gunner,female,0
Lecturer's Footwear,316,22,60,0,0,0,0,0,4,gunner,female,1
Alloy Helm S,316,40,116,-1,-1,-1,0,0,5,blademaster,both,0
Alloy Mail S,316,40,116,-1,-1,-1,0,0,5,blademaster,both,1
Alloy Vambraces S,316,40,116,-1,-1,-1,0,0,5,blademaster,both,0
Alloy Coil S,316,40,116,-1,-1,-1,0,0,5,blademaster,both,2
Alloy Greaves S,316,40,116,-1,-1,-1,0,0,5,blademaster,both,2
Alloy Helm R,317,36,112,-1,-1,-1,0,0,5,blademaster,both,0
Alloy Mail R,317,36,112,-1,-1,-1,0,0,5,blademaster,both,1
Alloy Braces R,317,36,112,-1,-1,-1,0,0,5,blademaster,both,0
Alloy Coil R,317,36,112,-1,-1,-1,0,0,5,blademaster,both,0
Alloy Greaves R,317,36,112,-1,-1,-1,0,0,5,blademaster,both,0
Battle Helm S,318,44,120,1,0,-1,-1,0,5,blademaster,both,1
Battle Mail S,318,44,120,1,0,-1,-1,0,5,blademaster,both,2
Battle Vambraces S,318,44,120,1,0,-1,-1,0,5,blademaster,both,1
Battle Tassets S,318,44,120,1,0,-1,-1,0,5,blademaster,both,0
Battle Greaves S,318,44,120,1,0,-1,-1,0,5,blademaster,both,1
Ingot Helm S,319,48,124,-1,0,1,-1,0,5,blademaster,both,1
Ingot Mail S,319,48,124,-1,0,1,-1,0,5,blademaster,both,1
Ingot Vambraces S,319,48,124,-1,0,1,-1,0,5,blademaster,both,0
Ingot Coil S,319,48,124,-1,0,1,-1,0,5,blademaster,both,3
Ingot Greaves S,319,48,124,-1,0,1,-1,0,5,blademaster,both,0
Ingot Helm R,320,44,120,-1,0,1,-1,0,5,blademaster,both,0
Ingot Mail R,320,44,120,-1,0,1,-1,0,5,blademaster,both,0
Ingot Vambraces R,320,44,120,-1,0,1,-1,0,5,blademaster,both,0
Ingot Coil R,320,44,120,-1,0,1,-1,0,5,blademaster,both,0
Ingot Greaves R,320,44,120,-1,0,1,-1,0,5,blademaster,both,0
High Metal Helm S,321,46,122,0,-1,2,-1,0,5,blademaster,both,1
High Metal Mail S,321,46,122,0,-1,2,-1,0,5,blademaster,both,1
High Metal Braces S,321,46,122,0,-1,2,-1,0,5,blademaster,both,0
High Metal Tassets S,321,46,122,0,-1,2,-1,0,5,blademaster,both,2
High Metal Greaves S,321,46,122,0,-1,2,-1,0,5,blademaster,both,1
High Metal Helm U,322,42,118,0,-1,2,-1,0,5,blademaster,both,0
High Metal Mail U,322,42,118,0,-1,2,-1,0,5,blademaster,both,0
High Metal Braces U,322,42,118,0,-1,2,-1,0,5,blademaster,both,1
High Metal Tassets U,322,42,118,0,-1,2,-1,0,5,blademaster,both,0
High Metal Greaves U,322,42,118,0,-1,2,-1,0,5,blademaster,both,0
Pink Metal Boots,323,48,124,5,-1,-1,-1,0,5,blademaster,female,1
Lobster Helm,324,48,124,-1,-1,-1,4,-1,5,blademaster,both,1
Lobster Mail,324,48,124,-1,-1,-1,4,-1,5,blademaster,both,0
Lobster Vambraces,324,48,124,-1,-1,-1,4,-1,5,blademaster,both,1
Lobster Coil,324,48,124,-1,-1,-1,4,-1,5,blademaster,both,0
Lobster Greaves,324,48,124,-1,-1,-1,4,-1,5,blademaster,both,1
Obituary Vertex S,325,50,126,2,-2,2,-2,3,5,blademaster,male,1
Obituary Thorax S,325,50,126,2,-2,2,-2,3,5,blademaster,male,2
Obituary Brachia S,325,50,126,2,-2,2,-2,3,5,blademaster,male,1
Obituary Elytra S,325,50,126,2,-2,2,-2,3,5,blademaster,male,0
Obituary Crura S,325,50,126,2,-2,2,-2,3,5,blademaster,male,0
Butterfly Vertex S,326,50,126,2,-2,2,-2,3,5,blademaster,female,1
Butterfly Thorax S,326,50,126,2,-2,2,-2,3,5,blademaster,female,2
Butterfly Brachia S,326,50,126,2,-2,2,-2,3,5,blademaster,female,1
Butterfly Elytra S,326,50,126,2,-2,2,-2,3,5,blademaster,female,0
Butterfly Crura S,326,50,126,2,-2,2,-2,3,5,blademaster,female,0
Death Stench Brain S,327,48,124,2,-1,1,1,0,5,blademaster,both,1
Death Stench Muscle S,327,48,124,2,-1,1,1,0,5,blademaster,both,2
Death Stench Grip S,327,48,124,2,-1,1,1,0,5,blademaster,both,2
Death Stench Bowels S,327,48,124,2,-1,1,1,0,5,blademaster,both,0
Death Stench Heel S,327,48,124,2,-1,1,1,0,5,blademaster,both,0
Death Stench Brain R,328,44,120,2,-1,1,1,0,5,blademaster,both,0
Death Stench Muscle R,328,44,120,2,-1,1,1,0,5,blademaster,both,0
Death Stench Grip R,328,44,120,2,-1,1,1,0,5,blademaster,both,2
Death Stench Bowels R,328,44,120,2,-1,1,1,0,5,blademaster,both,0
Death Stench Heel R,328,44,120,2,-1,1,1,0,5,blademaster,both,1
Vaik Helm S,329,46,122,0,-1,-2,3,0,5,blademaster,both,2
Vaik Mail S,329,46,122,0,-1,-2,3,0,5,blademaster,both,0
Vaik Braces S,329,46,122,0,-1,-2,3,0,5,blademaster,both,1
Vaik Faulds S,329,46,122,0,-1,-2,3,0,5,blademaster,both,2
Vaik Greaves S,329,46,122,0,-1,-2,3,0,5,blademaster,both,1
Aelucanth Vertex S,330,48,124,-2,-2,3,0,2,5,blademaster,male,0
Aelucanth Thorax S,330,48,124,-2,-2,3,0,2,5,blademaster,male,1
Aelucanth Brachia S,330,48,124,-2,-2,3,0,2,5,blademaster,male,0
Aelucanth Elytra S,330,48,124,-2,-2,3,0,2,5,blademaster,male,1
Aelucanth Crura S,330,48,124,-2,-2,3,0,2,5,blademaster,male,1
Rhopessa Vertex S,331,48,124,-2,-2,3,0,2,5,blademaster,female,0
Rhopessa Thorax S,331,48,124,-2,-2,3,0,2,5,blademaster,female,1
Rhopessa Brachia S,331,48,124,-2,-2,3,0,2,5,blademaster,female,0
Rhopessa Elytra S,331,48,124,-2,-2,3,0,2,5,blademaster,female,1
Rhopessa Crura S,331,48,124,-2,-2,3,0,2,5,blademaster,female,1
Patissier's Toque,332,44,120,2,2,0,0,-2,5,blademaster,both,1
Patissier's Suit,332,44,120,2,2,0,0,-2,5,blademaster,both,0
Patissier's Gloves,332,44,120,2,2,0,0,-2,5,blademaster,both,0
Patissier's Sarong,332,44,120,2,2,0,0,-2,5,blademaster,both,1
Patissier's Boots,332,44,120,2,2,0,0,-2,5,blademaster,both,0
Skalda Vertex S,333,48,124,3,-1,-1,-1,3,5,blademaster,male,1
Skalda Thorax S,333,48,124,3,-1,-1,-1,3,5,blademaster,male,0
Skalda Brachia S,333,48,124,3,-1,-1,-1,3,5,blademaster,male,0
Skalda Elytra S,333,48,124,3,-1,-1,-1,3,5,blademaster,male,0
Skalda Crura S,333,48,124,3,-1,-1,-1,3,5,blademaster,male,2
Spio Vertex S,334,48,124,3,-1,-1,-1,3,5,blademaster,female,1
Spio Thorax S,334,48,124,3,-1,-1,-1,3,5,blademaster,female,0
Spio Brachia S,334,48,124,3,-1,-1,-1,3,5,blademaster,female,0
Spio Elytra S,334,48,124,3,-1,-1,-1,3,5,blademaster,female,0
Spio Crura S,334,48,124,3,-1,-1,-1,3,5,blademaster,female,2
Basarios Helm,335,42,118,0,1,1,-2,-3,5,blademaster,both,2
Basarios Mail,335,42,118,0,1,1,-2,-3,5,blademaster,both,0
Basarios Vambraces,335,42,118,0,1,1,-2,-3,5,blademaster,both,1
Basarios Tassets,335,42,118,0,1,1,-2,-3,5,blademaster,both,1
Basarios Greaves,335,42,118,0,1,1,-2,-3,5,blademaster,both,1
Malfestio Helm S,336,44,120,-2,1,1,-2,0,5,blademaster,both,0
Malfestio Mail S,336,44,120,-2,1,1,-2,0,5,blademaster,both,0
Malfestio Braces S,336,44,120,-2,1,1,-2,0,5,blademaster,both,1
Malfestio Faulds S,336,44,120,-2,1,1,-2,0,5,blademaster,both,0
Malfestio Greaves S,336,44,120,-2,1,1,-2,0,5,blademaster,both,2
Zamtrios Helm,337,46,122,-2,4,-4,3,0,5,blademaster,both,1
Zamtrios Mail,337,46,122,-2,4,-4,3,0,5,blademaster,both,0
Zamtrios Braces,337,46,122,-2,4,-4,3,0,5,blademaster,both,0
Zamtrios Faulds,337,46,122,-2,4,-4,3,0,5,blademaster,both,0
Zamtrios Greaves,337,46,122,-2,4,-4,3,0,5,blademaster,both,1
Khezu Helm S,338,50,126,-4,2,4,1,1,5,blademaster,both,0
Khezu Mail S,338,50,126,-4,2,4,1,1,5,blademaster,both,0
Khezu Vambraces S,338,50,126,-4,2,4,1,1,5,blademaster,both,2
Khezu Tassets S,338,50,126,-4,2,4,1,1,5,blademaster,both,0
Khezu Greaves S,338,50,126,-4,2,4,1,1,5,blademaster,both,1
Khezu Helm R,339,46,122,-4,2,4,1,1,5,blademaster,both,0
Khezu Mail R,339,46,122,-4,2,4,1,1,5,blademaster,both,0
Khezu Braces R,339,46,122,-4,2,4,1,1,5,blademaster,both,1
Khezu Tassets R,339,46,122,-4,2,4,1,1,5,blademaster,both,2
Khezu Greaves R,339,46,122,-4,2,4,1,1,5,blademaster,both,1
Nerscylla Helm,340,46,122,0,1,-2,2,2,5,blademaster,both,1
Nerscylla Mail,340,46,122,0,1,-2,2,2,5,blademaster,both,0
Nerscylla Vambraces,340,46,122,0,1,-2,2,2,5,blademaster,both,1
Nerscylla Faulds,340,46,122,0,1,-2,2,2,5,blademaster,both,2
Nerscylla Greaves,340,46,122,0,1,-2,2,2,5,blademaster,both,1
Rathian Helm S,341,50,126,3,0,-2,0,-3,5,blademaster,both,1
Rathian Mail S,341,50,126,3,0,-2,0,-3,5,blademaster,both,0
Rathian Braces S,341,50,126,3,0,-2,0,-3,5,blademaster,both,0
Rathian Faulds S,341,50,126,3,0,-2,0,-3,5,blademaster,both,1
Rathian Greaves S,341,50,126,3,0,-2,0,-3,5,blademaster,both,1
EX Rathian Helm,342,54,130,3,0,-2,0,-3,5,blademaster,both,1
EX Rathian Mail,342,54,130,3,0,-2,0,-3,5,blademaster,both,0
EX Rathian Braces,342,54,130,3,0,-2,0,-3,5,blademaster,both,1
EX Rathian Faulds,342,54,130,3,0,-2,0,-3,5,blademaster,both,0
EX Rathian Greaves,342,54,130,3,0,-2,0,-3,5,blademaster,both,2
Rathian Helm R,343,46,122,3,0,-2,0,-3,5,blademaster,both,1
Rathian Mail R,343,46,122,3,0,-2,0,-3,5,blademaster,both,2
Rathian Braces R,343,46,122,3,0,-2,0,-3,5,blademaster,both,1
Rathian Faulds R,343,46,122,3,0,-2,0,-3,5,blademaster,both,0
Rathian Greaves R,343,46,122,3,0,-2,0,-3,5,blademaster,both,1
Nibelsnarf Helm S,344,50,126,2,-3,-1,0,1,5,blademaster,both,0
Nibelsnarf Mail S,344,50,126,2,-3,-1,0,1,5,blademaster,both,0
Nibelsnarf Braces S,344,50,126,2,-3,-1,0,1,5,blademaster,both,1
Nibelsnarf Faulds S,344,50,126,2,-3,-1,0,1,5,blademaster,both,1
Nibelsnarf Greaves S,344,50,126,2,-3,-1,0,1,5,blademaster,both,2
Plesioth Helm,345,52,128,-2,2,-4,4,1,5,blademaster,both,0
Plesioth Mail,345,52,128,-2,2,-4,4,1,5,blademaster,both,0
Plesioth Vambraces,345,52,128,-2,2,-4,4,1,5,blademaster,both,0
Plesioth Greaves,345,52,128,-2,2,-4,4,1,5,blademaster,both,0
Blango Helm S,346,50,126,-4,4,0,1,0,5,blademaster,both,0
Blango Mail S,346,50,126,-4,4,0,1,0,5,blademaster,both,1
Blango Vambraces S,346,50,126,-4,4,0,1,0,5,blademaster,both,1
Blango Tassets S,346,50,126,-4,4,0,1,0,5,blademaster,both,0
Blango Greaves S,346,50,126,-4,4,0,1,0,5,blademaster,both,1
EX Blango Helm,347,54,130,-4,4,0,1,0,5,blademaster,both,0
EX Blango Mail,347,54,130,-4,4,0,1,0,5,blademaster,both,1
EX Blango Braces,347,54,130,-4,4,0,1,0,5,blademaster,both,1
EX Blango Tassets,347,54,130,-4,4,0,1,0,5,blademaster,both,0
EX Blango Greaves,347,54,130,-4,4,0,1,0,5,blademaster,both,1
Lavasioth Helm,348,56,132,4,0,0,-4,1,5,blademaster,both,0
Lavasioth Mail,348,56,132,4,0,0,-4,1,5,blademaster,both,1
Lavasioth Braces,348,56,132,4,0,0,-4,1,5,blademaster,both,1
Lavasioth Tassets,348,56,132,4,0,0,-4,1,5,blademaster,both,1
Lavasioth Greaves,348,56,132,4,0,0,-4,1,5,blademaster,both,2
EX Lavasioth Helm,349,60,136,4,0,0,-4,1,5,blademaster,both,0
EX Lavasioth Mail,349,60,136,4,0,0,-4,1,5,blademaster,both,1
EX Lavasioth Braces,349,60,136,4,0,0,-4,1,5,blademaster,both,1
EX Lavasioth Tassets,349,60,136,4,0,0,-4,1,5,blademaster,both,1
EX Lavasioth Greaves,349,60,136,4,0,0,-4,1,5,blademaster,both,2
Ceanataur Helm S,350,48,124,1,-1,-1,2,0,5,blademaster,both,1
Ceanataur Mail S,350,48,124,1,-1,-1,2,0,5,blademaster,both,0
Ceanataur Braces S,350,48,124,1,-1,-1,2,0,5,blademaster,both,1
Ceanataur Tassets S,350,48,124,1,-1,-1,2,0,5,blademaster,both,0
Ceanataur Greaves S,350,48,124,1,-1,-1,2,0,5,blademaster,both,1
EX Ceanataur Helm,351,52,128,1,-1,-1,2,0,5,blademaster,both,1
EX Ceanataur Mail,351,52,128,1,-1,-1,2,0,5,blademaster,both,0
EX Ceanataur Braces,351,52,128,1,-1,-1,2,0,5,blademaster,both,1
EX Ceanataur Tassets,351,52,128,1,-1,-1,2,0,5,blademaster,both,0
EX Ceanataur Greaves,351,52,128,1,-1,-1,2,0,5,blademaster,both,1
Ceanataur Helm R,352,44,120,1,-1,-1,2,0,5,blademaster,both,1
Ceanataur Mail R,352,44,120,1,-1,-1,2,0,5,blademaster,both,1
Ceanataur Braces R,352,44,120,1,-1,-1,2,0,5,blademaster,both,0
Ceanataur Tassets R,352,44,120,1,-1,-1,2,0,5,blademaster,both,1
Ceanataur Greaves R,352,44,120,1,-1,-1,2,0,5,blademaster,both,0
Najarala Helm S,353,56,132,1,-3,0,-1,1,5,blademaster,both,1
Najarala Mail S,353,56,132,1,-3,0,-1,1,5,blademaster,both,1
Najarala Braces S,353,56,132,1,-3,0,-1,1,5,blademaster,both,0
Najarala Faulds S,353,56,132,1,-3,0,-1,1,5,blademaster,both,1
Najarala Greaves S,353,56,132,1,-3,0,-1,1,5,blademaster,both,1
Nargacuga Helm S,354,40,116,-2,1,-3,1,1,5,blademaster,both,1
Nargacuga Mail S,354,40,116,-2,1,-3,1,1,5,blademaster,both,0
Nargacuga Braces S,354,40,116,-2,1,-3,1,1,5,blademaster,both,2
Nargacuga Tassets S,354,40,116,-2,1,-3,1,1,5,blademaster,both,3
Nargacuga Greaves S,354,40,116,-2,1,-3,1,1,5,blademaster,both,1
Garuga Helm S,355,56,132,2,0,2,-1,0,5,blademaster,both,0
Garuga Mail S,355,56,132,2,0,2,-1,0,5,blademaster,both,0
Garuga Vambraces S,355,56,132,2,0,2,-1,0,5,blademaster,both,1
Garuga Tassets S,355,56,132,2,0,2,-1,0,5,blademaster,both,2
Garuga Greaves S,355,56,132,2,0,2,-1,0,5,blademaster,both,1
Uragaan Helm S,356,64,140,3,-1,0,-4,-2,5,blademaster,both,0
Uragaan Mail S,356,64,140,3,-1,0,-4,-2,5,blademaster,both,0
Uragaan Vambraces S,356,64,140,3,-1,0,-4,-2,5,blademaster,both,2
Uragaan Faulds S,356,64,140,3,-1,0,-4,-2,5,blademaster,both,1
Uragaan Greaves S,356,64,140,3,-1,0,-4,-2,5,blademaster,both,1
Black Belt Helm S,357,50,126,3,3,3,3,3,5,blademaster,both,3
Black Belt Mail S,357,50,126,3,3,3,3,3,5,blademaster,both,0
Black Belt Braces S,357,50,126,3,3,3,3,3,5,blademaster,both,0
Black Belt Tassets S,357,50,126,3,3,3,3,3,5,blademaster,both,0
Black Belt Greaves S,357,50,126,3,3,3,3,3,5,blademaster,both,0
Guardian Helm,358,50,126,0,0,0,0,0,5,blademaster,male,0
Guardian Suit,358,50,126,0,0,0,0,0,5,blademaster,male,0
Guardian Braces,358,50,126,0,0,0,0,0,5,blademaster,male,1
Guardian Coil,358,50,126,0,0,0,0,0,5,blademaster,male,1
Guardian Boots,358,50,126,0,0,0,0,0,5,blademaster,male,1
Guardian Helm U,359,54,130,0,0,0,0,0,5,blademaster,male,0
Guardian Suit U,359,54,130,0,0,0,0,0,5,blademaster,male,0
Guardian Braces U,359,54,130,0,0,0,0,0,5,blademaster,male,1
Guardian Coil U,359,54,130,0,0,0,0,0,5,blademaster,male,1
Guardian Boots U,359,54,130,0,0,0,0,0,5,blademaster,male,1
Scholar's Beret,360,48,124,0,0,0,0,0,5,blademaster,female,0
Scholar's Blouse,360,48,124,0,0,0,0,0,5,blademaster,female,0
Scholar's Gloves,360,48,124,0,0,0,0,0,5,blademaster,female,1
Scholar's Skirt,360,48,124,0,0,0,0,0,5,blademaster,female,1
Scholar's Socks,360,48,124,0,0,0,0,0,5,blademaster,female,1
Sailor Hat,361,48,124,0,0,0,0,0,5,blademaster,female,0
Sailor Suit,361,48,124,0,0,0,0,0,5,blademaster,female,0
Sailor Gloves,361,48,124,0,0,0,0,0,5,blademaster,female,1
Sailor Skirt,361,48,124,0,0,0,0,0,5,blademaster,female,1
Sailor Socks,361,48,124,0,0,0,0,0,5,blademaster,female,1
Kita Star Headdress,362,52,128,-2,3,-2,4,2,5,blademaster,both,1
Kita Star Jacket,362,52,128,-2,3,-2,4,2,5,blademaster,both,0
Kita Star Sleeves,362,52,128,-2,3,-2,4,2,5,blademaster,both,2
Kita Star Hakama,362,52,128,-2,3,-2,4,2,5,blademaster,both,1
Strange Helm,363,44,120,1,1,1,1,3,5,blademaster,both,0
Strange Mail,363,44,120,1,1,1,1,3,5,blademaster,both,0
Strange Vambraces,363,44,120,1,1,1,1,3,5,blademaster,both,0
Strange Faulds,363,44,120,1,1,1,1,3,5,blademaster,both,0
Strange Greaves,363,44,120,1,1,1,1,3,5,blademaster,both,0
Booyah Jacket,364,50,126,2,2,2,2,2,5,blademaster,both,0
Booyah Belt,364,50,126,2,2,2,2,2,5,blademaster,both,0
Booyah Jeans,364,50,126,2,2,2,2,2,5,blademaster,both,0
Biker Jacket,365,50,126,2,2,2,2,2,5,blademaster,both,0
Rider Jacket,366,50,126,2,2,2,2,2,5,blademaster,both,0
Black Leather Chaps,367,50,126,2,2,2,2,2,5,blademaster,both,0
X Gammoth Jacket,368,44,120,0,3,0,0,0,5,blademaster,both,0
X Mizutsune Jacket,369,44,120,0,0,0,3,0,5,blademaster,both,0
X Dino Jacket,370,44,120,3,0,0,0,0,5,blademaster,both,0
X Astalos Jacket,371,44,120,0,0,3,0,0,5,blademaster,both,0
Alloy Cap S,371,20,58,-1,-1,-1,0,0,5,gunner,both,0
Alloy Vest S,371,20,58,-1,-1,-1,0,0,5,gunner,both,1
Alloy Guards S,371,20,58,-1,-1,-1,0,0,5,gunner,both,0
Alloy Coat S,371,20,58,-1,-1,-1,0,0,5,gunner,both,2
Alloy Leggings S,371,20,58,-1,-1,-1,0,0,5,gunner,both,2
Alloy Cap R,372,18,56,-1,-1,-1,0,0,5,gunner,both,0
Alloy Vest R,372,18,56,-1,-1,-1,0,0,5,gunner,both,1
Alloy Guards R,372,18,56,-1,-1,-1,0,0,5,gunner,both,0
Alloy Coat R,372,18,56,-1,-1,-1,0,0,5,gunner,both,0
Alloy Leggings R,372,18,56,-1,-1,-1,0,0,5,gunner,both,0
Battle Cap S,373,22,60,2,0,-1,-1,0,5,gunner,both,1
Battle Vest S,373,22,60,2,0,-1,-1,0,5,gunner,both,2
Battle Guards S,373,22,60,2,0,-1,-1,0,5,gunner,both,1
Battle Coat S,373,22,60,2,0,-1,-1,0,5,gunner,both,0
Battle Leggings S,373,22,60,2,0,-1,-1,0,5,gunner,both,1
Ingot Cap S,374,24,62,-1,0,2,-1,0,5,gunner,both,1
Ingot Vest S,374,24,62,-1,0,2,-1,0,5,gunner,both,1
Ingot Guards S,374,24,62,-1,0,2,-1,0,5,gunner,both,0
Ingot Coat S,374,24,62,-1,0,2,-1,0,5,gunner,both,3
Ingot Leggings S,374,24,62,-1,0,2,-1,0,5,gunner,both,0
Ingot Cap R,375,22,60,-1,0,2,-1,0,5,gunner,both,0
Ingot Vest R,375,22,60,-1,0,2,-1,0,5,gunner,both,0
Ingot Guards R,375,22,60,-1,0,2,-1,0,5,gunner,both,0
Ingot Coat R,375,22,60,-1,0,2,-1,0,5,gunner,both,0
Ingot Leggings R,375,22,60,-1,0,2,-1,0,5,gunner,both,0
High Metal Cap S,376,23,61,0,-1,3,-1,0,5,gunner,both,0
High Metal Vest S,376,23,61,0,-1,3,-1,0,5,gunner,both,1
High Metal Guards S,376,23,61,0,-1,3,-1,0,5,gunner,both,0
High Metal Coat S,376,23,61,0,-1,3,-1,0,5,gunner,both,2
High Metal Leggings S,376,23,61,0,-1,3,-1,0,5,gunner,both,1
High Metal Cap U,377,21,59,0,-1,3,-1,0,5,gunner,both,0
High Metal Vest U,377,21,59,0,-1,3,-1,0,5,gunner,both,0
High Metal Guards U,377,21,59,0,-1,3,-1,0,5,gunner,both,1
High Metal Coat U,377,21,59,0,-1,3,-1,0,5,gunner,both,0
High Metal Leggings U,377,21,59,0,-1,3,-1,0,5,gunner,both,0
Pink Metal Feet,378,24,62,6,-1,-1,-1,0,5,gunner,female,1
Lobster Cap,379,24,62,-1,-1,-1,5,-1,5,gunner,both,1
Lobster Vest,379,24,62,-1,-1,-1,5,-1,5,gunner,both,0
Lobster Guards,379,24,62,-1,-1,-1,5,-1,5,gunner,both,1
Lobster Coat,379,24,62,-1,-1,-1,5,-1,5,gunner,both,0
Lobster Leggings,379,24,62,-1,-1,-1,5,-1,5,gunner,both,1
Obituary Clypeus S,380,25,63,3,-2,2,-2,4,5,gunner,male,1
Obituary Pleuron S,380,25,63,3,-2,2,-2,4,5,gunner,male,2
Obituary Manus S,380,25,63,3,-2,2,-2,4,5,gunner,male,1
Obituary Alae S,380,25,63,3,-2,2,-2,4,5,gunner,male,0
Obituary Tarsi S,380,25,63,3,-2,2,-2,4,5,gunner,male,0
Butterfly Clypeus S,381,25,63,3,-2,2,-2,4,5,gunner,female,1
Butterfly Pleuron S,381,25,63,3,-2,2,-2,4,5,gunner,female,2
Butterfly Manus S,381,25,63,3,-2,2,-2,4,5,gunner,female,1
Butterfly Alae S,381,25,63,3,-2,2,-2,4,5,gunner,female,0
Butterfly Tarsi S,381,25,63,3,-2,2,-2,4,5,gunner,female,0
Death Stench Soul S,382,24,62,3,-1,1,1,0,5,gunner,both,1
Death Stench Heart S,382,24,62,3,-1,1,1,0,5,gunner,both,2
Death Stench Grasp S,382,24,62,3,-1,1,1,0,5,gunner,both,2
Death Stench Belly S,382,24,62,3,-1,1,1,0,5,gunner,both,0
Death Stench March S,382,24,62,3,-1,1,1,0,5,gunner,both,0
Death Stench Soul R,383,22,60,3,-1,1,1,0,5,gunner,both,0
Death Stench Heart R,383,22,60,3,-1,1,1,0,5,gunner,both,0
Death Stench Grasp R,383,22,60,3,-1,1,1,0,5,gunner,both,2
Death Stench Belly R,383,22,60,3,-1,1,1,0,5,gunner,both,0
Death Stench March R,383,22,60,3,-1,1,1,0,5,gunner,both,1
Vaik Cap S,384,23,61,0,-1,-2,4,0,5,gunner,both,2
Vaik Vest S,384,23,61,0,-1,-2,4,0,5,gunner,both,0
Vaik Guards S,384,23,61,0,-1,-2,4,0,5,gunner,both,1
Vaik Coat S,384,23,61,0,-1,-2,4,0,5,gunner,both,2
Vaik Leggings S,384,23,61,0,-1,-2,4,0,5,gunner,both,1
Aelucanth Clypeus S,385,24,62,-2,-2,3,0,3,5,gunner,male,0
Aelucanth Pleuron S,385,24,62,-2,-2,3,0,3,5,gunner,male,1
Aelucanth Manus S,385,24,62,-2,-2,3,0,3,5,gunner,male,0
Aelucanth Alae S,385,24,62,-2,-2,3,0,3,5,gunner,male,1
Aelucanth Tarsi S,385,24,62,-2,-2,3,0,3,5,gunner,male,1
Rhopessa Clypeus S,386,24,62,-2,-2,3,0,3,5,gunner,female,0
Rhopessa Pleuron S,386,24,62,-2,-2,3,0,3,5,gunner,female,1
Rhopessa Manus S,386,24,62,-2,-2,3,0,3,5,gunner,female,0
Rhopessa Alae S,386,24,62,-2,-2,3,0,3,5,gunner,female,1
Rhopessa Tarsi S,386,24,62,-2,-2,3,0,3,5,gunner,female,1
Patissier's Cap,387,22,60,4,2,0,0,-2,5,gunner,both,1
Patissier's Vest,387,22,60,4,2,0,0,-2,5,gunner,both,0
Patissier's Mitts,387,22,60,4,2,0,0,-2,5,gunner,both,0
Patissier's Apron,387,22,60,4,2,0,0,-2,5,gunner,both,1
Patissier's Footwear,387,22,60,4,2,0,0,-2,5,gunner,both,0
Skalda Clypeus S,388,24,62,4,-1,-1,-1,3,5,gunner,male,1
Skalda Pleuron S,388,24,62,4,-1,-1,-1,3,5,gunner,male,0
Skalda Manus S,388,24,62,4,-1,-1,-1,3,5,gunner,male,0
Skalda Alae S,388,24,62,4,-1,-1,-1,3,5,gunner,male,0
Skalda Tarsi S,388,24,62,4,-1,-1,-1,3,5,gunner,male,2
Spio Clypeus S,389,24,62,4,-1,-1,-1,3,5,gunner,female,1
Spio Pleuron S,389,24,62,4,-1,-1,-1,3,5,gunner,female,0
Spio Manus S,389,24,62,4,-1,-1,-1,3,5,gunner,female,0
Spio Alae S,389,24,62,4,-1,-1,-1,3,5,gunner,female,0
Spio Tarsi S,389,24,62,4,-1,-1,-1,3,5,gunner,female,2
Basarios Cap,390,21,59,0,1,1,-2,-2,5,gunner,both,2
Basarios Vest,390,21,59,0,1,1,-2,-2,5,gunner,both,0
Basarios Guards,390,21,59,0,1,1,-2,-2,5,gunner,both,1
Basarios Coat,390,21,59,0,1,1,-2,-2,5,gunner,both,1
Basarios Leggings,390,21,59,0,1,1,-2,-2,5,gunner,both,1
Malfestio Cap S,391,22,60,-1,1,1,-2,0,5,gunner,both,0
Malfestio Vest S,391,22,60,-1,1,1,-2,0,5,gunner,both,0
Malfestio Guards S,391,22,60,-1,1,1,-2,0,5,gunner,both,1
Malfestio Coat S,391,22,60,-1,1,1,-2,0,5,gunner,both,0
Malfestio Leggings S,391,22,60,-1,1,1,-2,0,5,gunner,both,2
Zamtrios Cap,392,23,61,-2,5,-4,3,0,5,gunner,both,1
Zamtrios Vest,392,23,61,-2,5,-4,3,0,5,gunner,both,0
Zamtrios Guards,392,23,61,-2,5,-4,3,0,5,gunner,both,0
Zamtrios Coat,392,23,61,-2,5,-4,3,0,5,gunner,both,0
Zamtrios Leggings,392,23,61,-2,5,-4,3,0,5,gunner,both,1
Khezu Cap S,393,25,63,-4,2,5,1,1,5,gunner,both,0
Khezu Vest S,393,25,63,-4,2,5,1,1,5,gunner,both,0
Khezu Guards S,393,25,63,-4,2,5,1,1,5,gunner,both,2
Khezu Coat S,393,25,63,-4,2,5,1,1,5,gunner,both,0
Khezu Leggings S,393,25,63,-4,2,5,1,1,5,gunner,both,1
Khezu Cap R,394,23,61,-4,2,5,1,1,5,gunner,both,0
Khezu Vest R,394,23,61,-4,2,5,1,1,5,gunner,both,0
Khezu Guards R,394,23,61,-4,2,5,1,1,5,gunner,both,1
Khezu Coat R,394,23,61,-4,2,5,1,1,5,gunner,both,2
Khezu Leggings R,394,23,61,-4,2,5,1,1,5,gunner,both,1
Nerscylla Cap,395,23,61,0,1,-2,2,3,5,gunner,both,1
Nerscylla Vest,395,23,61,0,1,-2,2,3,5,gunner,both,0
Nerscylla Guards,395,23,61,0,1,-2,2,3,5,gunner,both,1
Nerscylla Coat,395,23,61,0,1,-2,2,3,5,gunner,both,2
Nerscylla Leggings,395,23,61,0,1,-2,2,3,5,gunner,both,1
Rathian Cap S,396,25,63,4,0,-2,0,-3,5,gunner,both,1
Rathian Vest S,396,25,63,4,0,-2,0,-3,5,gunner,both,0
Rathian Guards S,396,25,63,4,0,-2,0,-3,5,gunner,both,0
Rathian Coat S,396,25,63,4,0,-2,0,-3,5,gunner,both,1
Rathian Leggings S,396,25,63,4,0,-2,0,-3,5,gunner,both,1
EX Rathian Cap,397,27,65,4,0,-2,0,-3,5,gunner,both,1
EX Rathian Vest,397,27,65,4,0,-2,0,-3,5,gunner,both,0
EX Rathian Guards,397,27,65,4,0,-2,0,-3,5,gunner,both,1
EX Rathian Coat,397,27,65,4,0,-2,0,-3,5,gunner,both,0
EX Rathian Leggings,397,27,65,4,0,-2,0,-3,5,gunner,both,2
Rathian Cap R,398,23,61,4,0,-2,0,-3,5,gunner,both,1
Rathian Vest R,398,23,61,4,0,-2,0,-3,5,gunner,both,2
Rathian Guards R,398,23,61,4,0,-2,0,-3,5,gunner,both,1
Rathian Coat R,398,23,61,4,0,-2,0,-3,5,gunner,both,0
Rathian Leggings R,398,23,61,4,0,-2,0,-3,5,gunner,both,1
Nibelsnarf Cap S,399,25,63,3,-3,-1,0,1,5,gunner,both,1
Nibelsnarf Vest S,399,25,63,3,-3,-1,0,1,5,gunner,both,0
Nibelsnarf Guards S,399,25,63,3,-3,-1,0,1,5,gunner,both,1
Nibelsnarf Coat S,399,25,63,3,-3,-1,0,1,5,gunner,both,1
Nibelsnarf Leggings S,399,25,63,3,-3,-1,0,1,5,gunner,both,1
Plesioth Cap,400,26,64,-2,2,-4,5,1,5,gunner,both,0
Plesioth Vest,400,26,64,-2,2,-4,5,1,5,gunner,both,0
Plesioth Guards,400,26,64,-2,2,-4,5,1,5,gunner,both,0
Plesioth Leggings,400,26,64,-2,2,-4,5,1,5,gunner,both,0
Blango Cap S,401,25,63,-4,5,0,1,0,5,gunner,both,0
Blango Vest S,401,25,63,-4,5,0,1,0,5,gunner,both,1
Blango Guards S,401,25,63,-4,5,0,1,0,5,gunner,both,1
Blango Coat S,401,25,63,-4,5,0,1,0,5,gunner,both,0
Blango Leggings S,401,25,63,-4,5,0,1,0,5,gunner,both,1
EX Blango Cap,402,27,65,-4,5,0,1,0,5,gunner,both,0
EX Blango Vest,402,27,65,-4,5,0,1,0,5,gunner,both,1
EX Blango Guards,402,27,65,-4,5,0,1,0,5,gunner,both,1
EX Blango Coat,402,27,65,-4,5,0,1,0,5,gunner,both,0
EX Blango Leggings,402,27,65,-4,5,0,1,0,5,gunner,both,1
Lavasioth Cap,403,28,66,5,0,0,-4,1,5,gunner,both,0
Lavasioth Vest,403,28,66,5,0,0,-4,1,5,gunner,both,1
Lavasioth Guards,403,28,66,5,0,0,-4,1,5,gunner,both,1
Lavasioth Coat,403,28,66,5,0,0,-4,1,5,gunner,both,1
Lavasioth Leggings,403,28,66,5,0,0,-4,1,5,gunner,both,2
EX Lavasioth Cap,404,30,68,5,0,0,-4,1,5,gunner,both,0
EX Lavasioth Vest,404,30,68,5,0,0,-4,1,5,gunner,both,1
EX Lavasioth Guards,404,30,68,5,0,0,-4,1,5,gunner,both,1
EX Lavasioth Coat,404,30,68,5,0,0,-4,1,5,gunner,both,1
EX Lavasioth Leggings,404,30,68,5,0,0,-4,1,5,gunner,both,2
Ceanataur Cap S,405,24,62,2,-1,-1,2,0,5,gunner,both,1
Ceanataur Vest S,405,24,62,2,-1,-1,2,0,5,gunner,both,0
Ceanataur Guards S,405,24,62,2,-1,-1,2,0,5,gunner,both,1
Ceanataur Coat S,405,24,62,2,-1,-1,2,0,5,gunner,both,0
Ceanataur Leggings S,405,24,62,2,-1,-1,2,0,5,gunner,both,1
EX Ceanataur Cap,406,26,64,2,-1,-1,2,0,5,gunner,both,1
EX Ceanataur Vest,406,26,64,2,-1,-1,2,0,5,gunner,both,0
EX Ceanataur Guards,406,26,64,2,-1,-1,2,0,5,gunner,both,1
EX Ceanataur Coat,406,26,64,2,-1,-1,2,0,5,gunner,both,0
EX Ceanataur Leggings,406,26,64,2,-1,-1,2,0,5,gunner,both,1
Ceanataur Cap R,407,22,60,2,-1,-1,2,0,5,gunner,both,1
Ceanataur Vest R,407,22,60,2,-1,-1,2,0,5,gunner,both,1
Ceanataur Guards R,407,22,60,2,-1,-1,2,0,5,gunner,both,0
Ceanataur Coat R,407,22,60,2,-1,-1,2,0,5,gunner,both,1
Ceanataur Leggings R,407,22,60,2,-1,-1,2,0,5,gunner,both,0
Najarala Cap S,408,28,66,1,-3,1,-1,1,5,gunner,both,1
Najarala Vest S,408,28,66,1,-3,1,-1,1,5,gunner,both,1
Najarala Guards S,408,28,66,1,-3,1,-1,1,5,gunner,both,0
Najarala Coat S,408,28,66,1,-3,1,-1,1,5,gunner,both,1
Najarala Leggings S,408,28,66,1,-3,1,-1,1,5,gunner,both,1
Nargacuga Cap S,409,20,58,-2,1,-2,1,1,5,gunner,both,1
Nargacuga Vest S,409,20,58,-2,1,-2,1,1,5,gunner,both,0
Nargacuga Guards S,409,20,58,-2,1,-2,1,1,5,gunner,both,2
Nargacuga Coat S,409,20,58,-2,1,-2,1,1,5,gunner,both,3
Nargacuga Leggings S,409,20,58,-2,1,-2,1,1,5,gunner,both,1
Garuga Cap S,410,28,66,3,0,2,-1,0,5,gunner,both,0
Garuga Vest S,410,28,66,3,0,2,-1,0,5,gunner,both,0
Garuga Guards S,410,28,66,3,0,2,-1,0,5,gunner,both,1
Garuga Coat S,410,28,66,3,0,2,-1,0,5,gunner,both,2
Garuga Leggings S,410,28,66,3,0,2,-1,0,5,gunner,both,1
Uragaan Cap S,411,32,70,4,-1,0,-4,-2,5,gunner,both,0
Uragaan Vest S,411,32,70,4,-1,0,-4,-2,5,gunner,both,0
Uragaan Guards S,411,32,70,4,-1,0,-4,-2,5,gunner,both,2
Uragaan Coat S,411,32,70,4,-1,0,-4,-2,5,gunner,both,1
Uragaan Leggings S,411,32,70,4,-1,0,-4,-2,5,gunner,both,1
Black Belt Cap S,412,25,63,3,3,3,3,4,5,gunner,both,3
Black Belt Vest S,412,25,63,3,3,3,3,4,5,gunner,both,0
Black Belt Guards S,412,25,63,3,3,3,3,4,5,gunner,both,0
Black Belt Coat S,412,25,63,3,3,3,3,4,5,gunner,both,0
Black Belt Leggings S,412,25,63,3,3,3,3,4,5,gunner,both,0
Guardian Mask,413,25,63,0,0,0,0,0,5,gunner,male,0
Guardian Vest,413,25,63,0,0,0,0,0,5,gunner,male,0
Guardian Guards,413,25,63,0,0,0,0,0,5,gunner,male,1
Guardian Coat,413,25,63,0,0,0,0,0,5,gunner,male,1
Guardian Pants,413,25,63,0,0,0,0,0,5,gunner,male,1
Guardian Mask U,414,27,65,0,0,0,0,0,5,gunner,male,0
Guardian Vest U,414,27,65,0,0,0,0,0,5,gunner,male,0
Guardian Guards U,414,27,65,0,0,0,0,0,5,gunner,male,1
Guardian Coat U,414,27,65,0,0,0,0,0,5,gunner,male,1
Guardian Pants U,414,27,65,0,0,0,0,0,5,gunner,male,1
Scholar's Cap,415,24,62,0,0,0,0,0,5,gunner,female,0
Scholar's Vest,415,24,62,0,0,0,0,0,5,gunner,female,0
Scholar's Sleeves,415,24,62,0,0,0,0,0,5,gunner,female,1
Scholar's Mini,415,24,62,0,0,0,0,0,5,gunner,female,1
Scholar's Sandals,415,24,62,0,0,0,0,0,5,gunner,female,1
Sailor Cap,416,24,62,0,0,0,0,0,5,gunner,female,0
Sailor Vest,416,24,62,0,0,0,0,0,5,gunner,female,0
Sailor Sleeves,416,24,62,0,0,0,0,0,5,gunner,female,1
Sailor Mini,416,24,62,0,0,0,0,0,5,gunner,female,1
Sailor Sandals,416,24,62,0,0,0,0,0,5,gunner,female,1
Umi Ocean Headdress,417,26,64,-2,3,-2,5,2,5,gunner,both,2
Umi Ocean Jacket,417,26,64,-2,3,-2,5,2,5,gunner,both,0
Umi Ocean Sleeves,417,26,64,-2,3,-2,5,2,5,gunner,both,1
Umi Ocean Hakama,417,26,64,-2,3,-2,5,2,5,gunner,both,1
Strange Cap,418,22,60,2,2,2,2,3,5,gunner,both,0
Strange Vest,418,22,60,2,2,2,2,3,5,gunner,both,0
Strange Guards,418,22,60,2,2,2,2,3,5,gunner,both,0
Strange Coat,418,22,60,2,2,2,2,3,5,gunner,both,0
Strange Leggings,418,22,60,2,2,2,2,3,5,gunner,both,0
Booyah Bomber,419,25,63,3,3,3,3,3,5,gunner,both,0
Booyah Buckle,419,25,63,3,3,3,3,3,5,gunner,both,0
Booyah Denim,419,25,63,3,3,3,3,3,5,gunner,both,0
Biker Leather,420,25,63,3,3,3,3,3,5,gunner,both,0
Rider Leather,421,25,63,3,3,3,3,3,5,gunner,both,0
Black Leather Pants,422,25,63,3,3,3,3,3,5,gunner,both,0
X Gammoth Jersey,423,22,60,0,4,0,0,0,5,gunner,both,0
X Mizutsune Jersey,424,22,60,0,0,0,4,0,5,gunner,both,0
X Dino Jersey,425,22,60,4,0,0,0,0,5,gunner,both,0
X Astalos Jersey,426,22,60,0,0,4,0,0,5,gunner,both,0
Derring Helm S,426,48,120,0,0,0,0,0,6,blademaster,both,2
Derring Mail S,426,48,120,0,0,0,0,0,6,blademaster,both,1
Derring Vambraces S,426,48,120,0,0,0,0,0,6,blademaster,both,0
Derring Faulds S,426,48,120,0,0,0,0,0,6,blademaster,both,0
Derring Greaves S,426,48,120,0,0,0,0,0,6,blademaster,both,0
Dober Helm,427,54,126,-2,0,0,0,4,6,blademaster,both,2
Dober Mail,427,54,126,-2,0,0,0,4,6,blademaster,both,1
Dober Vambraces,427,54,126,-2,0,0,0,4,6,blademaster,both,0
Dober Coil,427,54,126,-2,0,0,0,4,6,blademaster,both,1
Dober Greaves,427,54,126,-2,0,0,0,4,6,blademaster,both,1
Damascus Helm,428,60,132,-1,1,-3,2,-1,6,blademaster,both,0
Damascus Mail,428,60,132,-1,1,-3,2,-1,6,blademaster,both,0
Damascus Vambraces,428,60,132,-1,1,-3,2,-1,6,blademaster,both,0
Damascus Coil,428,60,132,-1,1,-3,2,-1,6,blademaster,both,1
Damascus Greaves,428,60,132,-1,1,-3,2,-1,6,blademaster,both,2
Damascus Helm R,429,56,128,-1,1,-3,2,-1,6,blademaster,both,0
Damascus Mail R,429,56,128,-1,1,-3,2,-1,6,blademaster,both,0
Damascus Braces R,429,56,128,-1,1,-3,2,-1,6,blademaster,both,0
Damascus Coil R,429,56,128,-1,1,-3,2,-1,6,blademaster,both,1
Damascus Greaves R,429,56,128,-1,1,-3,2,-1,6,blademaster,both,1
Skull Visage S,430,40,112,-3,-3,-3,-3,2,6,blademaster,both,0
Dark Metal Boots,431,56,128,0,-1,0,-1,5,6,blademaster,both,0
Chrome Metal Coil,432,56,128,-2,-2,-2,-2,4,6,blademaster,both,0
Chrome Metal Boots,432,56,128,-2,-2,-2,-2,4,6,blademaster,both,0
Artian Helm S,433,60,132,1,2,-2,-2,3,6,blademaster,both,3
Artian Mail S,433,60,132,1,2,-2,-2,3,6,blademaster,both,1
Artian Braces S,433,60,132,1,2,-2,-2,3,6,blademaster,both,0
Artian Coil S,433,60,132,1,2,-2,-2,3,6,blademaster,both,1
Artian Greaves S,433,60,132,1,2,-2,-2,3,6,blademaster,both,0
Artian Helm R,434,56,128,1,2,-2,-2,3,6,blademaster,both,0
Artian Mail R,434,56,128,1,2,-2,-2,3,6,blademaster,both,1
Artian Braces R,434,56,128,1,2,-2,-2,3,6,blademaster,both,1
Artian Coil R,434,56,128,1,2,-2,-2,3,6,blademaster,both,0
Artian Greaves R,434,56,128,1,2,-2,-2,3,6,blademaster,both,0
Barioth Helm,435,52,124,-3,3,-1,0,0,6,blademaster,both,0
Barioth Mail,435,52,124,-3,3,-1,0,0,6,blademaster,both,1
Barioth Vambraces,435,52,124,-3,3,-1,0,0,6,blademaster,both,1
Barioth Faulds,435,52,124,-3,3,-1,0,0,6,blademaster,both,2
Barioth Greaves,435,52,124,-3,3,-1,0,0,6,blademaster,both,0
Seltas Helm,436,60,132,-3,-2,-2,4,5,6,blademaster,both,0
Seltas Mail,436,60,132,-3,-2,-2,4,5,6,blademaster,both,0
Seltas Vambraces,436,60,132,-3,-2,-2,4,5,6,blademaster,both,0
Seltas Faulds,436,60,132,-3,-2,-2,4,5,6,blademaster,both,0
Seltas Greaves,436,60,132,-3,-2,-2,4,5,6,blademaster,both,0
Rathalos Helm S,437,58,130,4,0,-2,0,-4,6,blademaster,both,0
Rathalos Mail S,437,58,130,4,0,-2,0,-4,6,blademaster,both,1
Rathalos Braces S,437,58,130,4,0,-2,0,-4,6,blademaster,both,1
Rathalos Faulds S,437,58,130,4,0,-2,0,-4,6,blademaster,both,2
Rathalos Greaves S,437,58,130,4,0,-2,0,-4,6,blademaster,both,1
EX Rathalos Helm,438,62,134,4,0,-2,0,-4,6,blademaster,both,0
EX Rathalos Mail,438,62,134,4,0,-2,0,-4,6,blademaster,both,1
EX Rathalos Braces,438,62,134,4,0,-2,0,-4,6,blademaster,both,0
EX Rathalos Faulds,438,62,134,4,0,-2,0,-4,6,blademaster,both,2
EX Rathalos Greaves,438,62,134,4,0,-2,0,-4,6,blademaster,both,0
Rathalos Helm R,439,54,126,4,0,-2,0,-4,6,blademaster,both,0
Rathalos Mail R,439,54,126,4,0,-2,0,-4,6,blademaster,both,0
Rathalos Braces R,439,54,126,4,0,-2,0,-4,6,blademaster,both,1
Rathalos Faulds R,439,54,126,4,0,-2,0,-4,6,blademaster,both,0
Rathalos Greaves R,439,54,126,4,0,-2,0,-4,6,blademaster,both,1
Lagiacrus Helm S,440,58,130,-3,-1,4,2,-2,6,blademaster,both,1
Lagiacrus Mail S,440,58,130,-3,-1,4,2,-2,6,blademaster,both,2
Lagiacrus Braces S,440,58,130,-3,-1,4,2,-2,6,blademaster,both,0
Lagiacrus Faulds S,440,58,130,-3,-1,4,2,-2,6,blademaster,both,0
Lagiacrus Greaves S,440,58,130,-3,-1,4,2,-2,6,blademaster,both,0
Lagiacrus Helm R,441,54,126,-3,-1,4,2,-2,6,blademaster,both,0
Lagiacrus Mail R,441,54,126,-3,-1,4,2,-2,6,blademaster,both,1
Lagiacrus Braces R,441,54,126,-3,-1,4,2,-2,6,blademaster,both,0
Lagiacrus Faulds R,441,54,126,-3,-1,4,2,-2,6,blademaster,both,0
Lagiacrus Greaves R,441,54,126,-3,-1,4,2,-2,6,blademaster,both,0
Zinogre Helm S,442,58,130,0,-4,4,-1,1,6,blademaster,both,0
Zinogre Mail S,442,58,130,0,-4,4,-1,1,6,blademaster,both,0
Zinogre Braces S,442,58,130,0,-4,4,-1,1,6,blademaster,both,0
Zinogre Faulds S,442,58,130,0,-4,4,-1,1,6,blademaster,both,1
Zinogre Greaves S,442,58,130,0,-4,4,-1,1,6,blademaster,both,1
EX Zinogre Helm,443,62,134,0,-4,4,-1,1,6,blademaster,both,1
EX Zinogre Mail,443,62,134,0,-4,4,-1,1,6,blademaster,both,0
EX Zinogre Braces,443,62,134,0,-4,4,-1,1,6,blademaster,both,1
EX Zinogre Faulds,443,62,134,0,-4,4,-1,1,6,blademaster,both,0
EX Zinogre Greaves,443,62,134,0,-4,4,-1,1,6,blademaster,both,1
Gravios Helm,444,58,130,3,0,1,-3,-2,6,blademaster,both,1
Gravios Mail,444,58,130,3,0,1,-3,-2,6,blademaster,both,0
Gravios Vambraces,444,58,130,3,0,1,-3,-2,6,blademaster,both,2
Gravios Tassets,444,58,130,3,0,1,-3,-2,6,blademaster,both,0
Gravios Greaves,444,58,130,3,0,1,-3,-2,6,blademaster,both,2
Mizutsune Helm S,445,50,122,0,1,-3,2,-1,6,blademaster,both,0
Mizutsune Mail S,445,50,122,0,1,-3,2,-1,6,blademaster,both,1
Mizutsune Braces S,445,50,122,0,1,-3,2,-1,6,blademaster,both,1
Mizutsune Faulds S,445,50,122,0,1,-3,2,-1,6,blademaster,both,0
Mizutsune Greaves S,445,50,122,0,1,-3,2,-1,6,blademaster,both,1
Astalos Helm S,446,58,130,0,-3,3,-2,2,6,blademaster,both,0
Astalos Mail S,446,58,130,0,-3,3,-2,2,6,blademaster,both,0
Astalos Braces S,446,58,130,0,-3,3,-2,2,6,blademaster,both,1
Astalos Faulds S,446,58,130,0,-3,3,-2,2,6,blademaster,both,0
Astalos Greaves S,446,58,130,0,-3,3,-2,2,6,blademaster,both,1
Gammoth Helm S,447,66,138,-3,3,-1,1,2,6,blademaster,male,2
Gammoth Mail S,447,66,138,-3,3,-1,1,2,6,blademaster,male,0
Gammoth Braces S,447,66,138,-3,3,-1,1,2,6,blademaster,male,2
Gammoth Faulds S,447,66,138,-3,3,-1,1,2,6,blademaster,male,0
Gammoth Greaves S,447,66,138,-3,3,-1,1,2,6,blademaster,male,0
Gammoth Helm S,448,66,138,-3,3,-1,1,2,6,blademaster,female,2
Gammoth Mail S,448,66,138,-3,3,-1,1,2,6,blademaster,female,0
Gammoth Braces S,448,66,138,-3,3,-1,1,2,6,blademaster,female,2
Gammoth Faulds S,448,66,138,-3,3,-1,1,2,6,blademaster,female,0
Gammoth Greaves S,448,66,138,-3,3,-1,1,2,6,blademaster,female,0
Glavenus Helm S,449,60,132,3,0,1,-3,-1,6,blademaster,both,2
Glavenus Mail S,449,60,132,3,0,1,-3,-1,6,blademaster,both,0
Glavenus Braces S,449,60,132,3,0,1,-3,-1,6,blademaster,both,0
Glavenus Faulds S,449,60,132,3,0,1,-3,-1,6,blademaster,both,2
Glavenus Greaves S,449,60,132,3,0,1,-3,-1,6,blademaster,both,2
Agnaktor Helm,450,60,132,4,-1,0,-4,0,6,blademaster,both,2
Agnaktor Mail,450,60,132,4,-1,0,-4,0,6,blademaster,both,0
Agnaktor Vambraces,450,60,132,4,-1,0,-4,0,6,blademaster,both,2
Agnaktor Faulds,450,60,132,4,-1,0,-4,0,6,blademaster,both,0
Agnaktor Greaves,450,60,132,4,-1,0,-4,0,6,blademaster,both,0
Gore Helm S,451,60,132,-2,2,-1,2,-2,6,blademaster,both,1
Gore Mail S,451,60,132,-2,2,-1,2,-2,6,blademaster,both,0
Gore Braces S,451,60,132,-2,2,-1,2,-2,6,blademaster,both,0
Gore Faulds S,451,60,132,-2,2,-1,2,-2,6,blademaster,both,1
Gore Greaves S,451,60,132,-2,2,-1,2,-2,6,blademaster,both,1
EX Gore Helm,452,64,136,-2,2,-1,2,-2,6,blademaster,both,1
EX Gore Mail,452,64,136,-2,2,-1,2,-2,6,blademaster,both,0
EX Gore Braces,452,64,136,-2,2,-1,2,-2,6,blademaster,both,0
EX Gore Faulds,452,64,136,-2,2,-1,2,-2,6,blademaster,both,1
EX Gore Greaves,452,64,136,-2,2,-1,2,-2,6,blademaster,both,1
Gore Helm R,453,56,128,-2,2,-1,2,-2,6,blademaster,both,0
Gore Mail R,453,56,128,-2,2,-1,2,-2,6,blademaster,both,0
Gore Braces R,453,56,128,-2,2,-1,2,-2,6,blademaster,both,1
Gore Faulds R,453,56,128,-2,2,-1,2,-2,6,blademaster,both,1
Gore Greaves R,453,56,128,-2,2,-1,2,-2,6,blademaster,both,0
Regios Helm S,454,60,132,2,-2,-3,0,0,6,blademaster,both,1
Regios Mail S,454,60,132,2,-2,-3,0,0,6,blademaster,both,0
Regios Vambraces S,454,60,132,2,-2,-3,0,0,6,blademaster,both,0
Regios Tassets S,454,60,132,2,-2,-3,0,0,6,blademaster,both,2
Regios Greaves S,454,60,132,2,-2,-3,0,0,6,blademaster,both,0
Duramboros Helm,455,66,138,-3,-2,1,2,1,6,blademaster,both,1
Duramboros Mail,455,66,138,-3,-2,1,2,1,6,blademaster,both,0
Duramboros Braces,455,66,138,-3,-2,1,2,1,6,blademaster,both,0
Duramboros Faulds,455,66,138,-3,-2,1,2,1,6,blademaster,both,1
Duramboros Greaves,455,66,138,-3,-2,1,2,1,6,blademaster,both,1
Tigrex Helm S,456,60,132,2,0,-3,0,-2,6,blademaster,both,0
Tigrex Mail S,456,60,132,2,0,-3,0,-2,6,blademaster,both,0
Tigrex Braces S,456,60,132,2,0,-3,0,-2,6,blademaster,both,1
Tigrex Tassets S,456,60,132,2,0,-3,0,-2,6,blademaster,both,0
Tigrex Greaves S,456,60,132,2,0,-3,0,-2,6,blademaster,both,1
EX Tigrex Helm,457,64,136,2,0,-3,0,-2,6,blademaster,both,0
EX Tigrex Mail,457,64,136,2,0,-3,0,-2,6,blademaster,both,0
EX Tigrex Braces,457,64,136,2,0,-3,0,-2,6,blademaster,both,1
EX Tigrex Tassets,457,64,136,2,0,-3,0,-2,6,blademaster,both,0
EX Tigrex Greaves,457,64,136,2,0,-3,0,-2,6,blademaster,both,1
Tigrex Helm R,458,56,128,2,0,-3,0,-2,6,blademaster,both,1
Tigrex Mail R,458,56,128,2,0,-3,0,-2,6,blademaster,both,2
Tigrex Braces R,458,56,128,2,0,-3,0,-2,6,blademaster,both,2
Tigrex Tassets R,458,56,128,2,0,-3,0,-2,6,blademaster,both,0
Tigrex Greaves R,458,56,128,2,0,-3,0,-2,6,blademaster,both,1
Kirin Horn S,459,64,136,-1,0,3,-1,2,6,blademaster,both,1
Kirin Jacket S,459,64,136,-1,0,3,-1,2,6,blademaster,both,1
Kirin Longarms S,459,64,136,-1,0,3,-1,2,6,blademaster,both,1
Kirin Hoop S,459,64,136,-1,0,3,-1,2,6,blademaster,both,1
Kirin Leg Guards S,459,64,136,-1,0,3,-1,2,6,blademaster,both,1
Kirin Horn R,460,60,132,-1,0,3,-1,2,6,blademaster,both,0
Kirin Jacket R,460,60,132,-1,0,3,-1,2,6,blademaster,both,1
Kirin Longarms R,460,60,132,-1,0,3,-1,2,6,blademaster,both,0
Kirin Hoop R,460,60,132,-1,0,3,-1,2,6,blademaster,both,0
Kirin Leg Guards R,460,60,132,-1,0,3,-1,2,6,blademaster,both,1
Brachydios Helm S,461,62,134,2,-2,0,-4,0,6,blademaster,both,0
Brachydios Mail S,461,62,134,2,-2,0,-4,0,6,blademaster,both,2
Brachydios Braces S,461,62,134,2,-2,0,-4,0,6,blademaster,both,1
Brachydios Faulds S,461,62,134,2,-2,0,-4,0,6,blademaster,both,0
Brachydios Greaves S,461,62,134,2,-2,0,-4,0,6,blademaster,both,2
EX Brachydios Helm,462,66,138,2,-2,0,-4,0,6,blademaster,both,0
EX Brachydios Mail,462,66,138,2,-2,0,-4,0,6,blademaster,both,1
EX Brachydios Braces,462,66,138,2,-2,0,-4,0,6,blademaster,both,0
EX Brachydios Faulds,462,66,138,2,-2,0,-4,0,6,blademaster,both,3
EX Brachydios Greaves,462,66,138,2,-2,0,-4,0,6,blademaster,both,2
Golden Headdress,463,66,138,2,-5,3,1,2,6,blademaster,both,0
Golden Haori,463,66,138,2,-5,3,1,2,6,blademaster,both,1
Golden Kote,463,66,138,2,-5,3,1,2,6,blademaster,both,0
Golden Obi,463,66,138,2,-5,3,1,2,6,blademaster,both,1
Golden Hakama,463,66,138,2,-5,3,1,2,6,blademaster,both,0
Vangis Helm,464,66,138,0,0,-4,0,-4,6,blademaster,both,1
Vangis Mail,464,66,138,0,0,-4,0,-4,6,blademaster,both,0
Vangis Vambraces,464,66,138,0,0,-4,0,-4,6,blademaster,both,1
Vangis Coil,464,66,138,0,0,-4,0,-4,6,blademaster,both,2
Vangis Greaves,464,66,138,0,0,-4,0,-4,6,blademaster,both,1
Guild Knight Feather,465,50,122,0,0,0,0,0,6,blademaster,male,1
Guild Knight Suit,465,50,122,0,0,0,0,0,6,blademaster,male,1
Guild Knight Gloves,465,50,122,0,0,0,0,0,6,blademaster,male,1
Guild Knight Coat,465,50,122,0,0,0,0,0,6,blademaster,male,1
Guild Knight Boots,465,50,122,0,0,0,0,0,6,blademaster,male,1
Maiden's Hat S,466,50,122,0,0,0,0,0,6,blademaster,female,1
Maiden's Suit S,466,50,122,0,0,0,0,0,6,blademaster,female,1
Maiden's Gloves S,466,50,122,0,0,0,0,0,6,blademaster,female,1
Maiden's Skirt S,466,50,122,0,0,0,0,0,6,blademaster,female,1
Maiden's Socks S,466,50,122,0,0,0,0,0,6,blademaster,female,1
Blue Guild Lobos,467,50,122,0,0,0,0,0,6,blademaster,male,1
Blue Guild Suit,467,50,122,0,0,0,0,0,6,blademaster,male,1
Blue Guild Gloves,467,50,122,0,0,0,0,0,6,blademaster,male,1
Blue Guild Coil,467,50,122,0,0,0,0,0,6,blademaster,male,1
Blue Guild Boots,467,50,122,0,0,0,0,0,6,blademaster,male,1
Red Guild Lobos,468,50,122,0,0,0,0,0,6,blademaster,male,1
Red Guild Suit,468,50,122,0,0,0,0,0,6,blademaster,male,1
Red Guild Gloves,468,50,122,0,0,0,0,0,6,blademaster,male,1
Red Guild Coil,468,50,122,0,0,0,0,0,6,blademaster,male,1
Red Guild Boots,468,50,122,0,0,0,0,0,6,blademaster,male,1
Blue Guild Tricorne,469,50,122,0,0,0,0,0,6,blademaster,female,1
Blue Guild Suit,469,50,122,0,0,0,0,0,6,blademaster,female,1
Blue Guild Gloves,469,50,122,0,0,0,0,0,6,blademaster,female,1
Blue Guild Coil,469,50,122,0,0,0,0,0,6,blademaster,female,1
Blue Guild Boots,469,50,122,0,0,0,0,0,6,blademaster,female,1
Red Guild Tricorne,470,50,122,0,0,0,0,0,6,blademaster,female,1
Red Guild Suit,470,50,122,0,0,0,0,0,6,blademaster,female,1
Red Guild Gloves,470,50,122,0,0,0,0,0,6,blademaster,female,1
Red Guild Coil,470,50,122,0,0,0,0,0,6,blademaster,female,1
Red Guild Boots,470,50,122,0,0,0,0,0,6,blademaster,female,1
Helper Hood S,471,50,122,0,0,0,0,0,6,blademaster,female,1
Helper Suit S,471,50,122,0,0,0,0,0,6,blademaster,female,1
Helper Sleeves S,471,50,122,0,0,0,0,0,6,blademaster,female,1
Helper Skirt S,471,50,122,0,0,0,0,0,6,blademaster,female,1
Helper Socks S,471,50,122,0,0,0,0,0,6,blademaster,female,1
Helper Hood U,472,50,122,0,0,0,0,0,6,blademaster,female,0
Helper Suit U,472,50,122,0,0,0,0,0,6,blademaster,female,0
Helper Sleeves U,472,50,122,0,0,0,0,0,6,blademaster,female,0
Helper Skirt U,472,50,122,0,0,0,0,0,6,blademaster,female,3
Helper Socks U,472,50,122,0,0,0,0,0,6,blademaster,female,0
Guild Bard Lobos S,473,50,122,0,0,0,0,0,6,blademaster,male,1
Guild Bard Bolero S,473,50,122,0,0,0,0,0,6,blademaster,male,1
Guild Bard Braces S,473,50,122,0,0,0,0,0,6,blademaster,male,1
Guild Bard Coil S,473,50,122,0,0,0,0,0,6,blademaster,male,1
Guild Bard Boots S,473,50,122,0,0,0,0,0,6,blademaster,male,1
Dianthus Wealcap,474,50,122,0,0,0,0,0,6,blademaster,female,1
Dianthus Wealcoat,474,50,122,0,0,0,0,0,6,blademaster,female,0
Dianthus Wealsleeves,474,50,122,0,0,0,0,0,6,blademaster,female,1
Dianthus Wealskirt,474,50,122,0,0,0,0,0,6,blademaster,female,1
Dianthus Wealpants,474,50,122,0,0,0,0,0,6,blademaster,female,1
Ace Headgear,475,50,122,0,0,0,0,0,6,blademaster,male,0
Ace Mail,475,50,122,0,0,0,0,0,6,blademaster,male,0
Ace Vambraces,475,50,122,0,0,0,0,0,6,blademaster,male,0
Ace Faulds,475,50,122,0,0,0,0,0,6,blademaster,male,0
Ace Greaves,475,50,122,0,0,0,0,0,6,blademaster,male,0
Sororal Headgear,476,50,122,0,0,0,0,0,6,blademaster,female,0
Sororal Mail,476,50,122,0,0,0,0,0,6,blademaster,female,0
Sororal Vambraces,476,50,122,0,0,0,0,0,6,blademaster,female,0
Sororal Faulds,476,50,122,0,0,0,0,0,6,blademaster,female,0
Sororal Greaves,476,50,122,0,0,0,0,0,6,blademaster,female,0
Hawkhat,477,50,122,0,0,0,0,0,6,blademaster,male,0
Hawksuit,477,50,122,0,0,0,0,0,6,blademaster,male,0
Hawkbraces,477,50,122,0,0,0,0,0,6,blademaster,male,0
Hawkcoil,477,50,122,0,0,0,0,0,6,blademaster,male,0
Hawkboots,477,50,122,0,0,0,0,0,6,blademaster,male,1
Gourmew Toque S,478,56,128,1,1,1,1,1,6,blademaster,male,3
Gourmew Suit S,478,56,128,1,1,1,1,1,6,blademaster,male,0
Gourmew Gloves S,478,56,128,1,1,1,1,1,6,blademaster,male,0
Gourmew Sarong S,478,56,128,1,1,1,1,1,6,blademaster,male,0
Gourmew Boots S,478,56,128,1,1,1,1,1,6,blademaster,male,2
Gourmew Toque S,479,56,128,1,1,1,1,1,6,blademaster,female,3
Gourmew Suit S,479,56,128,1,1,1,1,1,6,blademaster,female,0
Gourmew Gloves S,479,56,128,1,1,1,1,1,6,blademaster,female,0
Gourmew Sarong S,479,56,128,1,1,1,1,1,6,blademaster,female,0
Gourmew Boots S,479,56,128,1,1,1,1,1,6,blademaster,female,2
Scholarly Hood S,480,50,122,0,0,0,0,0,6,blademaster,both,1
Scholarly Suit S,480,50,122,0,0,0,0,0,6,blademaster,both,1
Scholarly Grips S,480,50,122,0,0,0,0,0,6,blademaster,both,1
Scholarly Sash S,480,50,122,0,0,0,0,0,6,blademaster,both,1
Scholarly Boots S,480,50,122,0,0,0,0,0,6,blademaster,both,2
Ranger's Headgear,481,56,128,0,0,0,0,0,6,blademaster,both,1
Ranger's Girdle,481,56,128,0,0,0,0,0,6,blademaster,both,2
Ranger's Gauntlets,481,56,128,0,0,0,0,0,6,blademaster,both,1
Ranger's Sash,481,56,128,0,0,0,0,0,6,blademaster,both,0
Ranger's Espadrilles,481,56,128,0,0,0,0,0,6,blademaster,both,1
Pirate Hat J,482,52,124,0,0,0,0,0,6,blademaster,both,0
Pirate Suit J,482,52,124,0,0,0,0,0,6,blademaster,both,0
Pirate Gloves J,482,52,124,0,0,0,0,0,6,blademaster,both,0
Pirate Coil J,482,52,124,0,0,0,0,0,6,blademaster,both,0
Pirate Boots J,482,52,124,0,0,0,0,0,6,blademaster,both,0
Buccaneer Hat J,483,56,128,-4,-4,-4,-4,-4,6,blademaster,both,0
Buccaneer Suit J,483,56,128,-4,-4,-4,-4,-4,6,blademaster,both,0
Buccaneer Gloves J,483,56,128,-4,-4,-4,-4,-4,6,blademaster,both,3
Buccaneer Coil J,483,56,128,-4,-4,-4,-4,-4,6,blademaster,both,3
Buccaneer Boots J,483,56,128,-4,-4,-4,-4,-4,6,blademaster,both,0
Dynaqlo Beanie,484,54,126,0,-2,4,-1,1,6,blademaster,both,1
Dynaqlo Coat,484,54,126,0,-2,4,-1,1,6,blademaster,both,1
Dynaqlo Glovelettes,484,54,126,0,-2,4,-1,1,6,blademaster,both,1
Dynaqlo Belt,484,54,126,0,-2,4,-1,1,6,blademaster,both,1
Dynaqlo Cargo Pants,484,54,126,0,-2,4,-1,1,6,blademaster,both,1
Varia Suit Visor,485,64,136,4,4,4,4,-4,6,blademaster,male,0
Varia Suit Armor,485,64,136,4,4,4,4,-4,6,blademaster,male,0
Varia Suit Guards,485,64,136,4,4,4,4,-4,6,blademaster,male,1
Varia Suit Leg Guards,485,64,136,4,4,4,4,-4,6,blademaster,male,0
Varia Suit Visor,486,64,136,4,4,4,4,-4,6,blademaster,female,0
Varia Suit Armor,486,64,136,4,4,4,4,-4,6,blademaster,female,0
Varia Suit Guards,486,64,136,4,4,4,4,-4,6,blademaster,female,1
Varia Suit Leg Guards,486,64,136,4,4,4,4,-4,6,blademaster,female,0
Zero Suit Ponytail,487,48,120,4,4,4,4,-4,6,blademaster,female,0
Zero Suit Body,487,48,120,4,4,4,4,-4,6,blademaster,female,0
Zero Suit Gloves,487,48,120,4,4,4,4,-4,6,blademaster,female,1
Zero Suit Boots,487,48,120,4,4,4,4,-4,6,blademaster,female,0
Zero Suit Wig,488,48,120,4,4,4,4,-4,6,blademaster,male,0
Zero Suit Body,488,48,120,4,4,4,4,-4,6,blademaster,male,0
Zero Suit Gloves,488,48,120,4,4,4,4,-4,6,blademaster,male,1
Zero Suit Boots,488,48,120,4,4,4,4,-4,6,blademaster,male,0
Derring Cap S,488,24,60,1,1,1,1,1,6,gunner,both,2
Derring Vest S,488,24,60,1,1,1,1,1,6,gunner,both,1
Derring Guards S,488,24,60,1,1,1,1,1,6,gunner,both,0
Derring Coat S,488,24,60,1,1,1,1,1,6,gunner,both,0
Derring Leggings S,488,24,60,1,1,1,1,1,6,gunner,both,0
Dober Cap,489,27,63,-2,0,0,0,5,6,gunner,both,2
Dober Vest,489,27,63,-2,0,0,0,5,6,gunner,both,1
Dober Guards,489,27,63,-2,0,0,0,5,6,gunner,both,0
Dober Coat,489,27,63,-2,0,0,0,5,6,gunner,both,1
Dober Leggings,489,27,63,-2,0,0,0,5,6,gunner,both,1
Damascus Cap,490,30,66,-1,1,-3,2,-1,6,gunner,both,0
Damascus Vest,490,30,66,-1,1,-3,2,-1,6,gunner,both,0
Damascus Guards,490,30,66,-1,1,-3,2,-1,6,gunner,both,0
Damascus Coat,490,30,66,-1,1,-3,2,-1,6,gunner,both,1
Damascus Leggings,490,30,66,-1,1,-3,2,-1,6,gunner,both,2
Damascus Cap R,491,28,64,-1,1,-3,2,-1,6,gunner,both,0
Damascus Vest R,491,28,64,-1,1,-3,2,-1,6,gunner,both,0
Damascus Guards R,491,28,64,-1,1,-3,2,-1,6,gunner,both,0
Damascus Coat R,491,28,64,-1,1,-3,2,-1,6,gunner,both,1
Damascus Leggings R,491,28,64,-1,1,-3,2,-1,6,gunner,both,1
Skull Mask S,492,20,56,-3,-3,-3,-3,4,6,gunner,both,0
Dark Metal Feet,493,28,64,0,-1,0,-1,6,6,gunner,both,0
Chrome Metal Coat,494,28,64,-2,-2,-2,-2,5,6,gunner,both,0
Chrome Metal Feet,494,28,64,-2,-2,-2,-2,5,6,gunner,both,0
Artian Cap S,495,30,66,3,2,-2,-2,3,6,gunner,both,3
Artian Vest S,495,30,66,3,2,-2,-2,3,6,gunner,both,1
Artian Guards S,495,30,66,3,2,-2,-2,3,6,gunner,both,0
Artian Coat S,495,30,66,3,2,-2,-2,3,6,gunner,both,1
Artian Leggings S,495,30,66,3,2,-2,-2,3,6,gunner,both,0
Artian Cap R,496,28,64,3,2,-2,-2,3,6,gunner,both,0
Artian Vest R,496,28,64,3,2,-2,-2,3,6,gunner,both,1
Artian Guards R,496,28,64,3,2,-2,-2,3,6,gunner,both,1
Artian Coat R,496,28,64,3,2,-2,-2,3,6,gunner,both,0
Artian Leggings R,496,28,64,3,2,-2,-2,3,6,gunner,both,0
Barioth Cap,497,26,62,-3,4,-1,0,0,6,gunner,both,0
Barioth Vest,497,26,62,-3,4,-1,0,0,6,gunner,both,1
Barioth Guards,497,26,62,-3,4,-1,0,0,6,gunner,both,1
Barioth Coat,497,26,62,-3,4,-1,0,0,6,gunner,both,2
Barioth Leggings,497,26,62,-3,4,-1,0,0,6,gunner,both,0
Seltas Cap,498,30,66,-3,-2,-2,4,6,6,gunner,both,0
Seltas Vest,498,30,66,-3,-2,-2,4,6,6,gunner,both,0
Seltas Guards,498,30,66,-3,-2,-2,4,6,6,gunner,both,0
Seltas Coat,498,30,66,-3,-2,-2,4,6,6,gunner,both,0
Seltas Leggings,498,30,66,-3,-2,-2,4,6,6,gunner,both,0
Rathalos Cap S,499,29,65,5,0,-2,0,-4,6,gunner,both,0
Rathalos Vest S,499,29,65,5,0,-2,0,-4,6,gunner,both,1
Rathalos Guards S,499,29,65,5,0,-2,0,-4,6,gunner,both,1
Rathalos Coat S,499,29,65,5,0,-2,0,-4,6,gunner,both,2
Rathalos Leggings S,499,29,65,5,0,-2,0,-4,6,gunner,both,1
EX Rathalos Cap,500,31,67,5,0,-2,0,-4,6,gunner,both,0
EX Rathalos Vest,500,31,67,5,0,-2,0,-4,6,gunner,both,1
EX Rathalos Guards,500,31,67,5,0,-2,0,-4,6,gunner,both,0
EX Rathalos Coat,500,31,67,5,0,-2,0,-4,6,gunner,both,2
EX Rathalos Leggings,500,31,67,5,0,-2,0,-4,6,gunner,both,0
Rathalos Cap R,501,27,63,5,0,-2,0,-4,6,gunner,both,0
Rathalos Vest R,501,27,63,5,0,-2,0,-4,6,gunner,both,0
Rathalos Guards R,501,27,63,5,0,-2,0,-4,6,gunner,both,1
Rathalos Coat R,501,27,63,5,0,-2,0,-4,6,gunner,both,0
Rathalos Leggings R,501,27,63,5,0,-2,0,-4,6,gunner,both,1
Lagiacrus Cap S,502,29,65,-3,-1,5,2,-2,6,gunner,both,1
Lagiacrus Vest S,502,29,65,-3,-1,5,2,-2,6,gunner,both,2
Lagiacrus Guards S,502,29,65,-3,-1,5,2,-2,6,gunner,both,0
Lagiacrus Coat S,502,29,65,-3,-1,5,2,-2,6,gunner,both,0
Lagiacrus Leggings S,502,29,65,-3,-1,5,2,-2,6,gunner,both,0
Lagiacrus Cap R,503,27,63,-3,-1,5,2,-2,6,gunner,both,0
Lagiacrus Vest R,503,27,63,-3,-1,5,2,-2,6,gunner,both,1
Lagiacrus Guards R,503,27,63,-3,-1,5,2,-2,6,gunner,both,0
Lagiacrus Coat R,503,27,63,-3,-1,5,2,-2,6,gunner,both,0
Lagiacrus Leggings R,503,27,63,-3,-1,5,2,-2,6,gunner,both,0
Zinogre Cap S,504,29,65,0,-4,5,-1,1,6,gunner,both,1
Zinogre Vest S,504,29,65,0,-4,5,-1,1,6,gunner,both,0
Zinogre Guards S,504,29,65,0,-4,5,-1,1,6,gunner,both,0
Zinogre Coat S,504,29,65,0,-4,5,-1,1,6,gunner,both,0
Zinogre Leggings S,504,29,65,0,-4,5,-1,1,6,gunner,both,1
EX Zinogre Cap,505,31,67,0,-4,5,-1,1,6,gunner,both,1
EX Zinogre Vest,505,31,67,0,-4,5,-1,1,6,gunner,both,0
EX Zinogre Guards,505,31,67,0,-4,5,-1,1,6,gunner,both,1
EX Zinogre Coat,505,31,67,0,-4,5,-1,1,6,gunner,both,0
EX Zinogre Leggings,505,31,67,0,-4,5,-1,1,6,gunner,both,1
Gravios Cap,506,29,65,4,0,1,-3,-2,6,gunner,both,1
Gravios Vest,506,29,65,4,0,1,-3,-2,6,gunner,both,0
Gravios Guards,506,29,65,4,0,1,-3,-2,6,gunner,both,2
Gravios Coat,506,29,65,4,0,1,-3,-2,6,gunner,both,0
Gravios Leggings,506,29,65,4,0,1,-3,-2,6,gunner,both,2
Mizutsune Mask S,507,25,61,0,1,-2,2,-1,6,gunner,both,0
Mizutsune Vest S,507,25,61,0,1,-2,2,-1,6,gunner,both,1
Mizutsune Guards S,507,25,61,0,1,-2,2,-1,6,gunner,both,1
Mizutsune Coat S,507,25,61,0,1,-2,2,-1,6,gunner,both,0
Mizutsune Leggings S,507,25,61,0,1,-2,2,-1,6,gunner,both,1
Astalos Cap S,508,29,65,0,-3,4,-2,2,6,gunner,both,0
Astalos Vest S,508,29,65,0,-3,4,-2,2,6,gunner,both,0
Astalos Guards S,508,29,65,0,-3,4,-2,2,6,gunner,both,1
Astalos Coat S,508,29,65,0,-3,4,-2,2,6,gunner,both,0
Astalos Leggings S,508,29,65,0,-3,4,-2,2,6,gunner,both,1
Gammoth Cap S,509,33,69,-3,4,-1,1,2,6,gunner,male,2
Gammoth Vest S,509,33,69,-3,4,-1,1,2,6,gunner,male,0
Gammoth Guards S,509,33,69,-3,4,-1,1,2,6,gunner,male,2
Gammoth Coat S,509,33,69,-3,4,-1,1,2,6,gunner,male,0
Gammoth Leggings S,509,33,69,-3,4,-1,1,2,6,gunner,male,0
Gammoth Cap S,510,33,69,-3,4,-1,1,2,6,gunner,female,2
Gammoth Vest S,510,33,69,-3,4,-1,1,2,6,gunner,female,0
Gammoth Guards S,510,33,69,-3,4,-1,1,2,6,gunner,female,2
Gammoth Coat S,510,33,69,-3,4,-1,1,2,6,gunner,female,0
Gammoth Leggings S,510,33,69,-3,4,-1,1,2,6,gunner,female,0
Glavenus Cap S,511,30,66,4,0,1,-3,-1,6,gunner,both,2
Glavenus Vest S,511,30,66,4,0,1,-3,-1,6,gunner,both,1
Glavenus Guards S,511,30,66,4,0,1,-3,-1,6,gunner,both,0
Glavenus Coat S,511,30,66,4,0,1,-3,-1,6,gunner,both,2
Glavenus Leggings S,511,30,66,4,0,1,-3,-1,6,gunner,both,2
Agnaktor Cap,512,30,66,6,-1,0,-4,0,6,gunner,both,2
Agnaktor Vest,512,30,66,6,-1,0,-4,0,6,gunner,both,0
Agnaktor Guards,512,30,66,6,-1,0,-4,0,6,gunner,both,2
Agnaktor Coat,512,30,66,6,-1,0,-4,0,6,gunner,both,0
Agnaktor Leggings,512,30,66,6,-1,0,-4,0,6,gunner,both,0
Gore Cap S,513,30,66,-2,2,-1,3,-2,6,gunner,both,1
Gore Vest S,513,30,66,-2,2,-1,3,-2,6,gunner,both,0
Gore Guards S,513,30,66,-2,2,-1,3,-2,6,gunner,both,0
Gore Coat S,513,30,66,-2,2,-1,3,-2,6,gunner,both,1
Gore Leggings S,513,30,66,-2,2,-1,3,-2,6,gunner,both,1
EX Gore Cap,514,32,68,-2,2,-1,3,-2,6,gunner,both,1
EX Gore Vest,514,32,68,-2,2,-1,3,-2,6,gunner,both,0
EX Gore Guards,514,32,68,-2,2,-1,3,-2,6,gunner,both,0
EX Gore Coat,514,32,68,-2,2,-1,3,-2,6,gunner,both,1
EX Gore Leggings,514,32,68,-2,2,-1,3,-2,6,gunner,both,1
Gore Cap R,515,28,64,-2,2,-1,3,-2,6,gunner,both,0
Gore Vest R,515,28,64,-2,2,-1,3,-2,6,gunner,both,0
Gore Guards R,515,28,64,-2,2,-1,3,-2,6,gunner,both,1
Gore Coat R,515,28,64,-2,2,-1,3,-2,6,gunner,both,1
Gore Leggings R,515,28,64,-2,2,-1,3,-2,6,gunner,both,0
Regios Cap S,516,30,66,4,-2,-3,0,0,6,gunner,both,1
Regios Vest S,516,30,66,4,-2,-3,0,0,6,gunner,both,0
Regios Guards S,516,30,66,4,-2,-3,0,0,6,gunner,both,0
Regios Coat S,516,30,66,4,-2,-3,0,0,6,gunner,both,2
Regios Leggings S,516,30,66,4,-2,-3,0,0,6,gunner,both,0
Duramboros Cap,517,33,69,-2,-2,1,2,1,6,gunner,both,1
Duramboros Vest,517,33,69,-2,-2,1,2,1,6,gunner,both,0
Duramboros Guards,517,33,69,-2,-2,1,2,1,6,gunner,both,0
Duramboros Coat,517,33,69,-2,-2,1,2,1,6,gunner,both,1
Duramboros Leggings,517,33,69,-2,-2,1,2,1,6,gunner,both,1
Tigrex Cap S,518,30,66,4,0,-3,0,-2,6,gunner,both,0
Tigrex Vest S,518,30,66,4,0,-3,0,-2,6,gunner,both,0
Tigrex Guards S,518,30,66,4,0,-3,0,-2,6,gunner,both,1
Tigrex Coat S,518,30,66,4,0,-3,0,-2,6,gunner,both,0
Tigrex Leggings S,518,30,66,4,0,-3,0,-2,6,gunner,both,1
EX Tigrex Cap,519,32,68,4,0,-3,0,-2,6,gunner,both,0
EX Tigrex Vest,519,32,68,4,0,-3,0,-2,6,gunner,both,0
EX Tigrex Guards,519,32,68,4,0,-3,0,-2,6,gunner,both,1
EX Tigrex Coat,519,32,68,4,0,-3,0,-2,6,gunner,both,0
EX Tigrex Leggings,519,32,68,4,0,-3,0,-2,6,gunner,both,1
Tigrex Cap R,520,28,64,4,0,-3,0,-2,6,gunner,both,1
Tigrex Vest R,520,28,64,4,0,-3,0,-2,6,gunner,both,2
Tigrex Guards R,520,28,64,4,0,-3,0,-2,6,gunner,both,2
Tigrex Coat R,520,28,64,4,0,-3,0,-2,6,gunner,both,0
Tigrex Leggings R,520,28,64,4,0,-3,0,-2,6,gunner,both,1
Kirin Crest S,521,32,68,-1,0,4,-1,2,6,gunner,both,1
Kirin Cape S,521,32,68,-1,0,4,-1,2,6,gunner,both,1
Kirin Gloves S,521,32,68,-1,0,4,-1,2,6,gunner,both,1
Kirin Shorts S,521,32,68,-1,0,4,-1,2,6,gunner,both,1
Kirin Boots S,521,32,68,-1,0,4,-1,2,6,gunner,both,1
Kirin Crest R,522,30,66,-1,0,4,-1,2,6,gunner,both,0
Kirin Cape R,522,30,66,-1,0,4,-1,2,6,gunner,both,1
Kirin Gloves R,522,30,66,-1,0,4,-1,2,6,gunner,both,0
Kirin Shorts R,522,30,66,-1,0,4,-1,2,6,gunner,both,0
Kirin Boots R,522,30,66,-1,0,4,-1,2,6,gunner,both,1
Brachydios Cap S,523,31,67,2,-2,0,-3,0,6,gunner,both,0
Brachydios Vest S,523,31,67,2,-2,0,-3,0,6,gunner,both,2
Brachydios Guards S,523,31,67,2,-2,0,-3,0,6,gunner,both,1
Brachydios Coat S,523,31,67,2,-2,0,-3,0,6,gunner,both,0
Brachy Leggings S,523,31,67,2,-2,0,-3,0,6,gunner,both,2
EX Brachydios Cap,524,33,69,2,-2,0,-3,0,6,gunner,both,0
EX Brachydios Vest,524,33,69,2,-2,0,-3,0,6,gunner,both,1
EX Brachydios Guards,524,33,69,2,-2,0,-3,0,6,gunner,both,0
EX Brachydios Coat,524,33,69,2,-2,0,-3,0,6,gunner,both,3
EX Brachydios Leggings,524,33,69,2,-2,0,-3,0,6,gunner,both,2
Puppeteer Mask,525,33,69,2,-4,3,1,2,6,gunner,both,0
Puppeteer Suit,525,33,69,2,-4,3,1,2,6,gunner,both,1
Puppeteer Gloves,525,33,69,2,-4,3,1,2,6,gunner,both,0
Puppeteer Obi,525,33,69,2,-4,3,1,2,6,gunner,both,1
Puppeteer Tabi,525,33,69,2,-4,3,1,2,6,gunner,both,0
Vangis Cap,526,33,69,0,0,-3,0,-4,6,gunner,both,1
Vangis Vest,526,33,69,0,0,-3,0,-4,6,gunner,both,0
Vangis Guards,526,33,69,0,0,-3,0,-4,6,gunner,both,1
Vangis Coat,526,33,69,0,0,-3,0,-4,6,gunner,both,2
Vangis Leggings,526,33,69,0,0,-3,0,-4,6,gunner,both,1
Guild Knight Mask,527,25,61,0,0,0,0,0,6,gunner,male,1
Guild Knight Vest,527,25,61,0,0,0,0,0,6,gunner,male,1
Guild Knight Sleeves,527,25,61,0,0,0,0,0,6,gunner,male,1
Guild Knight Kilt,527,25,61,0,0,0,0,0,6,gunner,male,1
Guild Knight Tights,527,25,61,0,0,0,0,0,6,gunner,male,1
French Maid Glasses S,528,25,61,0,0,0,0,0,6,gunner,female,1
French Maid Vest S,528,25,61,0,0,0,0,0,6,gunner,female,1
French Maid Sleeves S,528,25,61,0,0,0,0,0,6,gunner,female,1
French Maid Frills S,528,25,61,0,0,0,0,0,6,gunner,female,1
French Maid Tights S,528,25,61,0,0,0,0,0,6,gunner,female,1
Blue Guild Mask,529,25,61,0,0,0,0,0,6,gunner,male,1
Blue Guild Vest,529,25,61,0,0,0,0,0,6,gunner,male,1
Blue Guild Sleeves,529,25,61,0,0,0,0,0,6,gunner,male,1
Blue Guild Coat,529,25,61,0,0,0,0,0,6,gunner,male,1
Blue Guild Tights,529,25,61,0,0,0,0,0,6,gunner,male,1
Red Guild Mask,530,25,61,0,0,0,0,0,6,gunner,male,1
Red Guild Vest,530,25,61,0,0,0,0,0,6,gunner,male,1
Red Guild Sleeves,530,25,61,0,0,0,0,0,6,gunner,male,1
Red Guild Coat,530,25,61,0,0,0,0,0,6,gunner,male,1
Red Guild Tights,530,25,61,0,0,0,0,0,6,gunner,male,1
Blue Guild Piercing,531,25,61,0,0,0,0,0,6,gunner,female,1
Blue Guild Vest,531,25,61,0,0,0,0,0,6,gunner,female,1
Blue Guild Sleeves,531,25,61,0,0,0,0,0,6,gunner,female,1
Blue Guild Coat,531,25,61,0,0,0,0,0,6,gunner,female,1
Blue Guild Tights,531,25,61,0,0,0,0,0,6,gunner,female,1
Red Guild Piercing,532,25,61,0,0,0,0,0,6,gunner,female,1
Red Guild Vest,532,25,61,0,0,0,0,0,6,gunner,female,1
Red Guild Sleeves,532,25,61,0,0,0,0,0,6,gunner,female,1
Red Guild Coat,532,25,61,0,0,0,0,0,6,gunner,female,1
Red Guild Tights,532,25,61,0,0,0,0,0,6,gunner,female,1
Healer Glasses S,533,25,61,0,0,0,0,0,6,gunner,female,1
Healer Vest S,533,25,61,0,0,0,0,0,6,gunner,female,1
Healer Sleeves S,533,25,61,0,0,0,0,0,6,gunner,female,1
Healer Frills S,533,25,61,0,0,0,0,0,6,gunner,female,1
Healer Socks S,533,25,61,0,0,0,0,0,6,gunner,female,1
Healer Beret U,534,25,61,0,0,0,0,0,6,gunner,female,0
Healer Vest U,534,25,61,0,0,0,0,0,6,gunner,female,0
Healer Sleeves U,534,25,61,0,0,0,0,0,6,gunner,female,0
Healer Frills U,534,25,61,0,0,0,0,0,6,gunner,female,3
Healer Socks U,534,25,61,0,0,0,0,0,6,gunner,female,0
Guild Bard Hat S,535,25,61,0,0,0,0,0,6,gunner,male,1
Guild Bard Vest S,535,25,61,0,0,0,0,0,6,gunner,male,1
Guild Bard Sleeves S,535,25,61,0,0,0,0,0,6,gunner,male,1
Guild Bard Coat S,535,25,61,0,0,0,0,0,6,gunner,male,1
Guild Bard Gaiters S,535,25,61,0,0,0,0,0,6,gunner,male,1
Campanile Wealcap,536,25,61,0,0,0,0,0,6,gunner,female,1
Campanile Wealcoat,536,25,61,0,0,0,0,0,6,gunner,female,0
Campanile Wealsleeves,536,25,61,0,0,0,0,0,6,gunner,female,1
Campanile Wealskirt,536,25,61,0,0,0,0,0,6,gunner,female,1
Campanile Wealpants,536,25,61,0,0,0,0,0,6,gunner,female,1
Ace Mask,537,25,61,0,0,0,0,0,6,gunner,male,0
Ace Vest,537,25,61,0,0,0,0,0,6,gunner,male,0
Ace Guards,537,25,61,0,0,0,0,0,6,gunner,male,0
Ace Coat,537,25,61,0,0,0,0,0,6,gunner,male,0
Ace Leggings,537,25,61,0,0,0,0,0,6,gunner,male,0
Sororal Mask,538,25,61,0,0,0,0,0,6,gunner,female,0
Sororal Vest,538,25,61,0,0,0,0,0,6,gunner,female,0
Sororal Guards,538,25,61,0,0,0,0,0,6,gunner,female,0
Sororal Coat,538,25,61,0,0,0,0,0,6,gunner,female,0
Sororal Leggings,538,25,61,0,0,0,0,0,6,gunner,female,0
Hawkcap,539,25,61,0,0,0,0,0,6,gunner,male,0
Hawkjacket,539,25,61,0,0,0,0,0,6,gunner,male,0
Hawkguards,539,25,61,0,0,0,0,0,6,gunner,male,0
Hawkcoat,539,25,61,0,0,0,0,0,6,gunner,male,0
Hawkfeet,539,25,61,0,0,0,0,0,6,gunner,male,1
Gourmew Cap S,540,28,64,1,1,1,1,1,6,gunner,male,3
Gourmew Vest S,540,28,64,1,1,1,1,1,6,gunner,male,0
Gourmew Mitts S,540,28,64,1,1,1,1,1,6,gunner,male,0
Gourmew Apron S,540,28,64,1,1,1,1,1,6,gunner,male,0
Gourmew Paws S,540,28,64,1,1,1,1,1,6,gunner,male,2
Gourmew Cap S,541,28,64,1,1,1,1,1,6,gunner,female,3
Gourmew Vest S,541,28,64,1,1,1,1,1,6,gunner,female,0
Gourmew Mitts S,541,28,64,1,1,1,1,1,6,gunner,female,0
Gourmew Apron S,541,28,64,1,1,1,1,1,6,gunner,female,0
Gourmew Paws S,541,28,64,1,1,1,1,1,6,gunner,female,2
Scholarly Cap S,542,25,61,0,0,0,0,0,6,gunner,both,1
Scholarly Vest S,542,25,61,0,0,0,0,0,6,gunner,both,1
Scholarly Cuffs S,542,25,61,0,0,0,0,0,6,gunner,both,1
Scholarly Coat S,542,25,61,0,0,0,0,0,6,gunner,both,1
Scholarly Tights S,542,25,61,0,0,0,0,0,6,gunner,both,2
Archer's Turban,543,28,64,0,0,0,0,0,6,gunner,both,1
Archer's Girdle,543,28,64,0,0,0,0,0,6,gunner,both,2
Archer's Gauntlets,543,28,64,0,0,0,0,0,6,gunner,both,1
Archer's Belt,543,28,64,0,0,0,0,0,6,gunner,both,0
Archer's Espadrilles,543,28,64,0,0,0,0,0,6,gunner,both,1
Pirate Roger J,544,26,62,0,0,0,0,0,6,gunner,both,0
Pirate Jacket J,544,26,62,0,0,0,0,0,6,gunner,both,0
Pirate Cuffs J,544,26,62,0,0,0,0,0,6,gunner,both,0
Pirate Skirt J,544,26,62,0,0,0,0,0,6,gunner,both,0
Pirate Pants J,544,26,62,0,0,0,0,0,6,gunner,both,0
Buccaneer Roger J,545,28,64,-3,-3,-3,-3,-3,6,gunner,both,0
Buccaneer Jacket J,545,28,64,-3,-3,-3,-3,-3,6,gunner,both,0
Buccaneer Cuffs J,545,28,64,-3,-3,-3,-3,-3,6,gunner,both,3
Buccaneer Skirt J,545,28,64,-3,-3,-3,-3,-3,6,gunner,both,3
Buccaneer Pants J,545,28,64,-3,-3,-3,-3,-3,6,gunner,both,0
Dynaqlo Headphones,546,27,63,0,-2,5,-1,1,6,gunner,both,1
Dynaqlo Jacket,546,27,63,0,-2,5,-1,1,6,gunner,both,1
Dynaqlo Gloves,546,27,63,0,-2,5,-1,1,6,gunner,both,1
Dynaqlo Pouch,546,27,63,0,-2,5,-1,1,6,gunner,both,1
Dynaqlo Combats,546,27,63,0,-2,5,-1,1,6,gunner,both,1
Varia Suit Scope,547,32,68,5,5,5,5,-3,6,gunner,male,1
Varia Suit Barrier,547,32,68,5,5,5,5,-3,6,gunner,male,0
Varia Suit Shield,547,32,68,5,5,5,5,-3,6,gunner,male,0
Varia Suit Legs,547,32,68,5,5,5,5,-3,6,gunner,male,0
Varia Suit Scope,548,32,68,5,5,5,5,-3,6,gunner,female,1
Varia Suit Barrier,548,32,68,5,5,5,5,-3,6,gunner,female,0
Varia Suit Shield,548,32,68,5,5,5,5,-3,6,gunner,female,0
Varia Suit Legs,548,32,68,5,5,5,5,-3,6,gunner,female,0
Zero Suit Hairpiece,549,24,60,5,5,5,5,-3,6,gunner,female,1
Zero Suit Wear,549,24,60,5,5,5,5,-3,6,gunner,female,0
Zero Suit Hands,549,24,60,5,5,5,5,-3,6,gunner,female,0
Zero Suit Tights,549,24,60,5,5,5,5,-3,6,gunner,female,0
Zero Suit Toupee,550,24,60,5,5,5,5,-3,6,gunner,male,1
Zero Suit Wear,550,24,60,5,5,5,5,-3,6,gunner,male,0
Zero Suit Hands,550,24,60,5,5,5,5,-3,6,gunner,male,0
Zero Suit Tights,550,24,60,5,5,5,5,-3,6,gunner,male,0
Shinobi Heaven Mask,550,56,128,2,-1,2,-1,1,7,blademaster,both,1
Shinobi Heaven Suit,550,56,128,2,-1,2,-1,1,7,blademaster,both,0
Shinobi Heaven Kote,550,56,128,2,-1,2,-1,1,7,blademaster,both,0
Shinobi Heaven Belt,550,56,128,2,-1,2,-1,1,7,blademaster,both,1
Shinobi Heaven Boots,550,56,128,2,-1,2,-1,1,7,blademaster,both,1
Shinobi Sky Mask,551,60,132,2,-1,2,-1,1,7,blademaster,both,1
Shinobi Sky Suit,551,60,132,2,-1,2,-1,1,7,blademaster,both,0
Shinobi Sky Kote,551,60,132,2,-1,2,-1,1,7,blademaster,both,1
Shinobi Sky Belt,551,60,132,2,-1,2,-1,1,7,blademaster,both,1
Shinobi Sky Boots,551,60,132,2,-1,2,-1,1,7,blademaster,both,1
Ancient Helm,552,66,138,2,-2,-2,2,2,7,blademaster,both,1
Ancient Mail,552,66,138,2,-2,-2,2,2,7,blademaster,both,0
Ancient Arms,552,66,138,2,-2,-2,2,2,7,blademaster,both,1
Ancient Coil,552,66,138,2,-2,-2,2,2,7,blademaster,both,1
Ancient Boots,552,66,138,2,-2,-2,2,2,7,blademaster,both,1
Master's Earcuff,553,66,138,2,-2,2,-2,2,7,blademaster,both,1
Master's Mail,553,66,138,2,-2,2,-2,2,7,blademaster,both,0
Master's Gauntlets,553,66,138,2,-2,2,-2,2,7,blademaster,both,1
Master's Faulds,553,66,138,2,-2,2,-2,2,7,blademaster,both,1
Master's Greaves,553,66,138,2,-2,2,-2,2,7,blademaster,both,1
Black Head S,554,66,138,2,2,2,2,-5,7,blademaster,both,0
Black Hide S,554,66,138,2,2,2,2,-5,7,blademaster,both,1
Black Claw S,554,66,138,2,2,2,2,-5,7,blademaster,both,0
Black Spine S,554,66,138,2,2,2,2,-5,7,blademaster,both,0
Black Feet S,554,66,138,2,2,2,2,-5,7,blademaster,both,1
Toka Kabuto,555,66,138,-2,2,2,2,-2,7,blademaster,both,0
Toka Doate,555,66,138,-2,2,2,2,-2,7,blademaster,both,0
Toka Kote,555,66,138,-2,2,2,2,-2,7,blademaster,both,0
Toka Koshiate,555,66,138,-2,2,2,2,-2,7,blademaster,both,1
Toka Gusoku,555,66,138,-2,2,2,2,-2,7,blademaster,both,1
Wisdom Head,556,62,134,0,0,0,0,0,7,blademaster,both,1
Wisdom Suit,556,62,134,0,0,0,0,0,7,blademaster,both,1
Wisdom Sleeves,556,62,134,0,0,0,0,0,7,blademaster,both,1
Wisdom Coil,556,62,134,0,0,0,0,0,7,blademaster,both,2
Wisdom Boots,556,62,134,0,0,0,0,0,7,blademaster,both,1
Cheerful Head,557,48,120,0,0,0,0,0,7,blademaster,female,1
Cheerful Suit,557,48,120,0,0,0,0,0,7,blademaster,female,1
Cheerful Braces,557,48,120,0,0,0,0,0,7,blademaster,female,1
Cheerful Belt,557,48,120,0,0,0,0,0,7,blademaster,female,1
Cheerful Boots,557,48,120,0,0,0,0,0,7,blademaster,female,1
Mariner Hood,558,50,122,0,0,0,0,0,7,blademaster,female,1
Mariner Suit,558,50,122,0,0,0,0,0,7,blademaster,female,1
Mariner Gloves,558,50,122,0,0,0,0,0,7,blademaster,female,1
Mariner Skirt,558,50,122,0,0,0,0,0,7,blademaster,female,1
Mariner Socks,558,50,122,0,0,0,0,0,7,blademaster,female,0
EX Rathian Helm S,559,64,136,4,0,-3,0,-4,7,blademaster,both,1
EX Rathian Mail S,559,64,136,4,0,-3,0,-4,7,blademaster,both,0
EX Rathian Braces S,559,64,136,4,0,-3,0,-4,7,blademaster,both,0
EX Rathian Faulds S,559,64,136,4,0,-3,0,-4,7,blademaster,both,0
EX Rathian Greaves S,559,64,136,4,0,-3,0,-4,7,blademaster,both,0
EX Rathalos Helm S,560,64,136,5,0,-4,0,-4,7,blademaster,both,0
EX Rathalos Mail S,560,64,136,5,0,-4,0,-4,7,blademaster,both,1
EX Rathalos Braces S,560,64,136,5,0,-4,0,-4,7,blademaster,both,1
EX Rathalos Faulds S,560,64,136,5,0,-4,0,-4,7,blademaster,both,2
EX Rathalos Greaves S,560,64,136,5,0,-4,0,-4,7,blademaster,both,1
EX Tigrex Helm S,561,64,136,2,0,-4,0,-3,7,blademaster,both,0
EX Tigrex Mail S,561,64,136,2,0,-4,0,-3,7,blademaster,both,0
EX Tigrex Braces S,561,64,136,2,0,-4,0,-3,7,blademaster,both,1
EX Tigrex Coil S,561,64,136,2,0,-4,0,-3,7,blademaster,both,1
EX Tigrex Greaves S,561,64,136,2,0,-4,0,-3,7,blademaster,both,1
Diablos Helm,562,66,138,3,-3,-1,-1,-1,7,blademaster,both,1
Diablos Mail,562,66,138,3,-3,-1,-1,-1,7,blademaster,both,1
Diablos Vambraces,562,66,138,3,-3,-1,-1,-1,7,blademaster,both,1
Diablos Coil,562,66,138,3,-3,-1,-1,-1,7,blademaster,both,0
Diablos Greaves,562,66,138,3,-3,-1,-1,-1,7,blademaster,both,1
Diablos Helm R,563,60,132,3,-3,-1,-1,-1,7,blademaster,both,2
Diablos Mail R,563,60,132,3,-3,-1,-1,-1,7,blademaster,both,1
Diablos Vambraces R,563,60,132,3,-3,-1,-1,-1,7,blademaster,both,1
Diablos Coil R,563,60,132,3,-3,-1,-1,-1,7,blademaster,both,1
Diablos Greaves R,563,60,132,3,-3,-1,-1,-1,7,blademaster,both,1
Arc Helm S,564,68,140,-2,2,0,2,-4,7,blademaster,male,2
Arc Mail S,564,68,140,-2,2,0,2,-4,7,blademaster,male,0
Arc Vambraces S,564,68,140,-2,2,0,2,-4,7,blademaster,male,2
Arc Faulds S,564,68,140,-2,2,0,2,-4,7,blademaster,male,2
Arc Greaves S,564,68,140,-2,2,0,2,-4,7,blademaster,male,0
Storge Helm S,565,68,140,-2,2,0,2,-4,7,blademaster,female,2
Storge Mail S,565,68,140,-2,2,0,2,-4,7,blademaster,female,0
Storge Braces S,565,68,140,-2,2,0,2,-4,7,blademaster,female,2
Storge Faulds S,565,68,140,-2,2,0,2,-4,7,blademaster,female,2
Storge Greaves S,565,68,140,-2,2,0,2,-4,7,blademaster,female,0
EX Arc Helm,566,72,144,-2,2,0,2,-4,7,blademaster,male,2
EX Arc Mail,566,72,144,-2,2,0,2,-4,7,blademaster,male,0
EX Arc Vambraces,566,72,144,-2,2,0,2,-4,7,blademaster,male,2
EX Arc Faulds,566,72,144,-2,2,0,2,-4,7,blademaster,male,2
EX Arc Greaves,566,72,144,-2,2,0,2,-4,7,blademaster,male,0
EX Storge Helm,567,72,144,-2,2,0,2,-4,7,blademaster,female,2
EX Storge Mail,567,72,144,-2,2,0,2,-4,7,blademaster,female,0
EX Storge Vambraces,567,72,144,-2,2,0,2,-4,7,blademaster,female,2
EX Storge Faulds,567,72,144,-2,2,0,2,-4,7,blademaster,female,2
EX Storge Greaves,567,72,144,-2,2,0,2,-4,7,blademaster,female,0
Arc Helm R,568,64,136,-2,2,0,2,-4,7,blademaster,male,0
Arc Mail R,568,64,136,-2,2,0,2,-4,7,blademaster,male,1
Arc Braces R,568,64,136,-2,2,0,2,-4,7,blademaster,male,0
Arc Faulds R,568,64,136,-2,2,0,2,-4,7,blademaster,male,3
Arc Greaves R,568,64,136,-2,2,0,2,-4,7,blademaster,male,0
Storge Helm R,569,64,136,-2,2,0,2,-4,7,blademaster,female,0
Storge Mail R,569,64,136,-2,2,0,2,-4,7,blademaster,female,1
Storge Braces R,569,64,136,-2,2,0,2,-4,7,blademaster,female,0
Storge Faulds R,569,64,136,-2,2,0,2,-4,7,blademaster,female,3
Storge Greaves R,569,64,136,-2,2,0,2,-4,7,blademaster,female,0
Valstrax Helm,570,70,142,-2,-2,-2,-2,3,7,blademaster,both,0
Valstrax Mail,570,70,142,-2,-2,-2,-2,3,7,blademaster,both,1
Valstrax Braces,570,70,142,-2,-2,-2,-2,3,7,blademaster,both,2
Valstrax Faulds,570,70,142,-2,-2,-2,-2,3,7,blademaster,both,1
Valstrax Greaves,570,70,142,-2,-2,-2,-2,3,7,blademaster,both,1
Kushala Glare S,571,72,144,-1,3,-2,2,-3,7,blademaster,both,0
Kushala Cista S,571,72,144,-1,3,-2,2,-3,7,blademaster,both,0
Kushala Grip S,571,72,144,-1,3,-2,2,-3,7,blademaster,both,1
Kushala Cocoon S,571,72,144,-1,3,-2,2,-3,7,blademaster,both,1
Kushala Crus S,571,72,144,-1,3,-2,2,-3,7,blademaster,both,1
EX Kushala Glare,572,76,148,-1,3,-2,2,-3,7,blademaster,both,0
EX Kushala Cista,572,76,148,-1,3,-2,2,-3,7,blademaster,both,0
EX Kushala Grip,572,76,148,-1,3,-2,2,-3,7,blademaster,both,1
EX Kushala Cocoon,572,76,148,-1,3,-2,2,-3,7,blademaster,both,1
EX Kushala Crus,572,76,148,-1,3,-2,2,-3,7,blademaster,both,1
Kushala Glare R,573,68,140,-1,3,-2,2,-3,7,blademaster,both,0
Kushala Cista R,573,68,140,-1,3,-2,2,-3,7,blademaster,both,0
Kushala Grip R,573,68,140,-1,3,-2,2,-3,7,blademaster,both,1
Kushala Cocoon R,573,68,140,-1,3,-2,2,-3,7,blademaster,both,1
Kushala Crus R,573,68,140,-1,3,-2,2,-3,7,blademaster,both,1
Mizuha Cap S,574,56,128,-5,2,0,1,-3,7,blademaster,both,2
Mizuha Guards S,574,56,128,-5,2,0,1,-3,7,blademaster,both,0
Mizuha Sleeves S,574,56,128,-5,2,0,1,-3,7,blademaster,both,1
Mizuha Sash S,574,56,128,-5,2,0,1,-3,7,blademaster,both,2
Mizuha Gaiters S,574,56,128,-5,2,0,1,-3,7,blademaster,both,0
EX Mizuha Cap,575,60,132,-5,2,0,1,-3,7,blademaster,both,0
EX Mizuha Guards,575,60,132,-5,2,0,1,-3,7,blademaster,both,0
EX Mizuha Sleeves,575,60,132,-5,2,0,1,-3,7,blademaster,both,0
EX Mizuha Sash,575,60,132,-5,2,0,1,-3,7,blademaster,both,0
EX Mizuha Gaiters,575,60,132,-5,2,0,1,-3,7,blademaster,both,0
Kaiser Crown S,576,66,138,4,-1,1,-4,-3,7,blademaster,both,0
Kaiser Mail S,576,66,138,4,-1,1,-4,-3,7,blademaster,both,0
Kaiser Vambraces S,576,66,138,4,-1,1,-4,-3,7,blademaster,both,0
Kaiser Tassets S,576,66,138,4,-1,1,-4,-3,7,blademaster,both,0
Kaiser Greaves S,576,66,138,4,-1,1,-4,-3,7,blademaster,both,0
EX Kaiser Crown,577,70,142,4,-1,1,-4,-3,7,blademaster,both,0
EX Kaiser Mail,577,70,142,4,-1,1,-4,-3,7,blademaster,both,0
EX Kaiser Vambraces,577,70,142,4,-1,1,-4,-3,7,blademaster,both,0
EX Kaiser Tassets,577,70,142,4,-1,1,-4,-3,7,blademaster,both,0
EX Kaiser Greaves,577,70,142,4,-1,1,-4,-3,7,blademaster,both,0
Silver Solhelm,578,66,138,2,0,-4,-6,4,7,blademaster,both,1
Silver Solmail,578,66,138,2,0,-4,-6,4,7,blademaster,both,0
Silver Solbraces,578,66,138,2,0,-4,-6,4,7,blademaster,both,1
Silver Solcoil,578,66,138,2,0,-4,-6,4,7,blademaster,both,2
Silver Solgreaves,578,66,138,2,0,-4,-6,4,7,blademaster,both,1
EX Silver Solhelm,579,70,142,2,0,-4,-6,4,7,blademaster,both,0
EX Silver Solmail,579,70,142,2,0,-4,-6,4,7,blademaster,both,0
EX Silver Solbraces,579,70,142,2,0,-4,-6,4,7,blademaster,both,0
EX Silver Solcoil,579,70,142,2,0,-4,-6,4,7,blademaster,both,0
EX Silver Solgreaves,579,70,142,2,0,-4,-6,4,7,blademaster,both,0
Silver Solhelm R,580,62,134,2,0,-4,-6,4,7,blademaster,both,0
Silver Solmail R,580,62,134,2,0,-4,-6,4,7,blademaster,both,0
Silver Solbraces R,580,62,134,2,0,-4,-6,4,7,blademaster,both,0
Silver Solcoil R,580,62,134,2,0,-4,-6,4,7,blademaster,both,0
Silver Solgreaves R,580,62,134,2,0,-4,-6,4,7,blademaster,both,0
Golden Lunehelm,581,64,136,2,0,-6,-4,4,7,blademaster,both,0
Golden Lunemail,581,64,136,2,0,-6,-4,4,7,blademaster,both,0
Golden Lunebraces,581,64,136,2,0,-6,-4,4,7,blademaster,both,1
Golden Lunecoil,581,64,136,2,0,-6,-4,4,7,blademaster,both,0
Golden Lunegreaves,581,64,136,2,0,-6,-4,4,7,blademaster,both,0
EX Golden Lunehelm,582,68,140,2,0,-6,-4,4,7,blademaster,both,0
EX Golden Lunemail,582,68,140,2,0,-6,-4,4,7,blademaster,both,0
EX Golden Lunebraces,582,68,140,2,0,-6,-4,4,7,blademaster,both,0
EX Golden Lunecoil,582,68,140,2,0,-6,-4,4,7,blademaster,both,0
EX Golden Lunegreaves,582,68,140,2,0,-6,-4,4,7,blademaster,both,0
Divine Ire Headdress,583,70,142,2,-6,3,1,2,7,blademaster,both,0
Divine Ire Haori,583,70,142,2,-6,3,1,2,7,blademaster,both,1
Divine Ire Kote,583,70,142,2,-6,3,1,2,7,blademaster,both,0
Divine Ire Obi,583,70,142,2,-6,3,1,2,7,blademaster,both,1
Divine Ire Hakama,583,70,142,2,-6,3,1,2,7,blademaster,both,0
Esurient Helm,584,70,142,-2,-2,-5,-2,-2,7,blademaster,both,0
Esurient Mail,584,70,142,-2,-2,-5,-2,-2,7,blademaster,both,0
Esurient Vambraces,584,70,142,-2,-2,-5,-2,-2,7,blademaster,both,0
Esurient Faulds,584,70,142,-2,-2,-5,-2,-2,7,blademaster,both,0
Esurient Greaves,584,70,142,-2,-2,-5,-2,-2,7,blademaster,both,0
Esurient Helm R,585,66,138,-2,-2,-5,-2,-2,7,blademaster,both,3
Esurient Mail R,585,66,138,-2,-2,-5,-2,-2,7,blademaster,both,2
Esurient Braces R,585,66,138,-2,-2,-5,-2,-2,7,blademaster,both,3
Esurient Faulds R,585,66,138,-2,-2,-5,-2,-2,7,blademaster,both,3
Esurient Greaves R,585,66,138,-2,-2,-5,-2,-2,7,blademaster,both,3
Akantor Mask,586,74,146,4,2,-3,0,-5,7,blademaster,both,0
Akantor Aegis,586,74,146,4,2,-3,0,-5,7,blademaster,both,0
Akantor Claws,586,74,146,4,2,-3,0,-5,7,blademaster,both,0
Akantor Cincture,586,74,146,4,2,-3,0,-5,7,blademaster,both,0
Akantor Hessian,586,74,146,4,2,-3,0,-5,7,blademaster,both,0
Akantor Mask R,587,70,142,4,2,-3,0,-5,7,blademaster,both,1
Akantor Aegis R,587,70,142,4,2,-3,0,-5,7,blademaster,both,0
Akantor Claws R,587,70,142,4,2,-3,0,-5,7,blademaster,both,1
Akantor Cincture R,587,70,142,4,2,-3,0,-5,7,blademaster,both,1
Akantor Hessian R,587,70,142,4,2,-3,0,-5,7,blademaster,both,2
Ukanlos Mask,588,80,152,-4,4,-3,0,-2,7,blademaster,both,0
Ukanlos Aegis,588,80,152,-4,4,-3,0,-2,7,blademaster,both,0
Ukanlos Claws,588,80,152,-4,4,-3,0,-2,7,blademaster,both,0
Ukanlos Cincture,588,80,152,-4,4,-3,0,-2,7,blademaster,both,0
Ukanlos Hessian,588,80,152,-4,4,-3,0,-2,7,blademaster,both,0
Tempest Crown,589,70,142,-3,0,0,4,-5,7,blademaster,both,0
Tempest Robe,589,70,142,-3,0,0,4,-5,7,blademaster,both,0
Tempest Sleeves,589,70,142,-3,0,0,4,-5,7,blademaster,both,0
Tempest Obi,589,70,142,-3,0,0,4,-5,7,blademaster,both,0
Tempest Hakama,589,70,142,-3,0,0,4,-5,7,blademaster,both,0
Tempest Crown R,590,66,138,-3,0,0,4,-5,7,blademaster,both,1
Tempest Robe R,590,66,138,-3,0,0,4,-5,7,blademaster,both,0
Tempest Sleeves R,590,66,138,-3,0,0,4,-5,7,blademaster,both,1
Tempest Obi R,590,66,138,-3,0,0,4,-5,7,blademaster,both,1
Tempest Hakama R,590,66,138,-3,0,0,4,-5,7,blademaster,both,0
Skeletal Skull R,591,70,142,-1,-1,-1,-1,-2,7,blademaster,both,1
Skeletal Sternum R,591,70,142,-1,-1,-1,-1,-2,7,blademaster,both,1
Skeletal Humerus R,591,70,142,-1,-1,-1,-1,-2,7,blademaster,both,1
Skeletal Hipbone R,591,70,142,-1,-1,-1,-1,-2,7,blademaster,both,1
Skeletal Femur R,591,70,142,-1,-1,-1,-1,-2,7,blademaster,both,1
Astral Helm,592,70,142,0,1,1,2,-4,7,blademaster,both,1
Astral Suit,592,70,142,0,1,1,2,-4,7,blademaster,both,1
Astral Vambraces,592,70,142,0,1,1,2,-4,7,blademaster,both,1
Astral Coil,592,70,142,0,1,1,2,-4,7,blademaster,both,1
Astral Boots,592,70,142,0,1,1,2,-4,7,blademaster,both,1
Escadora Wisdom,593,76,148,0,0,0,0,-4,7,blademaster,both,0
Escadora Soul,593,76,148,0,0,0,0,-4,7,blademaster,both,0
Escadora Armguards,593,76,148,0,0,0,0,-4,7,blademaster,both,0
Escadora Might,593,76,148,0,0,0,0,-4,7,blademaster,both,0
Escadora Sheath,593,76,148,0,0,0,0,-4,7,blademaster,both,0
Escadora Wisdom R,594,72,144,0,0,0,0,-4,7,blademaster,both,1
Escadora Soul R,594,72,144,0,0,0,0,-4,7,blademaster,both,0
Escadora Armguards R,594,72,144,0,0,0,0,-4,7,blademaster,both,1
Escadora Might R,594,72,144,0,0,0,0,-4,7,blademaster,both,1
Escadora Sheath R,594,72,144,0,0,0,0,-4,7,blademaster,both,1
Ushio's Cut,595,60,132,3,0,3,0,3,7,blademaster,both,0
Zodias Helm,596,68,140,1,1,1,1,1,7,blademaster,both,0
Zodias Mail,596,68,140,1,1,1,1,1,7,blademaster,both,1
Zodias Vambraces,596,68,140,1,1,1,1,1,7,blademaster,both,1
Zodias Coil,596,68,140,1,1,1,1,1,7,blademaster,both,1
Zodias Greaves,596,68,140,1,1,1,1,1,7,blademaster,both,1
Bristling Mane,597,70,142,4,4,4,4,4,7,blademaster,both,0
Ultimate Garb,597,70,142,4,4,4,4,4,7,blademaster,both,0
Ultimate Pleats,597,70,142,4,4,4,4,4,7,blademaster,both,1
Champion's Hair,598,66,138,4,4,4,4,4,7,blademaster,both,0
Champion's Body,598,66,138,4,4,4,4,4,7,blademaster,both,0
Champion's Wraps,598,66,138,4,4,4,4,4,7,blademaster,both,0
Champion's Belt,598,66,138,4,4,4,4,4,7,blademaster,both,0
Champion's Shorts,598,66,138,4,4,4,4,4,7,blademaster,both,0
Hero's Hat,599,64,136,2,2,2,2,2,7,blademaster,both,1
Hero's Clothes,599,64,136,2,2,2,2,2,7,blademaster,both,1
Hero's Braces,599,64,136,2,2,2,2,2,7,blademaster,both,1
Hero's Belt,599,64,136,2,2,2,2,2,7,blademaster,both,1
Hero's Boots,599,64,136,2,2,2,2,2,7,blademaster,both,1
Lodestar Band,600,62,134,3,0,0,0,3,7,blademaster,both,0
Lodestar Suit,600,62,134,3,0,0,0,3,7,blademaster,both,1
Lodestar Armguards,600,62,134,3,0,0,0,3,7,blademaster,both,2
Lodestar Belt,600,62,134,3,0,0,0,3,7,blademaster,both,2
Lodestar Boots,600,62,134,3,0,0,0,3,7,blademaster,both,0
Helm of Anat,601,66,138,2,2,2,2,2,7,blademaster,female,0
Mail of Anat,601,66,138,2,2,2,2,2,7,blademaster,female,0
Braces of Anat,601,66,138,2,2,2,2,2,7,blademaster,female,0
Greaves of Anat,601,66,138,2,2,2,2,2,7,blademaster,female,0
Helm of Rage,602,66,138,2,2,2,2,2,7,blademaster,male,0
Mail of Rage,602,66,138,2,2,2,2,2,7,blademaster,male,0
Braces of Rage,602,66,138,2,2,2,2,2,7,blademaster,male,0
Greaves of Rage,602,66,138,2,2,2,2,2,7,blademaster,male,0
Hiryu Sky Mask,603,60,132,2,2,2,2,2,7,blademaster,both,2
Hiryu Sky Suit,603,60,132,2,2,2,2,2,7,blademaster,both,1
Hiryu Sky Kote,603,60,132,2,2,2,2,2,7,blademaster,both,2
Hiryu Sky Belt,603,60,132,2,2,2,2,2,7,blademaster,both,0
Hiryu Sky Boots,603,60,132,2,2,2,2,2,7,blademaster,both,2
Shinobi Land Mask,603,28,64,2,-1,2,-1,2,7,gunner,both,1
Shinobi Land Suit,603,28,64,2,-1,2,-1,2,7,gunner,both,0
Shinobi Land Kote,603,28,64,2,-1,2,-1,2,7,gunner,both,0
Shinobi Land Belt,603,28,64,2,-1,2,-1,2,7,gunner,both,1
Shinobi Land Boots,603,28,64,2,-1,2,-1,2,7,gunner,both,1
Shinobi Sea Mask,604,30,66,2,-1,2,-1,2,7,gunner,both,1
Shinobi Sea Suit,604,30,66,2,-1,2,-1,2,7,gunner,both,0
Shinobi Sea Kote,604,30,66,2,-1,2,-1,2,7,gunner,both,1
Shinobi Sea Belt,604,30,66,2,-1,2,-1,2,7,gunner,both,1
Shinobi Sea Boots,604,30,66,2,-1,2,-1,2,7,gunner,both,1
Ancient Cap,605,33,69,2,-2,-2,2,3,7,gunner,both,1
Ancient Vest,605,33,69,2,-2,-2,2,3,7,gunner,both,0
Ancient Guards,605,33,69,2,-2,-2,2,3,7,gunner,both,1
Ancient Coat,605,33,69,2,-2,-2,2,3,7,gunner,both,1
Ancient Feet,605,33,69,2,-2,-2,2,3,7,gunner,both,1
Master's Earrings,606,33,69,3,-2,2,-2,2,7,gunner,both,1
Master's Vest,606,33,69,3,-2,2,-2,2,7,gunner,both,0
Master's Guards,606,33,69,3,-2,2,-2,2,7,gunner,both,1
Master's Coat,606,33,69,3,-2,2,-2,2,7,gunner,both,1
Master's Leggings,606,33,69,3,-2,2,-2,2,7,gunner,both,1
Black Face S,607,33,69,2,3,2,2,-5,7,gunner,both,0
Black Skin S,607,33,69,2,3,2,2,-5,7,gunner,both,1
Black Fist S,607,33,69,2,3,2,2,-5,7,gunner,both,0
Black Scale S,607,33,69,2,3,2,2,-5,7,gunner,both,0
Black Legs S,607,33,69,2,3,2,2,-5,7,gunner,both,1
Mitsuaoi Kabuto,608,33,69,-2,2,3,2,-2,7,gunner,both,0
Mitsuaoi Doate,608,33,69,-2,2,3,2,-2,7,gunner,both,0
Mitsuaoi Kote,608,33,69,-2,2,3,2,-2,7,gunner,both,0
Mitsuaoi Koshiate,608,33,69,-2,2,3,2,-2,7,gunner,both,1
Mitsuaoi Gusoku,608,33,69,-2,2,3,2,-2,7,gunner,both,1
Wisdom Hat,609,31,67,0,0,0,0,0,7,gunner,both,1
Wisdom Vest,609,31,67,0,0,0,0,0,7,gunner,both,1
Wisdom Cuffs,609,31,67,0,0,0,0,0,7,gunner,both,1
Wisdom Coat,609,31,67,0,0,0,0,0,7,gunner,both,2
Wisdom Feet,609,31,67,0,0,0,0,0,7,gunner,both,1
Cheerful Cap,610,24,60,0,0,0,0,0,7,gunner,female,1
Cheerful Vest,610,24,60,0,0,0,0,0,7,gunner,female,1
Cheerful Guards,610,24,60,0,0,0,0,0,7,gunner,female,1
Cheerful Band,610,24,60,0,0,0,0,0,7,gunner,female,1
Cheerful Feet,610,24,60,0,0,0,0,0,7,gunner,female,1
Mariner Cap,611,25,61,0,0,0,0,0,7,gunner,female,1
Mariner Vest,611,25,61,0,0,0,0,0,7,gunner,female,1
Mariner Sleeves,611,25,61,0,0,0,0,0,7,gunner,female,1
Mariner Frills,611,25,61,0,0,0,0,0,7,gunner,female,1
Mariner Sandals,611,25,61,0,0,0,0,0,7,gunner,female,0
EX Rathian Cap S,612,32,68,6,0,-3,0,-4,7,gunner,both,1
EX Rathian Vest S,612,32,68,6,0,-3,0,-4,7,gunner,both,0
EX Rathian Guards S,612,32,68,6,0,-3,0,-4,7,gunner,both,0
EX Rathian Coat S,612,32,68,6,0,-3,0,-4,7,gunner,both,0
EX Rathian Leggings S,612,32,68,6,0,-3,0,-4,7,gunner,both,0
EX Rathalos Cap S,613,32,68,6,0,-4,0,-4,7,gunner,both,0
EX Rathalos Vest S,613,32,68,6,0,-4,0,-4,7,gunner,both,1
EX Rathalos Guards S,613,32,68,6,0,-4,0,-4,7,gunner,both,1
EX Rathalos Coat S,613,32,68,6,0,-4,0,-4,7,gunner,both,2
EX Rathalos Leggings S,613,32,68,6,0,-4,0,-4,7,gunner,both,1
EX Tigrex Cap S,614,32,68,4,0,-4,0,-3,7,gunner,both,0
EX Tigrex Vest S,614,32,68,4,0,-4,0,-3,7,gunner,both,0
EX Tigrex Guards S,614,32,68,4,0,-4,0,-3,7,gunner,both,1
EX Tigrex Coat S,614,32,68,4,0,-4,0,-3,7,gunner,both,1
EX Tigrex Leggings S,614,32,68,4,0,-4,0,-3,7,gunner,both,1
Diablos Cap,615,33,69,3,-3,0,0,0,7,gunner,both,1
Diablos Vest,615,33,69,3,-3,0,0,0,7,gunner,both,1
Diablos Guards,615,33,69,3,-3,0,0,0,7,gunner,both,1
Diablos Coat,615,33,69,3,-3,0,0,0,7,gunner,both,0
Diablos Leggings,615,33,69,3,-3,0,0,0,7,gunner,both,1
Diablos Cap R,616,30,66,3,-3,0,0,0,7,gunner,both,2
Diablos Vest R,616,30,66,3,-3,0,0,0,7,gunner,both,1
Diablos Guards R,616,30,66,3,-3,0,0,0,7,gunner,both,1
Diablos Coat R,616,30,66,3,-3,0,0,0,7,gunner,both,1
Diablos Leggings R,616,30,66,3,-3,0,0,0,7,gunner,both,1
Arc Cap S,617,34,70,-2,2,0,2,-3,7,gunner,male,2
Arc Vest S,617,34,70,-2,2,0,2,-3,7,gunner,male,0
Arc Guards S,617,34,70,-2,2,0,2,-3,7,gunner,male,2
Arc Coat S,617,34,70,-2,2,0,2,-3,7,gunner,male,2
Arc Leggings S,617,34,70,-2,2,0,2,-3,7,gunner,male,1
Storge Cap S,618,34,70,-2,2,0,2,-3,7,gunner,female,2
Storge Vest S,618,34,70,-2,2,0,2,-3,7,gunner,female,0
Storge Guards S,618,34,70,-2,2,0,2,-3,7,gunner,female,2
Storge Coat S,618,34,70,-2,2,0,2,-3,7,gunner,female,2
Storge Leggings S,618,34,70,-2,2,0,2,-3,7,gunner,female,1
EX Arc Cap,619,36,72,-2,2,0,2,-3,7,gunner,male,2
EX Arc Vest,619,36,72,-2,2,0,2,-3,7,gunner,male,0
EX Arc Guards,619,36,72,-2,2,0,2,-3,7,gunner,male,2
EX Arc Coat,619,36,72,-2,2,0,2,-3,7,gunner,male,2
EX Arc Leggings,619,36,72,-2,2,0,2,-3,7,gunner,male,0
EX Storge Cap,620,36,72,-2,2,0,2,-3,7,gunner,female,2
EX Storge Vest,620,36,72,-2,2,0,2,-3,7,gunner,female,0
EX Storge Guards,620,36,72,-2,2,0,2,-3,7,gunner,female,2
EX Storge Coat,620,36,72,-2,2,0,2,-3,7,gunner,female,2
EX Storge Leggings,620,36,72,-2,2,0,2,-3,7,gunner,female,0
Arc Cap R,621,32,68,-2,2,0,2,-3,7,gunner,male,2
Arc Vest R,621,32,68,-2,2,0,2,-3,7,gunner,male,1
Arc Guards R,621,32,68,-2,2,0,2,-3,7,gunner,male,0
Arc Coat R,621,32,68,-2,2,0,2,-3,7,gunner,male,3
Arc Leggings R,621,32,68,-2,2,0,2,-3,7,gunner,male,0
Storge Cap R,622,32,68,-2,2,0,2,-3,7,gunner,female,2
Storge Vest R,622,32,68,-2,2,0,2,-3,7,gunner,female,1
Storge Guards R,622,32,68,-2,2,0,2,-3,7,gunner,female,0
Storge Coat R,622,32,68,-2,2,0,2,-3,7,gunner,female,3
Storge Leggings R,622,32,68,-2,2,0,2,-3,7,gunner,female,0
Valstrax Cap,623,35,71,-2,-2,-2,-2,4,7,gunner,both,0
Valstrax Vest,623,35,71,-2,-2,-2,-2,4,7,gunner,both,1
Valstrax Guards,623,35,71,-2,-2,-2,-2,4,7,gunner,both,2
Valstrax Coat,623,35,71,-2,-2,-2,-2,4,7,gunner,both,1
Valstrax Leggings,623,35,71,-2,-2,-2,-2,4,7,gunner,both,1
Kushala Snarl S,624,36,72,-1,5,-2,2,-3,7,gunner,both,0
Kushala Vise S,624,36,72,-1,5,-2,2,-3,7,gunner,both,0
Kushala Embrace S,624,36,72,-1,5,-2,2,-3,7,gunner,both,1
Kushala Wind Wrap S,624,36,72,-1,5,-2,2,-3,7,gunner,both,1
Kushala Shank S,624,36,72,-1,5,-2,2,-3,7,gunner,both,1
EX Kushala Snarl,625,38,74,-1,5,-2,2,-3,7,gunner,both,0
EX Kushala Vise,625,38,74,-1,5,-2,2,-3,7,gunner,both,0
EX Kushala Embrace,625,38,74,-1,5,-2,2,-3,7,gunner,both,1
EX Kushala Wind Wrap,625,38,74,-1,5,-2,2,-3,7,gunner,both,1
EX Kushala Shank,625,38,74,-1,5,-2,2,-3,7,gunner,both,1
Kushala Snarl R,626,34,70,-1,5,-2,2,-3,7,gunner,both,1
Kushala Vise R,626,34,70,-1,5,-2,2,-3,7,gunner,both,0
Kushala Embrace R,626,34,70,-1,5,-2,2,-3,7,gunner,both,1
Kushala Wind Wrap R,626,34,70,-1,5,-2,2,-3,7,gunner,both,1
Kushala Shank R,626,34,70,-1,5,-2,2,-3,7,gunner,both,0
Cham Hat S,627,28,64,-4,2,0,1,-3,7,gunner,both,2
Cham Camise S,627,28,64,-4,2,0,1,-3,7,gunner,both,0
Cham Sleeves S,627,28,64,-4,2,0,1,-3,7,gunner,both,1
Cham Coat S,627,28,64,-4,2,0,1,-3,7,gunner,both,2
Cham Trousers S,627,28,64,-4,2,0,1,-3,7,gunner,both,0
EX Cham Hat,628,30,66,-4,2,0,1,-3,7,gunner,both,0
EX Cham Camise,628,30,66,-4,2,0,1,-3,7,gunner,both,0
EX Cham Sleeves,628,30,66,-4,2,0,1,-3,7,gunner,both,0
EX Cham Coat,628,30,66,-4,2,0,1,-3,7,gunner,both,0
EX Cham Trousers,628,30,66,-4,2,0,1,-3,7,gunner,both,0
Kaiser Mask S,629,33,69,4,-1,1,-3,-3,7,gunner,both,0
Kaiser Vest S,629,33,69,4,-1,1,-3,-3,7,gunner,both,0
Kaiser Guards S,629,33,69,4,-1,1,-3,-3,7,gunner,both,0
Kaiser Coat S,629,33,69,4,-1,1,-3,-3,7,gunner,both,0
Kaiser Leggings S,629,33,69,4,-1,1,-3,-3,7,gunner,both,0
EX Kaiser Mask,630,35,71,4,-1,1,-3,-3,7,gunner,both,0
EX Kaiser Vest,630,35,71,4,-1,1,-3,-3,7,gunner,both,0
EX Kaiser Guards,630,35,71,4,-1,1,-3,-3,7,gunner,both,0
EX Kaiser Coat,630,35,71,4,-1,1,-3,-3,7,gunner,both,0
EX Kaiser Leggings,630,35,71,4,-1,1,-3,-3,7,gunner,both,0
Silver Solcap,631,33,69,2,0,-4,-5,4,7,gunner,both,1
Silver Solvest,631,33,69,2,0,-4,-5,4,7,gunner,both,0
Silver Solguards,631,33,69,2,0,-4,-5,4,7,gunner,both,1
Silver Solcoat,631,33,69,2,0,-4,-5,4,7,gunner,both,2
Silver Solleggings,631,33,69,2,0,-4,-5,4,7,gunner,both,1
EX Silver Solcap,632,35,71,2,0,-4,-5,4,7,gunner,both,0
EX Silver Solvest,632,35,71,2,0,-4,-5,4,7,gunner,both,0
EX Silver Solguards,632,35,71,2,0,-4,-5,4,7,gunner,both,0
EX Silver Solcoat,632,35,71,2,0,-4,-5,4,7,gunner,both,0
EX Silver Solleggings,632,35,71,2,0,-4,-5,4,7,gunner,both,0
Silver Solcap R,633,31,67,2,0,-4,-5,4,7,gunner,both,0
Silver Solvest R,633,31,67,2,0,-4,-5,4,7,gunner,both,0
Silver Solguards R,633,31,67,2,0,-4,-5,4,7,gunner,both,0
Silver Solcoat R,633,31,67,2,0,-4,-5,4,7,gunner,both,0
Silver Solleggings R,633,31,67,2,0,-4,-5,4,7,gunner,both,0
Golden Lunecap,634,32,68,2,0,-5,-4,4,7,gunner,both,0
Golden Lunevest,634,32,68,2,0,-5,-4,4,7,gunner,both,0
Golden Luneguards,634,32,68,2,0,-5,-4,4,7,gunner,both,1
Golden Lunecoat,634,32,68,2,0,-5,-4,4,7,gunner,both,0
Golden Luneleggings,634,32,68,2,0,-5,-4,4,7,gunner,both,0
EX Golden Lunecap,635,34,70,2,0,-5,-4,4,7,gunner,both,0
EX Golden Lunevest,635,34,70,2,0,-5,-4,4,7,gunner,both,0
EX Golden Luneguards,635,34,70,2,0,-5,-4,4,7,gunner,both,0
EX Golden Lunecoat,635,34,70,2,0,-5,-4,4,7,gunner,both,0
EX Golden Luneleggings,635,34,70,2,0,-5,-4,4,7,gunner,both,0
Crusher Mask,636,35,71,2,-5,3,1,2,7,gunner,both,0
Crusher Garb,636,35,71,2,-5,3,1,2,7,gunner,both,1
Crusher Braces,636,35,71,2,-5,3,1,2,7,gunner,both,0
Crusher Belt,636,35,71,2,-5,3,1,2,7,gunner,both,1
Mind Crusher Tabi,636,35,71,2,-5,3,1,2,7,gunner,both,0
Esurient Cap,637,35,71,-2,-2,-4,-2,-2,7,gunner,both,1
Esurient Vest,637,35,71,-2,-2,-4,-2,-2,7,gunner,both,1
Esurient Guards,637,35,71,-2,-2,-4,-2,-2,7,gunner,both,1
Esurient Coat,637,35,71,-2,-2,-4,-2,-2,7,gunner,both,1
Esurient Leggings,637,35,71,-2,-2,-4,-2,-2,7,gunner,both,1
Esurient Cap R,638,33,69,-2,-2,-4,-2,-2,7,gunner,both,3
Esurient Vest R,638,33,69,-2,-2,-4,-2,-2,7,gunner,both,2
Esurient Guards R,638,33,69,-2,-2,-4,-2,-2,7,gunner,both,3
Esurient Coat R,638,33,69,-2,-2,-4,-2,-2,7,gunner,both,3
Esurient Leggings R,638,33,69,-2,-2,-4,-2,-2,7,gunner,both,3
Akantor Fangs,639,37,73,4,2,-3,0,-4,7,gunner,both,0
Akantor Plate,639,37,73,4,2,-3,0,-4,7,gunner,both,0
Akantor Gauntlets,639,37,73,4,2,-3,0,-4,7,gunner,both,0
Akantor Sash,639,37,73,4,2,-3,0,-4,7,gunner,both,0
Akantor Boots,639,37,73,4,2,-3,0,-4,7,gunner,both,0
Akantor Fangs R,640,35,71,4,2,-3,0,-4,7,gunner,both,1
Akantor Plate R,640,35,71,4,2,-3,0,-4,7,gunner,both,0
Akantor Gauntlets R,640,35,71,4,2,-3,0,-4,7,gunner,both,1
Akantor Sash R,640,35,71,4,2,-3,0,-4,7,gunner,both,1
Akantor Boots R,640,35,71,4,2,-3,0,-4,7,gunner,both,2
Ukanlos Fangs,641,40,76,-4,4,-3,0,-2,7,gunner,both,0
Ukanlos Plate,641,40,76,-4,4,-3,0,-2,7,gunner,both,0
Ukanlos Gauntlets,641,40,76,-4,4,-3,0,-2,7,gunner,both,0
Ukanlos Sash,641,40,76,-4,4,-3,0,-2,7,gunner,both,0
Ukanlos Boots,641,40,76,-4,4,-3,0,-2,7,gunner,both,0
Welkin Crown,642,35,71,-3,0,0,5,-5,7,gunner,both,0
Welkin Robe,642,35,71,-3,0,0,5,-5,7,gunner,both,0
Welkin Sleeves,642,35,71,-3,0,0,5,-5,7,gunner,both,0
Welkin Obi,642,35,71,-3,0,0,5,-5,7,gunner,both,0
Welkin Hakama,642,35,71,-3,0,0,5,-5,7,gunner,both,0
Welkin Crown R,643,33,69,-3,0,0,5,-5,7,gunner,both,1
Welkin Robe R,643,33,69,-3,0,0,5,-5,7,gunner,both,0
Welkin Sleeves R,643,33,69,-3,0,0,5,-5,7,gunner,both,1
Welkin Obi R,643,33,69,-3,0,0,5,-5,7,gunner,both,1
Welkin Hakama R,643,33,69,-3,0,0,5,-5,7,gunner,both,0
Decayed Skull R,644,35,71,-1,-1,-1,-1,-1,7,gunner,both,1
Decayed Sternum R,644,35,71,-1,-1,-1,-1,-1,7,gunner,both,1
Decayed Humerus R,644,35,71,-1,-1,-1,-1,-1,7,gunner,both,1
Decayed Hipbone R,644,35,71,-1,-1,-1,-1,-1,7,gunner,both,1
Decayed Femur R,644,35,71,-1,-1,-1,-1,-1,7,gunner,both,1
Astral Mask,645,35,71,0,1,1,2,-3,7,gunner,both,1
Astral Vest,645,35,71,0,1,1,2,-3,7,gunner,both,1
Astral Guards,645,35,71,0,1,1,2,-3,7,gunner,both,1
Astral Coat,645,35,71,0,1,1,2,-3,7,gunner,both,1
Astral Feet,645,35,71,0,1,1,2,-3,7,gunner,both,1
Escadora Sagesse,646,38,74,0,0,0,0,-4,7,gunner,both,0
Escadora Seele,646,38,74,0,0,0,0,-4,7,gunner,both,0
Escadora Arma,646,38,74,0,0,0,0,-4,7,gunner,both,0
Escadora Force,646,38,74,0,0,0,0,-4,7,gunner,both,0
Escadora Scala,646,38,74,0,0,0,0,-4,7,gunner,both,0
Escadora Sagesse R,647,36,72,0,0,0,0,-4,7,gunner,both,1
Escadora Seele R,647,36,72,0,0,0,0,-4,7,gunner,both,0
Escadora Arma R,647,36,72,0,0,0,0,-4,7,gunner,both,1
Escadora Force R,647,36,72,0,0,0,0,-4,7,gunner,both,1
Escadora Scala R,647,36,72,0,0,0,0,-4,7,gunner,both,1
Ushio's Hair,648,30,66,3,1,3,1,3,7,gunner,both,1
Zodias Cap,649,34,70,2,2,2,2,2,7,gunner,both,0
Zodias Vest,649,34,70,2,2,2,2,2,7,gunner,both,1
Zodias Guards,649,34,70,2,2,2,2,2,7,gunner,both,1
Zodias Coat,649,34,70,2,2,2,2,2,7,gunner,both,1
Zodias Leggings,649,34,70,2,2,2,2,2,7,gunner,both,1
Terrifying Mane,650,35,71,5,5,5,5,5,7,gunner,both,1
Ultimate Attire,650,35,71,5,5,5,5,5,7,gunner,both,0
Ultimate Walkers,650,35,71,5,5,5,5,5,7,gunner,both,1
Strongman's Hair,651,33,69,5,5,5,5,5,7,gunner,both,0
Strongman's Body,651,33,69,5,5,5,5,5,7,gunner,both,0
Strongman's Wraps,651,33,69,5,5,5,5,5,7,gunner,both,0
Strongman's Belt,651,33,69,5,5,5,5,5,7,gunner,both,0
Strongman's Shorts,651,33,69,5,5,5,5,5,7,gunner,both,0
Hero's Cap,652,32,68,3,3,3,3,3,7,gunner,both,1
Hero's Tunic,652,32,68,3,3,3,3,3,7,gunner,both,1
Hero's Gloves,652,32,68,3,3,3,3,3,7,gunner,both,1
Hero's Band,652,32,68,3,3,3,3,3,7,gunner,both,1
Hero's Leggings,652,32,68,3,3,3,3,3,7,gunner,both,1
Lodestar Hoop,653,31,67,3,0,0,0,4,7,gunner,both,0
Lodestar Vest,653,31,67,3,0,0,0,4,7,gunner,both,1
Lodestar Cuffs,653,31,67,3,0,0,0,4,7,gunner,both,2
Lodestar Cloak,653,31,67,3,0,0,0,4,7,gunner,both,2
Lodestar Greaves,653,31,67,3,0,0,0,4,7,gunner,both,0
Cap of Anat,654,33,69,3,3,3,3,3,7,gunner,female,0
Vest of Anat,654,33,69,3,3,3,3,3,7,gunner,female,0
Guards of Anat,654,33,69,3,3,3,3,3,7,gunner,female,0
Leggings of Anat,654,33,69,3,3,3,3,3,7,gunner,female,0
Cap of Rage,655,33,69,3,3,3,3,3,7,gunner,male,0
Vest of Rage,655,33,69,3,3,3,3,3,7,gunner,male,0
Guards of Rage,655,33,69,3,3,3,3,3,7,gunner,male,0
Leggings of Rage,655,33,69,3,3,3,3,3,7,gunner,male,0
Hiryu Land Mask,656,30,66,2,2,3,2,2,7,gunner,both,2
Hiryu Land Suit,656,30,66,2,2,3,2,2,7,gunner,both,1
Hiryu Land Kote,656,30,66,2,2,3,2,2,7,gunner,both,2
Hiryu Land Belt,656,30,66,2,2,3,2,2,7,gunner,both,0
Hiryu Land Boots,656,30,66,2,2,3,2,2,7,gunner,both,2
Leather Helm X,656,76,118,0,0,0,0,0,8,blademaster,both,1
Leather Mail X,656,76,118,0,0,0,0,0,8,blademaster,both,1
Leather Braces X,656,76,118,0,0,0,0,0,8,blademaster,both,1
Leather Faulds X,656,76,118,0,0,0,0,0,8,blademaster,both,3
Leather Greaves X,656,76,118,0,0,0,0,0,8,blademaster,both,2
Chain Helm X,657,78,120,0,0,1,0,0,8,blademaster,both,3
Chain Mail X,657,78,120,0,0,1,0,0,8,blademaster,both,1
Chain Vambraces X,657,78,120,0,0,1,0,0,8,blademaster,both,1
Chainmail Faulds X,657,78,120,0,0,1,0,0,8,blademaster,both,2
Chainmail Greaves X,657,78,120,0,0,1,0,0,8,blademaster,both,1
Bherna Turban X,658,80,122,0,0,0,1,0,8,blademaster,both,1
Bherna Mail X,658,80,122,0,0,0,1,0,8,blademaster,both,2
Bherna Braces X,658,80,122,0,0,0,1,0,8,blademaster,both,2
Bherna Belt X,658,80,122,0,0,0,1,0,8,blademaster,both,1
Bherna Greaves X,658,80,122,0,0,0,1,0,8,blademaster,both,2
Hunting Helm X,659,80,122,1,0,0,0,0,8,blademaster,both,2
Hunting Mail X,659,80,122,1,0,0,0,0,8,blademaster,both,1
Hunting Braces X,659,80,122,1,0,0,0,0,8,blademaster,both,1
Hunting Faulds X,659,80,122,1,0,0,0,0,8,blademaster,both,2
Hunting Greaves X,659,80,122,1,0,0,0,0,8,blademaster,both,2
Mafumofu Hood X,660,80,122,-1,2,0,0,0,8,blademaster,both,2
Mafumofu Suit X,660,80,122,-1,2,0,0,0,8,blademaster,both,1
Mafumofu Grips X,660,80,122,-1,2,0,0,0,8,blademaster,both,2
Mafumofu Coil X,660,80,122,-1,2,0,0,0,8,blademaster,both,2
Mafumofu Boots X,660,80,122,-1,2,0,0,0,8,blademaster,both,1
Yukumo Sky Kasa Goku,661,80,122,0,0,1,0,0,8,blademaster,both,1
Yukumo Sky Dogi Goku,661,80,122,0,0,1,0,0,8,blademaster,both,1
Yukumo Sky Kote Goku,661,80,122,0,0,1,0,0,8,blademaster,both,1
Yukumo Sky Obi Goku,661,80,122,0,0,1,0,0,8,blademaster,both,2
Yukumo Sky Hakama Goku,661,80,122,0,0,1,0,0,8,blademaster,both,2
Hunter's Helm X,662,88,130,0,0,0,0,0,8,blademaster,both,0
Hunter's Mail X,662,88,130,0,0,0,0,0,8,blademaster,both,1
Hunter's Vambraces X,662,88,130,0,0,0,0,0,8,blademaster,both,1
Hunter's Faulds X,662,88,130,0,0,0,0,0,8,blademaster,both,1
Hunter's Greaves X,662,88,130,0,0,0,0,0,8,blademaster,both,2
Hunter's Helm XR,663,84,126,0,0,0,0,0,8,blademaster,both,2
Hunter's Mail XR,663,84,126,0,0,0,0,0,8,blademaster,both,1
Hunter's Vambraces XR,663,84,126,0,0,0,0,0,8,blademaster,both,0
Hunter's Faulds XR,663,84,126,0,0,0,0,0,8,blademaster,both,1
Hunter's Greaves XR,663,84,126,0,0,0,0,0,8,blademaster,both,1
Bone Helm X,664,92,134,0,-1,0,0,0,8,blademaster,both,1
Bone Mail X,664,92,134,0,-1,0,0,0,8,blademaster,both,1
Bone Vambraces X,664,92,134,0,-1,0,0,0,8,blademaster,both,2
Bone Faulds X,664,92,134,0,-1,0,0,0,8,blademaster,both,2
Bone Greaves X,664,92,134,0,-1,0,0,0,8,blademaster,both,1
Silver Boots X,665,96,138,0,0,-2,2,0,8,blademaster,both,1
Grand Chaoshroom,666,94,136,2,0,0,-2,0,8,blademaster,both,2
Grand Chaos Plate,666,94,136,2,0,0,-2,0,8,blademaster,both,3
Trapper's Gauntlets X,667,86,128,0,0,0,1,0,8,blademaster,both,1
Trapper's Greaves X,667,86,128,0,0,0,1,0,8,blademaster,both,1
Maccao Gauntlets X,668,88,130,0,0,1,0,0,8,blademaster,both,2
Maccao Shinguards X,668,88,130,0,0,1,0,0,8,blademaster,both,2
Jaggi Gauntlets X,669,88,130,0,1,0,0,0,8,blademaster,both,2
Jaggi Shinguards X,669,88,130,0,1,0,0,0,8,blademaster,both,2
Melahoa Hat X,670,96,138,0,0,1,1,0,8,blademaster,both,1
Melahoa Jacket X,670,96,138,0,0,1,1,0,8,blademaster,both,0
Melahoa Branch X,670,96,138,0,0,1,1,0,8,blademaster,both,1
Melahoa Folia X,670,96,138,0,0,1,1,0,8,blademaster,both,3
Melahoa Roots X,670,96,138,0,0,1,1,0,8,blademaster,both,1
Melahoa Flower Hat Z,671,106,148,0,0,1,1,0,8,blademaster,both,1
MelahoaFlowerJacketZ,671,106,148,0,0,1,1,0,8,blademaster,both,1
Melahoa Branch Z,671,106,148,0,0,1,1,0,8,blademaster,both,1
Melahoa Skirt Z,671,106,148,0,0,1,1,0,8,blademaster,both,3
Melahoa Roots Z,671,106,148,0,0,1,1,0,8,blademaster,both,1
Makluva Hood X,672,98,140,1,0,-2,2,0,8,blademaster,both,1
Makluva Cover X,672,98,140,1,0,-2,2,0,8,blademaster,both,1
Makluva Sleeves X,672,98,140,1,0,-2,2,0,8,blademaster,both,1
Makluva Coil X,672,98,140,1,0,-2,2,0,8,blademaster,both,1
Makluva Pants X,672,98,140,1,0,-2,2,0,8,blademaster,both,2
Makluva Hood Z,673,108,150,1,0,-2,2,0,8,blademaster,both,1
Makluva Cover Z,673,108,150,1,0,-2,2,0,8,blademaster,both,2
Makluva Sleeves Z,673,108,150,1,0,-2,2,0,8,blademaster,both,1
Makluva Coil Z,673,108,150,1,0,-2,2,0,8,blademaster,both,1
Makluva Pants Z,673,108,150,1,0,-2,2,0,8,blademaster,both,2
Obituary Vertex X,674,104,146,2,-2,2,-2,3,8,blademaster,male,1
Obituary Thorax X,674,104,146,2,-2,2,-2,3,8,blademaster,male,2
Obituary Brachia X,674,104,146,2,-2,2,-2,3,8,blademaster,male,1
Obituary Elytra X,674,104,146,2,-2,2,-2,3,8,blademaster,male,2
Obituary Crura X,674,104,146,2,-2,2,-2,3,8,blademaster,male,0
Butterfly Vertex X,675,104,146,2,-2,2,-2,3,8,blademaster,female,1
Butterfly Thorax X,675,104,146,2,-2,2,-2,3,8,blademaster,female,2
Butterfly Brachia X,675,104,146,2,-2,2,-2,3,8,blademaster,female,1
Butterfly Elytra X,675,104,146,2,-2,2,-2,3,8,blademaster,female,2
Butterfly Crura X,675,104,146,2,-2,2,-2,3,8,blademaster,female,0
Death Stench Brain X,676,102,144,2,-1,1,1,0,8,blademaster,both,1
Death Stench Muscle X,676,102,144,2,-1,1,1,0,8,blademaster,both,2
Death Stench Grip X,676,102,144,2,-1,1,1,0,8,blademaster,both,2
Death Stench Bowels X,676,102,144,2,-1,1,1,0,8,blademaster,both,1
Death Stench Heel X,676,102,144,2,-1,1,1,0,8,blademaster,both,2
Death Stench Brain XR,677,98,140,2,-1,1,1,0,8,blademaster,both,0
Death Stench Muscle XR,677,98,140,2,-1,1,1,0,8,blademaster,both,1
Death Stench Grip XR,677,98,140,2,-1,1,1,0,8,blademaster,both,2
Death Stench Bowels XR,677,98,140,2,-1,1,1,0,8,blademaster,both,1
Death Stench Heel XR,677,98,140,2,-1,1,1,0,8,blademaster,both,1
Acorn Helm X,678,92,134,2,-2,0,2,0,8,blademaster,both,1
Acorn Mail X,678,92,134,2,-2,0,2,0,8,blademaster,both,0
Mosgharl Vizor X,679,92,134,-3,2,0,1,0,8,blademaster,male,1
Mosgharl Ribplate X,679,92,134,-3,2,0,1,0,8,blademaster,male,1
Mosgharl Creeper X,679,92,134,-3,2,0,1,0,8,blademaster,male,1
Mosgharl Folia X,679,92,134,-3,2,0,1,0,8,blademaster,male,2
Mosgharl Roots X,679,92,134,-3,2,0,1,0,8,blademaster,male,1
Mosgharl Vizor X,680,92,134,-3,2,0,1,0,8,blademaster,female,1
Mosgharl Ribplate X,680,92,134,-3,2,0,1,0,8,blademaster,female,1
Mosgharl Creeper X,680,92,134,-3,2,0,1,0,8,blademaster,female,1
Mosgharl Folia X,680,92,134,-3,2,0,1,0,8,blademaster,female,2
Mosgharl Roots X,680,92,134,-3,2,0,1,0,8,blademaster,female,1
Edel Vizor X,681,90,132,-1,0,-1,3,0,8,blademaster,both,2
Edel Ribplate X,681,90,132,-1,0,-1,3,0,8,blademaster,both,1
Edel Creeper X,681,90,132,-1,0,-1,3,0,8,blademaster,both,1
Edel Folia X,681,90,132,-1,0,-1,3,0,8,blademaster,both,2
Edel Roots X,681,90,132,-1,0,-1,3,0,8,blademaster,both,0
Skalda Vertex X,682,102,144,3,-1,-1,-1,3,8,blademaster,male,1
Skalda Thorax X,682,102,144,3,-1,-1,-1,3,8,blademaster,male,1
Skalda Brachia X,682,102,144,3,-1,-1,-1,3,8,blademaster,male,1
Skalda Elytra X,682,102,144,3,-1,-1,-1,3,8,blademaster,male,2
Skalda Crura X,682,102,144,3,-1,-1,-1,3,8,blademaster,male,2
Spio Vertex X,683,102,144,3,-1,-1,-1,3,8,blademaster,female,1
Spio Thorax X,683,102,144,3,-1,-1,-1,3,8,blademaster,female,1
Spio Brachia X,683,102,144,3,-1,-1,-1,3,8,blademaster,female,1
Spio Elytra X,683,102,144,3,-1,-1,-1,3,8,blademaster,female,2
Spio Crura X,683,102,144,3,-1,-1,-1,3,8,blademaster,female,2
Alloy Helm X,684,110,152,-1,-1,-1,0,0,8,blademaster,both,1
Alloy Mail X,684,110,152,-1,-1,-1,0,0,8,blademaster,both,1
Alloy Vambraces X,684,110,152,-1,-1,-1,0,0,8,blademaster,both,0
Alloy Coil X,684,110,152,-1,-1,-1,0,0,8,blademaster,both,2
Alloy Greaves X,684,110,152,-1,-1,-1,0,0,8,blademaster,both,2
Alloy Helm XR,685,102,144,-1,-1,-1,0,0,8,blademaster,both,1
Alloy Mail XR,685,102,144,-1,-1,-1,0,0,8,blademaster,both,1
Alloy Vambraces XR,685,102,144,-1,-1,-1,0,0,8,blademaster,both,0
Alloy Faulds XR,685,102,144,-1,-1,-1,0,0,8,blademaster,both,0
Alloy Greaves XR,685,102,144,-1,-1,-1,0,0,8,blademaster,both,0
Battle Helm X,686,110,152,1,0,-1,-1,0,8,blademaster,both,2
Battle Mail X,686,110,152,1,0,-1,-1,0,8,blademaster,both,2
Battle Vambraces X,686,110,152,1,0,-1,-1,0,8,blademaster,both,1
Battle Tassets X,686,110,152,1,0,-1,-1,0,8,blademaster,both,0
Battle Greaves X,686,110,152,1,0,-1,-1,0,8,blademaster,both,1
Ingot Helm X,687,112,154,-1,0,1,-1,0,8,blademaster,both,2
Ingot Mail X,687,112,154,-1,0,1,-1,0,8,blademaster,both,1
Ingot Vambraces X,687,112,154,-1,0,1,-1,0,8,blademaster,both,1
Ingot Coil X,687,112,154,-1,0,1,-1,0,8,blademaster,both,3
Ingot Greaves X,687,112,154,-1,0,1,-1,0,8,blademaster,both,1
Ingot Helm XR,688,104,146,-1,0,1,-1,0,8,blademaster,both,0
Ingot Mail XR,688,104,146,-1,0,1,-1,0,8,blademaster,both,0
Ingot Vambraces XR,688,104,146,-1,0,1,-1,0,8,blademaster,both,1
Ingot Coil XR,688,104,146,-1,0,1,-1,0,8,blademaster,both,0
Ingot Greaves XR,688,104,146,-1,0,1,-1,0,8,blademaster,both,0
High Metal Helm X,689,110,152,0,-1,2,-1,0,8,blademaster,both,2
High Metal Mail X,689,110,152,0,-1,2,-1,0,8,blademaster,both,1
High Metal Braces X,689,110,152,0,-1,2,-1,0,8,blademaster,both,0
High Metal Tassets X,689,110,152,0,-1,2,-1,0,8,blademaster,both,2
High Metal Greaves X,689,110,152,0,-1,2,-1,0,8,blademaster,both,2
High Metal Helm Z,690,110,152,0,-1,2,-1,0,8,blademaster,both,0
High Metal Mail Z,690,110,152,0,-1,2,-1,0,8,blademaster,both,1
High Metal Braces Z,690,110,152,0,-1,2,-1,0,8,blademaster,both,1
High Metal Tassets Z,690,110,152,0,-1,2,-1,0,8,blademaster,both,1
High Metal Greaves Z,690,110,152,0,-1,2,-1,0,8,blademaster,both,1
Pink Metal Boots X,691,102,144,5,-1,-1,-1,0,8,blademaster,female,1
Lobster Helm X,692,102,144,-1,-1,-1,4,-1,8,blademaster,both,1
Lobster Mail X,692,102,144,-1,-1,-1,4,-1,8,blademaster,both,0
Lobster Vambraces X,692,102,144,-1,-1,-1,4,-1,8,blademaster,both,1
Lobster Coil X,692,102,144,-1,-1,-1,4,-1,8,blademaster,both,0
Lobster Boots X,692,102,144,-1,-1,-1,4,-1,8,blademaster,both,1
Vaik Helm X,693,110,152,0,-1,-2,3,0,8,blademaster,both,2
Vaik Mail X,693,110,152,0,-1,-2,3,0,8,blademaster,both,0
Vaik Braces X,693,110,152,0,-1,-2,3,0,8,blademaster,both,1
Vaik Faulds X,693,110,152,0,-1,-2,3,0,8,blademaster,both,2
Vaik Greaves X,693,110,152,0,-1,-2,3,0,8,blademaster,both,2
Bistro Toque X,694,98,140,3,2,0,1,0,8,blademaster,both,1
Bistro Suit X,694,98,140,3,2,0,1,0,8,blademaster,both,1
Bistro Sarong X,694,98,140,3,2,0,1,0,8,blademaster,both,1
Patissier's Toque X,695,102,144,2,2,0,0,-2,8,blademaster,both,1
Patissier's Suit X,695,102,144,2,2,0,0,-2,8,blademaster,both,0
Patissier's Gloves X,695,102,144,2,2,0,0,-2,8,blademaster,both,1
Patissier's Sarong X,695,102,144,2,2,0,0,-2,8,blademaster,both,2
Patissier's Boots X,695,102,144,2,2,0,0,-2,8,blademaster,both,1
Gourmew Toque X,696,116,158,1,1,1,1,1,8,blademaster,male,3
Gourmew Suit X,696,116,158,1,1,1,1,1,8,blademaster,male,0
Gourmew Gloves X,696,116,158,1,1,1,1,1,8,blademaster,male,0
Gourmew Sarong X,696,116,158,1,1,1,1,1,8,blademaster,male,0
Gourmew Boots X,696,116,158,1,1,1,1,1,8,blademaster,male,2
Gourmew Toque X,697,116,158,1,1,1,1,1,8,blademaster,female,3
Gourmew Suit X,697,116,158,1,1,1,1,1,8,blademaster,female,0
Gourmew Gloves X,697,116,158,1,1,1,1,1,8,blademaster,female,0
Gourmew Sarong X,697,116,158,1,1,1,1,1,8,blademaster,female,0
Gourmew Boots X,697,116,158,1,1,1,1,1,8,blademaster,female,2
Aelucanth Vertex X,698,110,152,-2,-2,2,0,2,8,blademaster,male,1
Aelucanth Thorax X,698,110,152,-2,-2,2,0,2,8,blademaster,male,1
Aelucanth Brachia X,698,110,152,-2,-2,2,0,2,8,blademaster,male,0
Aelucanth Elytra X,698,110,152,-2,-2,2,0,2,8,blademaster,male,1
Aelucanth Crura X,698,110,152,-2,-2,2,0,2,8,blademaster,male,1
Rhopessa Vertex X,699,110,152,-2,-2,3,0,2,8,blademaster,female,1
Rhopessa Thorax X,699,110,152,-2,-2,3,0,2,8,blademaster,female,1
Rhopessa Brachia X,699,110,152,-2,-2,3,0,2,8,blademaster,female,0
Rhopessa Elytra X,699,110,152,-2,-2,3,0,2,8,blademaster,female,1
Rhopessa Crura X,699,110,152,-2,-2,3,0,2,8,blademaster,female,1
Lecturer's Hood X,700,102,144,0,0,0,0,0,8,blademaster,female,0
Lecturer's Suit X,700,102,144,0,0,0,0,0,8,blademaster,female,0
Lecturer's Braces X,700,102,144,0,0,0,0,0,8,blademaster,female,1
Lecturer's Skirt X,700,102,144,0,0,0,0,0,8,blademaster,female,0
Lecturer's Boots X,700,102,144,0,0,0,0,0,8,blademaster,female,2
Derring Helm X,701,106,148,0,0,0,0,0,8,blademaster,both,2
Derring Mail X,701,106,148,0,0,0,0,0,8,blademaster,both,1
Derring Vambraces X,701,106,148,0,0,0,0,0,8,blademaster,both,0
Derring Faulds X,701,106,148,0,0,0,0,0,8,blademaster,both,0
Derring Greaves X,701,106,148,0,0,0,0,0,8,blademaster,both,2
Artian Helm X,702,112,154,1,2,-2,-2,3,8,blademaster,both,3
Artian Mail X,702,112,154,1,2,-2,-2,3,8,blademaster,both,1
Artian Vambraces X,702,112,154,1,2,-2,-2,3,8,blademaster,both,1
Artian Coil X,702,112,154,1,2,-2,-2,3,8,blademaster,both,1
Artian Greaves X,702,112,154,1,2,-2,-2,3,8,blademaster,both,1
Artian Helm XR,703,106,148,1,2,-2,-2,3,8,blademaster,both,1
Artian Mail XR,703,106,148,1,2,-2,-2,3,8,blademaster,both,2
Artian Braces XR,703,106,148,1,2,-2,-2,3,8,blademaster,both,1
Artian Coil XR,703,106,148,1,2,-2,-2,3,8,blademaster,both,0
Artian Greaves XR,703,106,148,1,2,-2,-2,3,8,blademaster,both,0
Maiden's Hat X,704,102,144,0,0,0,0,0,8,blademaster,female,1
Maiden's Suit X,704,102,144,0,0,0,0,0,8,blademaster,female,1
Maiden's Gloves X,704,102,144,0,0,0,0,0,8,blademaster,female,1
Maiden's Skirt X,704,102,144,0,0,0,0,0,8,blademaster,female,1
Maiden's Socks X,704,102,144,0,0,0,0,0,8,blademaster,female,1
Dianthus Masacap,705,102,144,0,0,0,0,0,8,blademaster,female,1
Dianthus Masajacket,705,102,144,0,0,0,0,0,8,blademaster,female,0
Dianthus Masasleeves,705,102,144,0,0,0,0,0,8,blademaster,female,1
Dianthus Masaskirt,705,102,144,0,0,0,0,0,8,blademaster,female,1
Dianthus Masapants,705,102,144,0,0,0,0,0,8,blademaster,female,1
Hawkhat X,706,114,156,0,0,0,0,0,8,blademaster,male,0
Hawksuit X,706,114,156,0,0,0,0,0,8,blademaster,male,0
Hawkbraces X,706,114,156,0,0,0,0,0,8,blademaster,male,1
Hawkcoil X,706,114,156,0,0,0,0,0,8,blademaster,male,2
Hawkboots X,706,114,156,0,0,0,0,0,8,blademaster,male,2
Scholarly Hood X,707,114,156,0,0,0,0,0,8,blademaster,both,1
Scholarly Suit X,707,114,156,0,0,0,0,0,8,blademaster,both,2
Scholarly Grips X,707,114,156,0,0,0,0,0,8,blademaster,both,2
Scholarly Sash X,707,114,156,0,0,0,0,0,8,blademaster,both,1
Scholarly Boots X,707,114,156,0,0,0,0,0,8,blademaster,both,2
Dober Helm X,708,116,158,-2,0,0,0,4,8,blademaster,both,2
Dober Mail X,708,116,158,-2,0,0,0,4,8,blademaster,both,1
Dober Vambraces X,708,116,158,-2,0,0,0,4,8,blademaster,both,0
Dober Coil X,708,116,158,-2,0,0,0,4,8,blademaster,both,1
Dober Greaves X,708,116,158,-2,0,0,0,4,8,blademaster,both,1
Scholar's Beret X,709,114,156,0,0,0,0,0,8,blademaster,female,2
Scholar's Blouse X,709,114,156,0,0,0,0,0,8,blademaster,female,2
Scholar's Gloves X,709,114,156,0,0,0,0,0,8,blademaster,female,1
Scholar's Skirt X,709,114,156,0,0,0,0,0,8,blademaster,female,2
Scholar's Socks X,709,114,156,0,0,0,0,0,8,blademaster,female,3
Sailor Hat X,710,114,156,0,0,0,0,0,8,blademaster,female,1
Sailor Suit X,710,114,156,0,0,0,0,0,8,blademaster,female,1
Sailor Gloves X,710,114,156,0,0,0,0,0,8,blademaster,female,2
Sailor Skirt X,710,114,156,0,0,0,0,0,8,blademaster,female,2
Sailor Socks X,710,114,156,0,0,0,0,0,8,blademaster,female,2
Mariner Hood X,711,114,156,0,0,0,0,0,8,blademaster,female,1
Mariner Suit X,711,114,156,0,0,0,0,0,8,blademaster,female,1
Mariner Gloves X,711,114,156,0,0,0,0,0,8,blademaster,female,1
Mariner Skirt X,711,114,156,0,0,0,0,0,8,blademaster,female,1
Mariner Socks X,711,114,156,0,0,0,0,0,8,blademaster,female,1
Slagtoth Hood X,712,90,132,-2,-1,0,2,1,8,blademaster,both,1
Slagtoth Cloak X,712,90,132,-2,-1,0,2,1,8,blademaster,both,0
Jaggi Helm X,713,90,132,-2,0,0,0,0,8,blademaster,both,0
Jaggi Mail X,713,90,132,-2,0,0,0,0,8,blademaster,both,1
Jaggi Vambraces X,713,90,132,-2,0,0,0,0,8,blademaster,both,2
Jaggi Faulds X,713,90,132,-2,0,0,0,0,8,blademaster,both,1
Jaggi Greaves X,713,90,132,-2,0,0,0,0,8,blademaster,both,1
Maccao Helm X,714,92,134,-2,0,0,0,0,8,blademaster,both,1
Maccao Mail X,714,92,134,-2,0,0,0,0,8,blademaster,both,1
Maccao Braces X,714,92,134,-2,0,0,0,0,8,blademaster,both,2
Maccao Faulds X,714,92,134,-2,0,0,0,0,8,blademaster,both,1
Maccao Greaves X,714,92,134,-2,0,0,0,0,8,blademaster,both,2
Velociprey Helm X,715,92,134,0,-2,0,0,0,8,blademaster,both,1
Velociprey Mail X,715,92,134,0,-2,0,0,0,8,blademaster,both,0
Velociprey Braces X,715,92,134,0,-2,0,0,0,8,blademaster,both,2
Velociprey Tassets X,715,92,134,0,-2,0,0,0,8,blademaster,both,2
Velociprey Greaves X,715,92,134,0,-2,0,0,0,8,blademaster,both,2
Giaprey Helm X,716,92,134,0,2,-1,0,0,8,blademaster,both,1
Giaprey Mail X,716,92,134,0,2,-1,0,0,8,blademaster,both,1
Giaprey Braces X,716,92,134,0,2,-1,0,0,8,blademaster,both,1
Giaprey Faulds X,716,92,134,0,2,-1,0,0,8,blademaster,both,2
Giaprey Greaves X,716,92,134,0,2,-1,0,0,8,blademaster,both,3
Genprey Helm X,717,94,136,0,-2,1,0,0,8,blademaster,both,2
Genprey Mail X,717,94,136,0,-2,1,0,0,8,blademaster,both,1
Genprey Vambraces X,717,94,136,0,-2,1,0,0,8,blademaster,both,1
Genprey Tassets X,717,94,136,0,-2,1,0,0,8,blademaster,both,2
Genprey Greaves X,717,94,136,0,-2,1,0,0,8,blademaster,both,1
Genprey Helm GX,718,100,142,0,-2,1,0,0,8,blademaster,both,1
Genprey Mail GX,718,100,142,0,-2,1,0,0,8,blademaster,both,1
Genprey Vambraces GX,718,100,142,0,-2,1,0,0,8,blademaster,both,2
Genprey Tassets GX,718,100,142,0,-2,1,0,0,8,blademaster,both,2
Genprey Greaves GX,718,100,142,0,-2,1,0,0,8,blademaster,both,2
Vespoid Helm X,719,94,136,-2,1,1,1,2,8,blademaster,both,3
Vespoid Mail X,719,94,136,-2,1,1,1,2,8,blademaster,both,2
Vespoid Vambraces X,719,94,136,-2,1,1,1,2,8,blademaster,both,2
Vespoid Tassets X,719,94,136,-2,1,1,1,2,8,blademaster,both,1
Vespoid Greaves X,719,94,136,-2,1,1,1,2,8,blademaster,both,2
Vespoid Helm GX,720,104,146,-2,1,1,1,2,8,blademaster,both,1
Vespoid Mail GX,720,104,146,-2,1,1,1,2,8,blademaster,both,1
Vespoid Vambraces GX,720,104,146,-2,1,1,1,2,8,blademaster,both,2
Vespoid Tassets GX,720,104,146,-2,1,1,1,2,8,blademaster,both,2
Vespoid Greaves GX,720,104,146,-2,1,1,1,2,8,blademaster,both,2
Hornetaur Helm X,721,96,138,-1,-1,-1,-1,4,8,blademaster,both,1
Hornetaur Mail X,721,96,138,-1,-1,-1,-1,4,8,blademaster,both,1
Hornetaur Braces X,721,96,138,-1,-1,-1,-1,4,8,blademaster,both,2
Hornetaur Tassets X,721,96,138,-1,-1,-1,-1,4,8,blademaster,both,2
Hornetaur Greaves X,721,96,138,-1,-1,-1,-1,4,8,blademaster,both,2
Hornetaur Helm GX,722,100,142,-1,-1,-1,-1,4,8,blademaster,both,1
Hornetaur Mail GX,722,100,142,-1,-1,-1,-1,4,8,blademaster,both,1
Hornetaur Braces GX,722,100,142,-1,-1,-1,-1,4,8,blademaster,both,1
Hornetaur Tassets GX,722,100,142,-1,-1,-1,-1,4,8,blademaster,both,1
Hornetaur Greaves GX,722,100,142,-1,-1,-1,-1,4,8,blademaster,both,1
Hornetaur Helm XR,723,94,136,-1,-1,-1,-1,4,8,blademaster,both,2
Hornetaur Mail XR,723,94,136,-1,-1,-1,-1,4,8,blademaster,both,2
Hornetaur Braces XR,723,94,136,-1,-1,-1,-1,4,8,blademaster,both,0
Hornetaur Tassets XR,723,94,136,-1,-1,-1,-1,4,8,blademaster,both,0
Hornetaur Greaves XR,723,94,136,-1,-1,-1,-1,4,8,blademaster,both,1
Bnahabra Hat X,724,94,136,-2,0,0,0,2,8,blademaster,both,2
Bnahabra Suit X,724,94,136,-2,0,0,0,2,8,blademaster,both,1
Bnahabra Gloves X,724,94,136,-2,0,0,0,2,8,blademaster,both,2
Bnahabra Coil X,724,94,136,-2,0,0,0,2,8,blademaster,both,1
Bnahabra Boots X,724,94,136,-2,0,0,0,2,8,blademaster,both,1
Konchu Helm X,725,98,140,0,1,1,1,1,8,blademaster,both,2
Konchu Vambraces X,725,98,140,0,1,1,1,1,8,blademaster,both,2
Rhenoplos Helm X,726,94,136,2,-2,0,0,0,8,blademaster,both,1
Rhenoplos Mail X,726,94,136,2,-2,0,0,0,8,blademaster,both,1
Rhenoplos Braces X,726,94,136,2,-2,0,0,0,8,blademaster,both,2
Rhenoplos Coil X,726,94,136,2,-2,0,0,0,8,blademaster,both,1
Rhenoplos Greaves X,726,94,136,2,-2,0,0,0,8,blademaster,both,1
Bulldrome Helm X,727,98,140,0,1,-2,2,0,8,blademaster,both,1
Bulldrome Mail X,727,98,140,0,1,-2,2,0,8,blademaster,both,1
Bulldrome Braces X,727,98,140,0,1,-2,2,0,8,blademaster,both,2
Bulldrome Faulds X,727,98,140,0,1,-2,2,0,8,blademaster,both,1
Bulldrome Greaves X,727,98,140,0,1,-2,2,0,8,blademaster,both,2
Arzuros Helm X,728,100,142,-2,0,-2,0,0,8,blademaster,both,2
Arzuros Mail X,728,100,142,-2,0,-2,0,0,8,blademaster,both,0
Arzuros Vambraces X,728,100,142,-2,0,-2,0,0,8,blademaster,both,0
Arzuros Faulds X,728,100,142,-2,0,-2,0,0,8,blademaster,both,3
Arzuros Greaves X,728,100,142,-2,0,-2,0,0,8,blademaster,both,1
Cephalos Helm X,729,100,142,2,-3,0,0,0,8,blademaster,both,1
Cephalos Mail X,729,100,142,2,-3,0,0,0,8,blademaster,both,1
Cephalos Vambraces X,729,100,142,2,-3,0,0,0,8,blademaster,both,1
Cephalos Tassets X,729,100,142,2,-3,0,0,0,8,blademaster,both,1
Cephalos Greaves X,729,100,142,2,-3,0,0,0,8,blademaster,both,2
Cephalos Helm GX,730,104,146,2,-3,0,0,0,8,blademaster,both,1
Cephalos Mail GX,730,104,146,2,-3,0,0,0,8,blademaster,both,1
Cephalos Braces GX,730,104,146,2,-3,0,0,0,8,blademaster,both,1
Cephalos Tassets GX,730,104,146,2,-3,0,0,0,8,blademaster,both,1
Cephalos Greaves GX,730,104,146,2,-3,0,0,0,8,blademaster,both,1
Droth Mail X,731,88,130,-2,0,-1,4,0,8,blademaster,both,1
Droth Faulds X,731,88,130,-2,0,-1,4,0,8,blademaster,both,3
Droth Greaves X,731,88,130,-2,0,-1,4,0,8,blademaster,both,2
Uroktor Torso X,732,98,140,4,-1,0,-2,0,8,blademaster,both,2
Uroktor Tassets X,732,98,140,4,-1,0,-2,0,8,blademaster,both,2
Moofah Head X,733,90,132,-1,3,2,0,0,8,blademaster,both,1
Moofah Suit X,733,90,132,-1,3,2,0,0,8,blademaster,both,0
Moofah Claws X,733,90,132,-1,3,2,0,0,8,blademaster,both,0
Moofah Coil X,733,90,132,-1,3,2,0,0,8,blademaster,both,0
Velociprey Head X,734,84,126,1,1,1,2,1,8,blademaster,both,1
Velociprey Body X,734,84,126,1,1,1,2,1,8,blademaster,both,1
Velociprey Claws X,734,84,126,1,1,1,2,1,8,blademaster,both,1
Velociprey Feet X,734,84,126,1,1,1,2,1,8,blademaster,both,1
Giaprey Head X,735,88,130,1,2,1,1,1,8,blademaster,both,1
Giaprey Body X,735,88,130,1,2,1,1,1,8,blademaster,both,1
Giaprey Claws X,735,88,130,1,2,1,1,1,8,blademaster,both,1
Giaprey Feet X,735,88,130,1,2,1,1,1,8,blademaster,both,1
Genprey Head X,736,84,126,1,1,2,1,1,8,blademaster,both,1
Genprey Body X,736,84,126,1,1,2,1,1,8,blademaster,both,1
Genprey Claws X,736,84,126,1,1,2,1,1,8,blademaster,both,1
Genprey Feet X,736,84,126,1,1,2,1,1,8,blademaster,both,1
Ioprey Head X,737,88,130,2,1,1,1,1,8,blademaster,both,1
Ioprey Body X,737,88,130,2,1,1,1,1,8,blademaster,both,1
Ioprey Claws X,737,88,130,2,1,1,1,1,8,blademaster,both,1
Ioprey Feet X,737,88,130,2,1,1,1,1,8,blademaster,both,1
Remobra Headgear X,738,84,126,1,1,1,1,2,8,blademaster,both,1
Remobra Suit X,738,84,126,1,1,1,1,2,8,blademaster,both,1
Remobra Gloves X,738,84,126,1,1,1,1,2,8,blademaster,both,1
Remobra Belt X,738,84,126,1,1,1,1,2,8,blademaster,both,2
Remobra Feet X,738,84,126,1,1,1,1,2,8,blademaster,both,0
Ioprey Helm X,739,102,144,2,0,-1,-1,0,8,blademaster,both,2
Ioprey Mail X,739,102,144,2,0,-1,-1,0,8,blademaster,both,2
Ioprey Vambraces X,739,102,144,2,0,-1,-1,0,8,blademaster,both,1
Ioprey Tassets X,739,102,144,2,0,-1,-1,0,8,blademaster,both,2
Ioprey Greaves X,739,102,144,2,0,-1,-1,0,8,blademaster,both,0
Ioprey Helm GX,740,108,150,2,0,-1,-1,0,8,blademaster,both,1
Ioprey Mail GX,740,108,150,2,0,-1,-1,0,8,blademaster,both,2
Ioprey Vambraces GX,740,108,150,2,0,-1,-1,0,8,blademaster,both,2
Ioprey Tassets GX,740,108,150,2,0,-1,-1,0,8,blademaster,both,1
Ioprey Greaves GX,740,108,150,2,0,-1,-1,0,8,blademaster,both,1
Kut-Ku Helm X,741,102,144,3,-3,0,-1,0,8,blademaster,both,1
Kut-Ku Mail X,741,102,144,3,-3,0,-1,0,8,blademaster,both,1
Kut-Ku Vambraces X,741,102,144,3,-3,0,-1,0,8,blademaster,both,1
Kut-Ku Tassets X,741,102,144,3,-3,0,-1,0,8,blademaster,both,1
Kut-Ku Greaves X,741,102,144,3,-3,0,-1,0,8,blademaster,both,2
Kecha Helm X,742,100,142,-2,0,-1,2,1,8,blademaster,both,0
Kecha Mail X,742,100,142,-2,0,-1,2,1,8,blademaster,both,1
Kecha Braces X,742,100,142,-2,0,-1,2,1,8,blademaster,both,1
Kecha Faulds X,742,100,142,-2,0,-1,2,1,8,blademaster,both,1
Kecha Greaves X,742,100,142,-2,0,-1,2,1,8,blademaster,both,2
Lagombi Helm X,743,98,140,-3,3,0,1,0,8,blademaster,both,1
Lagombi Mail X,743,98,140,-3,3,0,1,0,8,blademaster,both,1
Lagombi Vambraces X,743,98,140,-3,3,0,1,0,8,blademaster,both,2
Lagombi Faulds X,743,98,140,-3,3,0,1,0,8,blademaster,both,2
Lagombi Greaves X,743,98,140,-3,3,0,1,0,8,blademaster,both,1
Gypceros Helm X,744,102,144,-3,-1,4,1,0,8,blademaster,both,1
Gypceros Mail X,744,102,144,-3,-1,4,1,0,8,blademaster,both,2
Gypceros Vambraces X,744,102,144,-3,-1,4,1,0,8,blademaster,both,1
Gypceros Tassets X,744,102,144,-3,-1,4,1,0,8,blademaster,both,1
Gypceros Greaves X,744,102,144,-3,-1,4,1,0,8,blademaster,both,2
Gypceros Helm XR,745,96,138,-3,-1,4,1,0,8,blademaster,both,0
Gypceros Mail XR,745,96,138,-3,-1,4,1,0,8,blademaster,both,1
Gypceros Braces XR,745,96,138,-3,-1,4,1,0,8,blademaster,both,1
Gypceros Tassets XR,745,96,138,-3,-1,4,1,0,8,blademaster,both,1
Gypceros Greaves XR,745,96,138,-3,-1,4,1,0,8,blademaster,both,0
Tetsucabra Helm X,746,102,144,2,0,-1,-3,1,8,blademaster,both,1
Tetsucabra Mail X,746,102,144,2,0,-1,-3,1,8,blademaster,both,1
Tetsucabra Braces X,746,102,144,2,0,-1,-3,1,8,blademaster,both,1
Tetsucabra Faulds X,746,102,144,2,0,-1,-3,1,8,blademaster,both,2
Tetsucabra Greaves X,746,102,144,2,0,-1,-3,1,8,blademaster,both,2
Hermitaur Helm X,747,104,146,-1,0,-3,3,1,8,blademaster,both,1
Hermitaur Mail X,747,104,146,-1,0,-3,3,1,8,blademaster,both,0
Hermitaur Braces X,747,104,146,-1,0,-3,3,1,8,blademaster,both,2
Hermitaur Tassets X,747,104,146,-1,0,-3,3,1,8,blademaster,both,0
Hermitaur Greaves X,747,104,146,-1,0,-3,3,1,8,blademaster,both,3
Hermitaur Helm GX,748,108,150,-1,0,-3,3,1,8,blademaster,both,1
Hermitaur Mail GX,748,108,150,-1,0,-3,3,1,8,blademaster,both,1
Hermitaur Braces GX,748,108,150,-1,0,-3,3,1,8,blademaster,both,2
Hermitaur Tassets GX,748,108,150,-1,0,-3,3,1,8,blademaster,both,2
Hermitaur Greaves GX,748,108,150,-1,0,-3,3,1,8,blademaster,both,0
Hermitaur Helm XR,749,102,144,-1,0,-3,3,1,8,blademaster,both,1
Hermitaur Mail XR,749,102,144,-1,0,-3,3,1,8,blademaster,both,3
Hermitaur Braces XR,749,102,144,-1,0,-3,3,1,8,blademaster,both,1
Hermitaur Tassets XR,749,102,144,-1,0,-3,3,1,8,blademaster,both,0
Hermitaur Greaves XR,749,102,144,-1,0,-3,3,1,8,blademaster,both,0
Volvidon Helm X,750,102,144,2,-1,0,-3,1,8,blademaster,both,0
Volvidon Mail X,750,102,144,2,-1,0,-3,1,8,blademaster,both,1
Volvidon Vambraces X,750,102,144,2,-1,0,-3,1,8,blademaster,both,1
Volvidon Faulds X,750,102,144,2,-1,0,-3,1,8,blademaster,both,2
Volvidon Greaves X,750,102,144,2,-1,0,-3,1,8,blademaster,both,2
Conga Helm X,751,104,146,-3,-1,1,1,0,8,blademaster,both,2
Conga Mail X,751,104,146,-3,-1,1,1,0,8,blademaster,both,1
Conga Vambraces X,751,104,146,-3,-1,1,1,0,8,blademaster,both,1
Conga Tassets X,751,104,146,-3,-1,1,1,0,8,blademaster,both,2
Conga Greaves X,751,104,146,-3,-1,1,1,0,8,blademaster,both,1
Conga Helm GX,752,110,152,-3,-1,1,1,0,8,blademaster,both,1
Conga Mail GX,752,110,152,-3,-1,1,1,0,8,blademaster,both,2
Conga Vambraces GX,752,110,152,-3,-1,1,1,0,8,blademaster,both,2
Conga Tassets GX,752,110,152,-3,-1,1,1,0,8,blademaster,both,2
Conga Greaves GX,752,110,152,-3,-1,1,1,0,8,blademaster,both,1
Ludroth Helm X,753,102,144,-3,0,-1,4,0,8,blademaster,both,1
Ludroth Mail X,753,102,144,-3,0,-1,4,0,8,blademaster,both,1
Ludroth Vambraces X,753,102,144,-3,0,-1,4,0,8,blademaster,both,1
Ludroth Faulds X,753,102,144,-3,0,-1,4,0,8,blademaster,both,2
Ludroth Greaves X,753,102,144,-3,0,-1,4,0,8,blademaster,both,1
Ludroth Helm XR,754,100,142,-3,0,-1,4,0,8,blademaster,both,0
Ludroth Mail XR,754,100,142,-3,0,-1,4,0,8,blademaster,both,1
Ludroth Braces XR,754,100,142,-3,0,-1,4,0,8,blademaster,both,0
Ludroth Faulds XR,754,100,142,-3,0,-1,4,0,8,blademaster,both,0
Ludroth Greaves XR,754,100,142,-3,0,-1,4,0,8,blademaster,both,0
Barroth Helm X,755,106,148,0,-2,1,0,0,8,blademaster,both,1
Barroth Mail X,755,106,148,0,-2,1,0,0,8,blademaster,both,0
Barroth Vambraces X,755,106,148,0,-2,1,0,0,8,blademaster,both,2
Barroth Faulds X,755,106,148,0,-2,1,0,0,8,blademaster,both,1
Barroth Greaves X,755,106,148,0,-2,1,0,0,8,blademaster,both,2
Basarios Helm X,756,108,150,0,1,1,-2,-3,8,blademaster,both,2
Basarios Mail X,756,108,150,0,1,1,-2,-3,8,blademaster,both,0
Basarios Vambraces X,756,108,150,0,1,1,-2,-3,8,blademaster,both,2
Basarios Tassets X,756,108,150,0,1,1,-2,-3,8,blademaster,both,2
Basarios Greaves X,756,108,150,0,1,1,-2,-3,8,blademaster,both,1
Malfestio Helm X,757,102,144,-2,1,1,-2,0,8,blademaster,both,1
Malfestio Mail X,757,102,144,-2,1,1,-2,0,8,blademaster,both,1
Malfestio Braces X,757,102,144,-2,1,1,-2,0,8,blademaster,both,1
Malfestio Faulds X,757,102,144,-2,1,1,-2,0,8,blademaster,both,1
Malfestio Greaves X,757,102,144,-2,1,1,-2,0,8,blademaster,both,2
Zamtrios Helm X,758,102,144,-2,4,-4,3,0,8,blademaster,both,1
Zamtrios Mail X,758,102,144,-2,4,-4,3,0,8,blademaster,both,0
Zamtrios Braces X,758,102,144,-2,4,-4,3,0,8,blademaster,both,0
Zamtrios Faulds X,758,102,144,-2,4,-4,3,0,8,blademaster,both,1
Zamtrios Greaves X,758,102,144,-2,4,-4,3,0,8,blademaster,both,2
Khezu Helm X,759,108,150,-4,2,4,1,1,8,blademaster,both,1
Khezu Mail X,759,108,150,-4,2,4,1,1,8,blademaster,both,0
Khezu Vambraces X,759,108,150,-4,2,4,1,1,8,blademaster,both,2
Khezu Tassets X,759,108,150,-4,2,4,1,1,8,blademaster,both,1
Khezu Greaves X,759,108,150,-4,2,4,1,1,8,blademaster,both,1
Khezu Helm XR,760,102,144,-4,2,4,1,1,8,blademaster,both,1
Khezu Mail XR,760,102,144,-4,2,4,1,1,8,blademaster,both,1
Khezu Vambraces XR,760,102,144,-4,2,4,1,1,8,blademaster,both,1
Khezu Tassets XR,760,102,144,-4,2,4,1,1,8,blademaster,both,2
Khezu Greaves XR,760,102,144,-4,2,4,1,1,8,blademaster,both,1
Nerscylla Helm X,761,110,152,0,1,-2,2,2,8,blademaster,both,2
Nerscylla Mail X,761,110,152,0,1,-2,2,2,8,blademaster,both,0
Nerscylla Braces X,761,110,152,0,1,-2,2,2,8,blademaster,both,1
Nerscylla Faulds X,761,110,152,0,1,-2,2,2,8,blademaster,both,2
Nerscylla Greaves X,761,110,152,0,1,-2,2,2,8,blademaster,both,2
Rathian Helm X,762,112,154,3,0,-2,0,-3,8,blademaster,both,1
Rathian Mail X,762,112,154,3,0,-2,0,-3,8,blademaster,both,0
Rathian Vambraces X,762,112,154,3,0,-2,0,-3,8,blademaster,both,0
Rathian Faulds X,762,112,154,3,0,-2,0,-3,8,blademaster,both,2
Rathian Greaves X,762,112,154,3,0,-2,0,-3,8,blademaster,both,2
Rathian Helm GX,763,118,160,3,0,-2,0,-3,8,blademaster,both,1
Rathian Mail GX,763,118,160,3,0,-2,0,-3,8,blademaster,both,1
Rathian Braces GX,763,118,160,3,0,-2,0,-3,8,blademaster,both,1
Rathian Faulds GX,763,118,160,3,0,-2,0,-3,8,blademaster,both,1
Rathian Greaves GX,763,118,160,3,0,-2,0,-3,8,blademaster,both,2
Rathian Helm XR,764,106,148,3,0,-2,0,-3,8,blademaster,both,1
Rathian Mail XR,764,106,148,3,0,-2,0,-3,8,blademaster,both,2
Rathian Braces XR,764,106,148,3,0,-2,0,-3,8,blademaster,both,1
Rathian Faulds XR,764,106,148,3,0,-2,0,-3,8,blademaster,both,0
Rathian Greaves XR,764,106,148,3,0,-2,0,-3,8,blademaster,both,1
Nibelsnarf Helm X,765,112,154,2,-3,-1,0,1,8,blademaster,both,1
Nibelsnarf Mail X,765,112,154,2,-3,-1,0,1,8,blademaster,both,1
Nibelsnarf Braces X,765,112,154,2,-3,-1,0,1,8,blademaster,both,2
Nibelsnarf Faulds X,765,112,154,2,-3,-1,0,1,8,blademaster,both,2
Nibelsnarf Greaves X,765,112,154,2,-3,-1,0,1,8,blademaster,both,2
Plesioth Helm X,766,114,156,-2,2,-4,4,1,8,blademaster,both,1
Plesioth Mail X,766,114,156,-2,2,-4,4,1,8,blademaster,both,1
Plesioth Vambraces X,766,114,156,-2,2,-4,4,1,8,blademaster,both,1
Plesioth Greaves X,766,114,156,-2,2,-4,4,1,8,blademaster,both,1
Blango Helm X,767,108,150,-4,4,0,1,0,8,blademaster,both,1
Blango Mail X,767,108,150,-4,4,0,1,0,8,blademaster,both,2
Blango Vambraces X,767,108,150,-4,4,0,1,0,8,blademaster,both,2
Blango Tassets X,767,108,150,-4,4,0,1,0,8,blademaster,both,0
Blango Greaves X,767,108,150,-4,4,0,1,0,8,blademaster,both,2
Blango Helm GX,768,116,158,-4,4,0,1,0,8,blademaster,both,2
Blango Mail GX,768,116,158,-4,4,0,1,0,8,blademaster,both,1
Blango Vambraces GX,768,116,158,-4,4,0,1,0,8,blademaster,both,1
Blango Tassets GX,768,116,158,-4,4,0,1,0,8,blademaster,both,1
Blango Greaves GX,768,116,158,-4,4,0,1,0,8,blademaster,both,2
Lava Helm X,769,114,156,4,0,0,-4,1,8,blademaster,both,0
Lava Mail X,769,114,156,4,0,0,-4,1,8,blademaster,both,1
Lava Vambraces X,769,114,156,4,0,0,-4,1,8,blademaster,both,1
Lava Tassets X,769,114,156,4,0,0,-4,1,8,blademaster,both,1
Lava Greaves X,769,114,156,4,0,0,-4,1,8,blademaster,both,2
Lavasioth Helm GX,770,120,162,4,0,0,-4,1,8,blademaster,both,1
Lavasioth Mail GX,770,120,162,4,0,0,-4,1,8,blademaster,both,1
Lavasioth Braces GX,770,120,162,4,0,0,-4,1,8,blademaster,both,2
Lavasioth Tassets GX,770,120,162,4,0,0,-4,1,8,blademaster,both,2
Lavasioth Greaves GX,770,120,162,4,0,0,-4,1,8,blademaster,both,2
Ceanataur Helm X,771,110,152,1,-1,-1,2,0,8,blademaster,both,2
Ceanataur Mail X,771,110,152,1,-1,-1,2,0,8,blademaster,both,2
Ceanataur Braces X,771,110,152,1,-1,-1,2,0,8,blademaster,both,2
Ceanataur Tassets X,771,110,152,1,-1,-1,2,0,8,blademaster,both,1
Ceanataur Greaves X,771,110,152,1,-1,-1,2,0,8,blademaster,both,2
Ceanataur Helm GX,772,118,160,1,-1,-1,2,0,8,blademaster,both,1
Ceanataur Mail GX,772,118,160,1,-1,-1,2,0,8,blademaster,both,0
Ceanataur Braces GX,772,118,160,1,-1,-1,2,0,8,blademaster,both,1
Ceanataur Tassets GX,772,118,160,1,-1,-1,2,0,8,blademaster,both,0
Ceanataur Greaves GX,772,118,160,1,-1,-1,2,0,8,blademaster,both,1
Ceanataur Helm XR,773,104,146,1,-1,-1,2,0,8,blademaster,both,1
Ceanataur Mail XR,773,104,146,1,-1,-1,2,0,8,blademaster,both,1
Ceanataur Braces XR,773,104,146,1,-1,-1,2,0,8,blademaster,both,0
Ceanataur Tassets XR,773,104,146,1,-1,-1,2,0,8,blademaster,both,1
Ceanataur Greaves XR,773,104,146,1,-1,-1,2,0,8,blademaster,both,1
Najarala Helm X,774,112,154,1,-3,0,-1,1,8,blademaster,both,1
Najarala Mail X,774,112,154,1,-3,0,-1,1,8,blademaster,both,1
Najarala Braces X,774,112,154,1,-3,0,-1,1,8,blademaster,both,1
Najarala Faulds X,774,112,154,1,-3,0,-1,1,8,blademaster,both,2
Najarala Greaves X,774,112,154,1,-3,0,-1,1,8,blademaster,both,2
Nargacuga Helm X,775,100,142,-2,1,-3,1,1,8,blademaster,both,1
Nargacuga Mail X,775,100,142,-2,1,-3,1,1,8,blademaster,both,1
Nargacuga Braces X,775,100,142,-2,1,-3,1,1,8,blademaster,both,2
Nargacuga Faulds X,775,100,142,-2,1,-3,1,1,8,blademaster,both,3
Nargacuga Greaves X,775,100,142,-2,1,-3,1,1,8,blademaster,both,1
Garuga Helm X,776,116,158,2,0,2,-1,0,8,blademaster,both,0
Garuga Mail X,776,116,158,2,0,2,-1,0,8,blademaster,both,1
Garuga Vambraces X,776,116,158,2,0,2,-1,0,8,blademaster,both,1
Garuga Tassets X,776,116,158,2,0,2,-1,0,8,blademaster,both,2
Garuga Greaves X,776,116,158,2,0,2,-1,0,8,blademaster,both,1
Uragaan Helm X,777,126,168,3,-1,0,-4,-2,8,blademaster,both,0
Uragaan Mail X,777,126,168,3,-1,0,-4,-2,8,blademaster,both,1
Uragaan Vambraces X,777,126,168,3,-1,0,-4,-2,8,blademaster,both,2
Uragaan Faulds X,777,126,168,3,-1,0,-4,-2,8,blademaster,both,1
Uragaan Greaves X,777,126,168,3,-1,0,-4,-2,8,blademaster,both,2
GX Kita Star Headdress,778,118,160,-2,3,-2,4,2,8,blademaster,both,2
GX Kita Star Jacket,778,118,160,-2,3,-2,4,2,8,blademaster,both,1
GX Kita Star Sleeves,778,118,160,-2,3,-2,4,2,8,blademaster,both,3
GX Kita Star Hakama,778,118,160,-2,3,-2,4,2,8,blademaster,both,2
G. Knight Feather X,779,104,146,0,0,0,0,0,8,blademaster,male,1
G. Knight Suit X,779,104,146,0,0,0,0,0,8,blademaster,male,1
G. Knight Gloves X,779,104,146,0,0,0,0,0,8,blademaster,male,1
G. Knight Coat X,779,104,146,0,0,0,0,0,8,blademaster,male,1
G. Knight Boots X,779,104,146,0,0,0,0,0,8,blademaster,male,1
Guild Bard Lobos X,780,104,146,0,0,0,0,0,8,blademaster,male,1
Guild Bard Bolero X,780,104,146,0,0,0,0,0,8,blademaster,male,1
Guild Bard Braces X,780,104,146,0,0,0,0,0,8,blademaster,male,1
Guild Bard Coil X,780,104,146,0,0,0,0,0,8,blademaster,male,1
Guild Bard Boots X,780,104,146,0,0,0,0,0,8,blademaster,male,1
Dark Metal Boots X,781,116,158,0,-1,0,-1,5,8,blademaster,both,0
Chrome Metal Coil X,782,110,152,-2,-2,-2,-2,4,8,blademaster,both,0
Chrome Metal Boots X,782,110,152,-2,-2,-2,-2,4,8,blademaster,both,0
Strange Helm X,783,110,152,1,1,1,1,3,8,blademaster,both,0
Strange Mail X,783,110,152,1,1,1,1,3,8,blademaster,both,0
Strange Vambraces X,783,110,152,1,1,1,1,3,8,blademaster,both,1
Strange Faulds X,783,110,152,1,1,1,1,3,8,blademaster,both,1
Strange Greaves X,783,110,152,1,1,1,1,3,8,blademaster,both,1
Leather Cap X,783,40,67,0,0,1,1,0,8,gunner,both,1
Leather Vest X,783,40,67,0,0,1,1,0,8,gunner,both,1
Leather Guards X,783,40,67,0,0,1,1,0,8,gunner,both,1
Leather Coat X,783,40,67,0,0,1,1,0,8,gunner,both,3
Leather Leggings X,783,40,67,0,0,1,1,0,8,gunner,both,2
Chainmail Cap X,784,41,68,0,1,1,0,0,8,gunner,both,3
Chainmail Vest X,784,41,68,0,1,1,0,0,8,gunner,both,1
Chainmail Guards X,784,41,68,0,1,1,0,0,8,gunner,both,1
Chainmail Coat X,784,41,68,0,1,1,0,0,8,gunner,both,2
Chainmail Leggings X,784,41,68,0,1,1,0,0,8,gunner,both,1
Bherna Cap X,785,44,71,0,0,0,2,0,8,gunner,both,2
Bherna Vest X,785,44,71,0,0,0,2,0,8,gunner,both,2
Bherna Guards X,785,44,71,0,0,0,2,0,8,gunner,both,1
Bherna Coat X,785,44,71,0,0,0,2,0,8,gunner,both,1
Bherna Leggings X,785,44,71,0,0,0,2,0,8,gunner,both,2
Hunting Cap X,786,44,71,2,0,0,0,0,8,gunner,both,2
Hunting Vest X,786,44,71,2,0,0,0,0,8,gunner,both,1
Hunting Guards X,786,44,71,2,0,0,0,0,8,gunner,both,1
Hunting Coat X,786,44,71,2,0,0,0,0,8,gunner,both,2
Hunting Leggings X,786,44,71,2,0,0,0,0,8,gunner,both,2
Mafumofu Cap X,787,44,71,-1,4,0,0,0,8,gunner,both,2
Mafumofu Jacket X,787,44,71,-1,4,0,0,0,8,gunner,both,1
Mafumofu Mittens X,787,44,71,-1,4,0,0,0,8,gunner,both,2
Mafumofu Coat X,787,44,71,-1,4,0,0,0,8,gunner,both,2
Mafumofu Tights X,787,44,71,-1,4,0,0,0,8,gunner,both,1
Yukumo Land Kasa Goku,788,44,71,0,0,2,0,0,8,gunner,both,1
Yukumo Land Dogi Goku,788,44,71,0,0,2,0,0,8,gunner,both,1
Yukumo Land Kote Goku,788,44,71,0,0,2,0,0,8,gunner,both,1
Yukumo Land Obi Goku,788,44,71,0,0,2,0,0,8,gunner,both,2
Yukumo Land Hakama Goku,788,44,71,0,0,2,0,0,8,gunner,both,2
Hunter's Cap X,789,51,78,0,0,0,0,0,8,gunner,both,0
Hunter's Vest X,789,51,78,0,0,0,0,0,8,gunner,both,1
Hunter's Guards X,789,51,78,0,0,0,0,0,8,gunner,both,1
Hunter's Coat X,789,51,78,0,0,0,0,0,8,gunner,both,1
Hunter's Leggings X,789,51,78,0,0,0,0,0,8,gunner,both,2
Hunter's Cap XR,790,48,75,0,0,0,0,0,8,gunner,both,2
Hunter's Vest XR,790,48,75,0,0,0,0,0,8,gunner,both,1
Hunter's Guards XR,790,48,75,0,0,0,0,0,8,gunner,both,0
Hunter's Coat XR,790,48,75,0,0,0,0,0,8,gunner,both,1
Hunter's Leggings XR,790,48,75,0,0,0,0,0,8,gunner,both,1
Bone Cap X,791,53,80,0,-1,0,0,0,8,gunner,both,1
Bone Vest X,791,53,80,0,-1,0,0,0,8,gunner,both,1
Bone Guards X,791,53,80,0,-1,0,0,0,8,gunner,both,2
Bone Coat X,791,53,80,0,-1,0,0,0,8,gunner,both,2
Bone Leggings X,791,53,80,0,-1,0,0,0,8,gunner,both,1
Metal Feet X,792,57,84,0,0,-2,3,0,8,gunner,both,1
Grand Chaos Diadem,793,54,81,4,0,0,-2,0,8,gunner,both,2
Grand Chaos Brigandine,793,54,81,4,0,0,-2,0,8,gunner,both,3
Trapper's Gloves X,794,49,76,0,0,0,1,0,8,gunner,both,1
Trapper's Boots X,794,49,76,0,0,0,1,0,8,gunner,both,1
Maccao Gloves X,795,51,78,0,0,1,0,0,8,gunner,both,2
Maccao Boots X,795,51,78,0,0,1,0,0,8,gunner,both,2
Jaggi Gloves X,796,51,78,0,1,0,0,0,8,gunner,both,2
Jaggi Boots X,796,51,78,0,1,0,0,0,8,gunner,both,2
Melahoa Bloom X,797,57,84,0,0,1,1,0,8,gunner,both,1
Melahoa Stalk X,797,57,84,0,0,1,1,0,8,gunner,both,0
Melahoa Petal X,797,57,84,0,0,1,1,0,8,gunner,both,1
Melahoa Trunk X,797,57,84,0,0,1,1,0,8,gunner,both,3
Melahoa Taproot X,797,57,84,0,0,1,1,0,8,gunner,both,1
Melahoa Bloom Z,798,63,90,0,0,1,1,0,8,gunner,both,1
Melahoa Stalk Z,798,63,90,0,0,1,1,0,8,gunner,both,1
Melahoa Petal Z,798,63,90,0,0,1,1,0,8,gunner,both,1
Melahoa Trunk Z,798,63,90,0,0,1,1,0,8,gunner,both,3
Melahoa Taproot Z,798,63,90,0,0,1,1,0,8,gunner,both,1
Makluva Gills X,799,58,85,1,0,-2,3,0,8,gunner,both,1
Makluva Scale X,799,58,85,1,0,-2,3,0,8,gunner,both,1
Makluva Sucker X,799,58,85,1,0,-2,3,0,8,gunner,both,1
Makluva Fin X,799,58,85,1,0,-2,3,0,8,gunner,both,1
Makluva Leggings X,799,58,85,1,0,-2,3,0,8,gunner,both,2
Makluva Gills Z,800,64,91,1,0,-2,3,0,8,gunner,both,1
Makluva Scale Z,800,64,91,1,0,-2,3,0,8,gunner,both,2
Makluva Sucker Z,800,64,91,1,0,-2,3,0,8,gunner,both,1
Makluva Fin Z,800,64,91,1,0,-2,3,0,8,gunner,both,1
Makluva Leggings Z,800,64,91,1,0,-2,3,0,8,gunner,both,2
Obituary Clypeus X,801,62,89,3,-2,2,-2,4,8,gunner,male,1
Obituary Pleuron X,801,62,89,3,-2,2,-2,4,8,gunner,male,2
Obituary Manus X,801,62,89,3,-2,2,-2,4,8,gunner,male,1
Obituary Alae X,801,62,89,3,-2,2,-2,4,8,gunner,male,2
Obituary Tarsi X,801,62,89,3,-2,2,-2,4,8,gunner,male,0
Butterfly Clypeus X,802,62,89,3,-2,2,-2,4,8,gunner,female,1
Butterfly Pleuron X,802,62,89,3,-2,2,-2,4,8,gunner,female,2
Butterfly Manus X,802,62,89,3,-2,2,-2,4,8,gunner,female,1
Butterfly Alae X,802,62,89,3,-2,2,-2,4,8,gunner,female,2
Butterfly Tarsi X,802,62,89,3,-2,2,-2,4,8,gunner,female,0
Death Stench Soul X,803,61,88,3,-1,1,1,0,8,gunner,both,1
Death Stench Heart X,803,61,88,3,-1,1,1,0,8,gunner,both,2
Death Stench Grasp X,803,61,88,3,-1,1,1,0,8,gunner,both,2
Death Stench Belly X,803,61,88,3,-1,1,1,0,8,gunner,both,1
Death Stench March X,803,61,88,3,-1,1,1,0,8,gunner,both,2
Death Stench Soul XR,804,58,85,3,-1,1,1,0,8,gunner,both,0
Death Stench Heart XR,804,58,85,3,-1,1,1,0,8,gunner,both,1
Death Stench Grasp XR,804,58,85,3,-1,1,1,0,8,gunner,both,2
Death Stench Belly XR,804,58,85,3,-1,1,1,0,8,gunner,both,1
Death Stench March XR,804,58,85,3,-1,1,1,0,8,gunner,both,1
Acorn Cap X,805,53,80,3,-2,0,3,0,8,gunner,both,1
Acorn Vest X,805,53,80,3,-2,0,3,0,8,gunner,both,0
Mosgharl Brim X,806,53,80,-3,3,0,2,0,8,gunner,male,1
Mosgharl Ribguard X,806,53,80,-3,3,0,2,0,8,gunner,male,1
Mosgharl Tendril X,806,53,80,-3,3,0,2,0,8,gunner,male,1
Mosgharl Fronds X,806,53,80,-3,3,0,2,0,8,gunner,male,2
Mosgharl Radicles X,806,53,80,-3,3,0,2,0,8,gunner,male,1
Mosgharl Brim X,807,53,80,-3,3,0,2,0,8,gunner,female,1
Mosgharl Ribguard X,807,53,80,-3,3,0,2,0,8,gunner,female,1
Mosgharl Tendril X,807,53,80,-3,3,0,2,0,8,gunner,female,1
Mosgharl Fronds X,807,53,80,-3,3,0,2,0,8,gunner,female,2
Mosgharl Radicles X,807,53,80,-3,3,0,2,0,8,gunner,female,1
Edel Bloom X,808,52,79,-1,0,-1,4,0,8,gunner,both,2
Edel Ribguard X,808,52,79,-1,0,-1,4,0,8,gunner,both,1
Edel Tendril X,808,52,79,-1,0,-1,4,0,8,gunner,both,1
Edel Fronds X,808,52,79,-1,0,-1,4,0,8,gunner,both,2
Edel Radicles X,808,52,79,-1,0,-1,4,0,8,gunner,both,0
Skalda Clypeus X,809,61,88,4,-1,-1,-1,3,8,gunner,male,1
Skalda Pleuron X,809,61,88,4,-1,-1,-1,3,8,gunner,male,1
Skalda Manus X,809,61,88,4,-1,-1,-1,3,8,gunner,male,1
Skalda Alae X,809,61,88,4,-1,-1,-1,3,8,gunner,male,2
Skalda Tarsi X,809,61,88,4,-1,-1,-1,3,8,gunner,male,2
Spio Clypeus X,810,61,88,4,-1,-1,-1,3,8,gunner,female,1
Spio Pleuron X,810,61,88,4,-1,-1,-1,3,8,gunner,female,1
Spio Manus X,810,61,88,4,-1,-1,-1,3,8,gunner,female,1
Spio Alae X,810,61,88,4,-1,-1,-1,3,8,gunner,female,2
Spio Tarsi X,810,61,88,4,-1,-1,-1,3,8,gunner,female,2
Alloy Cap X,811,66,93,-1,-1,-1,0,0,8,gunner,both,1
Alloy Vest X,811,66,93,-1,-1,-1,0,0,8,gunner,both,1
Alloy Guards X,811,66,93,-1,-1,-1,0,0,8,gunner,both,0
Alloy Coat X,811,66,93,-1,-1,-1,0,0,8,gunner,both,2
Alloy Leggings X,811,66,93,-1,-1,-1,0,0,8,gunner,both,2
Alloy Cap XR,812,61,88,-1,-1,-1,0,0,8,gunner,both,1
Alloy Vest XR,812,61,88,-1,-1,-1,0,0,8,gunner,both,1
Alloy Guards XR,812,61,88,-1,-1,-1,0,0,8,gunner,both,0
Alloy Coat XR,812,61,88,-1,-1,-1,0,0,8,gunner,both,0
Alloy Leggings XR,812,61,88,-1,-1,-1,0,0,8,gunner,both,0
Battle Cap X,813,66,93,2,0,-1,-1,0,8,gunner,both,2
Battle Vest X,813,66,93,2,0,-1,-1,0,8,gunner,both,2
Battle Guards X,813,66,93,2,0,-1,-1,0,8,gunner,both,1
Battle Coat X,813,66,93,2,0,-1,-1,0,8,gunner,both,0
Battle Leggings X,813,66,93,2,0,-1,-1,0,8,gunner,both,1
Ingot Cap X,814,67,94,-1,0,2,-1,0,8,gunner,both,2
Ingot Vest X,814,67,94,-1,0,2,-1,0,8,gunner,both,1
Ingot Guards X,814,67,94,-1,0,2,-1,0,8,gunner,both,1
Ingot Coat X,814,67,94,-1,0,2,-1,0,8,gunner,both,3
Ingot Leggings X,814,67,94,-1,0,2,-1,0,8,gunner,both,1
Ingot Cap XR,815,62,89,-1,0,2,-1,0,8,gunner,both,0
Ingot Vest XR,815,62,89,-1,0,2,-1,0,8,gunner,both,0
Ingot Guards XR,815,62,89,-1,0,2,-1,0,8,gunner,both,1
Ingot Coat XR,815,62,89,-1,0,2,-1,0,8,gunner,both,0
Ingot Leggings XR,815,62,89,-1,0,2,-1,0,8,gunner,both,0
High Metal Cap X,816,66,93,0,-1,3,-1,0,8,gunner,both,1
High Metal Vest X,816,66,93,0,-1,3,-1,0,8,gunner,both,1
High Metal Guards X,816,66,93,0,-1,3,-1,0,8,gunner,both,0
High Metal Coat X,816,66,93,0,-1,3,-1,0,8,gunner,both,2
Hi Metal Leggings X,816,66,93,0,-1,3,-1,0,8,gunner,both,2
High Metal Cap Z,817,66,93,0,-1,3,-1,0,8,gunner,both,0
High Metal Vest Z,817,66,93,0,-1,3,-1,0,8,gunner,both,1
High Metal Guards Z,817,66,93,0,-1,3,-1,0,8,gunner,both,1
High Metal Coat Z,817,66,93,0,-1,3,-1,0,8,gunner,both,1
Hi Metal Leggings Z,817,66,93,0,-1,3,-1,0,8,gunner,both,1
Pink Metal Feet X,818,61,88,6,-1,-1,-1,0,8,gunner,female,1
Lobster Mask X,819,61,88,-1,-1,-1,5,-1,8,gunner,both,1
Lobster Vest X,819,61,88,-1,-1,-1,5,-1,8,gunner,both,0
Lobster Guards X,819,61,88,-1,-1,-1,5,-1,8,gunner,both,1
Lobster Coat X,819,61,88,-1,-1,-1,5,-1,8,gunner,both,0
Lobster Feet X,819,61,88,-1,-1,-1,5,-1,8,gunner,both,1
Vaik Cap X,820,66,93,0,-1,-2,4,0,8,gunner,both,2
Vaik Vest X,820,66,93,0,-1,-2,4,0,8,gunner,both,0
Vaik Guards X,820,66,93,0,-1,-2,4,0,8,gunner,both,1
Vaik Coat X,820,66,93,0,-1,-2,4,0,8,gunner,both,2
Vaik Leggings X,820,66,93,0,-1,-2,4,0,8,gunner,both,2
Bistro Cap X,821,58,85,4,3,0,1,0,8,gunner,both,1
Bistro Vest X,821,58,85,4,3,0,1,0,8,gunner,both,1
Bistro Apron X,821,58,85,4,3,0,1,0,8,gunner,both,1
Patissier's Cap X,822,61,88,4,2,0,0,-2,8,gunner,both,1
Patissier's Vest X,822,61,88,4,2,0,0,-2,8,gunner,both,0
Patissier's Mitts X,822,61,88,4,2,0,0,-2,8,gunner,both,1
Patissier's Apron X,822,61,88,4,2,0,0,-2,8,gunner,both,2
Patissier's Footwear X,822,61,88,4,2,0,0,-2,8,gunner,both,1
Gourmew Cap X,823,69,96,1,1,1,1,1,8,gunner,male,3
Gourmew Vest X,823,69,96,1,1,1,1,1,8,gunner,male,0
Gourmew Mitts X,823,69,96,1,1,1,1,1,8,gunner,male,0
Gourmew Apron X,823,69,96,1,1,1,1,1,8,gunner,male,0
Gourmew Paws X,823,69,96,1,1,1,1,1,8,gunner,male,2
Gourmew Cap X,824,69,96,1,1,1,1,1,8,gunner,female,3
Gourmew Vest X,824,69,96,1,1,1,1,1,8,gunner,female,0
Gourmew Mitts X,824,69,96,1,1,1,1,1,8,gunner,female,0
Gourmew Apron X,824,69,96,1,1,1,1,1,8,gunner,female,0
Gourmew Paws X,824,69,96,1,1,1,1,1,8,gunner,female,2
Aelucanth Clypeus X,825,66,93,-2,-2,3,0,3,8,gunner,male,1
Aelucanth Pleuron X,825,66,93,-2,-2,3,0,3,8,gunner,male,1
Aelucanth Manus X,825,66,93,-2,-2,3,0,3,8,gunner,male,0
Aelucanth Alae X,825,66,93,-2,-2,3,0,3,8,gunner,male,1
Aelucanth Tarsi X,825,66,93,-2,-2,3,0,3,8,gunner,male,1
Rhopessa Clypeus X,826,66,93,-2,-2,3,0,3,8,gunner,female,1
Rhopessa Pleuron X,826,66,93,-2,-2,3,0,3,8,gunner,female,1
Rhopessa Manus X,826,66,93,-2,-2,3,0,3,8,gunner,female,0
Rhopessa Alae X,826,66,93,-2,-2,3,0,3,8,gunner,female,1
Rhopessa Tarsi X,826,66,93,-2,-2,3,0,3,8,gunner,female,1
Lecturer's Cap X,827,61,88,0,0,0,0,0,8,gunner,female,0
Lecturer's Jacket X,827,61,88,0,0,0,0,0,8,gunner,female,0
Lecturer's Guards X,827,61,88,0,0,0,0,0,8,gunner,female,1
Lecturer's Frills X,827,61,88,0,0,0,0,0,8,gunner,female,0
Lecturer's Footwear X,827,61,88,0,0,0,0,0,8,gunner,female,2
Derring Cap X,828,63,90,1,1,1,1,1,8,gunner,both,2
Derring Vest X,828,63,90,1,1,1,1,1,8,gunner,both,1
Derring Guards X,828,63,90,1,1,1,1,1,8,gunner,both,0
Derring Coat X,828,63,90,1,1,1,1,1,8,gunner,both,0
Derring Leggings X,828,63,90,1,1,1,1,1,8,gunner,both,2
Artian Cap X,829,67,94,3,2,-2,-2,3,8,gunner,both,3
Artian Vest X,829,67,94,3,2,-2,-2,3,8,gunner,both,1
Artian Guards X,829,67,94,3,2,-2,-2,3,8,gunner,both,1
Artian Coat X,829,67,94,3,2,-2,-2,3,8,gunner,both,1
Artian Leggings X,829,67,94,3,2,-2,-2,3,8,gunner,both,1
Artian Cap XR,830,63,90,3,2,-2,-2,3,8,gunner,both,1
Artian Vest XR,830,63,90,3,2,-2,-2,3,8,gunner,both,2
Artian Guards XR,830,63,90,3,2,-2,-2,3,8,gunner,both,1
Artian Coat XR,830,63,90,3,2,-2,-2,3,8,gunner,both,0
Artian Leggings XR,830,63,90,3,2,-2,-2,3,8,gunner,both,0
French Maid Glasses X,831,61,88,0,0,0,0,0,8,gunner,female,1
French Maid Vest X,831,61,88,0,0,0,0,0,8,gunner,female,1
French Maid Sleeves X,831,61,88,0,0,0,0,0,8,gunner,female,1
French Maid Frills X,831,61,88,0,0,0,0,0,8,gunner,female,1
French Maid Tights X,831,61,88,0,0,0,0,0,8,gunner,female,1
Campanile Masacap,832,61,88,0,0,0,0,0,8,gunner,female,1
Campanile Masajacket,832,61,88,0,0,0,0,0,8,gunner,female,0
Campanile Masasleeves,832,61,88,0,0,0,0,0,8,gunner,female,1
Campanile Masaskirt,832,61,88,0,0,0,0,0,8,gunner,female,1
Campanile Masapants,832,61,88,0,0,0,0,0,8,gunner,female,1
Hawkcap X,833,68,95,0,0,0,0,0,8,gunner,male,0
Hawkjacket X,833,68,95,0,0,0,0,0,8,gunner,male,0
Hawkguards X,833,68,95,0,0,0,0,0,8,gunner,male,1
Hawkcoat X,833,68,95,0,0,0,0,0,8,gunner,male,2
Hawkfeet X,833,68,95,0,0,0,0,0,8,gunner,male,2
Scholarly Cap X,834,68,95,0,0,0,0,0,8,gunner,both,1
Scholarly Vest X,834,68,95,0,0,0,0,0,8,gunner,both,2
Scholarly Cuffs X,834,68,95,0,0,0,0,0,8,gunner,both,2
Scholarly Coat X,834,68,95,0,0,0,0,0,8,gunner,both,1
Scholarly Tights X,834,68,95,0,0,0,0,0,8,gunner,both,2
Dober Cap X,835,69,96,-2,0,0,0,5,8,gunner,both,2
Dober Vest X,835,69,96,-2,0,0,0,5,8,gunner,both,1
Dober Guards X,835,69,96,-2,0,0,0,5,8,gunner,both,0
Dober Coat X,835,69,96,-2,0,0,0,5,8,gunner,both,1
Dober Leggings X,835,69,96,-2,0,0,0,5,8,gunner,both,1
Scholar's Cap X,836,68,95,0,0,0,0,0,8,gunner,female,1
Scholar's Vest X,836,68,95,0,0,0,0,0,8,gunner,female,2
Scholar's Sleeves X,836,68,95,0,0,0,0,0,8,gunner,female,2
Scholar's Mini X,836,68,95,0,0,0,0,0,8,gunner,female,2
Scholar's Sandals X,836,68,95,0,0,0,0,0,8,gunner,female,3
Sailor Cap X,837,68,95,0,0,0,0,0,8,gunner,female,1
Sailor Vest X,837,68,95,0,0,0,0,0,8,gunner,female,1
Sailor Sleeves X,837,68,95,0,0,0,0,0,8,gunner,female,2
Sailor Mini X,837,68,95,0,0,0,0,0,8,gunner,female,2
Sailor Sandals X,837,68,95,0,0,0,0,0,8,gunner,female,2
Mariner Cap X,838,68,95,0,0,0,0,0,8,gunner,female,1
Mariner Vest X,838,68,95,0,0,0,0,0,8,gunner,female,1
Mariner Sleeves X,838,68,95,0,0,0,0,0,8,gunner,female,1
Mariner Frills X,838,68,95,0,0,0,0,0,8,gunner,female,1
Mariner Sandals X,838,68,95,0,0,0,0,0,8,gunner,female,1
Slagtoth Cowl X,839,52,79,-2,-1,0,3,1,8,gunner,both,1
Slagtoth Wrap X,839,52,79,-2,-1,0,3,1,8,gunner,both,0
Jaggi Cap X,840,52,79,-2,0,0,0,0,8,gunner,both,0
Jaggi Vest X,840,52,79,-2,0,0,0,0,8,gunner,both,1
Jaggi Guards X,840,52,79,-2,0,0,0,0,8,gunner,both,2
Jaggi Coat X,840,52,79,-2,0,0,0,0,8,gunner,both,1
Jaggi Leggings X,840,52,79,-2,0,0,0,0,8,gunner,both,1
Maccao Cap X,841,53,80,-2,1,1,1,1,8,gunner,both,1
Maccao Vest X,841,53,80,-2,1,1,1,1,8,gunner,both,1
Maccao Guards X,841,53,80,-2,1,1,1,1,8,gunner,both,2
Maccao Coat X,841,53,80,-2,1,1,1,1,8,gunner,both,2
Maccao Leggings X,841,53,80,-2,1,1,1,1,8,gunner,both,1
Velociprey Cap X,842,53,80,0,-2,1,1,0,8,gunner,both,1
Velociprey Vest X,842,53,80,0,-2,1,1,0,8,gunner,both,0
Velociprey Guards X,842,53,80,0,-2,1,1,0,8,gunner,both,2
Velociprey Coat X,842,53,80,0,-2,1,1,0,8,gunner,both,2
Velociprey Leggings X,842,53,80,0,-2,1,1,0,8,gunner,both,2
Giaprey Cap X,843,53,80,0,3,-1,0,0,8,gunner,both,1
Giaprey Vest X,843,53,80,0,3,-1,0,0,8,gunner,both,1
Giaprey Guards X,843,53,80,0,3,-1,0,0,8,gunner,both,1
Giaprey Coat X,843,53,80,0,3,-1,0,0,8,gunner,both,2
Giaprey Leggings X,843,53,80,0,3,-1,0,0,8,gunner,both,3
Genprey Cap X,844,54,81,1,-2,2,0,0,8,gunner,both,2
Genprey Vest X,844,54,81,1,-2,2,0,0,8,gunner,both,1
Genprey Guards X,844,54,81,1,-2,2,0,0,8,gunner,both,1
Genprey Coat X,844,54,81,1,-2,2,0,0,8,gunner,both,2
Genprey Leggings X,844,54,81,1,-2,2,0,0,8,gunner,both,1
Genprey Cap GX,845,60,87,1,-2,2,0,0,8,gunner,both,1
Genprey Vest GX,845,60,87,1,-2,2,0,0,8,gunner,both,1
Genprey Guards GX,845,60,87,1,-2,2,0,0,8,gunner,both,2
Genprey Coat GX,845,60,87,1,-2,2,0,0,8,gunner,both,2
Genprey Leggings GX,845,60,87,1,-2,2,0,0,8,gunner,both,2
Vespoid Cap X,846,54,81,-2,2,2,2,3,8,gunner,both,3
Vespoid Vest X,846,54,81,-2,2,2,2,3,8,gunner,both,2
Vespoid Guards X,846,54,81,-2,2,2,2,3,8,gunner,both,2
Vespoid Coat X,846,54,81,-2,2,2,2,3,8,gunner,both,1
Vespoid Leggings X,846,54,81,-2,2,2,2,3,8,gunner,both,2
Vespoid Cap GX,847,62,89,-2,2,2,2,3,8,gunner,both,1
Vespoid Vest GX,847,62,89,-2,2,2,2,3,8,gunner,both,1
Vespoid Guards GX,847,62,89,-2,2,2,2,3,8,gunner,both,2
Vespoid Coat GX,847,62,89,-2,2,2,2,3,8,gunner,both,2
Vespoid Leggings GX,847,62,89,-2,2,2,2,3,8,gunner,both,2
Hornetaur Cap X,848,57,84,-1,-1,-1,-1,6,8,gunner,both,1
Hornetaur Vest X,848,57,84,-1,-1,-1,-1,6,8,gunner,both,1
Hornetaur Guards X,848,57,84,-1,-1,-1,-1,6,8,gunner,both,2
Hornetaur Coat X,848,57,84,-1,-1,-1,-1,6,8,gunner,both,2
Hornetaur Leggings X,848,57,84,-1,-1,-1,-1,6,8,gunner,both,2
Hornetaur Cap GX,849,60,87,-1,-1,-1,-1,6,8,gunner,both,1
Hornetaur Vest GX,849,60,87,-1,-1,-1,-1,6,8,gunner,both,1
Hornetaur Guards GX,849,60,87,-1,-1,-1,-1,6,8,gunner,both,1
Hornetaur Coat GX,849,60,87,-1,-1,-1,-1,6,8,gunner,both,1
Hornetaur Leggings GX,849,60,87,-1,-1,-1,-1,6,8,gunner,both,1
Hornetaur Cap XR,850,54,81,-1,-1,-1,-1,6,8,gunner,both,2
Hornetaur Vest XR,850,54,81,-1,-1,-1,-1,6,8,gunner,both,2
Hornetaur Guards XR,850,54,81,-1,-1,-1,-1,6,8,gunner,both,0
Hornetaur Coat XR,850,54,81,-1,-1,-1,-1,6,8,gunner,both,0
Hornetaur Leggings XR,850,54,81,-1,-1,-1,-1,6,8,gunner,both,1
Bnahabra Headpiece X,851,54,81,-2,1,1,1,3,8,gunner,both,2
Bnahabra Vest X,851,54,81,-2,1,1,1,3,8,gunner,both,1
Bnahabra Sleeves X,851,54,81,-2,1,1,1,3,8,gunner,both,2
Bnahabra Coat X,851,54,81,-2,1,1,1,3,8,gunner,both,1
Bnahabra Pants X,851,54,81,-2,1,1,1,3,8,gunner,both,1
Konchu Cap X,852,58,85,0,2,2,2,2,8,gunner,both,2
Konchu Guards X,852,58,85,0,2,2,2,2,8,gunner,both,2
Rhenoplos Cap X,853,54,81,3,-2,0,0,0,8,gunner,both,1
Rhenoplos Vest X,853,54,81,3,-2,0,0,0,8,gunner,both,1
Rhenoplos Guards X,853,54,81,3,-2,0,0,0,8,gunner,both,2
Rhenoplos Coat X,853,54,81,3,-2,0,0,0,8,gunner,both,1
Rhenoplos Leggings X,853,54,81,3,-2,0,0,0,8,gunner,both,1
Bulldrome Cap X,854,58,85,0,1,-2,3,0,8,gunner,both,1
Bulldrome Vest X,854,58,85,0,1,-2,3,0,8,gunner,both,1
Bulldrome Guards X,854,58,85,0,1,-2,3,0,8,gunner,both,2
Bulldrome Coat X,854,58,85,0,1,-2,3,0,8,gunner,both,1
Bulldrome Leggings X,854,58,85,0,1,-2,3,0,8,gunner,both,2
Arzuros Cap X,855,60,87,-2,0,-2,0,0,8,gunner,both,2
Arzuros Vest X,855,60,87,-2,0,-2,0,0,8,gunner,both,0
Arzuros Guards X,855,60,87,-2,0,-2,0,0,8,gunner,both,0
Arzuros Coat X,855,60,87,-2,0,-2,0,0,8,gunner,both,3
Arzuros Leggings X,855,60,87,-2,0,-2,0,0,8,gunner,both,1
Cephalos Cap X,856,60,87,2,-3,0,0,0,8,gunner,both,1
Cephalos Vest X,856,60,87,2,-3,0,0,0,8,gunner,both,1
Cephalos Guards X,856,60,87,2,-3,0,0,0,8,gunner,both,1
Cephalos Coat X,856,60,87,2,-3,0,0,0,8,gunner,both,1
Cephalos Leggings X,856,60,87,2,-3,0,0,0,8,gunner,both,2
Cephalos Cap GX,857,62,89,2,-3,0,0,0,8,gunner,both,1
Cephalos Vest GX,857,62,89,2,-3,0,0,0,8,gunner,both,1
Cephalos Guards GX,857,62,89,2,-3,0,0,0,8,gunner,both,1
Cephalos Coat GX,857,62,89,2,-3,0,0,0,8,gunner,both,1
Cephalos Leggings GX,857,62,89,2,-3,0,0,0,8,gunner,both,1
Droth Vest X,858,51,78,-2,0,-1,5,0,8,gunner,both,1
Droth Coat X,858,51,78,-2,0,-1,5,0,8,gunner,both,3
Droth Leggings X,858,51,78,-2,0,-1,5,0,8,gunner,both,2
Uroktor Vest X,859,58,85,5,-1,0,-2,0,8,gunner,both,2
Uroktor Coat X,859,58,85,5,-1,0,-2,0,8,gunner,both,2
Moofah Wig X,860,52,79,-1,4,3,0,0,8,gunner,both,1
Moofah Jacket X,860,52,79,-1,4,3,0,0,8,gunner,both,0
Moofah Sleeves X,860,52,79,-1,4,3,0,0,8,gunner,both,0
Moofah Coat X,860,52,79,-1,4,3,0,0,8,gunner,both,0
Velociprey Mask X,861,48,75,1,1,1,3,1,8,gunner,both,1
Velociprey Suit X,861,48,75,1,1,1,3,1,8,gunner,both,1
Velociprey Gloves X,861,48,75,1,1,1,3,1,8,gunner,both,1
Velociprey Tights X,861,48,75,1,1,1,3,1,8,gunner,both,1
Giaprey Mask X,862,51,78,1,3,1,1,1,8,gunner,both,1
Giaprey Wear X,862,51,78,1,3,1,1,1,8,gunner,both,1
Giaprey Gloves X,862,51,78,1,3,1,1,1,8,gunner,both,1
Giaprey Tights X,862,51,78,1,3,1,1,1,8,gunner,both,1
Genprey Mask X,863,48,75,1,1,3,1,1,8,gunner,both,1
Genprey Suit X,863,48,75,1,1,3,1,1,8,gunner,both,1
Genprey Gloves X,863,48,75,1,1,3,1,1,8,gunner,both,1
Genprey Tights X,863,48,75,1,1,3,1,1,8,gunner,both,1
Ioprey Mask X,864,51,78,3,1,1,1,1,8,gunner,both,1
Ioprey Wear X,864,51,78,3,1,1,1,1,8,gunner,both,1
Ioprey Gloves X,864,51,78,3,1,1,1,1,8,gunner,both,1
Ioprey Tights X,864,51,78,3,1,1,1,1,8,gunner,both,1
Remobra Mask X,865,48,75,1,1,1,1,3,8,gunner,both,1
Remobra Wear X,865,48,75,1,1,1,1,3,8,gunner,both,1
Remobra Hands X,865,48,75,1,1,1,1,3,8,gunner,both,1
Remobra Band X,865,48,75,1,1,1,1,3,8,gunner,both,2
Remobra Tights X,865,48,75,1,1,1,1,3,8,gunner,both,0
Ioprey Cap X,866,61,88,3,0,-1,-1,0,8,gunner,both,2
Ioprey Vest X,866,61,88,3,0,-1,-1,0,8,gunner,both,2
Ioprey Guards X,866,61,88,3,0,-1,-1,0,8,gunner,both,1
Ioprey Coat X,866,61,88,3,0,-1,-1,0,8,gunner,both,2
Ioprey Leggings X,866,61,88,3,0,-1,-1,0,8,gunner,both,0
Ioprey Cap GX,867,64,91,3,0,-1,-1,0,8,gunner,both,1
Ioprey Vest GX,867,64,91,3,0,-1,-1,0,8,gunner,both,2
Ioprey Guards GX,867,64,91,3,0,-1,-1,0,8,gunner,both,2
Ioprey Coat GX,867,64,91,3,0,-1,-1,0,8,gunner,both,1
Ioprey Leggings GX,867,64,91,3,0,-1,-1,0,8,gunner,both,1
Kut-Ku Cap X,868,61,88,4,-3,0,-1,0,8,gunner,both,1
Kut-Ku Vest X,868,61,88,4,-3,0,-1,0,8,gunner,both,1
Kut-Ku Guards X,868,61,88,4,-3,0,-1,0,8,gunner,both,1
Kut-Ku Coat X,868,61,88,4,-3,0,-1,0,8,gunner,both,1
Kut-Ku Leggings X,868,61,88,4,-3,0,-1,0,8,gunner,both,2
Kecha Cap X,869,60,87,-2,0,-1,3,1,8,gunner,both,0
Kecha Vest X,869,60,87,-2,0,-1,3,1,8,gunner,both,1
Kecha Guards X,869,60,87,-2,0,-1,3,1,8,gunner,both,1
Kecha Coat X,869,60,87,-2,0,-1,3,1,8,gunner,both,1
Kecha Leggings X,869,60,87,-2,0,-1,3,1,8,gunner,both,2
Lagombi Cap X,870,58,85,-3,4,0,1,0,8,gunner,both,1
Lagombi Vest X,870,58,85,-3,4,0,1,0,8,gunner,both,1
Lagombi Guards X,870,58,85,-3,4,0,1,0,8,gunner,both,2
Lagombi Coat X,870,58,85,-3,4,0,1,0,8,gunner,both,2
Lagombi Leggings X,870,58,85,-3,4,0,1,0,8,gunner,both,1
Gypceros Cap X,871,61,88,-3,-1,5,1,0,8,gunner,both,1
Gypceros Vest X,871,61,88,-3,-1,5,1,0,8,gunner,both,2
Gypceros Guards X,871,61,88,-3,-1,5,1,0,8,gunner,both,1
Gypceros Coat X,871,61,88,-3,-1,5,1,0,8,gunner,both,1
Gypceros Leggings X,871,61,88,-3,-1,5,1,0,8,gunner,both,2
Gypceros Cap XR,872,57,84,-3,-1,5,1,0,8,gunner,both,0
Gypceros Vest XR,872,57,84,-3,-1,5,1,0,8,gunner,both,1
Gypceros Guards XR,872,57,84,-3,-1,5,1,0,8,gunner,both,1
Gypceros Coat XR,872,57,84,-3,-1,5,1,0,8,gunner,both,1
Gypceros Leggings XR,872,57,84,-3,-1,5,1,0,8,gunner,both,0
Tetsucabra Cap X,873,61,88,3,0,-1,-3,1,8,gunner,both,1
Tetsucabra Vest X,873,61,88,3,0,-1,-3,1,8,gunner,both,1
Tetsucabra Guards X,873,61,88,3,0,-1,-3,1,8,gunner,both,1
Tetsucabra Coat X,873,61,88,3,0,-1,-3,1,8,gunner,both,2
Tetsucabra Leggings X,873,61,88,3,0,-1,-3,1,8,gunner,both,2
Hermitaur Cap X,874,62,89,-1,0,-3,4,1,8,gunner,both,1
Hermitaur Vest X,874,62,89,-1,0,-3,4,1,8,gunner,both,0
Hermitaur Guards X,874,62,89,-1,0,-3,4,1,8,gunner,both,2
Hermitaur Coat X,874,62,89,-1,0,-3,4,1,8,gunner,both,0
Hermitaur Leggings X,874,62,89,-1,0,-3,4,1,8,gunner,both,3
Hermitaur Cap GX,875,64,91,-1,0,-3,4,1,8,gunner,both,1
Hermitaur Vest GX,875,64,91,-1,0,-3,4,1,8,gunner,both,1
Hermitaur Guards GX,875,64,91,-1,0,-3,4,1,8,gunner,both,2
Hermitaur Coat GX,875,64,91,-1,0,-3,4,1,8,gunner,both,2
Hermitaur Leggings GX,875,64,91,-1,0,-3,4,1,8,gunner,both,0
Hermitaur Cap XR,876,61,88,-1,0,-3,4,1,8,gunner,both,1
Hermitaur Vest XR,876,61,88,-1,0,-3,4,1,8,gunner,both,3
Hermitaur Guards XR,876,61,88,-1,0,-3,4,1,8,gunner,both,1
Hermitaur Coat XR,876,61,88,-1,0,-3,4,1,8,gunner,both,0
Hermitaur Leggings XR,876,61,88,-1,0,-3,4,1,8,gunner,both,0
Volvidon Cap X,877,61,88,3,-1,0,-3,1,8,gunner,both,0
Volvidon Vest X,877,61,88,3,-1,0,-3,1,8,gunner,both,1
Volvidon Guards X,877,61,88,3,-1,0,-3,1,8,gunner,both,1
Volvidon Coat X,877,61,88,3,-1,0,-3,1,8,gunner,both,2
Volvidon Leggings X,877,61,88,3,-1,0,-3,1,8,gunner,both,2
Conga Cap X,878,62,89,-2,-1,1,1,0,8,gunner,both,2
Conga Vest X,878,62,89,-2,-1,1,1,0,8,gunner,both,1
Conga Guards X,878,62,89,-2,-1,1,1,0,8,gunner,both,1
Conga Coat X,878,62,89,-2,-1,1,1,0,8,gunner,both,2
Conga Leggings X,878,62,89,-2,-1,1,1,0,8,gunner,both,1
Conga Cap GX,879,66,93,-2,-1,1,1,0,8,gunner,both,1
Conga Vest GX,879,66,93,-2,-1,1,1,0,8,gunner,both,2
Conga Guards GX,879,66,93,-2,-1,1,1,0,8,gunner,both,2
Conga Coat GX,879,66,93,-2,-1,1,1,0,8,gunner,both,2
Conga Leggings GX,879,66,93,-2,-1,1,1,0,8,gunner,both,1
Ludroth Cap X,880,61,88,-3,0,-1,5,0,8,gunner,both,1
Ludroth Vest X,880,61,88,-3,0,-1,5,0,8,gunner,both,1
Ludroth Guards X,880,61,88,-3,0,-1,5,0,8,gunner,both,1
Ludroth Coat X,880,61,88,-3,0,-1,5,0,8,gunner,both,2
Ludroth Leggings X,880,61,88,-3,0,-1,5,0,8,gunner,both,1
Ludroth Cap XR,881,60,87,-3,0,-1,5,0,8,gunner,both,0
Ludroth Vest XR,881,60,87,-3,0,-1,5,0,8,gunner,both,1
Ludroth Guards XR,881,60,87,-3,0,-1,5,0,8,gunner,both,0
Ludroth Coat XR,881,60,87,-3,0,-1,5,0,8,gunner,both,0
Ludroth Leggings XR,881,60,87,-3,0,-1,5,0,8,gunner,both,0
Barroth Cap X,882,63,90,0,-2,1,0,0,8,gunner,both,1
Barroth Vest X,882,63,90,0,-2,1,0,0,8,gunner,both,0
Barroth Guards X,882,63,90,0,-2,1,0,0,8,gunner,both,2
Barroth Coat X,882,63,90,0,-2,1,0,0,8,gunner,both,1
Barroth Leggings X,882,63,90,0,-2,1,0,0,8,gunner,both,2
Basarios Cap X,883,64,91,0,1,1,-2,-2,8,gunner,both,2
Basarios Vest X,883,64,91,0,1,1,-2,-2,8,gunner,both,0
Basarios Guards X,883,64,91,0,1,1,-2,-2,8,gunner,both,2
Basarios Coat X,883,64,91,0,1,1,-2,-2,8,gunner,both,2
Basarios Leggings X,883,64,91,0,1,1,-2,-2,8,gunner,both,1
Malfestio Cap X,884,61,88,-1,1,1,-2,0,8,gunner,both,1
Malfestio Vest X,884,61,88,-1,1,1,-2,0,8,gunner,both,1
Malfestio Guards X,884,61,88,-1,1,1,-2,0,8,gunner,both,1
Malfestio Coat X,884,61,88,-1,1,1,-2,0,8,gunner,both,1
Malfestio Leggings X,884,61,88,-1,1,1,-2,0,8,gunner,both,2
Zamtrios Cap X,885,61,88,-2,5,-4,3,0,8,gunner,both,1
Zamtrios Vest X,885,61,88,-2,5,-4,3,0,8,gunner,both,0
Zamtrios Guards X,885,61,88,-2,5,-4,3,0,8,gunner,both,0
Zamtrios Coat X,885,61,88,-2,5,-4,3,0,8,gunner,both,1
Zamtrios Leggings X,885,61,88,-2,5,-4,3,0,8,gunner,both,2
Khezu Cap X,886,64,91,-4,2,5,1,1,8,gunner,both,1
Khezu Vest X,886,64,91,-4,2,5,1,1,8,gunner,both,0
Khezu Guards X,886,64,91,-4,2,5,1,1,8,gunner,both,2
Khezu Coat X,886,64,91,-4,2,5,1,1,8,gunner,both,1
Khezu Leggings X,886,64,91,-4,2,5,1,1,8,gunner,both,1
Khezu Cap XR,887,61,88,-4,2,5,1,1,8,gunner,both,1
Khezu Vest XR,887,61,88,-4,2,5,1,1,8,gunner,both,1
Khezu Guards XR,887,61,88,-4,2,5,1,1,8,gunner,both,1
Khezu Coat XR,887,61,88,-4,2,5,1,1,8,gunner,both,2
Khezu Leggings XR,887,61,88,-4,2,5,1,1,8,gunner,both,1
Nerscylla Cap X,888,66,93,0,1,-2,2,3,8,gunner,both,2
Nerscylla Vest X,888,66,93,0,1,-2,2,3,8,gunner,both,0
Nerscylla Guards X,888,66,93,0,1,-2,2,3,8,gunner,both,1
Nerscylla Coat X,888,66,93,0,1,-2,2,3,8,gunner,both,2
Nerscylla Leggings X,888,66,93,0,1,-2,2,3,8,gunner,both,2
Rathian Cap X,889,67,94,4,0,-2,0,-3,8,gunner,both,1
Rathian Vest X,889,67,94,4,0,-2,0,-3,8,gunner,both,0
Rathian Guards X,889,67,94,4,0,-2,0,-3,8,gunner,both,0
Rathian Coat X,889,67,94,4,0,-2,0,-3,8,gunner,both,2
Rathian Leggings X,889,67,94,4,0,-2,0,-3,8,gunner,both,2
Rathian Cap GX,890,70,97,4,0,-2,0,-3,8,gunner,both,1
Rathian Vest GX,890,70,97,4,0,-2,0,-3,8,gunner,both,1
Rathian Guards GX,890,70,97,4,0,-2,0,-3,8,gunner,both,1
Rathian Coat GX,890,70,97,4,0,-2,0,-3,8,gunner,both,1
Rathian Leggings GX,890,70,97,4,0,-2,0,-3,8,gunner,both,2
Rathian Cap XR,891,63,90,4,0,-2,0,-3,8,gunner,both,1
Rathian Vest XR,891,63,90,4,0,-2,0,-3,8,gunner,both,2
Rathian Guards XR,891,63,90,4,0,-2,0,-3,8,gunner,both,1
Rathian Coat XR,891,63,90,4,0,-2,0,-3,8,gunner,both,0
Rathian Leggings XR,891,63,90,4,0,-2,0,-3,8,gunner,both,1
Nibelsnarf Cap X,892,67,94,3,-3,-1,0,1,8,gunner,both,2
Nibelsnarf Vest X,892,67,94,3,-3,-1,0,1,8,gunner,both,1
Nibelsnarf Guards X,892,67,94,3,-3,-1,0,1,8,gunner,both,2
Nibelsnarf Coat X,892,67,94,3,-3,-1,0,1,8,gunner,both,2
Nibelsnarf Leggings X,892,67,94,3,-3,-1,0,1,8,gunner,both,1
Plesioth Cap X,893,68,95,-2,2,-4,5,1,8,gunner,both,1
Plesioth Vest X,893,68,95,-2,2,-4,5,1,8,gunner,both,1
Plesioth Guards X,893,68,95,-2,2,-4,5,1,8,gunner,both,1
Plesioth Leggings X,893,68,95,-2,2,-4,5,1,8,gunner,both,1
Blango Cap X,894,64,91,-4,5,0,1,0,8,gunner,both,1
Blango Vest X,894,64,91,-4,5,0,1,0,8,gunner,both,2
Blango Guards X,894,64,91,-4,5,0,1,0,8,gunner,both,2
Blango Coat X,894,64,91,-4,5,0,1,0,8,gunner,both,0
Blango Leggings X,894,64,91,-4,5,0,1,0,8,gunner,both,2
Blango Cap GX,895,69,96,-4,5,0,1,0,8,gunner,both,2
Blango Vest GX,895,69,96,-4,5,0,1,0,8,gunner,both,1
Blango Guards GX,895,69,96,-4,5,0,1,0,8,gunner,both,1
Blango Coat GX,895,69,96,-4,5,0,1,0,8,gunner,both,1
Blango Leggings GX,895,69,96,-4,5,0,1,0,8,gunner,both,2
Lava Cap X,896,68,95,5,0,0,-4,1,8,gunner,both,0
Lava Vest X,896,68,95,5,0,0,-4,1,8,gunner,both,1
Lava Guards X,896,68,95,5,0,0,-4,1,8,gunner,both,1
Lava Coat X,896,68,95,5,0,0,-4,1,8,gunner,both,1
Lava Leggings X,896,68,95,5,0,0,-4,1,8,gunner,both,2
Lavasioth Cap GX,897,72,99,5,0,0,-4,1,8,gunner,both,1
Lavasioth Vest GX,897,72,99,5,0,0,-4,1,8,gunner,both,1
Lavasioth Guards GX,897,72,99,5,0,0,-4,1,8,gunner,both,2
Lavasioth Coat GX,897,72,99,5,0,0,-4,1,8,gunner,both,2
Lavasioth Leggings GX,897,72,99,5,0,0,-4,1,8,gunner,both,2
Ceanataur Cap X,898,66,93,2,-1,-1,2,0,8,gunner,both,2
Ceanataur Vest X,898,66,93,2,-1,-1,2,0,8,gunner,both,2
Ceanataur Guards X,898,66,93,2,-1,-1,2,0,8,gunner,both,2
Ceanataur Coat X,898,66,93,2,-1,-1,2,0,8,gunner,both,1
Ceanataur Leggings X,898,66,93,2,-1,-1,2,0,8,gunner,both,2
Ceanataur Cap GX,899,70,97,2,-1,-1,2,0,8,gunner,both,1
Ceanataur Vest GX,899,70,97,2,-1,-1,2,0,8,gunner,both,0
Ceanataur Guards GX,899,70,97,2,-1,-1,2,0,8,gunner,both,1
Ceanataur Coat GX,899,70,97,2,-1,-1,2,0,8,gunner,both,0
Ceanataur Leggings GX,899,70,97,2,-1,-1,2,0,8,gunner,both,1
Ceanataur Cap XR,900,62,89,2,-1,-1,2,0,8,gunner,both,1
Ceanataur Vest XR,900,62,89,2,-1,-1,2,0,8,gunner,both,1
Ceanataur Guards XR,900,62,89,2,-1,-1,2,0,8,gunner,both,0
Ceanataur Coat XR,900,62,89,2,-1,-1,2,0,8,gunner,both,1
Ceanataur Leggings XR,900,62,89,2,-1,-1,2,0,8,gunner,both,1
Najarala Cap X,901,67,94,1,-3,1,-1,1,8,gunner,both,1
Najarala Vest X,901,67,94,1,-3,1,-1,1,8,gunner,both,1
Najarala Guards X,901,67,94,1,-3,1,-1,1,8,gunner,both,1
Najarala Coat X,901,67,94,1,-3,1,-1,1,8,gunner,both,2
Najarala Leggings X,901,67,94,1,-3,1,-1,1,8,gunner,both,2
Nargacuga Cap X,902,60,87,-2,1,-2,1,1,8,gunner,both,1
Nargacuga Vest X,902,60,87,-2,1,-2,1,1,8,gunner,both,1
Nargacuga Guards X,902,60,87,-2,1,-2,1,1,8,gunner,both,2
Nargacuga Coat X,902,60,87,-2,1,-2,1,1,8,gunner,both,3
Nargacuga Leggings X,902,60,87,-2,1,-2,1,1,8,gunner,both,1
Garuga Cap X,903,69,96,3,0,2,-1,0,8,gunner,both,0
Garuga Vest X,903,69,96,3,0,2,-1,0,8,gunner,both,1
Garuga Guards X,903,69,96,3,0,2,-1,0,8,gunner,both,1
Garuga Coat X,903,69,96,3,0,2,-1,0,8,gunner,both,2
Garuga Leggings X,903,69,96,3,0,2,-1,0,8,gunner,both,1
Uragaan Cap X,904,75,102,4,-1,0,-4,-2,8,gunner,both,0
Uragaan Vest X,904,75,102,4,-1,0,-4,-2,8,gunner,both,1
Uragaan Guards X,904,75,102,4,-1,0,-4,-2,8,gunner,both,2
Uragaan Coat X,904,75,102,4,-1,0,-4,-2,8,gunner,both,1
Uragaan Leggings X,904,75,102,4,-1,0,-4,-2,8,gunner,both,2
GX Umi Ocean Headdress,905,70,97,-2,3,-2,5,2,8,gunner,both,3
GX Umi Ocean Jacket,905,70,97,-2,3,-2,5,2,8,gunner,both,1
GX Umi Ocean Sleeves,905,70,97,-2,3,-2,5,2,8,gunner,both,2
GX Umi Ocean Hakama,905,70,97,-2,3,-2,5,2,8,gunner,both,2
G. Knight Mask X,906,62,89,0,0,0,0,0,8,gunner,male,1
G. Knight Vest X,906,62,89,0,0,0,0,0,8,gunner,male,1
G. Knight Sleeves X,906,62,89,0,0,0,0,0,8,gunner,male,1
G. Knight Kilt X,906,62,89,0,0,0,0,0,8,gunner,male,1
G. Knight Tights X,906,62,89,0,0,0,0,0,8,gunner,male,1
Guild Bard Hat X,907,62,89,0,0,0,0,0,8,gunner,male,1
Guild Bard Vest X,907,62,89,0,0,0,0,0,8,gunner,male,1
Guild Bard Sleeves X,907,62,89,0,0,0,0,0,8,gunner,male,1
Guild Bard Coat X,907,62,89,0,0,0,0,0,8,gunner,male,1
Guild Bard Gaiters X,907,62,89,0,0,0,0,0,8,gunner,male,1
Dark Metal Feet X,908,69,96,0,-1,0,-1,6,8,gunner,both,0
Chrome Metal Coat X,909,66,93,-2,-2,-2,-2,5,8,gunner,both,0
Chrome Metal Feet X,909,66,93,-2,-2,-2,-2,5,8,gunner,both,0
Strange Cap X,910,66,93,2,2,2,2,3,8,gunner,both,0
Strange Vest X,910,66,93,2,2,2,2,3,8,gunner,both,0
Strange Guards X,910,66,93,2,2,2,2,3,8,gunner,both,1
Strange Coat X,910,66,93,2,2,2,2,3,8,gunner,both,1
Strange Leggings X,910,66,93,2,2,2,2,3,8,gunner,both,1
Helper Hood X,910,122,160,0,0,0,0,0,9,blademaster,female,1
Helper Suit X,910,122,160,0,0,0,0,0,9,blademaster,female,1
Helper Sleeves X,910,122,160,0,0,0,0,0,9,blademaster,female,1
Helper Skirt X,910,122,160,0,0,0,0,0,9,blademaster,female,2
Helper Socks X,910,122,160,0,0,0,0,0,9,blademaster,female,1
Helper Hood Z,911,124,162,0,0,0,0,0,9,blademaster,female,0
Helper Suit Z,911,124,162,0,0,0,0,0,9,blademaster,female,0
Helper Sleeves Z,911,124,162,0,0,0,0,0,9,blademaster,female,0
Helper Skirt Z,911,124,162,0,0,0,0,0,9,blademaster,female,3
Helper Socks Z,911,124,162,0,0,0,0,0,9,blademaster,female,0
Ancient Helm X,912,128,166,2,-2,-2,2,2,9,blademaster,both,1
Ancient Mail X,912,128,166,2,-2,-2,2,2,9,blademaster,both,0
Ancient Arms X,912,128,166,2,-2,-2,2,2,9,blademaster,both,1
Ancient Coil X,912,128,166,2,-2,-2,2,2,9,blademaster,both,1
Ancient Boots X,912,128,166,2,-2,-2,2,2,9,blademaster,both,2
Ace Headgear X,913,118,156,0,0,0,0,0,9,blademaster,male,0
Ace Mail X,913,118,156,0,0,0,0,0,9,blademaster,male,0
Ace Vambraces X,913,118,156,0,0,0,0,0,9,blademaster,male,0
Ace Faulds X,913,118,156,0,0,0,0,0,9,blademaster,male,0
Ace Greaves X,913,118,156,0,0,0,0,0,9,blademaster,male,0
Sororal Headgear X,914,118,156,0,0,0,0,0,9,blademaster,female,0
Sororal Mail X,914,118,156,0,0,0,0,0,9,blademaster,female,0
Sororal Vambraces X,914,118,156,0,0,0,0,0,9,blademaster,female,0
Sororal Faulds X,914,118,156,0,0,0,0,0,9,blademaster,female,0
Sororal Greaves X,914,118,156,0,0,0,0,0,9,blademaster,female,0
Strider's Headgear,915,122,160,0,0,0,0,0,9,blademaster,both,2
Strider's Girdle,915,122,160,0,0,0,0,0,9,blademaster,both,1
Strider's Gauntlets,915,122,160,0,0,0,0,0,9,blademaster,both,1
Strider's Sash,915,122,160,0,0,0,0,0,9,blademaster,both,0
Strider's Espadrilles,915,122,160,0,0,0,0,0,9,blademaster,both,1
Shinobi Heaven Mask Goku,916,126,164,2,-1,2,-1,1,9,blademaster,both,1
Shinobi Heaven Suit Goku,916,126,164,2,-1,2,-1,1,9,blademaster,both,0
Shinobi Heaven Kote Goku,916,126,164,2,-1,2,-1,1,9,blademaster,both,0
Shinobi Heaven Belt Goku,916,126,164,2,-1,2,-1,1,9,blademaster,both,2
Shinobi Heaven Boots Goku,916,126,164,2,-1,2,-1,1,9,blademaster,both,1
Master's Earcuff X,917,116,154,2,-2,2,-2,2,9,blademaster,both,1
Master's Mail X,917,116,154,2,-2,2,-2,2,9,blademaster,both,0
Master's Gauntlets X,917,116,154,2,-2,2,-2,2,9,blademaster,both,2
Master's Faulds X,917,116,154,2,-2,2,-2,2,9,blademaster,both,1
Master's Greaves X,917,116,154,2,-2,2,-2,2,9,blademaster,both,1
Grand Toka Kabuto,918,128,166,-2,2,2,2,-2,9,blademaster,both,0
Grand Toka Doate,918,128,166,-2,2,2,2,-2,9,blademaster,both,0
Grand Toka Kote,918,128,166,-2,2,2,2,-2,9,blademaster,both,0
Grand Toka Koshiate,918,128,166,-2,2,2,2,-2,9,blademaster,both,2
Grand Toka Gusoku,918,128,166,-2,2,2,2,-2,9,blademaster,both,2
Yaksha Mask,919,120,158,2,-2,0,2,-2,9,blademaster,both,1
Yaksha Raiment,919,120,158,2,-2,0,2,-2,9,blademaster,both,0
Yaksha Braces,919,120,158,2,-2,0,2,-2,9,blademaster,both,2
Yaksha Coil,919,120,158,2,-2,0,2,-2,9,blademaster,both,2
Yaksha Boots,919,120,158,2,-2,0,2,-2,9,blademaster,both,1
Helios Helm X,920,128,166,0,1,-2,3,-3,9,blademaster,male,1
Helios Mail X,920,128,166,0,1,-2,3,-3,9,blademaster,male,1
Helios Vambraces X,920,128,166,0,1,-2,3,-3,9,blademaster,male,1
Helios Coil X,920,128,166,0,1,-2,3,-3,9,blademaster,male,0
Helios Greaves X,920,128,166,0,1,-2,3,-3,9,blademaster,male,1
Selene Helm X,921,128,166,0,1,-2,3,-3,9,blademaster,female,1
Selene Mail X,921,128,166,0,1,-2,3,-3,9,blademaster,female,1
Selene Vambraces X,921,128,166,0,1,-2,3,-3,9,blademaster,female,1
Selene Coil X,921,128,166,0,1,-2,3,-3,9,blademaster,female,0
Selene Greaves X,921,128,166,0,1,-2,3,-3,9,blademaster,female,1
Kaiserin Crown,922,126,164,3,0,1,-2,-2,9,blademaster,both,1
Kaiserin Mail,922,126,164,3,0,1,-2,-2,9,blademaster,both,1
Kaiserin Arms,922,126,164,3,0,1,-2,-2,9,blademaster,both,1
Kaiserin Faulds,922,126,164,3,0,1,-2,-2,9,blademaster,both,1
Kaiserin Greaves,922,126,164,3,0,1,-2,-2,9,blademaster,both,1
Wisdom Headgear X,923,120,158,0,0,0,0,0,9,blademaster,both,1
Wisdom Suit X,923,120,158,0,0,0,0,0,9,blademaster,both,1
Wisdom Sleeves X,923,120,158,0,0,0,0,0,9,blademaster,both,2
Wisdom Coil X,923,120,158,0,0,0,0,0,9,blademaster,both,2
Wisdom Boots X,923,120,158,0,0,0,0,0,9,blademaster,both,2
Research Hood,924,112,150,0,0,0,0,0,9,blademaster,female,1
Research Suit,924,112,150,0,0,0,0,0,9,blademaster,female,0
Research Grips,924,112,150,0,0,0,0,0,9,blademaster,female,1
Research Sash,924,112,150,0,0,0,0,0,9,blademaster,female,2
Research Boots,924,112,150,0,0,0,0,0,9,blademaster,female,1
Cheerful Headgear X,925,116,154,0,0,0,0,0,9,blademaster,female,1
Cheerful Suit X,925,116,154,0,0,0,0,0,9,blademaster,female,1
Cheerful Braces X,925,116,154,0,0,0,0,0,9,blademaster,female,2
Cheerful Belt X,925,116,154,0,0,0,0,0,9,blademaster,female,2
Cheerful Boots X,925,116,154,0,0,0,0,0,9,blademaster,female,1
Barman's Shades,926,120,158,0,0,0,0,0,9,blademaster,male,2
Barman's Suit,926,120,158,0,0,0,0,0,9,blademaster,male,1
Barman's Gloves,926,120,158,0,0,0,0,0,9,blademaster,male,0
Barman's Coil,926,120,158,0,0,0,0,0,9,blademaster,male,1
Barman's Boots,926,120,158,0,0,0,0,0,9,blademaster,male,2
Barmaid's Earrings,927,120,158,0,0,0,0,0,9,blademaster,female,3
Barmaid's Suit,927,120,158,0,0,0,0,0,9,blademaster,female,2
Barmaid's Gloves,927,120,158,0,0,0,0,0,9,blademaster,female,0
Barmaid's Skirt,927,120,158,0,0,0,0,0,9,blademaster,female,1
Barmaid's Boots,927,120,158,0,0,0,0,0,9,blademaster,female,2
Barioth Helm X,928,116,154,-3,3,-1,0,0,9,blademaster,both,1
Barioth Mail X,928,116,154,-3,3,-1,0,0,9,blademaster,both,1
Barioth Vambraces X,928,116,154,-3,3,-1,0,0,9,blademaster,both,1
Barioth Faulds X,928,116,154,-3,3,-1,0,0,9,blademaster,both,2
Barioth Greaves X,928,116,154,-3,3,-1,0,0,9,blademaster,both,2
Seltas Helm X,929,122,160,-3,-2,-2,4,5,9,blademaster,both,0
Seltas Mail X,929,122,160,-3,-2,-2,4,5,9,blademaster,both,1
Seltas Vambraces X,929,122,160,-3,-2,-2,4,5,9,blademaster,both,0
Seltas Faulds X,929,122,160,-3,-2,-2,4,5,9,blademaster,both,0
Seltas Greaves X,929,122,160,-3,-2,-2,4,5,9,blademaster,both,1
Rathalos Helm X,930,120,158,4,0,-2,0,-4,9,blademaster,both,1
Rathalos Mail X,930,120,158,4,0,-2,0,-4,9,blademaster,both,1
Rathalos Vambraces X,930,120,158,4,0,-2,0,-4,9,blademaster,both,1
Rathalos Faulds X,930,120,158,4,0,-2,0,-4,9,blademaster,both,2
Rathalos Greaves X,930,120,158,4,0,-2,0,-4,9,blademaster,both,2
Rathalos Helm GX,931,124,162,4,0,-2,0,-4,9,blademaster,both,1
Rathalos Mail GX,931,124,162,4,0,-2,0,-4,9,blademaster,both,1
Rathalos Braces GX,931,124,162,4,0,-2,0,-4,9,blademaster,both,1
Rathalos Faulds GX,931,124,162,4,0,-2,0,-4,9,blademaster,both,2
Rathalos Greaves GX,931,124,162,4,0,-2,0,-4,9,blademaster,both,1
Rathalos Helm XR,932,116,154,4,0,-2,0,-4,9,blademaster,both,0
Rathalos Mail XR,932,116,154,4,0,-2,0,-4,9,blademaster,both,1
Rathalos Braces XR,932,116,154,4,0,-2,0,-4,9,blademaster,both,1
Rathalos Faulds XR,932,116,154,4,0,-2,0,-4,9,blademaster,both,0
Rathalos Greaves XR,932,116,154,4,0,-2,0,-4,9,blademaster,both,1
Lagiacrus Helm X,933,120,158,-3,-1,4,2,-2,9,blademaster,both,2
Lagiacrus Mail X,933,120,158,-3,-1,4,2,-2,9,blademaster,both,2
Lagiacrus Braces X,933,120,158,-3,-1,4,2,-2,9,blademaster,both,2
Lagiacrus Faulds X,933,120,158,-3,-1,4,2,-2,9,blademaster,both,0
Lagiacrus Greaves X,933,120,158,-3,-1,4,2,-2,9,blademaster,both,1
Lagiacrus Helm XR,934,116,154,-3,-1,4,2,-2,9,blademaster,both,0
Lagiacrus Mail XR,934,116,154,-3,-1,4,2,-2,9,blademaster,both,1
Lagiacrus Braces XR,934,116,154,-3,-1,4,2,-2,9,blademaster,both,1
Lagiacrus Faulds XR,934,116,154,-3,-1,4,2,-2,9,blademaster,both,0
Lagiacrus Greaves XR,934,116,154,-3,-1,4,2,-2,9,blademaster,both,0
Zinogre Helm X,935,120,158,0,-4,4,-1,1,9,blademaster,both,1
Zinogre Mail X,935,120,158,0,-4,4,-1,1,9,blademaster,both,1
Zinogre Vambraces X,935,120,158,0,-4,4,-1,1,9,blademaster,both,1
Zinogre Faulds X,935,120,158,0,-4,4,-1,1,9,blademaster,both,1
Zinogre Greaves X,935,120,158,0,-4,4,-1,1,9,blademaster,both,1
Zinogre Helm GX,936,124,162,0,-4,4,-1,1,9,blademaster,both,1
Zinogre Mail GX,936,124,162,0,-4,4,-1,1,9,blademaster,both,1
Zinogre Braces GX,936,124,162,0,-4,4,-1,1,9,blademaster,both,1
Zinogre Faulds GX,936,124,162,0,-4,4,-1,1,9,blademaster,both,1
Zinogre Greaves GX,936,124,162,0,-4,4,-1,1,9,blademaster,both,1
Gravios Helm X,937,120,158,3,0,1,-3,-2,9,blademaster,both,1
Gravios Mail X,937,120,158,3,0,1,-3,-2,9,blademaster,both,0
Gravios Vambraces X,937,120,158,3,0,1,-3,-2,9,blademaster,both,2
Gravios Tassets X,937,120,158,3,0,1,-3,-2,9,blademaster,both,1
Gravios Greaves X,937,120,158,3,0,1,-3,-2,9,blademaster,both,2
Mizutsune Helm X,938,118,156,0,1,-3,2,-1,9,blademaster,both,1
Mizutsune Mail X,938,118,156,0,1,-3,2,-1,9,blademaster,both,1
Mizutsune Braces X,938,118,156,0,1,-3,2,-1,9,blademaster,both,2
Mizutsune Faulds X,938,118,156,0,1,-3,2,-1,9,blademaster,both,2
Mizutsune Greaves X,938,118,156,0,1,-3,2,-1,9,blademaster,both,1
Astalos Helm X,939,120,158,0,-3,3,-2,2,9,blademaster,both,1
Astalos Mail X,939,120,158,0,-3,3,-2,2,9,blademaster,both,1
Astalos Braces X,939,120,158,0,-3,3,-2,2,9,blademaster,both,2
Astalos Faulds X,939,120,158,0,-3,3,-2,2,9,blademaster,both,1
Astalos Greaves X,939,120,158,0,-3,3,-2,2,9,blademaster,both,2
Gammoth Helm X,940,124,162,-3,3,-1,1,2,9,blademaster,male,2
Gammoth Mail X,940,124,162,-3,3,-1,1,2,9,blademaster,male,0
Gammoth Braces X,940,124,162,-3,3,-1,1,2,9,blademaster,male,2
Gammoth Faulds X,940,124,162,-3,3,-1,1,2,9,blademaster,male,1
Gammoth Greaves X,940,124,162,-3,3,-1,1,2,9,blademaster,male,1
Gammoth Helm X,941,124,162,-3,3,-1,1,2,9,blademaster,female,2
Gammoth Mail X,941,124,162,-3,3,-1,1,2,9,blademaster,female,0
Gammoth Braces X,941,124,162,-3,3,-1,1,2,9,blademaster,female,2
Gammoth Faulds X,941,124,162,-3,3,-1,1,2,9,blademaster,female,1
Gammoth Greaves X,941,124,162,-3,3,-1,1,2,9,blademaster,female,1
Glavenus Helm X,942,122,160,3,0,1,-3,-1,9,blademaster,both,2
Glavenus Mail X,942,122,160,3,0,1,-3,-1,9,blademaster,both,1
Glavenus Braces X,942,122,160,3,0,1,-3,-1,9,blademaster,both,1
Glavenus Faulds X,942,122,160,3,0,1,-3,-1,9,blademaster,both,2
Glavenus Greaves X,942,122,160,3,0,1,-3,-1,9,blademaster,both,2
Agnaktor Helm X,943,122,160,4,-1,0,-4,0,9,blademaster,both,2
Agnaktor Mail X,943,122,160,4,-1,0,-4,0,9,blademaster,both,0
Agnaktor Vambraces X,943,122,160,4,-1,0,-4,0,9,blademaster,both,3
Agnaktor Faulds X,943,122,160,4,-1,0,-4,0,9,blademaster,both,0
Agnaktor Greaves X,943,122,160,4,-1,0,-4,0,9,blademaster,both,1
Gore Helm X,944,122,160,-2,2,-1,2,-2,9,blademaster,both,1
Gore Mail X,944,122,160,-2,2,-1,2,-2,9,blademaster,both,1
Gore Braces X,944,122,160,-2,2,-1,2,-2,9,blademaster,both,2
Gore Faulds X,944,122,160,-2,2,-1,2,-2,9,blademaster,both,1
Gore Greaves X,944,122,160,-2,2,-1,2,-2,9,blademaster,both,1
Gore Helm GX,945,126,164,-2,2,-1,2,-2,9,blademaster,both,1
Gore Mail GX,945,126,164,-2,2,-1,2,-2,9,blademaster,both,0
Gore Braces GX,945,126,164,-2,2,-1,2,-2,9,blademaster,both,1
Gore Faulds GX,945,126,164,-2,2,-1,2,-2,9,blademaster,both,1
Gore Greaves GX,945,126,164,-2,2,-1,2,-2,9,blademaster,both,2
Gore Helm XR,946,116,154,-2,2,-1,2,-2,9,blademaster,both,1
Gore Mail XR,946,116,154,-2,2,-1,2,-2,9,blademaster,both,1
Gore Braces XR,946,116,154,-2,2,-1,2,-2,9,blademaster,both,1
Gore Faulds XR,946,116,154,-2,2,-1,2,-2,9,blademaster,both,2
Gore Greaves XR,946,116,154,-2,2,-1,2,-2,9,blademaster,both,1
Regios Helm X,947,120,158,2,-2,-3,0,0,9,blademaster,both,1
Regios Mail X,947,120,158,2,-2,-3,0,0,9,blademaster,both,0
Regios Vambraces X,947,120,158,2,-2,-3,0,0,9,blademaster,both,1
Regios Tassets X,947,120,158,2,-2,-3,0,0,9,blademaster,both,2
Regios Greaves X,947,120,158,2,-2,-3,0,0,9,blademaster,both,1
Duramboros Helm X,948,126,164,-3,-2,1,2,1,9,blademaster,both,1
Duramboros Mail X,948,126,164,-3,-2,1,2,1,9,blademaster,both,1
Duramboros Braces X,948,126,164,-3,-2,1,2,1,9,blademaster,both,1
Duramboros Faulds X,948,126,164,-3,-2,1,2,1,9,blademaster,both,2
Duramboros Greaves X,948,126,164,-3,-2,1,2,1,9,blademaster,both,2
Tigrex Helm X,949,124,162,2,0,-3,0,-2,9,blademaster,both,1
Tigrex Mail X,949,124,162,2,0,-3,0,-2,9,blademaster,both,0
Tigrex Vambraces X,949,124,162,2,0,-3,0,-2,9,blademaster,both,1
Tigrex Tassets X,949,124,162,2,0,-3,0,-2,9,blademaster,both,1
Tigrex Greaves X,949,124,162,2,0,-3,0,-2,9,blademaster,both,2
Tigrex Helm GX,950,126,164,2,0,-3,0,-2,9,blademaster,both,1
Tigrex Mail GX,950,126,164,2,0,-3,0,-2,9,blademaster,both,1
Tigrex Braces GX,950,126,164,2,0,-3,0,-2,9,blademaster,both,2
Tigrex Tassets GX,950,126,164,2,0,-3,0,-2,9,blademaster,both,1
Tigrex Greaves GX,950,126,164,2,0,-3,0,-2,9,blademaster,both,2
Tigrex Helm XR,951,120,158,2,0,-3,0,-2,9,blademaster,both,1
Tigrex Mail XR,951,120,158,2,0,-3,0,-2,9,blademaster,both,2
Tigrex Braces XR,951,120,158,2,0,-3,0,-2,9,blademaster,both,2
Tigrex Tassets XR,951,120,158,2,0,-3,0,-2,9,blademaster,both,1
Tigrex Greaves XR,951,120,158,2,0,-3,0,-2,9,blademaster,both,1
Diablos Helm X,952,124,162,3,-3,-1,-1,-1,9,blademaster,both,1
Diablos Mail X,952,124,162,3,-3,-1,-1,-1,9,blademaster,both,1
Diablos Vambraces X,952,124,162,3,-3,-1,-1,-1,9,blademaster,both,1
Diablos Coil X,952,124,162,3,-3,-1,-1,-1,9,blademaster,both,1
Diablos Greaves X,952,124,162,3,-3,-1,-1,-1,9,blademaster,both,1
Diablos Helm XR,953,118,156,3,-3,-1,-1,-1,9,blademaster,both,2
Diablos Mail XR,953,118,156,3,-3,-1,-1,-1,9,blademaster,both,1
Diablos Vambraces XR,953,118,156,3,-3,-1,-1,-1,9,blademaster,both,2
Diablos Coil XR,953,118,156,3,-3,-1,-1,-1,9,blademaster,both,1
Diablos Greaves XR,953,118,156,3,-3,-1,-1,-1,9,blademaster,both,1
Kirin Horn X,954,124,162,-1,0,3,-1,2,9,blademaster,both,1
Kirin Jacket X,954,124,162,-1,0,3,-1,2,9,blademaster,both,1
Kirin Longarms X,954,124,162,-1,0,3,-1,2,9,blademaster,both,1
Kirin Hoop X,954,124,162,-1,0,3,-1,2,9,blademaster,both,2
Kirin Leg Guards X,954,124,162,-1,0,3,-1,2,9,blademaster,both,1
Kirin Horn XR,955,120,158,-1,0,3,-1,2,9,blademaster,both,1
Kirin Jacket XR,955,120,158,-1,0,3,-1,2,9,blademaster,both,2
Kirin Longarms XR,955,120,158,-1,0,3,-1,2,9,blademaster,both,0
Kirin Hoop XR,955,120,158,-1,0,3,-1,2,9,blademaster,both,1
Kirin Leg Guards XR,955,120,158,-1,0,3,-1,2,9,blademaster,both,2
Brachydios Helm X,956,126,164,2,-2,0,-4,0,9,blademaster,both,0
Brachydios Mail X,956,126,164,2,-2,0,-4,0,9,blademaster,both,2
Brachydios Braces X,956,126,164,2,-2,0,-4,0,9,blademaster,both,1
Brachydios Faulds X,956,126,164,2,-2,0,-4,0,9,blademaster,both,1
Brachydios Greaves X,956,126,164,2,-2,0,-4,0,9,blademaster,both,2
Brachydios Helm GX,957,130,168,2,-2,0,-4,0,9,blademaster,both,0
Brachydios Mail GX,957,130,168,2,-2,0,-4,0,9,blademaster,both,2
Brachydios Braces GX,957,130,168,2,-2,0,-4,0,9,blademaster,both,1
Brachydios Faulds GX,957,130,168,2,-2,0,-4,0,9,blademaster,both,3
Brachydios Greaves GX,957,130,168,2,-2,0,-4,0,9,blademaster,both,2
Arc Helm X,958,130,168,-2,2,0,2,-4,9,blademaster,male,2
Arc Mail X,958,130,168,-2,2,0,2,-4,9,blademaster,male,1
Arc Vambraces X,958,130,168,-2,2,0,2,-4,9,blademaster,male,2
Arc Faulds X,958,130,168,-2,2,0,2,-4,9,blademaster,male,2
Arc Greaves X,958,130,168,-2,2,0,2,-4,9,blademaster,male,1
Storge Helm X,959,130,168,-2,2,0,2,-4,9,blademaster,female,2
Storge Mail X,959,130,168,-2,2,0,2,-4,9,blademaster,female,1
Storge Vambraces X,959,130,168,-2,2,0,2,-4,9,blademaster,female,2
Storge Faulds X,959,130,168,-2,2,0,2,-4,9,blademaster,female,2
Storge Greaves X,959,130,168,-2,2,0,2,-4,9,blademaster,female,1
Arc Helm GX,960,132,170,-2,2,0,2,-4,9,blademaster,male,2
Arc Mail GX,960,132,170,-2,2,0,2,-4,9,blademaster,male,2
Arc Vambraces GX,960,132,170,-2,2,0,2,-4,9,blademaster,male,2
Arc Faulds GX,960,132,170,-2,2,0,2,-4,9,blademaster,male,2
Arc Greaves GX,960,132,170,-2,2,0,2,-4,9,blademaster,male,2
Storge Helm GX,961,132,170,-2,2,0,2,-4,9,blademaster,female,2
Storge Mail GX,961,132,170,-2,2,0,2,-4,9,blademaster,female,2
Storge Braces GX,961,132,170,-2,2,0,2,-4,9,blademaster,female,2
Storge Faulds GX,961,132,170,-2,2,0,2,-4,9,blademaster,female,2
Storge Greaves GX,961,132,170,-2,2,0,2,-4,9,blademaster,female,2
Arc Helm XR,962,124,162,-2,2,0,2,-4,9,blademaster,male,0
Arc Mail XR,962,124,162,-2,2,0,2,-4,9,blademaster,male,1
Arc Vambraces XR,962,124,162,-2,2,0,2,-4,9,blademaster,male,1
Arc Faulds XR,962,124,162,-2,2,0,2,-4,9,blademaster,male,3
Arc Greaves XR,962,124,162,-2,2,0,2,-4,9,blademaster,male,0
Storge Helm XR,963,124,162,-2,2,0,2,-4,9,blademaster,female,0
Storge Mail XR,963,124,162,-2,2,0,2,-4,9,blademaster,female,1
Storge Braces XR,963,124,162,-2,2,0,2,-4,9,blademaster,female,1
Storge Faulds XR,963,124,162,-2,2,0,2,-4,9,blademaster,female,3
Storge Greaves XR,963,124,162,-2,2,0,2,-4,9,blademaster,female,0
Valstrax Helm X,964,134,172,-2,-2,-2,-2,3,9,blademaster,both,0
Valstrax Mail X,964,134,172,-2,-2,-2,-2,3,9,blademaster,both,2
Valstrax Braces X,964,134,172,-2,-2,-2,-2,3,9,blademaster,both,2
Valstrax Faulds X,964,134,172,-2,-2,-2,-2,3,9,blademaster,both,1
Valstrax Greaves X,964,134,172,-2,-2,-2,-2,3,9,blademaster,both,1
Grand God's Peer Mask,965,120,158,2,-5,3,1,2,9,blademaster,both,1
Grand God's Peer Robe,965,120,158,2,-5,3,1,2,9,blademaster,both,1
Grand God's Peer Arms,965,120,158,2,-5,3,1,2,9,blademaster,both,0
Grand God's Peer Belt,965,120,158,2,-5,3,1,2,9,blademaster,both,2
Grand God's Peer Feet,965,120,158,2,-5,3,1,2,9,blademaster,both,1
Vangis Helm X,966,128,166,0,0,-4,0,-4,9,blademaster,both,1
Vangis Mail X,966,128,166,0,0,-4,0,-4,9,blademaster,both,0
Vangis Vambraces X,966,128,166,0,0,-4,0,-4,9,blademaster,both,1
Vangis Coil X,966,128,166,0,0,-4,0,-4,9,blademaster,both,2
Vangis Greaves X,966,128,166,0,0,-4,0,-4,9,blademaster,both,1
Chaos Helm,967,126,164,-3,2,-1,3,-3,9,blademaster,male,1
Chaos Mail,967,126,164,-3,2,-1,3,-3,9,blademaster,male,2
Chaos Vambraces,967,126,164,-3,2,-1,3,-3,9,blademaster,male,0
Chaos Faulds,967,126,164,-3,2,-1,3,-3,9,blademaster,male,0
Chaos Greaves,967,126,164,-3,2,-1,3,-3,9,blademaster,male,2
Nephilim Helm,968,126,164,-3,2,-1,3,-3,9,blademaster,female,1
Nephilim Mail,968,126,164,-3,2,-1,3,-3,9,blademaster,female,2
Nephilim Vambraces,968,126,164,-3,2,-1,3,-3,9,blademaster,female,0
Nephilim Tassets,968,126,164,-3,2,-1,3,-3,9,blademaster,female,0
Nephilim Greaves,968,126,164,-3,2,-1,3,-3,9,blademaster,female,2
Black Belt Helm X,969,120,158,3,3,3,3,3,9,blademaster,both,3
Black Belt Mail X,969,120,158,3,3,3,3,3,9,blademaster,both,0
Black Belt Braces X,969,120,158,3,3,3,3,3,9,blademaster,both,0
Black Belt Tassets X,969,120,158,3,3,3,3,3,9,blademaster,both,0
Black Belt Greaves X,969,120,158,3,3,3,3,3,9,blademaster,both,0
Guardian Helm X,970,126,164,0,0,0,0,0,9,blademaster,male,0
Guardian Suit X,970,126,164,0,0,0,0,0,9,blademaster,male,1
Guardian Vambraces X,970,126,164,0,0,0,0,0,9,blademaster,male,2
Guardian Coil X,970,126,164,0,0,0,0,0,9,blademaster,male,2
Guardian Boots X,970,126,164,0,0,0,0,0,9,blademaster,male,3
Guardian Helm Z,971,128,166,0,0,0,0,0,9,blademaster,male,0
Guardian Suit Z,971,128,166,0,0,0,0,0,9,blademaster,male,1
Guardian Vambraces Z,971,128,166,0,0,0,0,0,9,blademaster,male,1
Guardian Coil Z,971,128,166,0,0,0,0,0,9,blademaster,male,2
Guardian Boots Z,971,128,166,0,0,0,0,0,9,blademaster,male,2
Blue Guild Lobos X,972,130,168,0,0,0,0,0,9,blademaster,male,1
Blue Guild Suit X,972,130,168,0,0,0,0,0,9,blademaster,male,1
Blue Guild Gloves X,972,130,168,0,0,0,0,0,9,blademaster,male,1
Blue Guild Coil X,972,130,168,0,0,0,0,0,9,blademaster,male,1
Blue Guild Boots X,972,130,168,0,0,0,0,0,9,blademaster,male,2
Blue Guild Tricorne X,973,130,168,0,0,0,0,0,9,blademaster,female,1
Blue Guild Suit X,973,130,168,0,0,0,0,0,9,blademaster,female,1
Blue Guild Gloves X,973,130,168,0,0,0,0,0,9,blademaster,female,1
Blue Guild Coil X,973,130,168,0,0,0,0,0,9,blademaster,female,1
Blue Guild Boots X,973,130,168,0,0,0,0,0,9,blademaster,female,2
Red Guild Lobos X,974,130,168,0,0,0,0,0,9,blademaster,male,1
Red Guild Suit X,974,130,168,0,0,0,0,0,9,blademaster,male,1
Red Guild Gloves X,974,130,168,0,0,0,0,0,9,blademaster,male,2
Red Guild Coil X,974,130,168,0,0,0,0,0,9,blademaster,male,2
Red Guild Boots X,974,130,168,0,0,0,0,0,9,blademaster,male,1
Red Guild Tricorne X,975,130,168,0,0,0,0,0,9,blademaster,female,1
Red Guild Suit X,975,130,168,0,0,0,0,0,9,blademaster,female,1
Red Guild Gloves X,975,130,168,0,0,0,0,0,9,blademaster,female,2
Red Guild Coil X,975,130,168,0,0,0,0,0,9,blademaster,female,2
Red Guild Boots X,975,130,168,0,0,0,0,0,9,blademaster,female,1
Black Head X,976,124,162,2,2,2,2,-5,9,blademaster,both,0
Black Hide X,976,124,162,2,2,2,2,-5,9,blademaster,both,1
Black Claw X,976,124,162,2,2,2,2,-5,9,blademaster,both,0
Black Spine X,976,124,162,2,2,2,2,-5,9,blademaster,both,0
Black Feet X,976,124,162,2,2,2,2,-5,9,blademaster,both,1
Damascus Helm X,977,120,158,-1,1,-3,2,-1,9,blademaster,both,0
Damascus Mail X,977,120,158,-1,1,-3,2,-1,9,blademaster,both,0
Damascus Vambraces X,977,120,158,-1,1,-3,2,-1,9,blademaster,both,0
Damascus Coil X,977,120,158,-1,1,-3,2,-1,9,blademaster,both,1
Damascus Greaves X,977,120,158,-1,1,-3,2,-1,9,blademaster,both,2
Damascus Helm XR,978,114,152,-1,1,-3,2,-1,9,blademaster,both,1
Damascus Mail XR,978,114,152,-1,1,-3,2,-1,9,blademaster,both,0
Damascus VambracesXR,978,114,152,-1,1,-3,2,-1,9,blademaster,both,1
Damascus Coil XR,978,114,152,-1,1,-3,2,-1,9,blademaster,both,1
Damascus Greaves XR,978,114,152,-1,1,-3,2,-1,9,blademaster,both,1
Criminal Head,979,120,158,-3,1,1,1,1,9,blademaster,both,0
Criminal Suit,979,120,158,-3,1,1,1,1,9,blademaster,both,0
Criminal Braces,979,120,158,-3,1,1,1,1,9,blademaster,both,0
Criminal Legs,979,120,158,-3,1,1,1,1,9,blademaster,both,0
XX Valstrax Jacket,980,128,166,0,0,0,0,3,9,blademaster,both,0
XX Diablos Jacket,981,126,164,4,-1,-1,-1,-1,9,blademaster,both,0
Healer Glasses X,981,73,97,0,0,0,0,0,9,gunner,female,1
Healer Vest X,981,73,97,0,0,0,0,0,9,gunner,female,2
Healer Sleeves X,981,73,97,0,0,0,0,0,9,gunner,female,1
Healer Frills X,981,73,97,0,0,0,0,0,9,gunner,female,2
Healer Socks X,981,73,97,0,0,0,0,0,9,gunner,female,1
Healer Beret Z,982,74,98,0,0,0,0,0,9,gunner,female,0
Healer Vest Z,982,74,98,0,0,0,0,0,9,gunner,female,0
Healer Sleeves Z,982,74,98,0,0,0,0,0,9,gunner,female,0
Healer Frills Z,982,74,98,0,0,0,0,0,9,gunner,female,3
Healer Socks Z,982,74,98,0,0,0,0,0,9,gunner,female,0
Ancient Cap X,983,76,100,2,-2,-2,2,3,9,gunner,both,1
Ancient Vest X,983,76,100,2,-2,-2,2,3,9,gunner,both,0
Ancient Guards X,983,76,100,2,-2,-2,2,3,9,gunner,both,1
Ancient Coat X,983,76,100,2,-2,-2,2,3,9,gunner,both,1
Ancient Feet X,983,76,100,2,-2,-2,2,3,9,gunner,both,2
Ace Mask X,984,70,94,0,0,0,0,0,9,gunner,male,0
Ace Vest X,984,70,94,0,0,0,0,0,9,gunner,male,0
Ace Guards X,984,70,94,0,0,0,0,0,9,gunner,male,0
Ace Coat X,984,70,94,0,0,0,0,0,9,gunner,male,0
Ace Leggings X,984,70,94,0,0,0,0,0,9,gunner,male,0
Sororal Mask X,985,70,94,0,0,0,0,0,9,gunner,female,0
Sororal Vest X,985,70,94,0,0,0,0,0,9,gunner,female,0
Sororal Guards X,985,70,94,0,0,0,0,0,9,gunner,female,0
Sororal Coat X,985,70,94,0,0,0,0,0,9,gunner,female,0
Sororal Leggings X,985,70,94,0,0,0,0,0,9,gunner,female,0
Deadeye's Turban,986,73,97,0,0,0,0,0,9,gunner,both,2
Deadeye's Girdle,986,73,97,0,0,0,0,0,9,gunner,both,1
Deadeye's Gauntlets,986,73,97,0,0,0,0,0,9,gunner,both,1
Deadeye's Belt,986,73,97,0,0,0,0,0,9,gunner,both,0
Deadeye's Espadrilles,986,73,97,0,0,0,0,0,9,gunner,both,1
Shinobi Land Mask Goku,987,75,99,2,-1,2,-1,2,9,gunner,both,1
Shinobi Land Suit Goku,987,75,99,2,-1,2,-1,2,9,gunner,both,0
Shinobi Land Kote Goku,987,75,99,2,-1,2,-1,2,9,gunner,both,0
Shinobi Land Belt Goku,987,75,99,2,-1,2,-1,2,9,gunner,both,2
Shinobi Land Boots Goku,987,75,99,2,-1,2,-1,2,9,gunner,both,1
Master's Earrings X,988,69,93,3,-2,2,-2,2,9,gunner,both,1
Master's Vest X,988,69,93,3,-2,2,-2,2,9,gunner,both,0
Master's Guards X,988,69,93,3,-2,2,-2,2,9,gunner,both,2
Master's Coat X,988,69,93,3,-2,2,-2,2,9,gunner,both,1
Master's Leggings X,988,69,93,3,-2,2,-2,2,9,gunner,both,1
Grand Mitsuaoi Kabuto,989,76,100,-2,2,3,2,-2,9,gunner,both,0
Grand Mitsuaoi Doate,989,76,100,-2,2,3,2,-2,9,gunner,both,0
Grand Mitsuaoi Kote,989,76,100,-2,2,3,2,-2,9,gunner,both,0
Grand Mitsuaoi Koshiate,989,76,100,-2,2,3,2,-2,9,gunner,both,2
Grand Mitsuaoi Gusoku,989,76,100,-2,2,3,2,-2,9,gunner,both,2
Carnage Helm,990,72,96,2,-1,0,2,-1,9,gunner,both,1
Carnage Raiment,990,72,96,2,-1,0,2,-1,9,gunner,both,0
Carnage Vambraces,990,72,96,2,-1,0,2,-1,9,gunner,both,2
Carnage Wrap,990,72,96,2,-1,0,2,-1,9,gunner,both,2
Carnage Boots,990,72,96,2,-1,0,2,-1,9,gunner,both,1
Helios Cap X,991,76,100,0,1,-2,4,-3,9,gunner,male,1
Helios Vest X,991,76,100,0,1,-2,4,-3,9,gunner,male,1
Helios Guards X,991,76,100,0,1,-2,4,-3,9,gunner,male,1
Helios Coat X,991,76,100,0,1,-2,4,-3,9,gunner,male,0
Helios Leggings X,991,76,100,0,1,-2,4,-3,9,gunner,male,1
Selene Cap X,992,76,100,0,1,-2,4,-3,9,gunner,female,1
Selene Vest X,992,76,100,0,1,-2,4,-3,9,gunner,female,1
Selene Guards X,992,76,100,0,1,-2,4,-3,9,gunner,female,1
Selene Coat X,992,76,100,0,1,-2,4,-3,9,gunner,female,0
Selene Leggings X,992,76,100,0,1,-2,4,-3,9,gunner,female,1
Kaiserin Mask,993,75,99,3,0,1,-2,-2,9,gunner,both,1
Kaiserin Vest,993,75,99,3,0,1,-2,-2,9,gunner,both,1
Kaisrein Guards,993,75,99,3,0,1,-2,-2,9,gunner,both,1
Kaiserin Coat,993,75,99,3,0,1,-2,-2,9,gunner,both,1
Kaiserin Leggings,993,75,99,3,0,1,-2,-2,9,gunner,both,1
Wisdom Hat X,994,72,96,0,0,0,0,0,9,gunner,both,1
Wisdom Vest X,994,72,96,0,0,0,0,0,9,gunner,both,1
Wisdom Cuffs X,994,72,96,0,0,0,0,0,9,gunner,both,2
Wisdom Coat X,994,72,96,0,0,0,0,0,9,gunner,both,2
Wisdom Feet X,994,72,96,0,0,0,0,0,9,gunner,both,2
Research Cap,995,67,91,0,0,0,0,0,9,gunner,female,1
Research Vest,995,67,91,0,0,0,0,0,9,gunner,female,0
Research Cuffs,995,67,91,0,0,0,0,0,9,gunner,female,1
Research Coat,995,67,91,0,0,0,0,0,9,gunner,female,2
Research Tights,995,67,91,0,0,0,0,0,9,gunner,female,1
Cheerful Cap X,996,69,93,0,0,0,0,0,9,gunner,female,1
Cheerful Vest X,996,69,93,0,0,0,0,0,9,gunner,female,1
Cheerful Guards X,996,69,93,0,0,0,0,0,9,gunner,female,2
Cheerful Band X,996,69,93,0,0,0,0,0,9,gunner,female,2
Cheerful Feet X,996,69,93,0,0,0,0,0,9,gunner,female,1
Barman's Glasses,997,72,96,0,0,0,0,0,9,gunner,male,2
Barman's Vest,997,72,96,0,0,0,0,0,9,gunner,male,1
Barman's Sleeves,997,72,96,0,0,0,0,0,9,gunner,male,0
Barman's Coat,997,72,96,0,0,0,0,0,9,gunner,male,1
Barman's Pants,997,72,96,0,0,0,0,0,9,gunner,male,2
Barmaid's Earring,998,72,96,0,0,0,0,0,9,gunner,female,3
Barmaid's Vest,998,72,96,0,0,0,0,0,9,gunner,female,2
Barmaid's Sleeves,998,72,96,0,0,0,0,0,9,gunner,female,0
Barmaid's Frills,998,72,96,0,0,0,0,0,9,gunner,female,1
Barmaid's Tights,998,72,96,0,0,0,0,0,9,gunner,female,2
Barioth Cap X,999,69,93,-3,4,-1,0,0,9,gunner,both,1
Barioth Vest X,999,69,93,-3,4,-1,0,0,9,gunner,both,1
Barioth Guards X,999,69,93,-3,4,-1,0,0,9,gunner,both,1
Barioth Coat X,999,69,93,-3,4,-1,0,0,9,gunner,both,2
Barioth Leggings X,999,69,93,-3,4,-1,0,0,9,gunner,both,2
Seltas Cap X,1000,73,97,-3,-2,-2,4,6,9,gunner,both,0
Seltas Vest X,1000,73,97,-3,-2,-2,4,6,9,gunner,both,1
Seltas Guards X,1000,73,97,-3,-2,-2,4,6,9,gunner,both,0
Seltas Coat X,1000,73,97,-3,-2,-2,4,6,9,gunner,both,0
Seltas Leggings X,1000,73,97,-3,-2,-2,4,6,9,gunner,both,1
Rathalos Cap X,1001,72,96,5,0,-2,0,-4,9,gunner,both,1
Rathalos Vest X,1001,72,96,5,0,-2,0,-4,9,gunner,both,1
Rathalos Guards X,1001,72,96,5,0,-2,0,-4,9,gunner,both,1
Rathalos Coat X,1001,72,96,5,0,-2,0,-4,9,gunner,both,2
Rathalos Leggings X,1001,72,96,5,0,-2,0,-4,9,gunner,both,2
Rathalos Cap GX,1002,74,98,5,0,-2,0,-4,9,gunner,both,1
Rathalos Vest GX,1002,74,98,5,0,-2,0,-4,9,gunner,both,1
Rathalos Guards GX,1002,74,98,5,0,-2,0,-4,9,gunner,both,1
Rathalos Coat GX,1002,74,98,5,0,-2,0,-4,9,gunner,both,2
Rathalos Leggings GX,1002,74,98,5,0,-2,0,-4,9,gunner,both,1
Rathalos Cap XR,1003,69,93,5,0,-2,0,-4,9,gunner,both,0
Rathalos Vest XR,1003,69,93,5,0,-2,0,-4,9,gunner,both,1
Rathalos Guards XR,1003,69,93,5,0,-2,0,-4,9,gunner,both,1
Rathalos Coat XR,1003,69,93,5,0,-2,0,-4,9,gunner,both,0
Rathalos Leggings XR,1003,69,93,5,0,-2,0,-4,9,gunner,both,1
Lagiacrus Cap X,1004,72,96,-3,-1,5,2,-2,9,gunner,both,2
Lagiacrus Vest X,1004,72,96,-3,-1,5,2,-2,9,gunner,both,2
Lagiacrus Guards X,1004,72,96,-3,-1,5,2,-2,9,gunner,both,2
Lagiacrus Coat X,1004,72,96,-3,-1,5,2,-2,9,gunner,both,0
Lagiacrus Leggings X,1004,72,96,-3,-1,5,2,-2,9,gunner,both,1
Lagiacrus Cap XR,1005,69,93,-3,-1,5,2,-2,9,gunner,both,0
Lagiacrus Vest XR,1005,69,93,-3,-1,5,2,-2,9,gunner,both,1
Lagiacrus Guards XR,1005,69,93,-3,-1,5,2,-2,9,gunner,both,1
Lagiacrus Coat XR,1005,69,93,-3,-1,5,2,-2,9,gunner,both,0
Lagiacrus Leggings XR,1005,69,93,-3,-1,5,2,-2,9,gunner,both,0
Zinogre Cap X,1006,72,96,0,-4,5,-1,1,9,gunner,both,1
Zinogre Vest X,1006,72,96,0,-4,5,-1,1,9,gunner,both,1
Zinogre Guards X,1006,72,96,0,-4,5,-1,1,9,gunner,both,1
Zinogre Coat X,1006,72,96,0,-4,5,-1,1,9,gunner,both,1
Zinogre Leggings X,1006,72,96,0,-4,5,-1,1,9,gunner,both,1
Zinogre Cap GX,1007,74,98,0,-4,5,-1,1,9,gunner,both,1
Zinogre Vest GX,1007,74,98,0,-4,5,-1,1,9,gunner,both,1
Zinogre Guards GX,1007,74,98,0,-4,5,-1,1,9,gunner,both,1
Zinogre Coat GX,1007,74,98,0,-4,5,-1,1,9,gunner,both,1
Zinogre Leggings GX,1007,74,98,0,-4,5,-1,1,9,gunner,both,1
Gravios Cap X,1008,72,96,4,0,1,-3,-2,9,gunner,both,1
Gravios Vest X,1008,72,96,4,0,1,-3,-2,9,gunner,both,0
Gravios Guards X,1008,72,96,4,0,1,-3,-2,9,gunner,both,2
Gravios Coat X,1008,72,96,4,0,1,-3,-2,9,gunner,both,1
Gravios Leggings X,1008,72,96,4,0,1,-3,-2,9,gunner,both,2
Mizutsune Mask X,1009,70,94,0,1,-2,2,-1,9,gunner,both,1
Mizutsune Vest X,1009,70,94,0,1,-2,2,-1,9,gunner,both,1
Mizutsune Guards X,1009,70,94,0,1,-2,2,-1,9,gunner,both,2
Mizutsune Coat X,1009,70,94,0,1,-2,2,-1,9,gunner,both,2
Mizutsune Leggings X,1009,70,94,0,1,-2,2,-1,9,gunner,both,1
Astalos Cap X,1010,72,96,0,-3,4,-2,2,9,gunner,both,1
Astalos Vest X,1010,72,96,0,-3,4,-2,2,9,gunner,both,1
Astalos Guards X,1010,72,96,0,-3,4,-2,2,9,gunner,both,2
Astalos Coat X,1010,72,96,0,-3,4,-2,2,9,gunner,both,1
Astalos Leggings X,1010,72,96,0,-3,4,-2,2,9,gunner,both,2
Gammoth Cap X,1011,74,98,-3,4,-1,1,2,9,gunner,male,2
Gammoth Vest X,1011,74,98,-3,4,-1,1,2,9,gunner,male,0
Gammoth Guards X,1011,74,98,-3,4,-1,1,2,9,gunner,male,2
Gammoth Coat X,1011,74,98,-3,4,-1,1,2,9,gunner,male,1
Gammoth Leggings X,1011,74,98,-3,4,-1,1,2,9,gunner,male,1
Gammoth Cap X,1012,74,98,-3,4,-1,1,2,9,gunner,female,2
Gammoth Vest X,1012,74,98,-3,4,-1,1,2,9,gunner,female,0
Gammoth Guards X,1012,74,98,-3,4,-1,1,2,9,gunner,female,2
Gammoth Coat X,1012,74,98,-3,4,-1,1,2,9,gunner,female,1
Gammoth Leggings X,1012,74,98,-3,4,-1,1,2,9,gunner,female,1
Glavenus Cap X,1013,73,97,4,0,1,-3,-1,9,gunner,both,2
Glavenus Vest X,1013,73,97,4,0,1,-3,-1,9,gunner,both,2
Glavenus Guards X,1013,73,97,4,0,1,-3,-1,9,gunner,both,2
Glavenus Coat X,1013,73,97,4,0,1,-3,-1,9,gunner,both,2
Glavenus Leggings X,1013,73,97,4,0,1,-3,-1,9,gunner,both,2
Agnaktor Cap X,1014,73,97,6,-1,0,-4,0,9,gunner,both,2
Agnaktor Vest X,1014,73,97,6,-1,0,-4,0,9,gunner,both,0
Agnaktor Guards X,1014,73,97,6,-1,0,-4,0,9,gunner,both,3
Agnaktor Coat X,1014,73,97,6,-1,0,-4,0,9,gunner,both,0
Agnaktor Leggings X,1014,73,97,6,-1,0,-4,0,9,gunner,both,1
Gore Cap X,1015,73,97,-2,2,-1,3,-2,9,gunner,both,1
Gore Vest X,1015,73,97,-2,2,-1,3,-2,9,gunner,both,1
Gore Guards X,1015,73,97,-2,2,-1,3,-2,9,gunner,both,2
Gore Coat X,1015,73,97,-2,2,-1,3,-2,9,gunner,both,1
Gore Leggings X,1015,73,97,-2,2,-1,3,-2,9,gunner,both,1
Gore Cap GX,1016,75,99,-2,2,-1,3,-2,9,gunner,both,1
Gore Vest GX,1016,75,99,-2,2,-1,3,-2,9,gunner,both,0
Gore Guards GX,1016,75,99,-2,2,-1,3,-2,9,gunner,both,1
Gore Coat GX,1016,75,99,-2,2,-1,3,-2,9,gunner,both,1
Gore Leggings GX,1016,75,99,-2,2,-1,3,-2,9,gunner,both,2
Gore Cap XR,1017,69,93,-2,2,-1,3,-2,9,gunner,both,1
Gore Vest XR,1017,69,93,-2,2,-1,3,-2,9,gunner,both,1
Gore Guards XR,1017,69,93,-2,2,-1,3,-2,9,gunner,both,1
Gore Coat XR,1017,69,93,-2,2,-1,3,-2,9,gunner,both,2
Gore Leggings XR,1017,69,93,-2,2,-1,3,-2,9,gunner,both,1
Regios Cap X,1018,72,96,4,-2,-3,0,0,9,gunner,both,1
Regios Vest X,1018,72,96,4,-2,-3,0,0,9,gunner,both,0
Regios Guards X,1018,72,96,4,-2,-3,0,0,9,gunner,both,1
Regios Coat X,1018,72,96,4,-2,-3,0,0,9,gunner,both,2
Regios Leggings X,1018,72,96,4,-2,-3,0,0,9,gunner,both,1
Duramboros Cap X,1019,75,99,-2,-2,1,2,1,9,gunner,both,1
Duramboros Vest X,1019,75,99,-2,-2,1,2,1,9,gunner,both,1
Duramboros Guards X,1019,75,99,-2,-2,1,2,1,9,gunner,both,1
Duramboros Coat X,1019,75,99,-2,-2,1,2,1,9,gunner,both,2
Duramboros Leggings X,1019,75,99,-2,-2,1,2,1,9,gunner,both,2
Tigrex Cap X,1020,74,98,4,0,-3,0,-2,9,gunner,both,1
Tigrex Vest X,1020,74,98,4,0,-3,0,-2,9,gunner,both,0
Tigrex Guards X,1020,74,98,4,0,-3,0,-2,9,gunner,both,1
Tigrex Coat X,1020,74,98,4,0,-3,0,-2,9,gunner,both,1
Tigrex Leggings X,1020,74,98,4,0,-3,0,-2,9,gunner,both,2
Tigrex Cap GX,1021,75,99,4,0,-3,0,-2,9,gunner,both,1
Tigrex Vest GX,1021,75,99,4,0,-3,0,-2,9,gunner,both,1
Tigrex Guards GX,1021,75,99,4,0,-3,0,-2,9,gunner,both,2
Tigrex Coat GX,1021,75,99,4,0,-3,0,-2,9,gunner,both,1
Tigrex Leggings GX,1021,75,99,4,0,-3,0,-2,9,gunner,both,2
Tigrex Cap XR,1022,72,96,4,0,-3,0,-2,9,gunner,both,1
Tigrex Vest XR,1022,72,96,4,0,-3,0,-2,9,gunner,both,2
Tigrex Guards XR,1022,72,96,4,0,-3,0,-2,9,gunner,both,2
Tigrex Coat XR,1022,72,96,4,0,-3,0,-2,9,gunner,both,1
Tigrex Leggings XR,1022,72,96,4,0,-3,0,-2,9,gunner,both,1
Diablos Cap X,1023,74,98,3,-3,0,0,0,9,gunner,both,1
Diablos Vest X,1023,74,98,3,-3,0,0,0,9,gunner,both,1
Diablos Guards X,1023,74,98,3,-3,0,0,0,9,gunner,both,1
Diablos Coat X,1023,74,98,3,-3,0,0,0,9,gunner,both,1
Diablos Leggings X,1023,74,98,3,-3,0,0,0,9,gunner,both,1
Diablos Cap XR,1024,70,94,3,-3,0,0,0,9,gunner,both,2
Diablos Vest XR,1024,70,94,3,-3,0,0,0,9,gunner,both,1
Diablos Guards XR,1024,70,94,3,-3,0,0,0,9,gunner,both,2
Diablos Coat XR,1024,70,94,3,-3,0,0,0,9,gunner,both,1
Diablos Leggings XR,1024,70,94,3,-3,0,0,0,9,gunner,both,1
Kirin Crest X,1025,74,98,-1,0,4,-1,2,9,gunner,both,1
Kirin Cape X,1025,74,98,-1,0,4,-1,2,9,gunner,both,1
Kirin Gloves X,1025,74,98,-1,0,4,-1,2,9,gunner,both,1
Kirin Shorts X,1025,74,98,-1,0,4,-1,2,9,gunner,both,2
Kirin Boots X,1025,74,98,-1,0,4,-1,2,9,gunner,both,1
Kirin Crest XR,1026,72,96,-1,0,4,-1,2,9,gunner,both,1
Kirin Cape XR,1026,72,96,-1,0,4,-1,2,9,gunner,both,2
Kirin Gloves XR,1026,72,96,-1,0,4,-1,2,9,gunner,both,0
Kirin Shorts XR,1026,72,96,-1,0,4,-1,2,9,gunner,both,1
Kirin Boots XR,1026,72,96,-1,0,4,-1,2,9,gunner,both,2
Brachydios Cap X,1027,75,99,2,-2,0,-3,0,9,gunner,both,0
Brachydios Vest X,1027,75,99,2,-2,0,-3,0,9,gunner,both,2
Brachydios Guards X,1027,75,99,2,-2,0,-3,0,9,gunner,both,1
Brachydios Coat X,1027,75,99,2,-2,0,-3,0,9,gunner,both,1
Brachydios Leggings X,1027,75,99,2,-2,0,-3,0,9,gunner,both,2
Brachydios Cap GX,1028,78,102,2,-2,0,-3,0,9,gunner,both,0
Brachydios Vest GX,1028,78,102,2,-2,0,-3,0,9,gunner,both,2
Brachydios Guards GX,1028,78,102,2,-2,0,-3,0,9,gunner,both,1
Brachydios Coat GX,1028,78,102,2,-2,0,-3,0,9,gunner,both,3
Brachydios Leggings GX,1028,78,102,2,-2,0,-3,0,9,gunner,both,2
Arc Cap X,1029,78,102,-2,2,0,2,-3,9,gunner,male,2
Arc Vest X,1029,78,102,-2,2,0,2,-3,9,gunner,male,1
Arc Guards X,1029,78,102,-2,2,0,2,-3,9,gunner,male,2
Arc Coat X,1029,78,102,-2,2,0,2,-3,9,gunner,male,2
Arc Leggings X,1029,78,102,-2,2,0,2,-3,9,gunner,male,2
Storge Cap X,1030,78,102,-2,2,0,2,-3,9,gunner,female,2
Storge Vest X,1030,78,102,-2,2,0,2,-3,9,gunner,female,1
Storge Guards X,1030,78,102,-2,2,0,2,-3,9,gunner,female,2
Storge Coat X,1030,78,102,-2,2,0,2,-3,9,gunner,female,2
Storge Leggings X,1030,78,102,-2,2,0,2,-3,9,gunner,female,2
Arc Cap GX,1031,79,103,-2,2,0,2,-3,9,gunner,male,2
Arc Vest GX,1031,79,103,-2,2,0,2,-3,9,gunner,male,2
Arc Guards GX,1031,79,103,-2,2,0,2,-3,9,gunner,male,2
Arc Coat GX,1031,79,103,-2,2,0,2,-3,9,gunner,male,2
Arc Leggings GX,1031,79,103,-2,2,0,2,-3,9,gunner,male,2
Storge Cap GX,1032,79,103,-2,2,0,2,-3,9,gunner,female,2
Storge Vest GX,1032,79,103,-2,2,0,2,-3,9,gunner,female,2
Storge Guards GX,1032,79,103,-2,2,0,2,-3,9,gunner,female,2
Storge Coat GX,1032,79,103,-2,2,0,2,-3,9,gunner,female,2
Storge Leggings GX,1032,79,103,-2,2,0,2,-3,9,gunner,female,2
Arc Cap XR,1033,74,98,-2,2,0,2,-3,9,gunner,male,2
Arc Vest XR,1033,74,98,-2,2,0,2,-3,9,gunner,male,1
Arc Guards XR,1033,74,98,-2,2,0,2,-3,9,gunner,male,1
Arc Coat XR,1033,74,98,-2,2,0,2,-3,9,gunner,male,3
Arc Leggings XR,1033,74,98,-2,2,0,2,-3,9,gunner,male,0
Storge Cap XR,1034,74,98,-2,2,0,2,-3,9,gunner,female,2
Storge Vest XR,1034,74,98,-2,2,0,2,-3,9,gunner,female,1
Storge Guards XR,1034,74,98,-2,2,0,2,-3,9,gunner,female,1
Storge Coat XR,1034,74,98,-2,2,0,2,-3,9,gunner,female,3
Storge Leggings XR,1034,74,98,-2,2,0,2,-3,9,gunner,female,0
Valstrax Cap X,1035,80,104,-2,-2,-2,-2,4,9,gunner,both,0
Valstrax Vest X,1035,80,104,-2,-2,-2,-2,4,9,gunner,both,2
Valstrax Guards X,1035,80,104,-2,-2,-2,-2,4,9,gunner,both,2
Valstrax Coat X,1035,80,104,-2,-2,-2,-2,4,9,gunner,both,1
Valstrax Leggings X,1035,80,104,-2,-2,-2,-2,4,9,gunner,both,1
Grand Hermit Mask,1036,72,96,2,-4,3,1,2,9,gunner,both,1
Grand Hermit Robe,1036,72,96,2,-4,3,1,2,9,gunner,both,1
Grand Hermit Arms,1036,72,96,2,-4,3,1,2,9,gunner,both,0
Grand Hermit Belt,1036,72,96,2,-4,3,1,2,9,gunner,both,2
Grand Hermit Feet,1036,72,96,2,-4,3,1,2,9,gunner,both,1
Vangis Cap X,1037,76,100,0,0,-3,0,-4,9,gunner,both,1
Vangis Vest X,1037,76,100,0,0,-3,0,-4,9,gunner,both,0
Vangis Guards X,1037,76,100,0,0,-3,0,-4,9,gunner,both,1
Vangis Coat X,1037,76,100,0,0,-3,0,-4,9,gunner,both,2
Vangis Leggings X,1037,76,100,0,0,-3,0,-4,9,gunner,both,1
Chaos Cap,1038,75,99,-2,2,-1,3,-3,9,gunner,male,1
Chaos Vest,1038,75,99,-2,2,-1,3,-3,9,gunner,male,2
Chaos Guards,1038,75,99,-2,2,-1,3,-3,9,gunner,male,0
Chaos Coat,1038,75,99,-2,2,-1,3,-3,9,gunner,male,0
Chaos Leggings,1038,75,99,-2,2,-1,3,-3,9,gunner,male,2
Nephilim Cap,1039,75,99,-2,2,-1,3,-3,9,gunner,female,1
Nephilim Vest,1039,75,99,-2,2,-1,3,-3,9,gunner,female,2
Nephilim Guards,1039,75,99,-2,2,-1,3,-3,9,gunner,female,0
Nephilim Coat,1039,75,99,-2,2,-1,3,-3,9,gunner,female,0
Nephilim Leggings,1039,75,99,-2,2,-1,3,-3,9,gunner,female,2
Black Belt Cap X,1040,72,96,3,3,3,3,4,9,gunner,both,3
Black Belt Vest X,1040,72,96,3,3,3,3,4,9,gunner,both,0
Black Belt Guards X,1040,72,96,3,3,3,3,4,9,gunner,both,0
Black Belt Coat X,1040,72,96,3,3,3,3,4,9,gunner,both,0
Black Belt Leggings X,1040,72,96,3,3,3,3,4,9,gunner,both,0
Guardian Mask X,1041,75,99,0,0,0,0,0,9,gunner,male,0
Guardian Vest X,1041,75,99,0,0,0,0,0,9,gunner,male,1
Guardian Guards X,1041,75,99,0,0,0,0,0,9,gunner,male,2
Guardian Coat X,1041,75,99,0,0,0,0,0,9,gunner,male,2
Guardian Pants X,1041,75,99,0,0,0,0,0,9,gunner,male,3
Guardian Mask Z,1042,76,100,0,0,0,0,0,9,gunner,male,0
Guardian Vest Z,1042,76,100,0,0,0,0,0,9,gunner,male,1
Guardian Guards Z,1042,76,100,0,0,0,0,0,9,gunner,male,1
Guardian Coat Z,1042,76,100,0,0,0,0,0,9,gunner,male,2
Guardian Pants Z,1042,76,100,0,0,0,0,0,9,gunner,male,2
Blue Guild Mask X,1043,78,102,0,0,0,0,0,9,gunner,male,1
Blue Guild Vest X,1043,78,102,0,0,0,0,0,9,gunner,male,1
Blue Guild Sleeves X,1043,78,102,0,0,0,0,0,9,gunner,male,1
Blue Guild Coat X,1043,78,102,0,0,0,0,0,9,gunner,male,1
Blue Guild Tights X,1043,78,102,0,0,0,0,0,9,gunner,male,2
Blue Guild Piercing X,1044,78,102,0,0,0,0,0,9,gunner,female,1
Blue Guild Vest X,1044,78,102,0,0,0,0,0,9,gunner,female,1
Blue Guild Sleeves X,1044,78,102,0,0,0,0,0,9,gunner,female,1
Blue Guild Coat X,1044,78,102,0,0,0,0,0,9,gunner,female,1
Blue Guild Tights X,1044,78,102,0,0,0,0,0,9,gunner,female,2
Red Guild Mask X,1045,78,102,0,0,0,0,0,9,gunner,male,1
Red Guild Vest X,1045,78,102,0,0,0,0,0,9,gunner,male,1
Red Guild Sleeves X,1045,78,102,0,0,0,0,0,9,gunner,male,2
Red Guild Coat X,1045,78,102,0,0,0,0,0,9,gunner,male,2
Red Guild Tights X,1045,78,102,0,0,0,0,0,9,gunner,male,1
Red Guild Piercing X,1046,78,102,0,0,0,0,0,9,gunner,female,1
Red Guild Vest X,1046,78,102,0,0,0,0,0,9,gunner,female,1
Red Guild Sleeves X,1046,78,102,0,0,0,0,0,9,gunner,female,2
Red Guild Coat X,1046,78,102,0,0,0,0,0,9,gunner,female,2
Red Guild Tights X,1046,78,102,0,0,0,0,0,9,gunner,female,1
Black Face X,1047,74,98,2,3,2,2,-5,9,gunner,both,0
Black Skin X,1047,74,98,2,3,2,2,-5,9,gunner,both,1
Black Fist X,1047,74,98,2,3,2,2,-5,9,gunner,both,0
Black Scale X,1047,74,98,2,3,2,2,-5,9,gunner,both,0
Black Legs X,1047,74,98,2,3,2,2,-5,9,gunner,both,1
Damascus Cap X,1048,72,96,-1,1,-3,2,-1,9,gunner,both,0
Damascus Vest X,1048,72,96,-1,1,-3,2,-1,9,gunner,both,0
Damascus Guards X,1048,72,96,-1,1,-3,2,-1,9,gunner,both,0
Damascus Coat X,1048,72,96,-1,1,-3,2,-1,9,gunner,both,1
Damascus Leggings X,1048,72,96,-1,1,-3,2,-1,9,gunner,both,2
Damascus Cap XR,1049,68,92,-1,1,-3,2,-1,9,gunner,both,1
Damascus Vest XR,1049,68,92,-1,1,-3,2,-1,9,gunner,both,0
Damascus Guards XR,1049,68,92,-1,1,-3,2,-1,9,gunner,both,1
Damascus Coat XR,1049,68,92,-1,1,-3,2,-1,9,gunner,both,1
Damascus Leggings XR,1049,68,92,-1,1,-3,2,-1,9,gunner,both,1
Criminal Face,1050,72,96,-2,1,1,1,1,9,gunner,both,0
Criminal Body,1050,72,96,-2,1,1,1,1,9,gunner,both,0
Criminal Hands,1050,72,96,-2,1,1,1,1,9,gunner,both,0
Criminal Feet,1050,72,96,-2,1,1,1,1,9,gunner,both,0
XX Valstrax Jersey,1051,76,100,0,0,0,0,4,9,gunner,both,0
XX Diablos Jersey,1052,75,99,5,-1,-1,-1,-1,9,gunner,both,0
Kushala Glare X,1052,132,170,-1,3,-2,2,-3,10,blademaster,both,0
Kushala Cista X,1052,132,170,-1,3,-2,2,-3,10,blademaster,both,0
Kushala Grip X,1052,132,170,-1,3,-2,2,-3,10,blademaster,both,2
Kushala Cocoon X,1052,132,170,-1,3,-2,2,-3,10,blademaster,both,1
Kushala Crus X,1052,132,170,-1,3,-2,2,-3,10,blademaster,both,1
Kushala Glare GX,1053,134,172,-1,3,-2,2,-3,10,blademaster,both,1
Kushala Cista GX,1053,134,172,-1,3,-2,2,-3,10,blademaster,both,1
Kushala Grip GX,1053,134,172,-1,3,-2,2,-3,10,blademaster,both,1
Kushala Cocoon GX,1053,134,172,-1,3,-2,2,-3,10,blademaster,both,1
Kushala Crus GX,1053,134,172,-1,3,-2,2,-3,10,blademaster,both,2
Kushala Glare XR,1054,126,164,-1,3,-2,2,-3,10,blademaster,both,0
Kushala Cista XR,1054,126,164,-1,3,-2,2,-3,10,blademaster,both,1
Kushala Grip XR,1054,126,164,-1,3,-2,2,-3,10,blademaster,both,1
Kushala Cocoon XR,1054,126,164,-1,3,-2,2,-3,10,blademaster,both,1
Kushala Crus XR,1054,126,164,-1,3,-2,2,-3,10,blademaster,both,2
Grand Mizuha Cap,1055,124,162,-5,2,0,1,-3,10,blademaster,both,2
Grand Mizuha Guards,1055,124,162,-5,2,0,1,-3,10,blademaster,both,1
Grand Mizuha Sleeves,1055,124,162,-5,2,0,1,-3,10,blademaster,both,1
Grand Mizuha Sash,1055,124,162,-5,2,0,1,-3,10,blademaster,both,2
Grand Mizuha Leg Wrap,1055,124,162,-5,2,0,1,-3,10,blademaster,both,0
Mizuha Cap GX,1056,128,166,-5,2,0,1,-3,10,blademaster,both,1
Mizuha Guards GX,1056,128,166,-5,2,0,1,-3,10,blademaster,both,0
Mizuha Sleeves GX,1056,128,166,-5,2,0,1,-3,10,blademaster,both,1
Mizuha Sash GX,1056,128,166,-5,2,0,1,-3,10,blademaster,both,0
Mizuha Gaiters GX,1056,128,166,-5,2,0,1,-3,10,blademaster,both,1
Kaiser Crown X,1057,128,166,4,-1,1,-4,-3,10,blademaster,both,0
Kaiser Mail X,1057,128,166,4,-1,1,-4,-3,10,blademaster,both,0
Kaiser Vambraces X,1057,128,166,4,-1,1,-4,-3,10,blademaster,both,1
Kaiser Tassets X,1057,128,166,4,-1,1,-4,-3,10,blademaster,both,0
Kaiser Greaves X,1057,128,166,4,-1,1,-4,-3,10,blademaster,both,1
Kaiser Crown GX,1058,132,170,4,-1,1,-4,-3,10,blademaster,both,1
Kaiser Mail GX,1058,132,170,4,-1,1,-4,-3,10,blademaster,both,0
Kaiser Vambraces GX,1058,132,170,4,-1,1,-4,-3,10,blademaster,both,1
Kaiser Tassets GX,1058,132,170,4,-1,1,-4,-3,10,blademaster,both,1
Kaiser Greaves GX,1058,132,170,4,-1,1,-4,-3,10,blademaster,both,1
Silver Solhelm Z,1059,130,168,2,0,-4,-5,4,10,blademaster,both,2
Silver Solmail Z,1059,130,168,2,0,-4,-5,4,10,blademaster,both,0
Silver Solbraces Z,1059,130,168,2,0,-4,-5,4,10,blademaster,both,2
Silver Solcoil Z,1059,130,168,2,0,-4,-5,4,10,blademaster,both,2
Silver Solgreaves Z,1059,130,168,2,0,-4,-5,4,10,blademaster,both,1
GX Silver Solhelm,1060,132,170,2,0,-4,-5,4,10,blademaster,both,0
GX Silver Solmail,1060,132,170,2,0,-4,-5,4,10,blademaster,both,1
GX Silver Solbraces,1060,132,170,2,0,-4,-5,4,10,blademaster,both,1
GX Silver Solcoil,1060,132,170,2,0,-4,-5,4,10,blademaster,both,0
GX Silver Solgreaves,1060,132,170,2,0,-4,-5,4,10,blademaster,both,1
Silver Solhelm XR,1061,126,164,2,0,-4,-5,4,10,blademaster,both,0
Silver Solmail XR,1061,126,164,2,0,-4,-5,4,10,blademaster,both,1
Silver Solbraces XR,1061,126,164,2,0,-4,-5,4,10,blademaster,both,1
Silver Solfaulds XR,1061,126,164,2,0,-4,-5,4,10,blademaster,both,0
Silver Solgreaves XR,1061,126,164,2,0,-4,-5,4,10,blademaster,both,0
Golden Lunehelm Z,1062,126,164,2,0,-6,-4,4,10,blademaster,both,1
Golden Lunemail Z,1062,126,164,2,0,-6,-4,4,10,blademaster,both,0
Golden Lunebraces Z,1062,126,164,2,0,-6,-4,4,10,blademaster,both,1
Golden Lunecoil Z,1062,126,164,2,0,-6,-4,4,10,blademaster,both,1
Golden Lunegreaves Z,1062,126,164,2,0,-6,-4,4,10,blademaster,both,0
GX Golden Lunehelm,1063,130,168,2,0,-6,-4,4,10,blademaster,both,0
GX Golden Lunemail,1063,130,168,2,0,-6,-4,4,10,blademaster,both,0
GX Golden Lunebraces,1063,130,168,2,0,-6,-4,4,10,blademaster,both,0
GX Golden Lunecoil,1063,130,168,2,0,-6,-4,4,10,blademaster,both,0
GX Gold Lunegreaves,1063,130,168,2,0,-6,-4,4,10,blademaster,both,0
Grand Divine Ire Mask,1064,130,168,2,-6,3,1,2,10,blademaster,both,0
Grand Divine Ire Haori,1064,130,168,2,-6,3,1,2,10,blademaster,both,2
Grand Divine Ire Kote,1064,130,168,2,-6,3,1,2,10,blademaster,both,0
Grand Divine Ire Obi,1064,130,168,2,-6,3,1,2,10,blademaster,both,1
Grand Divine Ire Hakama,1064,130,168,2,-6,3,1,2,10,blademaster,both,2
Esurient Helm Z,1065,132,170,-2,-2,-5,-2,-2,10,blademaster,both,0
Esurient Mail Z,1065,132,170,-2,-2,-5,-2,-2,10,blademaster,both,1
Esurient Vambraces Z,1065,132,170,-2,-2,-5,-2,-2,10,blademaster,both,1
Esurient Faulds Z,1065,132,170,-2,-2,-5,-2,-2,10,blademaster,both,0
Esurient Greaves Z,1065,132,170,-2,-2,-5,-2,-2,10,blademaster,both,1
Esurient Helm XR,1066,128,166,-2,-2,-5,-2,-2,10,blademaster,both,3
Esurient Mail XR,1066,128,166,-2,-2,-5,-2,-2,10,blademaster,both,3
Esurient Vambraces XR,1066,128,166,-2,-2,-5,-2,-2,10,blademaster,both,3
Esurient Faulds XR,1066,128,166,-2,-2,-5,-2,-2,10,blademaster,both,3
Esurient Greaves XR,1066,128,166,-2,-2,-5,-2,-2,10,blademaster,both,3
Brachydium Helm,1067,134,172,4,-3,0,-2,0,10,blademaster,both,2
Brachydium Mail,1067,134,172,4,-3,0,-2,0,10,blademaster,both,1
Brachydium Vambraces,1067,134,172,4,-3,0,-2,0,10,blademaster,both,2
Brachydium Faulds,1067,134,172,4,-3,0,-2,0,10,blademaster,both,2
Brachydium Greaves,1067,134,172,4,-3,0,-2,0,10,blademaster,both,1
Auroros Helm,1068,120,158,-2,2,0,2,-3,10,blademaster,male,1
Auroros Torso,1068,120,158,-2,2,0,2,-3,10,blademaster,male,1
Auroros Gauntlets,1068,120,158,-2,2,0,2,-3,10,blademaster,male,1
Auroros Tassets,1068,120,158,-2,2,0,2,-3,10,blademaster,male,1
Auroros Pants,1068,120,158,-2,2,0,2,-3,10,blademaster,male,1
Borealis Crown,1069,120,158,-2,2,0,2,-3,10,blademaster,female,1
Borealis Chest,1069,120,158,-2,2,0,2,-3,10,blademaster,female,1
Borealis Gauntlets,1069,120,158,-2,2,0,2,-3,10,blademaster,female,1
Borealis Tassets,1069,120,158,-2,2,0,2,-3,10,blademaster,female,1
Borealis Hakama,1069,120,158,-2,2,0,2,-3,10,blademaster,female,1
Auroros Helm GX,1070,122,160,-2,2,0,2,-3,10,blademaster,male,2
Auroros Torso GX,1070,122,160,-2,2,0,2,-3,10,blademaster,male,0
Auroros Gauntlets GX,1070,122,160,-2,2,0,2,-3,10,blademaster,male,0
Auroros Tassets GX,1070,122,160,-2,2,0,2,-3,10,blademaster,male,1
Auroros Pants GX,1070,122,160,-2,2,0,2,-3,10,blademaster,male,0
Borealis Crown GX,1071,122,160,-2,2,0,2,-3,10,blademaster,female,2
Borealis Chest GX,1071,122,160,-2,2,0,2,-3,10,blademaster,female,0
Borealis Gauntlets GX,1071,122,160,-2,2,0,2,-3,10,blademaster,female,0
Borealis Tassets GX,1071,122,160,-2,2,0,2,-3,10,blademaster,female,1
Borealis Hakama GX,1071,122,160,-2,2,0,2,-3,10,blademaster,female,0
Auroros Helm XR,1072,116,154,-2,2,0,2,-3,10,blademaster,male,0
Auroros Torso XR,1072,116,154,-2,2,0,2,-3,10,blademaster,male,1
Auroros Gauntlets XR,1072,116,154,-2,2,0,2,-3,10,blademaster,male,1
Auroros Tassets XR,1072,116,154,-2,2,0,2,-3,10,blademaster,male,1
Auroros Pants XR,1072,116,154,-2,2,0,2,-3,10,blademaster,male,0
Borealis Crown XR,1073,116,154,-2,2,0,2,-3,10,blademaster,female,0
Borealis Chest XR,1073,116,154,-2,2,0,2,-3,10,blademaster,female,1
Borealis Gauntlets XR,1073,116,154,-2,2,0,2,-3,10,blademaster,female,1
Borealis Tassets XR,1073,116,154,-2,2,0,2,-3,10,blademaster,female,1
Borealis Hakama XR,1073,116,154,-2,2,0,2,-3,10,blademaster,female,0
Auroros Helm R,1074,130,168,-2,2,0,2,-3,10,blademaster,male,1
Auroros Torso R,1074,130,168,-2,2,0,2,-3,10,blademaster,male,1
Auroros Gauntlets R,1074,130,168,-2,2,0,2,-3,10,blademaster,male,0
Auroros Tassets R,1074,130,168,-2,2,0,2,-3,10,blademaster,male,0
Auroros Pants R,1074,130,168,-2,2,0,2,-3,10,blademaster,male,1
Borealis Crown R,1075,130,168,-2,2,0,2,-3,10,blademaster,female,1
Borealis Chest R,1075,130,168,-2,2,0,2,-3,10,blademaster,female,1
Borealis Gauntlets R,1075,130,168,-2,2,0,2,-3,10,blademaster,female,0
Borealis Tassets R,1075,130,168,-2,2,0,2,-3,10,blademaster,female,0
Borealis Hakama R,1075,130,168,-2,2,0,2,-3,10,blademaster,female,1
Akantor Mask X,1076,134,172,4,2,-3,0,-5,10,blademaster,both,0
Akantor Aegis X,1076,134,172,4,2,-3,0,-5,10,blademaster,both,1
Akantor Claws X,1076,134,172,4,2,-3,0,-5,10,blademaster,both,0
Akantor Cincture X,1076,134,172,4,2,-3,0,-5,10,blademaster,both,1
Akantor Hessian X,1076,134,172,4,2,-3,0,-5,10,blademaster,both,1
Akantor Mask XR,1077,128,166,4,2,-3,0,-5,10,blademaster,both,1
Akantor Aegis XR,1077,128,166,4,2,-3,0,-5,10,blademaster,both,0
Akantor Claws XR,1077,128,166,4,2,-3,0,-5,10,blademaster,both,1
Akantor Cincture XR,1077,128,166,4,2,-3,0,-5,10,blademaster,both,1
Akantor Hessian XR,1077,128,166,4,2,-3,0,-5,10,blademaster,both,2
Ukanlos Mask X,1078,136,174,-4,4,-3,0,-2,10,blademaster,both,1
Ukanlos Aegis X,1078,136,174,-4,4,-3,0,-2,10,blademaster,both,0
Ukanlos Claws X,1078,136,174,-4,4,-3,0,-2,10,blademaster,both,0
Ukanlos Cincture X,1078,136,174,-4,4,-3,0,-2,10,blademaster,both,1
Ukanlos Hessian X,1078,136,174,-4,4,-3,0,-2,10,blademaster,both,1
Grand Tempest Crown,1079,132,170,-3,0,0,4,-5,10,blademaster,both,1
Grand Tempest Robe,1079,132,170,-3,0,0,4,-5,10,blademaster,both,1
Grand Tempest Sleeves,1079,132,170,-3,0,0,4,-5,10,blademaster,both,1
Grand Tempest Obi,1079,132,170,-3,0,0,4,-5,10,blademaster,both,0
Grand Tempest Hakama,1079,132,170,-3,0,0,4,-5,10,blademaster,both,1
Tempest Crown XR,1080,128,166,-3,0,0,4,-5,10,blademaster,both,1
Tempest Robe XR,1080,128,166,-3,0,0,4,-5,10,blademaster,both,0
Tempest Sleeves XR,1080,128,166,-3,0,0,4,-5,10,blademaster,both,1
Tempest Obi XR,1080,128,166,-3,0,0,4,-5,10,blademaster,both,1
Tempest Hakama XR,1080,128,166,-3,0,0,4,-5,10,blademaster,both,0
Grand Skeletal Skull,1081,126,164,-1,-1,-1,-1,-2,10,blademaster,both,2
Grand Skeletal Sternum,1081,126,164,-1,-1,-1,-1,-2,10,blademaster,both,1
Grand Skeletal Humerus,1081,126,164,-1,-1,-1,-1,-2,10,blademaster,both,1
Grand Skeletal Hipbone,1081,126,164,-1,-1,-1,-1,-2,10,blademaster,both,2
Grand Skeletal Femur,1081,126,164,-1,-1,-1,-1,-2,10,blademaster,both,1
Astral Helm X,1082,132,170,0,1,1,2,-4,10,blademaster,both,1
Astral Suit X,1082,132,170,0,1,1,2,-4,10,blademaster,both,1
Astral Vambraces X,1082,132,170,0,1,1,2,-4,10,blademaster,both,1
Astral Coil X,1082,132,170,0,1,1,2,-4,10,blademaster,both,1
Astral Boots X,1082,132,170,0,1,1,2,-4,10,blademaster,both,1
Neset Helm,1083,134,172,2,0,-2,-1,2,10,blademaster,both,2
Neset Mail,1083,134,172,2,0,-2,-1,2,10,blademaster,both,2
Neset Gloves,1083,134,172,2,0,-2,-1,2,10,blademaster,both,3
Neset Coat,1083,134,172,2,0,-2,-1,2,10,blademaster,both,2
Neset Boots,1083,134,172,2,0,-2,-1,2,10,blademaster,both,3
Dragonhead,1084,134,172,-1,0,2,2,-4,10,blademaster,both,2
Dragonhide,1084,134,172,-1,0,2,2,-4,10,blademaster,both,1
Dragonclaws,1084,134,172,-1,0,2,2,-4,10,blademaster,both,2
Dragonbarbs,1084,134,172,-1,0,2,2,-4,10,blademaster,both,1
Dragonfeet,1084,134,172,-1,0,2,2,-4,10,blademaster,both,2
Escadora Wisdom X,1085,136,174,0,0,0,0,-4,10,blademaster,both,0
Escadora Soul X,1085,136,174,0,0,0,0,-4,10,blademaster,both,0
Escadora Arms X,1085,136,174,0,0,0,0,-4,10,blademaster,both,0
Escadora Might X,1085,136,174,0,0,0,0,-4,10,blademaster,both,0
Escadora Sheath X,1085,136,174,0,0,0,0,-4,10,blademaster,both,0
Escadora Wisdom XR,1086,130,168,0,0,0,0,-4,10,blademaster,both,1
Escadora Soul XR,1086,130,168,0,0,0,0,-4,10,blademaster,both,2
Escadora Armguards XR,1086,130,168,0,0,0,0,-4,10,blademaster,both,2
Escadora Might XR,1086,130,168,0,0,0,0,-4,10,blademaster,both,1
Escadora Sheath XR,1086,130,168,0,0,0,0,-4,10,blademaster,both,1
Fatalis Crimsonhead,1087,138,176,4,-2,1,0,-4,10,blademaster,both,1
Fatalis Crimsonhide,1087,138,176,4,-2,1,0,-4,10,blademaster,both,1
Fatalis Crimsonclaws,1087,138,176,4,-2,1,0,-4,10,blademaster,both,3
Fatalis Crimsonbarbs,1087,138,176,4,-2,1,0,-4,10,blademaster,both,0
Fatalis Crimsonfeet,1087,138,176,4,-2,1,0,-4,10,blademaster,both,1
GX Fatalis Crimsonhead,1088,132,170,4,-2,1,0,-4,10,blademaster,both,1
GX Fatalis Crimsonhide,1088,132,170,4,-2,1,0,-4,10,blademaster,both,1
GX Fatalis Crimsonclaws,1088,132,170,4,-2,1,0,-4,10,blademaster,both,3
GX Fatalis Crimsonbarbs,1088,132,170,4,-2,1,0,-4,10,blademaster,both,1
GX Fatalis Crimsonfeet,1088,132,170,4,-2,1,0,-4,10,blademaster,both,2
Fatalis Crimsonhead XR,1089,134,172,4,-2,1,0,-4,10,blademaster,both,0
Fatalis Crimsonhide XR,1089,134,172,4,-2,1,0,-4,10,blademaster,both,0
Fatalis Crimsonclaws XR,1089,134,172,4,-2,1,0,-4,10,blademaster,both,1
Fatalis Crimsonbarbs XR,1089,134,172,4,-2,1,0,-4,10,blademaster,both,1
Fatalis Crimsonfeet XR,1089,134,172,4,-2,1,0,-4,10,blademaster,both,1
Old Fatalis Head,1090,136,174,-2,0,4,1,-4,10,blademaster,both,1
Old Fatalis Hide,1090,136,174,-2,0,4,1,-4,10,blademaster,both,1
Old Fatalis Claw,1090,136,174,-2,0,4,1,-4,10,blademaster,both,1
Old Fatalis Spine,1090,136,174,-2,0,4,1,-4,10,blademaster,both,0
Old Fatalis Feet,1090,136,174,-2,0,4,1,-4,10,blademaster,both,0
GX Old Fatalis Head,1091,140,178,-2,0,4,1,-4,10,blademaster,both,1
GX Old Fatalis Hide,1091,140,178,-2,0,4,1,-4,10,blademaster,both,1
GX Old Fatalis Claw,1091,140,178,-2,0,4,1,-4,10,blademaster,both,3
GX Old Fatalis Spine,1091,140,178,-2,0,4,1,-4,10,blademaster,both,1
GX Old Fatalis Feet,1091,140,178,-2,0,4,1,-4,10,blademaster,both,1
Garo Helm,1092,132,170,5,1,1,1,1,10,blademaster,both,1
Garo Plate,1092,132,170,5,1,1,1,1,10,blademaster,both,0
Garo Gauntlets,1092,132,170,5,1,1,1,1,10,blademaster,both,1
Garo Tassets,1092,132,170,5,1,1,1,1,10,blademaster,both,1
Garo Guards,1092,132,170,5,1,1,1,1,10,blademaster,both,1
Hylian Hair Tie,1093,134,172,0,0,0,0,0,10,blademaster,both,0
Blue Tunic,1093,134,172,0,0,0,0,0,10,blademaster,both,0
Hylian Bracers,1093,134,172,0,0,0,0,0,10,blademaster,both,0
Hylian Belt,1093,134,172,0,0,0,0,0,10,blademaster,both,0
Hylian Footwear,1093,134,172,0,0,0,0,0,10,blademaster,both,0
Kushala Snarl X,1093,79,103,-1,5,-2,2,-3,10,gunner,both,0
Kushala Vise X,1093,79,103,-1,5,-2,2,-3,10,gunner,both,1
Kushala Embrace X,1093,79,103,-1,5,-2,2,-3,10,gunner,both,2
Kushala Wind Wrap X,1093,79,103,-1,5,-2,2,-3,10,gunner,both,2
Kushala Shank X,1093,79,103,-1,5,-2,2,-3,10,gunner,both,1
Kushala Snarl GX,1094,80,104,-1,5,-2,2,-3,10,gunner,both,1
Kushala Vise GX,1094,80,104,-1,5,-2,2,-3,10,gunner,both,1
Kushala Embrace GX,1094,80,104,-1,5,-2,2,-3,10,gunner,both,1
Kushala Wind Wrap GX,1094,80,104,-1,5,-2,2,-3,10,gunner,both,1
Kushala Shank GX,1094,80,104,-1,5,-2,2,-3,10,gunner,both,2
Kushala Snarl XR,1095,75,99,-1,5,-2,2,-3,10,gunner,both,1
Kushala Vise XR,1095,75,99,-1,5,-2,2,-3,10,gunner,both,1
Kushala Embrace XR,1095,75,99,-1,5,-2,2,-3,10,gunner,both,1
Kushala Wind Wrap XR,1095,75,99,-1,5,-2,2,-3,10,gunner,both,1
Kushala Shank XR,1095,75,99,-1,5,-2,2,-3,10,gunner,both,1
Grand Cham Hat,1096,74,98,-4,2,0,1,-3,10,gunner,both,2
Grand Cham Camise,1096,74,98,-4,2,0,1,-3,10,gunner,both,1
Grand Cham Sleeves,1096,74,98,-4,2,0,1,-3,10,gunner,both,1
Grand Cham Coat,1096,74,98,-4,2,0,1,-3,10,gunner,both,2
Grand Cham Trousers,1096,74,98,-4,2,0,1,-3,10,gunner,both,0
Cham Hat GX,1097,76,100,-4,2,0,1,-3,10,gunner,both,1
Cham Camise GX,1097,76,100,-4,2,0,1,-3,10,gunner,both,0
Cham Sleeves GX,1097,76,100,-4,2,0,1,-3,10,gunner,both,1
Cham Coat GX,1097,76,100,-4,2,0,1,-3,10,gunner,both,0
Cham Trousers GX,1097,76,100,-4,2,0,1,-3,10,gunner,both,1
Kaiser Mask X,1098,76,100,4,-1,1,-3,-3,10,gunner,both,0
Kaiser Vest X,1098,76,100,4,-1,1,-3,-3,10,gunner,both,0
Kaiser Guards X,1098,76,100,4,-1,1,-3,-3,10,gunner,both,1
Kaiser Coat X,1098,76,100,4,-1,1,-3,-3,10,gunner,both,0
Kaiser Leggings X,1098,76,100,4,-1,1,-3,-3,10,gunner,both,1
Kaiser Mask GX,1099,79,103,4,-1,1,-3,-3,10,gunner,both,1
Kaiser Vest GX,1099,79,103,4,-1,1,-3,-3,10,gunner,both,0
Kaiser Guards GX,1099,79,103,4,-1,1,-3,-3,10,gunner,both,1
Kaiser Coat GX,1099,79,103,4,-1,1,-3,-3,10,gunner,both,1
Kaiser Leggings GX,1099,79,103,4,-1,1,-3,-3,10,gunner,both,1
Silver Solcap Z,1100,78,102,2,0,-4,-5,4,10,gunner,both,2
Silver Solvest Z,1100,78,102,2,0,-4,-5,4,10,gunner,both,0
Silver Solguards Z,1100,78,102,2,0,-4,-5,4,10,gunner,both,2
Silver Solcoat Z,1100,78,102,2,0,-4,-5,4,10,gunner,both,2
Silver Solleggings Z,1100,78,102,2,0,-4,-5,4,10,gunner,both,1
GX Silver Solcap,1101,79,103,2,0,-4,-5,4,10,gunner,both,0
GX Silver Solvest,1101,79,103,2,0,-4,-5,4,10,gunner,both,1
GX Silver Solguards,1101,79,103,2,0,-4,-5,4,10,gunner,both,1
GX Silver Solcoat,1101,79,103,2,0,-4,-5,4,10,gunner,both,0
GX Silver Solleggings,1101,79,103,2,0,-4,-5,4,10,gunner,both,1
Silver Solcap XR,1102,75,99,2,0,-4,-5,4,10,gunner,both,0
Silver Solvest XR,1102,75,99,2,0,-4,-5,4,10,gunner,both,1
Silver Solguards XR,1102,75,99,2,0,-4,-5,4,10,gunner,both,1
Silver Solcoat XR,1102,75,99,2,0,-4,-5,4,10,gunner,both,0
Silver Solleggings XR,1102,75,99,2,0,-4,-5,4,10,gunner,both,0
Golden Lunecap Z,1103,75,99,2,0,-5,-4,4,10,gunner,both,1
Golden Lunevest Z,1103,75,99,2,0,-5,-4,4,10,gunner,both,0
Golden Luneguards Z,1103,75,99,2,0,-5,-4,4,10,gunner,both,1
Golden Lunecoat Z,1103,75,99,2,0,-5,-4,4,10,gunner,both,1
Golden Luneleggings Z,1103,75,99,2,0,-5,-4,4,10,gunner,both,0
GX Golden Lunecap,1104,78,102,2,0,-5,-4,4,10,gunner,both,0
GX Golden Lunevest,1104,78,102,2,0,-5,-4,4,10,gunner,both,0
GX Golden Luneguards,1104,78,102,2,0,-5,-4,4,10,gunner,both,0
GX Golden Lunecoat,1104,78,102,2,0,-5,-4,4,10,gunner,both,0
GX Gold Luneleggings,1104,78,102,2,0,-5,-4,4,10,gunner,both,0
Grand Crusher Mask,1105,78,102,2,-5,3,1,2,10,gunner,both,0
Grand Crusher Garb,1105,78,102,2,-5,3,1,2,10,gunner,both,2
Grand Crusher Braces,1105,78,102,2,-5,3,1,2,10,gunner,both,0
Grand Crusher Belt,1105,78,102,2,-5,3,1,2,10,gunner,both,1
Grand Mind Crusher Tabi,1105,78,102,2,-5,3,1,2,10,gunner,both,2
Esurient Cap Z,1106,79,103,-2,-2,-4,-2,-2,10,gunner,both,2
Esurient Vest Z,1106,79,103,-2,-2,-4,-2,-2,10,gunner,both,2
Esurient Guards Z,1106,79,103,-2,-2,-4,-2,-2,10,gunner,both,2
Esurient Coat Z,1106,79,103,-2,-2,-4,-2,-2,10,gunner,both,1
Esurient Leggings Z,1106,79,103,-2,-2,-4,-2,-2,10,gunner,both,2
Esurient Cap XR,1107,76,100,-2,-2,-4,-2,-2,10,gunner,both,3
Esurient Vest XR,1107,76,100,-2,-2,-4,-2,-2,10,gunner,both,3
Esurient Guards XR,1107,76,100,-2,-2,-4,-2,-2,10,gunner,both,3
Esurient Coat XR,1107,76,100,-2,-2,-4,-2,-2,10,gunner,both,3
Esurient Leggings XR,1107,76,100,-2,-2,-4,-2,-2,10,gunner,both,3
Brachydium Cap,1108,80,104,5,-2,0,-1,0,10,gunner,both,2
Brachydium Vest,1108,80,104,5,-2,0,-1,0,10,gunner,both,1
Brachydium Guards,1108,80,104,5,-2,0,-1,0,10,gunner,both,2
Brachydium Coat,1108,80,104,5,-2,0,-1,0,10,gunner,both,2
Brachydium Leggings,1108,80,104,5,-2,0,-1,0,10,gunner,both,1
Genesis Headpiece,1109,72,96,-1,2,0,2,-2,10,gunner,male,1
Genesis Torso,1109,72,96,-1,2,0,2,-2,10,gunner,male,1
Genesis Gauntlets,1109,72,96,-1,2,0,2,-2,10,gunner,male,1
Genesis Tassets,1109,72,96,-1,2,0,2,-2,10,gunner,male,1
Genesis Pants,1109,72,96,-1,2,0,2,-2,10,gunner,male,1
Glyph Crown,1110,72,96,-1,2,0,2,-2,10,gunner,female,1
Glyph Chest,1110,72,96,-1,2,0,2,-2,10,gunner,female,1
Glyph Gauntlets,1110,72,96,-1,2,0,2,-2,10,gunner,female,1
Glyph Tassets,1110,72,96,-1,2,0,2,-2,10,gunner,female,1
Glyph Hakama,1110,72,96,-1,2,0,2,-2,10,gunner,female,1
Genesis Headpiece GX,1111,73,97,-1,2,0,2,-2,10,gunner,male,2
Genesis Torso GX,1111,73,97,-1,2,0,2,-2,10,gunner,male,0
Genesis Gauntlets GX,1111,73,97,-1,2,0,2,-2,10,gunner,male,0
Genesis Tassets GX,1111,73,97,-1,2,0,2,-2,10,gunner,male,1
Genesis Pants GX,1111,73,97,-1,2,0,2,-2,10,gunner,male,0
Glyph Crown GX,1112,73,97,-1,2,0,2,-2,10,gunner,female,2
Glyph Chest GX,1112,73,97,-1,2,0,2,-2,10,gunner,female,0
Glyph Gauntlets GX,1112,73,97,-1,2,0,2,-2,10,gunner,female,0
Glyph Tassets GX,1112,73,97,-1,2,0,2,-2,10,gunner,female,1
Glyph Hakama GX,1112,73,97,-1,2,0,2,-2,10,gunner,female,0
Genesis Headpiece XR,1113,69,93,-1,2,0,2,-2,10,gunner,male,0
Genesis Torso XR,1113,69,93,-1,2,0,2,-2,10,gunner,male,1
Genesis Gauntlets XR,1113,69,93,-1,2,0,2,-2,10,gunner,male,1
Genesis Tassets XR,1113,69,93,-1,2,0,2,-2,10,gunner,male,1
Genesis Pants XR,1113,69,93,-1,2,0,2,-2,10,gunner,male,0
Glyph Crown XR,1114,69,93,-1,2,0,2,-2,10,gunner,female,0
Glyph Chest XR,1114,69,93,-1,2,0,2,-2,10,gunner,female,1
Glyph Gauntlets XR,1114,69,93,-1,2,0,2,-2,10,gunner,female,1
Glyph Tassets XR,1114,69,93,-1,2,0,2,-2,10,gunner,female,1
Glyph Hakama XR,1114,69,93,-1,2,0,2,-2,10,gunner,female,0
Genesis Headpiece R,1115,78,102,-1,2,0,2,-2,10,gunner,male,1
Genesis Torso R,1115,78,102,-1,2,0,2,-2,10,gunner,male,1
Genesis Gauntlets R,1115,78,102,-1,2,0,2,-2,10,gunner,male,0
Genesis Tassets R,1115,78,102,-1,2,0,2,-2,10,gunner,male,0
Genesis Pants R,1115,78,102,-1,2,0,2,-2,10,gunner,male,1
Glyph Crown R,1116,78,102,-1,2,0,2,-2,10,gunner,female,1
Glyph Chest R,1116,78,102,-1,2,0,2,-2,10,gunner,female,1
Glyph Gauntlets R,1116,78,102,-1,2,0,2,-2,10,gunner,female,0
Glyph Tassets R,1116,78,102,-1,2,0,2,-2,10,gunner,female,0
Glyph Hakama R,1116,78,102,-1,2,0,2,-2,10,gunner,female,1
Akantor Fangs X,1117,80,104,4,2,-3,0,-4,10,gunner,both,0
Akantor Plate X,1117,80,104,4,2,-3,0,-4,10,gunner,both,1
Akantor Gauntlets X,1117,80,104,4,2,-3,0,-4,10,gunner,both,0
Akantor Sash X,1117,80,104,4,2,-3,0,-4,10,gunner,both,1
Akantor Boots X,1117,80,104,4,2,-3,0,-4,10,gunner,both,1
Akantor Fangs XR,1118,76,100,4,2,-3,0,-4,10,gunner,both,1
Akantor Plate XR,1118,76,100,4,2,-3,0,-4,10,gunner,both,0
Akantor Gauntlets XR,1118,76,100,4,2,-3,0,-4,10,gunner,both,1
Akantor Sash XR,1118,76,100,4,2,-3,0,-4,10,gunner,both,1
Akantor Boots XR,1118,76,100,4,2,-3,0,-4,10,gunner,both,2
Ukanlos Fangs X,1119,81,105,-4,4,-3,0,-2,10,gunner,both,1
Ukanlos Plate X,1119,81,105,-4,4,-3,0,-2,10,gunner,both,0
Ukanlos Gauntlets X,1119,81,105,-4,4,-3,0,-2,10,gunner,both,0
Ukanlos Sash X,1119,81,105,-4,4,-3,0,-2,10,gunner,both,1
Ukanlos Boots X,1119,81,105,-4,4,-3,0,-2,10,gunner,both,1
Grand Welkin Crown,1120,79,103,-3,0,0,5,-5,10,gunner,both,1
Grand Welkin Robe,1120,79,103,-3,0,0,5,-5,10,gunner,both,1
Grand Welkin Sleeves,1120,79,103,-3,0,0,5,-5,10,gunner,both,1
Grand Welkin Obi,1120,79,103,-3,0,0,5,-5,10,gunner,both,0
Grand Welkin Hakama,1120,79,103,-3,0,0,5,-5,10,gunner,both,1
Welkin Crown XR,1121,76,100,-3,0,0,5,-5,10,gunner,both,1
Welkin Robe XR,1121,76,100,-3,0,0,5,-5,10,gunner,both,0
Welkin Sleeves XR,1121,76,100,-3,0,0,5,-5,10,gunner,both,1
Welkin Obi XR,1121,76,100,-3,0,0,5,-5,10,gunner,both,1
Welkin Hakama XR,1121,76,100,-3,0,0,5,-5,10,gunner,both,0
Grand Decayed Skull,1122,75,99,-1,-1,-1,-1,-1,10,gunner,both,2
Grand Decayed Sternum,1122,75,99,-1,-1,-1,-1,-1,10,gunner,both,1
Grand Decayed Humerus,1122,75,99,-1,-1,-1,-1,-1,10,gunner,both,1
Grand Decayed Hipbone,1122,75,99,-1,-1,-1,-1,-1,10,gunner,both,2
Grand Decayed Femur,1122,75,99,-1,-1,-1,-1,-1,10,gunner,both,1
Astral Mask X,1123,79,103,0,1,1,2,-3,10,gunner,both,1
Astral Vest X,1123,79,103,0,1,1,2,-3,10,gunner,both,1
Astral Guards X,1123,79,103,0,1,1,2,-3,10,gunner,both,1
Astral Coat X,1123,79,103,0,1,1,2,-3,10,gunner,both,1
Astral Feet X,1123,79,103,0,1,1,2,-3,10,gunner,both,1
Neset Hat,1124,80,104,3,0,-2,-1,2,10,gunner,both,2
Neset Vest,1124,80,104,3,0,-2,-1,2,10,gunner,both,2
Neset Brachia,1124,80,104,3,0,-2,-1,2,10,gunner,both,3
Neset Elytra,1124,80,104,3,0,-2,-1,2,10,gunner,both,2
Neset Feet,1124,80,104,3,0,-2,-1,2,10,gunner,both,3
Dragonface,1125,80,104,-1,0,3,3,-4,10,gunner,both,2
Dragonskin,1125,80,104,-1,0,3,3,-4,10,gunner,both,1
Dragonfists,1125,80,104,-1,0,3,3,-4,10,gunner,both,2
Dragonsheath,1125,80,104,-1,0,3,3,-4,10,gunner,both,1
Dragonlegs,1125,80,104,-1,0,3,3,-4,10,gunner,both,2
Escadora Sagesse X,1126,81,105,0,0,0,0,-4,10,gunner,both,0
Escadora Seele X,1126,81,105,0,0,0,0,-4,10,gunner,both,0
Escadora Arma X,1126,81,105,0,0,0,0,-4,10,gunner,both,0
Escadora Force X,1126,81,105,0,0,0,0,-4,10,gunner,both,0
Escadora Scala X,1126,81,105,0,0,0,0,-4,10,gunner,both,0
Escadora Sagesse XR,1127,78,102,0,0,0,0,-4,10,gunner,both,1
Escadora Seele XR,1127,78,102,0,0,0,0,-4,10,gunner,both,2
Escadora Arma XR,1127,78,102,0,0,0,0,-4,10,gunner,both,2
Escadora Force XR,1127,78,102,0,0,0,0,-4,10,gunner,both,1
Escadora Scala XR,1127,78,102,0,0,0,0,-4,10,gunner,both,1
Fatalis Crimsonface,1128,82,106,5,-2,1,0,-4,10,gunner,both,2
Fatalis Crimsonskin,1128,82,106,5,-2,1,0,-4,10,gunner,both,1
Fatalis Crimsonfists,1128,82,106,5,-2,1,0,-4,10,gunner,both,3
Fatalis Crimsonscale,1128,82,106,5,-2,1,0,-4,10,gunner,both,1
Fatalis Crimsonlegs,1128,82,106,5,-2,1,0,-4,10,gunner,both,2
GX Fatalis Crimsonface,1129,79,103,5,-2,1,0,-4,10,gunner,both,1
GX Fatalis Crimsonskin,1129,79,103,5,-2,1,0,-4,10,gunner,both,1
GX Fatalis Crimsonfists,1129,79,103,5,-2,1,0,-4,10,gunner,both,3
GX Fatalis Crimsonscale,1129,79,103,5,-2,1,0,-4,10,gunner,both,1
GX Fatalis Crimsonlegs,1129,79,103,5,-2,1,0,-4,10,gunner,both,2
Fatalis Crimsonface XR,1130,80,104,5,-2,1,0,-4,10,gunner,both,0
Fatalis Crimsonskin XR,1130,80,104,5,-2,1,0,-4,10,gunner,both,0
Fatalis Crimsonfists XR,1130,80,104,5,-2,1,0,-4,10,gunner,both,1
Fatalis Crimsonscale XR,1130,80,104,5,-2,1,0,-4,10,gunner,both,1
Fatalis Crimsonlegs XR,1130,80,104,5,-2,1,0,-4,10,gunner,both,1
Old Fatalis Face,1131,81,105,-2,0,5,1,-4,10,gunner,both,1
Old Fatalis Skin,1131,81,105,-2,0,5,1,-4,10,gunner,both,1
Old Fatalis Fist,1131,81,105,-2,0,5,1,-4,10,gunner,both,1
Old Fatalis Scale,1131,81,105,-2,0,5,1,-4,10,gunner,both,0
Old Fatalis Legs,1131,81,105,-2,0,5,1,-4,10,gunner,both,0
GX Old Fatalis Face,1132,84,108,-2,0,5,1,-4,10,gunner,both,1
GX Old Fatalis Skin,1132,84,108,-2,0,5,1,-4,10,gunner,both,1
GX Old Fatalis Fist,1132,84,108,-2,0,5,1,-4,10,gunner,both,3
GX Old Fatalis Scale,1132,84,108,-2,0,5,1,-4,10,gunner,both,1
GX Old Fatalis Legs,1132,84,108,-2,0,5,1,-4,10,gunner,both,1
Garo Head,1133,79,103,5,1,1,1,1,10,gunner,both,1
Garo Mail,1133,79,103,5,1,1,1,1,10,gunner,both,0
Garo Vambraces,1133,79,103,5,1,1,1,1,10,gunner,both,1
Garo Belt,1133,79,103,5,1,1,1,1,10,gunner,both,1
Garo Greaves,1133,79,103,5,1,1,1,1,10,gunner,both,1
Hylian Hood,1134,80,104,0,0,0,0,0,10,gunner,both,0
Blue Jerkin,1134,80,104,0,0,0,0,0,10,gunner,both,0
Hylian Gloves,1134,80,104,0,0,0,0,0,10,gunner,both,0
Hylian Bandolier,1134,80,104,0,0,0,0,0,10,gunner,both,0
Hylian Boots,1134,80,104,0,0,0,0,0,10,gunner,both,0
Redhelm Helm,1134,26,158,-2,-1,1,2,0,11,blademaster,both,0
Redhelm Mail,1134,26,158,-2,-1,1,2,0,11,blademaster,both,0
Redhelm Vambraces,1134,26,158,-2,-1,1,2,0,11,blademaster,both,0
Redhelm Faulds,1134,26,158,-2,-1,1,2,0,11,blademaster,both,0
Redhelm Greaves,1134,26,158,-2,-1,1,2,0,11,blademaster,both,0
Snowbaron Helm,1135,22,154,-4,4,-2,3,0,11,blademaster,both,0
Snowbaron Mail,1135,22,154,-4,4,-2,3,0,11,blademaster,both,0
Snowbaron Vambraces,1135,22,154,-4,4,-2,3,0,11,blademaster,both,0
Snowbaron Faulds,1135,22,154,-4,4,-2,3,0,11,blademaster,both,0
Snowbaron Greaves,1135,22,154,-4,4,-2,3,0,11,blademaster,both,0
Stonefist Helm,1136,30,162,0,0,-4,4,0,11,blademaster,both,0
Stonefist Mail,1136,30,162,0,0,-4,4,0,11,blademaster,both,0
Stonefist Vambraces,1136,30,162,0,0,-4,4,0,11,blademaster,both,0
Stonefist Faulds,1136,30,162,0,0,-4,4,0,11,blademaster,both,0
Stonefist Greaves,1136,30,162,0,0,-4,4,0,11,blademaster,both,0
Dreadqueen Helm,1137,30,162,4,0,-1,0,-3,11,blademaster,both,0
Dreadqueen Mail,1137,30,162,4,0,-1,0,-3,11,blademaster,both,0
Dreadqueen Braces,1137,30,162,4,0,-1,0,-3,11,blademaster,both,0
Dreadqueen Faulds,1137,30,162,4,0,-1,0,-3,11,blademaster,both,0
Dreadqueen Greaves,1137,30,162,4,0,-1,0,-3,11,blademaster,both,0
Drilltusk Helm,1138,52,160,3,0,-2,-3,0,11,blademaster,both,0
Drilltusk Mail,1138,52,160,3,0,-2,-3,0,11,blademaster,both,0
Drilltusk Braces,1138,52,160,3,0,-2,-3,0,11,blademaster,both,0
Drilltusk Faulds,1138,52,160,3,0,-2,-3,0,11,blademaster,both,0
Drilltusk Greaves,1138,52,160,3,0,-2,-3,0,11,blademaster,both,0
Silverwind Helm,1139,44,152,-2,0,-3,1,0,11,blademaster,both,0
Silverwind Mail,1139,44,152,-2,0,-3,1,0,11,blademaster,both,0
Silverwind Braces,1139,44,152,-2,0,-3,1,0,11,blademaster,both,0
Silverwind Faulds,1139,44,152,-2,0,-3,1,0,11,blademaster,both,0
Silverwind Greaves,1139,44,152,-2,0,-3,1,0,11,blademaster,both,0
Crystalbeard Helm,1140,70,178,4,1,1,-4,-2,11,blademaster,both,0
Crystalbeard Mail,1140,70,178,4,1,1,-4,-2,11,blademaster,both,0
Crystalbeard Braces,1140,70,178,4,1,1,-4,-2,11,blademaster,both,0
Crystalbeard Faulds,1140,70,178,4,1,1,-4,-2,11,blademaster,both,0
Crystalbeard Greaves,1140,70,178,4,1,1,-4,-2,11,blademaster,both,0
Deadeye Helm,1141,66,174,2,-2,2,-4,0,11,blademaster,both,0
Deadeye Mail,1141,66,174,2,-2,2,-4,0,11,blademaster,both,0
Deadeye Vambraces,1141,66,174,2,-2,2,-4,0,11,blademaster,both,0
Deadeye Faulds,1141,66,174,2,-2,2,-4,0,11,blademaster,both,0
Deadeye Greaves,1141,66,174,2,-2,2,-4,0,11,blademaster,both,0
Dreadking Helm,1142,68,168,5,0,-2,0,-3,11,blademaster,both,0
Dreadking Mail,1142,68,168,5,0,-2,0,-3,11,blademaster,both,0
Dreadking Braces,1142,68,168,5,0,-2,0,-3,11,blademaster,both,0
Dreadking Faulds,1142,68,168,5,0,-2,0,-3,11,blademaster,both,0
Dreadking Greaves,1142,68,168,5,0,-2,0,-3,11,blademaster,both,0
Thunderlord Helm,1143,68,176,0,-3,4,0,1,11,blademaster,both,0
Thunderlord Mail,1143,68,176,0,-3,4,0,1,11,blademaster,both,0
Thunderlord Braces,1143,68,176,0,-3,4,0,1,11,blademaster,both,0
Thunderlord Faulds,1143,68,176,0,-3,4,0,1,11,blademaster,both,0
Thunderlord Greaves,1143,68,176,0,-3,4,0,1,11,blademaster,both,0
Grimclaw Helm,1144,70,178,2,1,-4,1,-2,11,blademaster,both,0
Grimclaw Mail,1144,70,178,2,1,-4,1,-2,11,blademaster,both,0
Grimclaw Braces,1144,70,178,2,1,-4,1,-2,11,blademaster,both,0
Grimclaw Faulds,1144,70,178,2,1,-4,1,-2,11,blademaster,both,0
Grimclaw Greaves,1144,70,178,2,1,-4,1,-2,11,blademaster,both,0
Hellblade Helm,1145,70,178,4,-2,1,-3,0,11,blademaster,both,0
Hellblade Mail,1145,70,178,4,-2,1,-3,0,11,blademaster,both,0
Hellblade Braces,1145,70,178,4,-2,1,-3,0,11,blademaster,both,0
Hellblade Faulds,1145,70,178,4,-2,1,-3,0,11,blademaster,both,0
Hellblade Greaves,1145,70,178,4,-2,1,-3,0,11,blademaster,both,0
Nightcloak Helm,1146,106,156,-2,1,1,-3,1,11,blademaster,both,0
Nightcloak Mail,1146,106,156,-2,1,1,-3,1,11,blademaster,both,0
Nightcloak Vambraces,1146,106,156,-2,1,1,-3,1,11,blademaster,both,0
Nightcloak Faulds,1146,106,156,-2,1,1,-3,1,11,blademaster,both,0
Nightcloak Greaves,1146,106,156,-2,1,1,-3,1,11,blademaster,both,0
Rustrazor Helm,1147,110,160,1,-1,-2,3,0,11,blademaster,both,0
Rustrazor Mail,1147,110,160,1,-1,-2,3,0,11,blademaster,both,0
Rustrazor Vambraces,1147,110,160,1,-1,-2,3,0,11,blademaster,both,0
Rustrazor Faulds,1147,110,160,1,-1,-2,3,0,11,blademaster,both,0
Rustrazor Greaves,1147,110,160,1,-1,-2,3,0,11,blademaster,both,0
Soulseer Helm,1148,116,174,0,1,-3,3,-2,11,blademaster,both,0
Soulseer Mail,1148,116,174,0,1,-3,3,-2,11,blademaster,both,0
Soulseer Vambraces,1148,116,174,0,1,-3,3,-2,11,blademaster,both,0
Soulseer Faulds,1148,116,174,0,1,-3,3,-2,11,blademaster,both,0
Soulseer Greaves,1148,116,174,0,1,-3,3,-2,11,blademaster,both,0
Boltreaver Helm,1149,118,176,-1,-3,3,-1,2,11,blademaster,both,0
Boltreaver Mail,1149,118,176,-1,-3,3,-1,2,11,blademaster,both,0
Boltreaver Vambraces,1149,118,176,-1,-3,3,-1,2,11,blademaster,both,0
Boltreaver Faulds,1149,118,176,-1,-3,3,-1,2,11,blademaster,both,0
Boltreaver Greaves,1149,118,176,-1,-3,3,-1,2,11,blademaster,both,0
Elderfrost Helm,1150,122,180,-3,3,-2,2,2,11,blademaster,both,0
Elderfrost Mail,1150,122,180,-3,3,-2,2,2,11,blademaster,both,0
Elderfrost Vambraces,1150,122,180,-3,3,-2,2,2,11,blademaster,both,0
Elderfrost Faulds,1150,122,180,-3,3,-2,2,2,11,blademaster,both,0
Elderfrost Greaves,1150,122,180,-3,3,-2,2,2,11,blademaster,both,0
Bloodbath Helm,1151,122,180,4,-1,-1,-3,-1,11,blademaster,both,0
Bloodbath Mail,1151,122,180,4,-1,-1,-3,-1,11,blademaster,both,0
Bloodbath Vambraces,1151,122,180,4,-1,-1,-3,-1,11,blademaster,both,0
Bloodbath Faulds,1151,122,180,4,-1,-1,-3,-1,11,blademaster,both,0
Bloodbath Greaves,1151,122,180,4,-1,-1,-3,-1,11,blademaster,both,0
Redhelm Cap,1151,13,95,-2,-1,1,3,0,11,gunner,both,0
Redhelm Vest,1151,13,95,-2,-1,1,3,0,11,gunner,both,0
Redhelm Guards,1151,13,95,-2,-1,1,3,0,11,gunner,both,0
Redhelm Coat,1151,13,95,-2,-1,1,3,0,11,gunner,both,0
Redhelm Leggings,1151,13,95,-2,-1,1,3,0,11,gunner,both,0
Snowbaron Cap,1152,11,93,-4,5,-2,3,0,11,gunner,both,0
Snowbaron Vest,1152,11,93,-4,5,-2,3,0,11,gunner,both,0
Snowbaron Guards,1152,11,93,-4,5,-2,3,0,11,gunner,both,0
Snowbaron Coat,1152,11,93,-4,5,-2,3,0,11,gunner,both,0
Snowbaron Leggings,1152,11,93,-4,5,-2,3,0,11,gunner,both,0
Stonefist Cap,1153,15,97,0,0,-4,5,0,11,gunner,both,0
Stonefist Vest,1153,15,97,0,0,-4,5,0,11,gunner,both,0
Stonefist Guards,1153,15,97,0,0,-4,5,0,11,gunner,both,0
Stonefist Coat,1153,15,97,0,0,-4,5,0,11,gunner,both,0
Stonefist Leggings,1153,15,97,0,0,-4,5,0,11,gunner,both,0
Dreadqueen Cap,1154,15,97,4,1,-1,1,-3,11,gunner,both,0
Dreadqueen Vest,1154,15,97,4,1,-1,1,-3,11,gunner,both,0
Dreadqueen Guards,1154,15,97,4,1,-1,1,-3,11,gunner,both,0
Dreadqueen Coat,1154,15,97,4,1,-1,1,-3,11,gunner,both,0
Dreadqueen Leggings,1154,15,97,4,1,-1,1,-3,11,gunner,both,0
Drilltusk Cap,1155,26,96,4,1,-2,-3,1,11,gunner,both,0
Drilltusk Vest,1155,26,96,4,1,-2,-3,1,11,gunner,both,0
Drilltusk Guards,1155,26,96,4,1,-2,-3,1,11,gunner,both,0
Drilltusk Coat,1155,26,96,4,1,-2,-3,1,11,gunner,both,0
Drilltusk Leggings,1155,26,96,4,1,-2,-3,1,11,gunner,both,0
Silverwind Cap,1156,22,92,-2,1,-3,1,1,11,gunner,both,0
Silverwind Vest,1156,22,92,-2,1,-3,1,1,11,gunner,both,0
Silverwind Guards,1156,22,92,-2,1,-3,1,1,11,gunner,both,0
Silverwind Coat,1156,22,92,-2,1,-3,1,1,11,gunner,both,0
Silverwind Leggings,1156,22,92,-2,1,-3,1,1,11,gunner,both,0
Crystalbeard Cap,1157,35,105,5,1,1,-4,-2,11,gunner,both,0
Crystalbeard Vest,1157,35,105,5,1,1,-4,-2,11,gunner,both,0
Crystalbeard Guards,1157,35,105,5,1,1,-4,-2,11,gunner,both,0
Crystalbeard Coat,1157,35,105,5,1,1,-4,-2,11,gunner,both,0
Crystalbeard Leggings,1157,35,105,5,1,1,-4,-2,11,gunner,both,0
Deadeye Cap,1158,33,103,3,-2,3,-4,0,11,gunner,both,0
Deadeye Vest,1158,33,103,3,-2,3,-4,0,11,gunner,both,0
Deadeye Guards,1158,33,103,3,-2,3,-4,0,11,gunner,both,0
Deadeye Coat,1158,33,103,3,-2,3,-4,0,11,gunner,both,0
Deadeye Leggings,1158,33,103,3,-2,3,-4,0,11,gunner,both,0
Dreadking Cap,1159,34,100,5,1,-2,1,-3,11,gunner,both,0
Dreadking Vest,1159,34,100,5,1,-2,1,-3,11,gunner,both,0
Dreadking Guards,1159,34,100,5,1,-2,1,-3,11,gunner,both,0
Dreadking Coat,1159,34,100,5,1,-2,1,-3,11,gunner,both,0
Dreadking Leggings,1159,34,100,5,1,-2,1,-3,11,gunner,both,0
Thunderlord Cap,1160,34,104,0,-3,5,0,1,11,gunner,both,0
Thunderlord Vest,1160,34,104,0,-3,5,0,1,11,gunner,both,0
Thunderlord Guards,1160,34,104,0,-3,5,0,1,11,gunner,both,0
Thunderlord Coat,1160,34,104,0,-3,5,0,1,11,gunner,both,0
Thunderlord Leggings,1160,34,104,0,-3,5,0,1,11,gunner,both,0
Grimclaw Cap,1161,35,105,3,1,-4,1,-2,11,gunner,both,0
Grimclaw Vest,1161,35,105,3,1,-4,1,-2,11,gunner,both,0
Grimclaw Guards,1161,35,105,3,1,-4,1,-2,11,gunner,both,0
Grimclaw Coat,1161,35,105,3,1,-4,1,-2,11,gunner,both,0
Grimclaw Leggings,1161,35,105,3,1,-4,1,-2,11,gunner,both,0
Hellblade Cap,1162,35,105,4,-2,1,-3,0,11,gunner,both,0
Hellblade Vest,1162,35,105,4,-2,1,-3,0,11,gunner,both,0
Hellblade Guards,1162,35,105,4,-2,1,-3,0,11,gunner,both,0
Hellblade Coat,1162,35,105,4,-2,1,-3,0,11,gunner,both,0
Hellblade Leggings,1162,35,105,4,-2,1,-3,0,11,gunner,both,0
Nightcloak Cap,1163,63,93,-1,1,1,-3,1,11,gunner,both,0
Nightcloak Vest,1163,63,93,-1,1,1,-3,1,11,gunner,both,0
Nightcloak Guards,1163,63,93,-1,1,1,-3,1,11,gunner,both,0
Nightcloak Coat,1163,63,93,-1,1,1,-3,1,11,gunner,both,0
Nightcloak Leggings,1163,63,93,-1,1,1,-3,1,11,gunner,both,0
Rustrazor Cap,1164,66,96,2,-1,-2,3,0,11,gunner,both,0
Rustrazor Vest,1164,66,96,2,-1,-2,3,0,11,gunner,both,0
Rustrazor Guards,1164,66,96,2,-1,-2,3,0,11,gunner,both,0
Rustrazor Coat,1164,66,96,2,-1,-2,3,0,11,gunner,both,0
Rustrazor Leggings,1164,66,96,2,-1,-2,3,0,11,gunner,both,0
Soulseer Cap,1165,69,104,0,1,-2,3,-2,11,gunner,both,0
Soulseer Vest,1165,69,104,0,1,-2,3,-2,11,gunner,both,0
Soulseer Guards,1165,69,104,0,1,-2,3,-2,11,gunner,both,0
Soulseer Coat,1165,69,104,0,1,-2,3,-2,11,gunner,both,0
Soulseer Leggings,1165,69,104,0,1,-2,3,-2,11,gunner,both,0
Boltreaver Cap,1166,70,105,-1,-3,4,-1,2,11,gunner,both,0
Boltreaver Vest,1166,70,105,-1,-3,4,-1,2,11,gunner,both,0
Boltreaver Guards,1166,70,105,-1,-3,4,-1,2,11,gunner,both,0
Boltreaver Coat,1166,70,105,-1,-3,4,-1,2,11,gunner,both,0
Boltreaver Leggings,1166,70,105,-1,-3,4,-1,2,11,gunner,both,0
Elderfrost Cap,1167,73,108,-3,4,-2,2,2,11,gunner,both,0
Elderfrost Vest,1167,73,108,-3,4,-2,2,2,11,gunner,both,0
Elderfrost Guards,1167,73,108,-3,4,-2,2,2,11,gunner,both,0
Elderfrost Coat,1167,73,108,-3,4,-2,2,2,11,gunner,both,0
Elderfrost Leggings,1167,73,108,-3,4,-2,2,2,11,gunner,both,0
Bloodbath Cap,1168,73,108,5,-1,-1,-3,-1,11,gunner,both,0
Bloodbath Vest,1168,73,108,5,-1,-1,-3,-1,11,gunner,both,0
Bloodbath Guards,1168,73,108,5,-1,-1,-3,-1,11,gunner,both,0
Bloodbath Coat,1168,73,108,5,-1,-1,-3,-1,11,gunner,both,0
Bloodbath Leggings,1168,73,108,5,-1,-1,-3,-1,11,gunner,both,0
