chance,map,area,rank,node,appear_chance,min,max,name,amount,item
70,J. Frontier,1,low,1,,8,10,Whetstone,1,
15,J. Frontier,1,low,1,,8,10,Stone,1,
10,J. Frontier,1,low,1,,8,10,Stone,2,
5,J. Frontier,1,low,1,,8,10,Worm,1,
30,J. Frontier,1,low,2,,6,8,Herb,1,
25,J. Frontier,1,low,2,,6,8,Unique Fern,1,
20,J. Frontier,1,low,2,,6,8,Herb,2,
20,J. Frontier,1,low,2,,6,8,Antidote Herb,1,
5,J. Frontier,1,low,2,,6,8,Felvine,1,
36,J. Frontier,1,low,3,,3,5,Huskberry,3,
20,J. Frontier,1,low,3,,3,5,Needleberry,2,
15,J. Frontier,1,low,3,,3,5,Paintberry,3,
15,J. Frontier,1,low,3,,3,5,Needleberry,4,
14,J. Frontier,1,low,3,,3,5,Huskberry,8,
31,J. Frontier,1,low,4,,4,6,Power Jelly,1,
31,J. Frontier,1,low,4,,4,6,Heavy Jelly,1,
31,J. Frontier,1,low,4,,4,6,Speed Jelly,1,
7,J. Frontier,1,low,4,,4,6,Larval Extract,1,
87,J. Frontier,1,low,5,,1,1,Honey,1,
8,J. Frontier,1,low,5,,1,1,Snakebee Larva,1,
5,J. Frontier,1,low,5,,1,1,Insect Husk,1,
35,J. Frontier,1,low,6,80,2,4,Flashbug,1,
25,J. Frontier,1,low,6,80,2,4,Carpenterbug,1,
25,J. Frontier,1,low,6,80,2,4,Immortal Moth,1,
10,J. Frontier,1,low,6,80,2,4,Worm,1,
5,J. Frontier,1,low,6,80,2,4,Thunderbug,1,
35,J. Frontier,1,low,7,20,2,4,Godbug,1,
25,J. Frontier,1,low,7,20,2,4,Thunderbug,1,
15,J. Frontier,1,low,7,20,2,4,Bitterbug,1,
15,J. Frontier,1,low,7,20,2,4,Carpenterbug,1,
10,J. Frontier,1,low,7,20,2,4,Flashbug,1,
25,J. Frontier,1,low,8,80,3,5,Nulberry,1,
25,J. Frontier,1,low,8,80,3,5,Needleberry,1,
20,J. Frontier,1,low,8,80,3,5,Paintberry,1,
15,J. Frontier,1,low,8,80,3,5,Scatternut,1,
15,J. Frontier,1,low,8,80,3,5,Latchberry,1,
35,J. Frontier,1,low,9,20,3,5,Latchberry,1,
25,J. Frontier,1,low,9,20,3,5,Nulberry,1,
20,J. Frontier,1,low,9,20,3,5,Paintberry,2,
15,J. Frontier,1,low,9,20,3,5,Scatternut,1,
5,J. Frontier,1,low,9,20,3,5,Insect Husk,1,
70,J. Frontier,1,high,1,,8,10,Whetstone,1,
20,J. Frontier,1,high,1,,8,10,Stone,2,
5,J. Frontier,1,high,1,,8,10,Worm,1,
5,J. Frontier,1,high,1,,8,10,Stone,1,
30,J. Frontier,1,high,2,,6,8,Herb,1,
20,J. Frontier,1,high,2,,6,8,Herb,2,
20,J. Frontier,1,high,2,,6,8,Antidote Herb,1,
20,J. Frontier,1,high,2,,6,8,Unique Fern,1,
5,J. Frontier,1,high,2,,6,8,Felvine,1,
5,J. Frontier,1,high,2,,6,8,Choice Fern,1,
36,J. Frontier,1,high,3,,3,5,Huskberry,3,
20,J. Frontier,1,high,3,,3,5,Needleberry,2,
15,J. Frontier,1,high,3,,3,5,Paintberry,3,
15,J. Frontier,1,high,3,,3,5,Needleberry,4,
14,J. Frontier,1,high,3,,3,5,Huskberry,8,
29,J. Frontier,1,high,4,,4,6,Power Jelly,1,
29,J. Frontier,1,high,4,,4,6,Heavy Jelly,1,
29,J. Frontier,1,high,4,,4,6,Speed Jelly,1,
7,J. Frontier,1,high,4,,4,6,Larval Extract,1,
6,J. Frontier,1,high,4,,4,6,Paralarval Extract,1,
87,J. Frontier,1,high,5,,1,1,Honey,1,
8,J. Frontier,1,high,5,,1,1,Snakebee Larva,1,
5,J. Frontier,1,high,5,,1,1,Insect Husk,1,
100,J. Frontier,1,high,6,,2,3,Burned Husk,1,
25,J. Frontier,1,high,7,80,2,4,Carpenterbug,1,
20,J. Frontier,1,high,7,80,2,4,Flashbug,1,
20,J. Frontier,1,high,7,80,2,4,King Scarab,1,
15,J. Frontier,1,high,7,80,2,4,Immortal Moth,1,
10,J. Frontier,1,high,7,80,2,4,Hercudrome,1,
5,J. Frontier,1,high,7,80,2,4,Worm,2,
5,J. Frontier,1,high,7,80,2,4,Thunderbug,1,
20,J. Frontier,1,high,8,20,2,4,Godbug,1,
15,J. Frontier,1,high,8,20,2,4,Bitterbug,1,
15,J. Frontier,1,high,8,20,2,4,Hercudrome,1,
15,J. Frontier,1,high,8,20,2,4,King Scarab,1,
15,J. Frontier,1,high,8,20,2,4,Large Immortal Moth,1,
10,J. Frontier,1,high,8,20,2,4,Flashbug,1,
10,J. Frontier,1,high,8,20,2,4,Thunderbug,1,
25,J. Frontier,1,high,9,80,3,5,Nulberry,1,
25,J. Frontier,1,high,9,80,3,5,Needleberry,1,
20,J. Frontier,1,high,9,80,3,5,Paintberry,1,
15,J. Frontier,1,high,9,80,3,5,Scatternut,1,
15,J. Frontier,1,high,9,80,3,5,Latchberry,1,
35,J. Frontier,1,high,10,20,3,5,Latchberry,1,
25,J. Frontier,1,high,10,20,3,5,Nulberry,1,
20,J. Frontier,1,high,10,20,3,5,Paintberry,2,
15,J. Frontier,1,high,10,20,3,5,Scatternut,1,
5,J. Frontier,1,high,10,20,3,5,Insect Husk,1,
70,J. Frontier,1,g,1,,8,10,Whetstone,1,
20,J. Frontier,1,g,1,,8,10,Stone,2,
5,J. Frontier,1,g,1,,8,10,Worm,1,
5,J. Frontier,1,g,1,,8,10,Stone,1,
30,J. Frontier,1,g,2,,6,8,Herb,1,
20,J. Frontier,1,g,2,,6,8,Herb,2,
20,J. Frontier,1,g,2,,6,8,Antidote Herb,1,
20,J. Frontier,1,g,2,,6,8,Unique Fern,1,
5,J. Frontier,1,g,2,,6,8,Felvine,1,
5,J. Frontier,1,g,2,,6,8,Choice Fern,1,
36,J. Frontier,1,g,3,,3,5,Huskberry,3,
20,J. Frontier,1,g,3,,3,5,Needleberry,2,
15,J. Frontier,1,g,3,,3,5,Paintberry,3,
15,J. Frontier,1,g,3,,3,5,Needleberry,4,
14,J. Frontier,1,g,3,,3,5,Huskberry,8,
25,J. Frontier,1,g,4,,4,6,Power Jelly,1,
25,J. Frontier,1,g,4,,4,6,Heavy Jelly,1,
25,J. Frontier,1,g,4,,4,6,Speed Jelly,1,
15,J. Frontier,1,g,4,,4,6,Paralarval Extract,1,
10,J. Frontier,1,g,4,,4,6,Larval Extract,1,
87,J. Frontier,1,g,5,,1,1,Honey,1,
8,J. Frontier,1,g,5,,1,1,Snakebee Larva,1,
5,J. Frontier,1,g,5,,1,1,Insect Husk,1,
100,J. Frontier,1,g,6,,2,3,Burned Husk,1,
25,J. Frontier,1,g,7,80,2,4,Hercudrome,2,
25,J. Frontier,1,g,7,80,2,4,King Scarab,1,
20,J. Frontier,1,g,7,80,2,4,Emperor Hopper,1,
15,J. Frontier,1,g,7,80,2,4,Rare Scarab,1,
15,J. Frontier,1,g,7,80,2,4,Immortal Moth,1,
30,J. Frontier,1,g,8,20,2,4,Rare Scarab,1,
25,J. Frontier,1,g,8,20,2,4,King Scarab,1,
25,J. Frontier,1,g,8,20,2,4,Emperor Hopper,1,
20,J. Frontier,1,g,8,20,2,4,Large Immortal Moth,1,
25,J. Frontier,1,g,9,80,3,5,Nulberry,1,
25,J. Frontier,1,g,9,80,3,5,Needleberry,1,
20,J. Frontier,1,g,9,80,3,5,Paintberry,1,
15,J. Frontier,1,g,9,80,3,5,Scatternut,1,
15,J. Frontier,1,g,9,80,3,5,Latchberry,1,
35,J. Frontier,1,g,10,20,3,5,Latchberry,1,
25,J. Frontier,1,g,10,20,3,5,Nulberry,1,
20,J. Frontier,1,g,10,20,3,5,Paintberry,2,
15,J. Frontier,1,g,10,20,3,5,Scatternut,1,
5,J. Frontier,1,g,10,20,3,5,Insect Husk,1,
35,J. Frontier,2,low,1,,5,8,Carpenterbug,1,
28,J. Frontier,2,low,1,,5,8,Bitterbug,1,
17,J. Frontier,2,low,1,,5,8,Immortal Moth,1,
10,J. Frontier,2,low,1,,5,8,Flashbug,1,
10,J. Frontier,2,low,1,,5,8,Thunderbug,1,
50,J. Frontier,2,low,2,,4,6,Unique Mushroom,1,
25,J. Frontier,2,low,2,,4,6,Toadstool,1,
20,J. Frontier,2,low,2,,4,6,Mopeshroom,1,
5,J. Frontier,2,low,2,,4,6,Insect Husk,1,
55,J. Frontier,2,low,3,,4,6,Small Barrel,1,
30,J. Frontier,2,low,3,,4,6,Large Barrel,1,
15,J. Frontier,2,low,3,,4,6,Felvine,1,
40,J. Frontier,2,low,4,,3,5,Huskberry,2,
35,J. Frontier,2,low,4,,3,5,Needleberry,2,
25,J. Frontier,2,low,4,,3,5,Lagniapple,1,
87,J. Frontier,2,low,5,,1,1,Honey,1,
8,J. Frontier,2,low,5,,1,1,Snakebee Larva,1,
5,J. Frontier,2,low,5,,1,1,Insect Husk,1,
45,J. Frontier,2,low,6,70,3,5,Antidote Herb,1,
30,J. Frontier,2,low,6,70,3,5,Herb,1,
20,J. Frontier,2,low,6,70,3,5,Unique Fern,1,
5,J. Frontier,2,low,6,70,3,5,Felvine,1,
36,J. Frontier,2,low,7,30,4,6,Sap Plant,2,
23,J. Frontier,2,low,7,30,4,6,Unique Fern,1,
18,J. Frontier,2,low,7,30,4,6,Ivy,1,
15,J. Frontier,2,low,7,30,4,6,Unique Fern,2,
8,J. Frontier,2,low,7,30,4,6,Snow Herb,1,
45,J. Frontier,2,low,8,80,2,4,Unique Mushroom,1,
35,J. Frontier,2,low,8,80,2,4,Blue Mushroom,1,
12,J. Frontier,2,low,8,80,2,4,Blue Mushroom,2,
8,J. Frontier,2,low,8,80,2,4,Mopeshroom,1,
25,J. Frontier,2,low,9,20,2,4,Nitroshroom,1,
25,J. Frontier,2,low,9,20,2,4,Toadstool,1,
25,J. Frontier,2,low,9,20,2,4,Unique Mushroom,1,
15,J. Frontier,2,low,9,20,2,4,Blue Mushroom,2,
10,J. Frontier,2,low,9,20,2,4,Mopeshroom,1,
25,J. Frontier,2,high,1,,5,8,Bitterbug,1,
23,J. Frontier,2,high,1,,5,8,King Scarab,1,
15,J. Frontier,2,high,1,,5,8,Carpenterbug,1,
10,J. Frontier,2,high,1,,5,8,Flashbug,1,
10,J. Frontier,2,high,1,,5,8,Thunderbug,1,
10,J. Frontier,2,high,1,,5,8,Immortal Moth,1,
7,J. Frontier,2,high,1,,5,8,Large Immortal Moth,1,
50,J. Frontier,2,high,2,,4,6,Unique Mushroom,1,
25,J. Frontier,2,high,2,,4,6,Mopeshroom,1,
20,J. Frontier,2,high,2,,4,6,Exciteshroom,1,
5,J. Frontier,2,high,2,,4,6,Choice Mushroom,1,
45,J. Frontier,2,high,3,,4,6,Small Barrel,1,
25,J. Frontier,2,high,3,,4,6,Barrel Lid,1,
25,J. Frontier,2,high,3,,4,6,Large Barrel,1,
5,J. Frontier,2,high,3,,4,6,Felvine,1,
50,J. Frontier,2,high,4,,3,5,Lagniapple,1,
25,J. Frontier,2,high,4,,3,5,Big Lagniapple,1,
13,J. Frontier,2,high,4,,3,5,Huskberry,2,
12,J. Frontier,2,high,4,,3,5,Needleberry,2,
87,J. Frontier,2,high,5,,1,1,Honey,1,
8,J. Frontier,2,high,5,,1,1,Snakebee Larva,1,
5,J. Frontier,2,high,5,,1,1,Insect Husk,1,
100,J. Frontier,2,high,6,,2,3,Burned Husk,1,
35,J. Frontier,2,high,7,70,3,5,Antidote Herb,1,
30,J. Frontier,2,high,7,70,3,5,Herb,1,
25,J. Frontier,2,high,7,70,3,5,Unique Fern,1,
5,J. Frontier,2,high,7,70,3,5,Felvine,1,
5,J. Frontier,2,high,7,70,3,5,Choice Fern,1,
30,J. Frontier,2,high,8,30,4,6,Sap Plant,2,
18,J. Frontier,2,high,8,30,4,6,Ivy,1,
15,J. Frontier,2,high,8,30,4,6,Unique Fern,2,
15,J. Frontier,2,high,8,30,4,6,Choice Fern,1,
14,J. Frontier,2,high,8,30,4,6,Unique Fern,1,
8,J. Frontier,2,high,8,30,4,6,Snow Herb,1,
45,J. Frontier,2,high,9,80,2,4,Unique Mushroom,1,
35,J. Frontier,2,high,9,80,2,4,Blue Mushroom,1,
15,J. Frontier,2,high,9,80,2,4,Blue Mushroom,2,
5,J. Frontier,2,high,9,80,2,4,Choice Mushroom,1,
25,J. Frontier,2,high,10,20,2,4,Nitroshroom,1,
25,J. Frontier,2,high,10,20,2,4,Unique Mushroom,1,
25,J. Frontier,2,high,10,20,2,4,Choice Mushroom,1,
15,J. Frontier,2,high,10,20,2,4,Blue Mushroom,2,
10,J. Frontier,2,high,10,20,2,4,Mopeshroom,1,
30,J. Frontier,2,g,1,,5,8,King Scarab,1,
25,J. Frontier,2,g,1,,5,8,Rare Scarab,1,
15,J. Frontier,2,g,1,,5,8,Carpenterbug,2,
10,J. Frontier,2,g,1,,5,8,Emperor Hopper,1,
10,J. Frontier,2,g,1,,5,8,Immortal Moth,1,
10,J. Frontier,2,g,1,,5,8,Large Immortal Moth,1,
50,J. Frontier,2,g,2,,4,6,Unique Mushroom,1,
25,J. Frontier,2,g,2,,4,6,Mopeshroom,1,
20,J. Frontier,2,g,2,,4,6,Exciteshroom,1,
5,J. Frontier,2,g,2,,4,6,Choice Mushroom,1,
45,J. Frontier,2,g,3,,4,6,Small Barrel,1,
25,J. Frontier,2,g,3,,4,6,Barrel Lid,1,
25,J. Frontier,2,g,3,,4,6,Large Barrel,1,
5,J. Frontier,2,g,3,,4,6,Felvine,1,
50,J. Frontier,2,g,4,,3,5,Big Lagniapple,1,
25,J. Frontier,2,g,4,,3,5,Huge Lagniapple,1,
13,J. Frontier,2,g,4,,3,5,Huskberry,2,
12,J. Frontier,2,g,4,,3,5,Needleberry,2,
87,J. Frontier,2,g,5,,1,1,Honey,1,
8,J. Frontier,2,g,5,,1,1,Snakebee Larva,1,
5,J. Frontier,2,g,5,,1,1,Insect Husk,1,
100,J. Frontier,2,g,6,,2,3,Burned Husk,1,
35,J. Frontier,2,g,7,70,3,5,Antidote Herb,1,
30,J. Frontier,2,g,7,70,3,5,Herb,1,
25,J. Frontier,2,g,7,70,3,5,Unique Fern,1,
5,J. Frontier,2,g,7,70,3,5,Felvine,1,
5,J. Frontier,2,g,7,70,3,5,Choice Fern,1,
30,J. Frontier,2,g,8,30,4,6,Sap Plant,2,
18,J. Frontier,2,g,8,30,4,6,Ivy,1,
15,J. Frontier,2,g,8,30,4,6,Unique Fern,2,
15,J. Frontier,2,g,8,30,4,6,Choice Fern,1,
14,J. Frontier,2,g,8,30,4,6,Unique Fern,1,
8,J. Frontier,2,g,8,30,4,6,Snow Herb,1,
45,J. Frontier,2,g,9,80,2,4,Unique Mushroom,1,
35,J. Frontier,2,g,9,80,2,4,Blue Mushroom,1,
15,J. Frontier,2,g,9,80,2,4,Blue Mushroom,2,
5,J. Frontier,2,g,9,80,2,4,Choice Mushroom,1,
25,J. Frontier,2,g,10,20,2,4,Nitroshroom,1,
25,J. Frontier,2,g,10,20,2,4,Unique Mushroom,1,
25,J. Frontier,2,g,10,20,2,4,Choice Mushroom,1,
15,J. Frontier,2,g,10,20,2,4,Blue Mushroom,2,
10,J. Frontier,2,g,10,20,2,4,Mopeshroom,1,
65,J. Frontier,3,low,1,,4,6,Blue Mushroom,1,
22,J. Frontier,3,low,1,,4,6,Nitroshroom,1,
8,J. Frontier,3,low,1,,4,6,Blue Mushroom,2,
5,J. Frontier,3,low,1,,4,6,Insect Husk,1,
30,J. Frontier,3,low,2,,3,5,Iron Ore,1,
20,J. Frontier,3,low,2,,3,5,Dragon Amber Piece,1,
15,J. Frontier,3,low,2,,3,5,Iron Ore,2,
15,J. Frontier,3,low,2,,3,5,Earth Crystal,1,
10,J. Frontier,3,low,2,,3,5,Whetstone,1,
10,J. Frontier,3,low,2,,3,5,Stone,1,
30,J. Frontier,3,low,3,,3,5,Bone Husk,1,
30,J. Frontier,3,low,3,,3,5,Mystery Bone,1,
20,J. Frontier,3,low,3,,3,5,Monster Bone S,1,
10,J. Frontier,3,low,3,,3,5,Mystery Bone,2,
10,J. Frontier,3,low,3,,3,5,Fossilized Bone,1,
45,J. Frontier,3,low,4,80,3,5,Iron Ore,1,
20,J. Frontier,3,low,4,80,3,5,Stone,1,
20,J. Frontier,3,low,4,80,3,5,Earth Crystal,1,
15,J. Frontier,3,low,4,80,3,5,Dragon Amber Piece,1,
35,J. Frontier,3,low,5,20,4,6,Earth Crystal,1,
25,J. Frontier,3,low,5,20,4,6,Iron Ore,1,
20,J. Frontier,3,low,5,20,4,6,Machalite Ore,1,
20,J. Frontier,3,low,5,20,4,6,Dragon Amber Piece,1,
45,J. Frontier,3,low,6,80,3,5,Iron Ore,1,
20,J. Frontier,3,low,6,80,3,5,Stone,1,
20,J. Frontier,3,low,6,80,3,5,Earth Crystal,1,
15,J. Frontier,3,low,6,80,3,5,Dragon Amber Piece,1,
35,J. Frontier,3,low,7,20,4,6,Earth Crystal,1,
25,J. Frontier,3,low,7,20,4,6,Iron Ore,1,
20,J. Frontier,3,low,7,20,4,6,Machalite Ore,1,
20,J. Frontier,3,low,7,20,4,6,Dragon Amber Piece,1,
100,J. Frontier,3,low,8,,,,Sushifish,1,Sushifish Bait
100,J. Frontier,3,low,9,,,,Brocadefish,1,Goldenfish Bait
75,J. Frontier,3,low,10,,,,Small Goldenfish,1,Mega Fishing Fly
25,J. Frontier,3,low,10,,,,Brocadefish,1,Mega Fishing Fly
22,J. Frontier,3,low,11,,,,Whetfish,1,
14,J. Frontier,3,low,11,,,,Sushifish,1,
14,J. Frontier,3,low,11,,,,Pin Tuna,1,
14,J. Frontier,3,low,11,,,,Popfish,1,
14,J. Frontier,3,low,11,,,,Glutton Tuna,1,
14,J. Frontier,3,low,11,,,,Small Goldenfish,1,
4,J. Frontier,3,low,11,,,,Wanchovy,1,
4,J. Frontier,3,low,11,,,,Brocadefish,1,
35,J. Frontier,3,high,1,,4,6,Blue Mushroom,1,
20,J. Frontier,3,high,1,,4,6,Nitroshroom,1,
15,J. Frontier,3,high,1,,4,6,Blue Mushroom,2,
15,J. Frontier,3,high,1,,4,6,Mopeshroom,1,
15,J. Frontier,3,high,1,,4,6,Exciteshroom,1,
20,J. Frontier,3,high,2,,3,5,Machalite Ore,1,
15,J. Frontier,3,high,2,,3,5,Iron Ore,1,
15,J. Frontier,3,high,2,,3,5,Earth Crystal,1,
15,J. Frontier,3,high,2,,3,5,Sunspire Jewel,1,
15,J. Frontier,3,high,2,,3,5,Dragon Amber Piece,1,
5,J. Frontier,3,high,2,,3,5,Adv Armor Sphere,1,
5,J. Frontier,3,high,2,,3,5,Mystery Charm,1,
5,J. Frontier,3,high,2,,3,5,Shining Charm,1,
5,J. Frontier,3,high,2,,3,5,Dragon Amber Chunk,1,
30,J. Frontier,3,high,3,,3,5,Bone Husk,1,
30,J. Frontier,3,high,3,,3,5,Mystery Bone,1,
20,J. Frontier,3,high,3,,3,5,Monster Bone S,1,
10,J. Frontier,3,high,3,,3,5,Mystery Bone,2,
10,J. Frontier,3,high,3,,3,5,Fossilized Bone,1,
25,J. Frontier,3,high,4,80,3,5,Dragonite Ore,1,
15,J. Frontier,3,high,4,80,3,5,Iron Ore,1,
15,J. Frontier,3,high,4,80,3,5,Earth Crystal,1,
10,J. Frontier,3,high,4,80,3,5,Machalite Ore,1,
10,J. Frontier,3,high,4,80,3,5,Adv Armor Sphere,1,
10,J. Frontier,3,high,4,80,3,5,Dragon Amber Piece,1,
5,J. Frontier,3,high,4,80,3,5,Carbalite Ore,1,
5,J. Frontier,3,high,4,80,3,5,Sunspire Jewel,1,
5,J. Frontier,3,high,4,80,3,5,Mystery Charm,1,
25,J. Frontier,3,high,5,20,4,6,Dragon Amber Chunk,1,
20,J. Frontier,3,high,5,20,4,6,Carbalite Ore,1,
20,J. Frontier,3,high,5,20,4,6,Sunspire Jewel,1,
15,J. Frontier,3,high,5,20,4,6,Adv Armor Sphere,1,
10,J. Frontier,3,high,5,20,4,6,Mystery Charm,1,
5,J. Frontier,3,high,5,20,4,6,Dragonite Ore,1,
5,J. Frontier,3,high,5,20,4,6,Shining Charm,1,
25,J. Frontier,3,high,6,80,3,5,Dragonite Ore,1,
15,J. Frontier,3,high,6,80,3,5,Iron Ore,1,
15,J. Frontier,3,high,6,80,3,5,Earth Crystal,1,
10,J. Frontier,3,high,6,80,3,5,Machalite Ore,1,
10,J. Frontier,3,high,6,80,3,5,Adv Armor Sphere,1,
10,J. Frontier,3,high,6,80,3,5,Dragon Amber Piece,1,
5,J. Frontier,3,high,6,80,3,5,Carbalite Ore,1,
5,J. Frontier,3,high,6,80,3,5,Sunspire Jewel,1,
5,J. Frontier,3,high,6,80,3,5,Mystery Charm,1,
25,J. Frontier,3,high,7,20,4,6,Dragon Amber Chunk,1,
20,J. Frontier,3,high,7,20,4,6,Carbalite Ore,1,
20,J. Frontier,3,high,7,20,4,6,Sunspire Jewel,1,
15,J. Frontier,3,high,7,20,4,6,Adv Armor Sphere,1,
10,J. Frontier,3,high,7,20,4,6,Mystery Charm,1,
5,J. Frontier,3,high,7,20,4,6,Dragonite Ore,1,
5,J. Frontier,3,high,7,20,4,6,Shining Charm,1,
100,J. Frontier,3,high,8,,,,Sushifish,1,Sushifish Bait
75,J. Frontier,3,high,9,,,,Small Goldenfish,1,Mega Fishing Fly
25,J. Frontier,3,high,9,,,,King Brocadefish,1,Mega Fishing Fly
25,J. Frontier,3,high,10,,,,Whetfish,1,
15,J. Frontier,3,high,10,,,,Sushifish,1,
15,J. Frontier,3,high,10,,,,Pin Tuna,1,
15,J. Frontier,3,high,10,,,,Popfish,1,
15,J. Frontier,3,high,10,,,,Small Goldenfish,1,
6,J. Frontier,3,high,10,,,,Wanchovy,1,
6,J. Frontier,3,high,10,,,,King Brocadefish,1,
3,J. Frontier,3,high,10,,,,Gastronome Tuna,1,
35,J. Frontier,3,g,1,,4,6,Blue Mushroom,1,
20,J. Frontier,3,g,1,,4,6,Nitroshroom,1,
15,J. Frontier,3,g,1,,4,6,Blue Mushroom,2,
15,J. Frontier,3,g,1,,4,6,Mopeshroom,1,
15,J. Frontier,3,g,1,,4,6,Exciteshroom,1,
20,J. Frontier,3,g,2,,3,5,Carbalite Ore,1,
15,J. Frontier,3,g,2,,3,5,Dragonite Ore,2,
15,J. Frontier,3,g,2,,3,5,Eltalite Ore,1,
15,J. Frontier,3,g,2,,3,5,Lazurite Jewel,1,
10,J. Frontier,3,g,2,,3,5,Dragon Amber Piece,1,
10,J. Frontier,3,g,2,,3,5,Dragon Amber Chunk,1,
5,J. Frontier,3,g,2,,3,5,Hard Armor Sphere,1,
5,J. Frontier,3,g,2,,3,5,Shining Charm,1,
5,J. Frontier,3,g,2,,3,5,Timeworn Charm,1,
30,J. Frontier,3,g,3,,3,5,Bone Husk,1,
30,J. Frontier,3,g,3,,3,5,Mystery Bone,1,
15,J. Frontier,3,g,3,,3,5,Monster Bone S,1,
10,J. Frontier,3,g,3,,3,5,Mystery Bone,2,
10,J. Frontier,3,g,3,,3,5,Fossilized Bone,1,
5,J. Frontier,3,g,3,,3,5,Monster Bone M,1,
20,J. Frontier,3,g,4,80,3,5,Carbalite Ore,1,
15,J. Frontier,3,g,4,80,3,5,Dragonite Ore,2,
15,J. Frontier,3,g,4,80,3,5,Eltalite Ore,1,
10,J. Frontier,3,g,4,80,3,5,Fucium Ore,1,
10,J. Frontier,3,g,4,80,3,5,Lazurite Jewel,1,
10,J. Frontier,3,g,4,80,3,5,Hard Armor Sphere,1,
10,J. Frontier,3,g,4,80,3,5,Shining Charm,1,
10,J. Frontier,3,g,4,80,3,5,Dragon Amber Piece,1,
25,J. Frontier,3,g,5,20,4,6,Eltalite Ore,1,
20,J. Frontier,3,g,5,20,4,6,Hard Armor Sphere,1,
20,J. Frontier,3,g,5,20,4,6,Dragon Amber Chunk,1,
15,J. Frontier,3,g,5,20,4,6,Lazurite Jewel,1,
15,J. Frontier,3,g,5,20,4,6,Timeworn Charm,1,
5,J. Frontier,3,g,5,20,4,6,Carbalite Ore,1,
20,J. Frontier,3,g,6,80,3,5,Carbalite Ore,1,
15,J. Frontier,3,g,6,80,3,5,Dragonite Ore,2,
15,J. Frontier,3,g,6,80,3,5,Eltalite Ore,1,
10,J. Frontier,3,g,6,80,3,5,Fucium Ore,1,
10,J. Frontier,3,g,6,80,3,5,Lazurite Jewel,1,
10,J. Frontier,3,g,6,80,3,5,Hard Armor Sphere,1,
10,J. Frontier,3,g,6,80,3,5,Shining Charm,1,
10,J. Frontier,3,g,6,80,3,5,Dragon Amber Piece,1,
25,J. Frontier,3,g,7,20,4,6,Eltalite Ore,1,
20,J. Frontier,3,g,7,20,4,6,Hard Armor Sphere,1,
20,J. Frontier,3,g,7,20,4,6,Dragon Amber Chunk,1,
15,J. Frontier,3,g,7,20,4,6,Lazurite Jewel,1,
15,J. Frontier,3,g,7,20,4,6,Timeworn Charm,1,
5,J. Frontier,3,g,7,20,4,6,Carbalite Ore,1,
100,J. Frontier,3,g,8,,,,Sushifish,1,Sushifish Bait
100,J. Frontier,3,g,9,,,,Guardfish,1,Goldenfish Bait
60,J. Frontier,3,g,10,,,,Small Goldenfish,1,Mega Fishing Fly
25,J. Frontier,3,g,10,,,,Guardfish,1,Mega Fishing Fly
15,J. Frontier,3,g,10,,,,Brocadefish,1,Mega Fishing Fly
25,J. Frontier,3,g,11,,,,Whetfish,1,
15,J. Frontier,3,g,11,,,,Sushifish,1,
15,J. Frontier,3,g,11,,,,Pin Tuna,1,
15,J. Frontier,3,g,11,,,,Popfish,1,
10,J. Frontier,3,g,11,,,,Small Goldenfish,1,
6,J. Frontier,3,g,11,,,,Wanchovy,1,
6,J. Frontier,3,g,11,,,,King Brocadefish,1,
5,J. Frontier,3,g,11,,,,Guardfish,1,
3,J. Frontier,3,g,11,,,,Gastronome Tuna,1,
87,J. Frontier,4,low,1,,4,6,Honey,1,
8,J. Frontier,4,low,1,,4,6,Snakebee Larva,1,
5,J. Frontier,4,low,1,,4,6,Insect Husk,1,
65,J. Frontier,4,low,2,,3,5,Blue Mushroom,1,
22,J. Frontier,4,low,2,,3,5,Nitroshroom,1,
8,J. Frontier,4,low,2,,3,5,Blue Mushroom,2,
5,J. Frontier,4,low,2,,3,5,Insect Husk,1,
50,J. Frontier,4,low,3,,3,5,Unique Mushroom,1,
25,J. Frontier,4,low,3,,3,5,Toadstool,1,
20,J. Frontier,4,low,3,,3,5,Mopeshroom,1,
5,J. Frontier,4,low,3,,3,5,Insect Husk,1,
30,J. Frontier,4,low,4,,3,4,Herb,1,
25,J. Frontier,4,low,4,,3,4,Unique Fern,1,
20,J. Frontier,4,low,4,,3,4,Herb,2,
20,J. Frontier,4,low,4,,3,4,Antidote Herb,1,
5,J. Frontier,4,low,4,,3,4,Felvine,1,
35,J. Frontier,4,low,5,80,2,4,Flashbug,1,
25,J. Frontier,4,low,5,80,2,4,Carpenterbug,1,
25,J. Frontier,4,low,5,80,2,4,Immortal Moth,1,
10,J. Frontier,4,low,5,80,2,4,Worm,1,
5,J. Frontier,4,low,5,80,2,4,Thunderbug,1,
35,J. Frontier,4,low,6,20,3,5,Godbug,1,
25,J. Frontier,4,low,6,20,3,5,Thunderbug,1,
15,J. Frontier,4,low,6,20,3,5,Bitterbug,1,
15,J. Frontier,4,low,6,20,3,5,Carpenterbug,1,
10,J. Frontier,4,low,6,20,3,5,Flashbug,1,
25,J. Frontier,4,low,7,70,3,5,Mystery Bone,1,
22,J. Frontier,4,low,7,70,3,5,Fossilized Bone,1,
20,J. Frontier,4,low,7,70,3,5,Bone Husk,1,
20,J. Frontier,4,low,7,70,3,5,Mystery Bone,2,
13,J. Frontier,4,low,7,70,3,5,Monster Bone S,1,
30,J. Frontier,4,low,8,30,3,5,Bone Husk,2,
25,J. Frontier,4,low,8,30,3,5,Mystery Bone,2,
20,J. Frontier,4,low,8,30,3,5,Fossilized Bone,1,
15,J. Frontier,4,low,8,30,3,5,Mystery Bone,1,
10,J. Frontier,4,low,8,30,3,5,Monster Bone S,1,
45,J. Frontier,4,low,9,70,3,5,Antidote Herb,1,
30,J. Frontier,4,low,9,70,3,5,Herb,1,
20,J. Frontier,4,low,9,70,3,5,Unique Fern,1,
5,J. Frontier,4,low,9,70,3,5,Felvine,1,
36,J. Frontier,4,low,10,30,4,6,Sap Plant,2,
23,J. Frontier,4,low,10,30,4,6,Unique Fern,1,
18,J. Frontier,4,low,10,30,4,6,Ivy,1,
15,J. Frontier,4,low,10,30,4,6,Unique Fern,2,
8,J. Frontier,4,low,10,30,4,6,Snow Herb,1,
87,J. Frontier,4,high,1,,4,6,Honey,1,
8,J. Frontier,4,high,1,,4,6,Snakebee Larva,1,
5,J. Frontier,4,high,1,,4,6,Insect Husk,1,
35,J. Frontier,4,high,2,,3,5,Blue Mushroom,1,
20,J. Frontier,4,high,2,,3,5,Nitroshroom,1,
15,J. Frontier,4,high,2,,3,5,Blue Mushroom,2,
15,J. Frontier,4,high,2,,3,5,Mopeshroom,1,
15,J. Frontier,4,high,2,,3,5,Exciteshroom,1,
50,J. Frontier,4,high,3,,3,5,Unique Mushroom,1,
25,J. Frontier,4,high,3,,3,5,Mopeshroom,1,
20,J. Frontier,4,high,3,,3,5,Exciteshroom,1,
5,J. Frontier,4,high,3,,3,5,Choice Mushroom,1,
30,J. Frontier,4,high,4,,3,4,Herb,1,
20,J. Frontier,4,high,4,,3,4,Herb,2,
20,J. Frontier,4,high,4,,3,4,Antidote Herb,1,
20,J. Frontier,4,high,4,,3,4,Unique Fern,1,
5,J. Frontier,4,high,4,,3,4,Felvine,1,
5,J. Frontier,4,high,4,,3,4,Choice Fern,1,
25,J. Frontier,4,high,5,80,2,4,Carpenterbug,1,
20,J. Frontier,4,high,5,80,2,4,Flashbug,1,
20,J. Frontier,4,high,5,80,2,4,King Scarab,1,
15,J. Frontier,4,high,5,80,2,4,Immortal Moth,1,
10,J. Frontier,4,high,5,80,2,4,Hercudrome,1,
5,J. Frontier,4,high,5,80,2,4,Worm,2,
5,J. Frontier,4,high,5,80,2,4,Thunderbug,1,
20,J. Frontier,4,high,6,20,3,5,Godbug,1,
15,J. Frontier,4,high,6,20,3,5,Bitterbug,1,
15,J. Frontier,4,high,6,20,3,5,Hercudrome,1,
15,J. Frontier,4,high,6,20,3,5,King Scarab,1,
15,J. Frontier,4,high,6,20,3,5,Large Immortal Moth,1,
10,J. Frontier,4,high,6,20,3,5,Flashbug,1,
10,J. Frontier,4,high,6,20,3,5,Thunderbug,1,
25,J. Frontier,4,high,7,70,3,5,Mystery Bone,1,
22,J. Frontier,4,high,7,70,3,5,Fossilized Bone,1,
20,J. Frontier,4,high,7,70,3,5,Bone Husk,1,
20,J. Frontier,4,high,7,70,3,5,Mystery Bone,2,
13,J. Frontier,4,high,7,70,3,5,Monster Bone S,1,
30,J. Frontier,4,high,8,30,3,5,Bone Husk,2,
25,J. Frontier,4,high,8,30,3,5,Mystery Bone,2,
20,J. Frontier,4,high,8,30,3,5,Fossilized Bone,1,
15,J. Frontier,4,high,8,30,3,5,Mystery Bone,1,
10,J. Frontier,4,high,8,30,3,5,Monster Bone S,1,
35,J. Frontier,4,high,9,70,3,5,Antidote Herb,1,
30,J. Frontier,4,high,9,70,3,5,Herb,1,
25,J. Frontier,4,high,9,70,3,5,Unique Fern,1,
5,J. Frontier,4,high,9,70,3,5,Felvine,1,
5,J. Frontier,4,high,9,70,3,5,Choice Fern,1,
30,J. Frontier,4,high,10,30,4,6,Sap Plant,2,
18,J. Frontier,4,high,10,30,4,6,Ivy,1,
15,J. Frontier,4,high,10,30,4,6,Unique Fern,2,
15,J. Frontier,4,high,10,30,4,6,Choice Fern,1,
14,J. Frontier,4,high,10,30,4,6,Unique Fern,1,
8,J. Frontier,4,high,10,30,4,6,Snow Herb,1,
87,J. Frontier,4,g,1,,4,6,Honey,1,
8,J. Frontier,4,g,1,,4,6,Snakebee Larva,1,
5,J. Frontier,4,g,1,,4,6,Insect Husk,1,
35,J. Frontier,4,g,2,,3,5,Blue Mushroom,1,
20,J. Frontier,4,g,2,,3,5,Nitroshroom,1,
15,J. Frontier,4,g,2,,3,5,Blue Mushroom,2,
15,J. Frontier,4,g,2,,3,5,Mopeshroom,1,
15,J. Frontier,4,g,2,,3,5,Exciteshroom,1,
50,J. Frontier,4,g,3,,3,5,Unique Mushroom,1,
25,J. Frontier,4,g,3,,3,5,Mopeshroom,1,
20,J. Frontier,4,g,3,,3,5,Exciteshroom,1,
5,J. Frontier,4,g,3,,3,5,Choice Mushroom,1,
30,J. Frontier,4,g,4,,3,4,Herb,1,
20,J. Frontier,4,g,4,,3,4,Herb,2,
20,J. Frontier,4,g,4,,3,4,Antidote Herb,1,
20,J. Frontier,4,g,4,,3,4,Unique Fern,1,
5,J. Frontier,4,g,4,,3,4,Felvine,1,
5,J. Frontier,4,g,4,,3,4,Choice Fern,1,
25,J. Frontier,4,g,5,80,2,4,Hercudrome,2,
25,J. Frontier,4,g,5,80,2,4,King Scarab,1,
20,J. Frontier,4,g,5,80,2,4,Emperor Hopper,1,
15,J. Frontier,4,g,5,80,2,4,Rare Scarab,1,
15,J. Frontier,4,g,5,80,2,4,Immortal Moth,1,
30,J. Frontier,4,g,6,20,3,5,Rare Scarab,1,
25,J. Frontier,4,g,6,20,3,5,King Scarab,1,
25,J. Frontier,4,g,6,20,3,5,Emperor Hopper,1,
20,J. Frontier,4,g,6,20,3,5,Large Immortal Moth,1,
25,J. Frontier,4,g,7,70,3,5,Mystery Bone,1,
22,J. Frontier,4,g,7,70,3,5,Fossilized Bone,1,
20,J. Frontier,4,g,7,70,3,5,Bone Husk,1,
20,J. Frontier,4,g,7,70,3,5,Mystery Bone,2,
13,J. Frontier,4,g,7,70,3,5,Monster Bone S,1,
30,J. Frontier,4,g,8,30,3,5,Bone Husk,2,
25,J. Frontier,4,g,8,30,3,5,Mystery Bone,2,
20,J. Frontier,4,g,8,30,3,5,Fossilized Bone,1,
15,J. Frontier,4,g,8,30,3,5,Mystery Bone,1,
10,J. Frontier,4,g,8,30,3,5,Monster Bone M,1,
35,J. Frontier,4,g,9,70,3,5,Antidote Herb,1,
30,J. Frontier,4,g,9,70,3,5,Herb,1,
25,J. Frontier,4,g,9,70,3,5,Unique Fern,1,
5,J. Frontier,4,g,9,70,3,5,Felvine,1,
5,J. Frontier,4,g,9,70,3,5,Choice Fern,1,
30,J. Frontier,4,g,10,30,4,6,Sap Plant,2,
18,J. Frontier,4,g,10,30,4,6,Ivy,1,
15,J. Frontier,4,g,10,30,4,6,Unique Fern,2,
15,J. Frontier,4,g,10,30,4,6,Choice Fern,1,
14,J. Frontier,4,g,10,30,4,6,Unique Fern,1,
8,J. Frontier,4,g,10,30,4,6,Snow Herb,1,
31,J. Frontier,5,low,1,,4,6,Power Jelly,1,
31,J. Frontier,5,low,1,,4,6,Heavy Jelly,1,
31,J. Frontier,5,low,1,,4,6,Speed Jelly,1,
7,J. Frontier,5,low,1,,4,6,Larval Extract,1,
45,J. Frontier,5,low,2,,3,5,Ration,1,
40,J. Frontier,5,low,2,,3,5,Paintball,1,
15,J. Frontier,5,low,2,,3,5,Throwing Knife,1,
87,J. Frontier,5,low,3,,1,1,Honey,1,
8,J. Frontier,5,low,3,,1,1,Snakebee Larva,1,
5,J. Frontier,5,low,3,,1,1,Insect Husk,1,
45,J. Frontier,5,low,4,70,3,5,Iron Ore,1,
20,J. Frontier,5,low,4,70,3,5,Stone,1,
20,J. Frontier,5,low,4,70,3,5,Earth Crystal,1,
15,J. Frontier,5,low,4,70,3,5,Dragon Amber Piece,1,
35,J. Frontier,5,low,5,30,4,6,Earth Crystal,1,
25,J. Frontier,5,low,5,30,4,6,Iron Ore,1,
20,J. Frontier,5,low,5,30,4,6,Machalite Ore,1,
20,J. Frontier,5,low,5,30,4,6,Dragon Amber Piece,1,
25,J. Frontier,5,low,6,80,3,5,Nulberry,1,
25,J. Frontier,5,low,6,80,3,5,Needleberry,1,
20,J. Frontier,5,low,6,80,3,5,Paintberry,1,
15,J. Frontier,5,low,6,80,3,5,Scatternut,1,
15,J. Frontier,5,low,6,80,3,5,Latchberry,1,
35,J. Frontier,5,low,7,20,3,5,Latchberry,1,
25,J. Frontier,5,low,7,20,3,5,Nulberry,1,
20,J. Frontier,5,low,7,20,3,5,Paintberry,2,
15,J. Frontier,5,low,7,20,3,5,Scatternut,1,
5,J. Frontier,5,low,7,20,3,5,Insect Husk,1,
35,J. Frontier,5,low,8,80,3,5,Old Pickaxe,1,
35,J. Frontier,5,low,8,80,3,5,Paintball,1,
30,J. Frontier,5,low,8,80,3,5,Throwing Knife,1,
40,J. Frontier,5,low,9,20,3,5,Ration,1,
25,J. Frontier,5,low,9,20,3,5,Old Pickaxe,1,
20,J. Frontier,5,low,9,20,3,5,Paintball,1,
15,J. Frontier,5,low,9,20,3,5,Throwing Knife,1,
29,J. Frontier,5,high,1,,4,6,Power Jelly,1,
29,J. Frontier,5,high,1,,4,6,Heavy Jelly,1,
29,J. Frontier,5,high,1,,4,6,Speed Jelly,1,
7,J. Frontier,5,high,1,,4,6,Larval Extract,1,
6,J. Frontier,5,high,1,,4,6,Paralarval Extract,1,
45,J. Frontier,5,high,2,,3,5,Ration,1,
40,J. Frontier,5,high,2,,3,5,Paintball,1,
15,J. Frontier,5,high,2,,3,5,Throwing Knife,1,
87,J. Frontier,5,high,3,,1,1,Honey,1,
8,J. Frontier,5,high,3,,1,1,Snakebee Larva,1,
5,J. Frontier,5,high,3,,1,1,Insect Husk,1,
100,J. Frontier,5,high,4,,2,3,Burned Husk,1,
25,J. Frontier,5,high,5,70,3,5,Dragonite Ore,1,
15,J. Frontier,5,high,5,70,3,5,Iron Ore,1,
15,J. Frontier,5,high,5,70,3,5,Earth Crystal,1,
10,J. Frontier,5,high,5,70,3,5,Machalite Ore,1,
10,J. Frontier,5,high,5,70,3,5,Adv Armor Sphere,1,
10,J. Frontier,5,high,5,70,3,5,Dragon Amber Piece,1,
5,J. Frontier,5,high,5,70,3,5,Carbalite Ore,1,
5,J. Frontier,5,high,5,70,3,5,Sunspire Jewel,1,
5,J. Frontier,5,high,5,70,3,5,Mystery Charm,1,
25,J. Frontier,5,high,6,30,4,6,Dragon Amber Chunk,1,
20,J. Frontier,5,high,6,30,4,6,Carbalite Ore,1,
20,J. Frontier,5,high,6,30,4,6,Sunspire Jewel,1,
15,J. Frontier,5,high,6,30,4,6,Adv Armor Sphere,1,
10,J. Frontier,5,high,6,30,4,6,Mystery Charm,1,
5,J. Frontier,5,high,6,30,4,6,Dragonite Ore,1,
5,J. Frontier,5,high,6,30,4,6,Shining Charm,1,
25,J. Frontier,5,high,7,80,3,5,Nulberry,1,
25,J. Frontier,5,high,7,80,3,5,Needleberry,1,
20,J. Frontier,5,high,7,80,3,5,Paintberry,1,
15,J. Frontier,5,high,7,80,3,5,Scatternut,1,
15,J. Frontier,5,high,7,80,3,5,Latchberry,1,
35,J. Frontier,5,high,8,20,3,5,Latchberry,1,
25,J. Frontier,5,high,8,20,3,5,Nulberry,1,
20,J. Frontier,5,high,8,20,3,5,Paintberry,2,
15,J. Frontier,5,high,8,20,3,5,Scatternut,1,
5,J. Frontier,5,high,8,20,3,5,Insect Husk,1,
35,J. Frontier,5,high,9,80,3,5,Old Pickaxe,1,
35,J. Frontier,5,high,9,80,3,5,Paintball,1,
30,J. Frontier,5,high,9,80,3,5,Throwing Knife,1,
40,J. Frontier,5,high,10,20,3,5,Ration,1,
25,J. Frontier,5,high,10,20,3,5,Old Pickaxe,1,
20,J. Frontier,5,high,10,20,3,5,Paintball,1,
15,J. Frontier,5,high,10,20,3,5,Throwing Knife,1,
25,J. Frontier,5,g,1,,4,6,Power Jelly,1,
25,J. Frontier,5,g,1,,4,6,Heavy Jelly,1,
25,J. Frontier,5,g,1,,4,6,Speed Jelly,1,
15,J. Frontier,5,g,1,,4,6,Paralarval Extract,1,
10,J. Frontier,5,g,1,,4,6,Larval Extract,1,
45,J. Frontier,5,g,2,,3,5,Ration,1,
40,J. Frontier,5,g,2,,3,5,Paintball,1,
15,J. Frontier,5,g,2,,3,5,Throwing Knife,1,
87,J. Frontier,5,g,3,,1,1,Honey,1,
8,J. Frontier,5,g,3,,1,1,Snakebee Larva,1,
5,J. Frontier,5,g,3,,1,1,Insect Husk,1,
100,J. Frontier,5,g,4,,2,3,Burned Husk,1,
20,J. Frontier,5,g,5,70,3,5,Carbalite Ore,1,
15,J. Frontier,5,g,5,70,3,5,Dragonite Ore,2,
15,J. Frontier,5,g,5,70,3,5,Eltalite Ore,1,
10,J. Frontier,5,g,5,70,3,5,Fucium Ore,1,
10,J. Frontier,5,g,5,70,3,5,Lazurite Jewel,1,
10,J. Frontier,5,g,5,70,3,5,Hard Armor Sphere,1,
10,J. Frontier,5,g,5,70,3,5,Shining Charm,1,
10,J. Frontier,5,g,5,70,3,5,Dragon Amber Piece,1,
25,J. Frontier,5,g,6,30,4,6,Eltalite Ore,1,
20,J. Frontier,5,g,6,30,4,6,Hard Armor Sphere,1,
20,J. Frontier,5,g,6,30,4,6,Dragon Amber Chunk,1,
15,J. Frontier,5,g,6,30,4,6,Lazurite Jewel,1,
15,J. Frontier,5,g,6,30,4,6,Timeworn Charm,1,
5,J. Frontier,5,g,6,30,4,6,Carbalite Ore,1,
25,J. Frontier,5,g,7,80,3,5,Nulberry,1,
25,J. Frontier,5,g,7,80,3,5,Needleberry,1,
20,J. Frontier,5,g,7,80,3,5,Paintberry,1,
15,J. Frontier,5,g,7,80,3,5,Scatternut,1,
15,J. Frontier,5,g,7,80,3,5,Latchberry,1,
35,J. Frontier,5,g,8,20,3,5,Latchberry,1,
25,J. Frontier,5,g,8,20,3,5,Nulberry,1,
20,J. Frontier,5,g,8,20,3,5,Paintberry,2,
15,J. Frontier,5,g,8,20,3,5,Scatternut,1,
5,J. Frontier,5,g,8,20,3,5,Insect Husk,1,
35,J. Frontier,5,g,9,80,3,5,Old Pickaxe,1,
35,J. Frontier,5,g,9,80,3,5,Paintball,1,
30,J. Frontier,5,g,9,80,3,5,Throwing Knife,1,
40,J. Frontier,5,g,10,20,3,5,Ration,1,
25,J. Frontier,5,g,10,20,3,5,Old Pickaxe,1,
20,J. Frontier,5,g,10,20,3,5,Paintball,1,
15,J. Frontier,5,g,10,20,3,5,Throwing Knife,1,
70,J. Frontier,6,low,1,,3,5,Nulberry,1,
25,J. Frontier,6,low,1,,3,5,Scatternut,1,
5,J. Frontier,6,low,1,,3,5,Insect Husk,1,
60,J. Frontier,6,low,2,,6,8,Dung,1,
30,J. Frontier,6,low,2,,6,8,Dung,2,
5,J. Frontier,6,low,2,,6,8,Bone Husk,1,
5,J. Frontier,6,low,2,,6,8,Mystery Bone,1,
40,J. Frontier,6,low,3,,3,4,Ivy,1,
30,J. Frontier,6,low,3,,3,4,Unique Fern,1,
20,J. Frontier,6,low,3,,3,4,Sap Plant,1,
10,J. Frontier,6,low,3,,3,4,Snow Herb,1,
87,J. Frontier,6,low,4,,1,1,Honey,1,
8,J. Frontier,6,low,4,,1,1,Snakebee Larva,1,
5,J. Frontier,6,low,4,,1,1,Insect Husk,1,
45,J. Frontier,6,low,5,70,3,5,Antidote Herb,1,
30,J. Frontier,6,low,5,70,3,5,Herb,1,
20,J. Frontier,6,low,5,70,3,5,Unique Fern,1,
5,J. Frontier,6,low,5,70,3,5,Felvine,1,
36,J. Frontier,6,low,6,30,4,6,Sap Plant,2,
23,J. Frontier,6,low,6,30,4,6,Unique Fern,1,
18,J. Frontier,6,low,6,30,4,6,Ivy,1,
15,J. Frontier,6,low,6,30,4,6,Unique Fern,2,
8,J. Frontier,6,low,6,30,4,6,Snow Herb,1,
25,J. Frontier,6,low,7,80,3,5,Nulberry,1,
25,J. Frontier,6,low,7,80,3,5,Needleberry,1,
20,J. Frontier,6,low,7,80,3,5,Paintberry,1,
15,J. Frontier,6,low,7,80,3,5,Scatternut,1,
15,J. Frontier,6,low,7,80,3,5,Latchberry,1,
35,J. Frontier,6,low,8,20,3,5,Latchberry,1,
25,J. Frontier,6,low,8,20,3,5,Nulberry,1,
20,J. Frontier,6,low,8,20,3,5,Paintberry,2,
15,J. Frontier,6,low,8,20,3,5,Scatternut,1,
5,J. Frontier,6,low,8,20,3,5,Insect Husk,1,
25,J. Frontier,6,low,9,80,3,5,Nulberry,1,
25,J. Frontier,6,low,9,80,3,5,Needleberry,1,
20,J. Frontier,6,low,9,80,3,5,Paintberry,1,
15,J. Frontier,6,low,9,80,3,5,Scatternut,1,
15,J. Frontier,6,low,9,80,3,5,Latchberry,1,
35,J. Frontier,6,low,10,20,3,5,Latchberry,1,
25,J. Frontier,6,low,10,20,3,5,Nulberry,1,
20,J. Frontier,6,low,10,20,3,5,Paintberry,2,
15,J. Frontier,6,low,10,20,3,5,Scatternut,1,
5,J. Frontier,6,low,10,20,3,5,Insect Husk,1,
25,J. Frontier,6,low,11,80,3,5,Power Jelly,1,
25,J. Frontier,6,low,11,80,3,5,Heavy Jelly,1,
25,J. Frontier,6,low,11,80,3,5,Speed Jelly,1,
20,J. Frontier,6,low,11,80,3,5,Felvine,1,
5,J. Frontier,6,low,11,80,3,5,Larval Extract,1,
28,J. Frontier,6,low,12,20,3,5,Power Jelly,1,
28,J. Frontier,6,low,12,20,3,5,Heavy Jelly,1,
28,J. Frontier,6,low,12,20,3,5,Speed Jelly,1,
16,J. Frontier,6,low,12,20,3,5,Larval Extract,1,
70,J. Frontier,6,high,1,,3,5,Nulberry,1,
25,J. Frontier,6,high,1,,3,5,Scatternut,1,
5,J. Frontier,6,high,1,,3,5,Insect Husk,1,
60,J. Frontier,6,high,2,,6,8,Dung,2,
30,J. Frontier,6,high,2,,6,8,Dung,1,
5,J. Frontier,6,high,2,,6,8,Bone Husk,1,
5,J. Frontier,6,high,2,,6,8,Mystery Bone,1,
40,J. Frontier,6,high,3,,3,4,Ivy,1,
25,J. Frontier,6,high,3,,3,4,Unique Fern,1,
20,J. Frontier,6,high,3,,3,4,Sap Plant,1,
10,J. Frontier,6,high,3,,3,4,Snow Herb,1,
5,J. Frontier,6,high,3,,3,4,Choice Fern,1,
87,J. Frontier,6,high,4,,1,1,Honey,1,
8,J. Frontier,6,high,4,,1,1,Snakebee Larva,1,
5,J. Frontier,6,high,4,,1,1,Insect Husk,1,
100,J. Frontier,6,high,5,,2,3,Burned Husk,1,
35,J. Frontier,6,high,6,70,3,5,Antidote Herb,1,
30,J. Frontier,6,high,6,70,3,5,Herb,1,
25,J. Frontier,6,high,6,70,3,5,Unique Fern,1,
5,J. Frontier,6,high,6,70,3,5,Felvine,1,
5,J. Frontier,6,high,6,70,3,5,Choice Fern,1,
30,J. Frontier,6,high,7,30,4,6,Sap Plant,2,
18,J. Frontier,6,high,7,30,4,6,Ivy,1,
15,J. Frontier,6,high,7,30,4,6,Unique Fern,2,
15,J. Frontier,6,high,7,30,4,6,Choice Fern,1,
14,J. Frontier,6,high,7,30,4,6,Unique Fern,1,
8,J. Frontier,6,high,7,30,4,6,Snow Herb,1,
25,J. Frontier,6,high,8,80,3,5,Nulberry,1,
25,J. Frontier,6,high,8,80,3,5,Needleberry,1,
20,J. Frontier,6,high,8,80,3,5,Paintberry,1,
15,J. Frontier,6,high,8,80,3,5,Scatternut,1,
15,J. Frontier,6,high,8,80,3,5,Latchberry,1,
35,J. Frontier,6,high,9,20,3,5,Latchberry,1,
25,J. Frontier,6,high,9,20,3,5,Nulberry,1,
20,J. Frontier,6,high,9,20,3,5,Paintberry,2,
15,J. Frontier,6,high,9,20,3,5,Scatternut,1,
5,J. Frontier,6,high,9,20,3,5,Insect Husk,1,
25,J. Frontier,6,high,10,80,3,5,Nulberry,1,
25,J. Frontier,6,high,10,80,3,5,Needleberry,1,
20,J. Frontier,6,high,10,80,3,5,Paintberry,1,
15,J. Frontier,6,high,10,80,3,5,Scatternut,1,
15,J. Frontier,6,high,10,80,3,5,Latchberry,1,
35,J. Frontier,6,high,11,20,3,5,Latchberry,1,
25,J. Frontier,6,high,11,20,3,5,Nulberry,1,
20,J. Frontier,6,high,11,20,3,5,Paintberry,2,
15,J. Frontier,6,high,11,20,3,5,Scatternut,1,
5,J. Frontier,6,high,11,20,3,5,Insect Husk,1,
29,J. Frontier,6,high,12,80,3,5,Power Jelly,1,
29,J. Frontier,6,high,12,80,3,5,Heavy Jelly,1,
29,J. Frontier,6,high,12,80,3,5,Speed Jelly,1,
8,J. Frontier,6,high,12,80,3,5,Felvine,1,
5,J. Frontier,6,high,12,80,3,5,Larval Extract,1,
23,J. Frontier,6,high,13,20,3,5,Power Jelly,1,
23,J. Frontier,6,high,13,20,3,5,Heavy Jelly,1,
23,J. Frontier,6,high,13,20,3,5,Speed Jelly,1,
16,J. Frontier,6,high,13,20,3,5,Larval Extract,1,
15,J. Frontier,6,high,13,20,3,5,Paralarval Extract,1,
70,J. Frontier,6,g,1,,3,5,Nulberry,1,
25,J. Frontier,6,g,1,,3,5,Scatternut,1,
5,J. Frontier,6,g,1,,3,5,Insect Husk,1,
60,J. Frontier,6,g,2,,6,8,Dung,2,
30,J. Frontier,6,g,2,,6,8,Dung,1,
5,J. Frontier,6,g,2,,6,8,Bone Husk,1,
5,J. Frontier,6,g,2,,6,8,Mystery Bone,1,
40,J. Frontier,6,g,3,,3,4,Ivy,1,
25,J. Frontier,6,g,3,,3,4,Unique Fern,1,
20,J. Frontier,6,g,3,,3,4,Sap Plant,1,
10,J. Frontier,6,g,3,,3,4,Snow Herb,1,
5,J. Frontier,6,g,3,,3,4,Choice Fern,1,
87,J. Frontier,6,g,4,,1,1,Honey,1,
8,J. Frontier,6,g,4,,1,1,Snakebee Larva,1,
5,J. Frontier,6,g,4,,1,1,Insect Husk,1,
100,J. Frontier,6,g,5,,2,3,Burned Husk,1,
35,J. Frontier,6,g,6,70,3,5,Antidote Herb,1,
30,J. Frontier,6,g,6,70,3,5,Herb,1,
25,J. Frontier,6,g,6,70,3,5,Unique Fern,1,
5,J. Frontier,6,g,6,70,3,5,Felvine,1,
5,J. Frontier,6,g,6,70,3,5,Choice Fern,1,
30,J. Frontier,6,g,7,30,4,6,Sap Plant,2,
18,J. Frontier,6,g,7,30,4,6,Ivy,1,
15,J. Frontier,6,g,7,30,4,6,Unique Fern,2,
15,J. Frontier,6,g,7,30,4,6,Choice Fern,1,
14,J. Frontier,6,g,7,30,4,6,Unique Fern,1,
8,J. Frontier,6,g,7,30,4,6,Snow Herb,1,
25,J. Frontier,6,g,8,80,3,5,Nulberry,1,
25,J. Frontier,6,g,8,80,3,5,Needleberry,1,
20,J. Frontier,6,g,8,80,3,5,Paintberry,1,
15,J. Frontier,6,g,8,80,3,5,Scatternut,1,
15,J. Frontier,6,g,8,80,3,5,Latchberry,1,
35,J. Frontier,6,g,9,20,3,5,Latchberry,1,
25,J. Frontier,6,g,9,20,3,5,Nulberry,1,
20,J. Frontier,6,g,9,20,3,5,Paintberry,2,
15,J. Frontier,6,g,9,20,3,5,Scatternut,1,
5,J. Frontier,6,g,9,20,3,5,Insect Husk,1,
25,J. Frontier,6,g,10,80,3,5,Nulberry,1,
25,J. Frontier,6,g,10,80,3,5,Needleberry,1,
20,J. Frontier,6,g,10,80,3,5,Paintberry,1,
15,J. Frontier,6,g,10,80,3,5,Scatternut,1,
15,J. Frontier,6,g,10,80,3,5,Latchberry,1,
35,J. Frontier,6,g,11,20,3,5,Latchberry,1,
25,J. Frontier,6,g,11,20,3,5,Nulberry,1,
20,J. Frontier,6,g,11,20,3,5,Paintberry,2,
15,J. Frontier,6,g,11,20,3,5,Scatternut,1,
5,J. Frontier,6,g,11,20,3,5,Insect Husk,1,
25,J. Frontier,6,g,12,80,3,5,Power Jelly,1,
25,J. Frontier,6,g,12,80,3,5,Heavy Jelly,1,
25,J. Frontier,6,g,12,80,3,5,Speed Jelly,1,
20,J. Frontier,6,g,12,80,3,5,Larval Extract,1,
5,J. Frontier,6,g,12,80,3,5,Felvine,1,
30,J. Frontier,6,g,13,20,3,5,Larval Extract,1,
25,J. Frontier,6,g,13,20,3,5,Paralarval Extract,1,
15,J. Frontier,6,g,13,20,3,5,Power Jelly,1,
15,J. Frontier,6,g,13,20,3,5,Heavy Jelly,1,
15,J. Frontier,6,g,13,20,3,5,Speed Jelly,1,
95,J. Frontier,7,low,1,,,,Wyvern Egg,1,∞
5,J. Frontier,7,low,1,,,,Monster Bone S,1,∞
30,J. Frontier,7,low,2,,3,5,Bone Husk,1,
30,J. Frontier,7,low,2,,3,5,Mystery Bone,1,
20,J. Frontier,7,low,2,,3,5,Monster Bone S,1,
10,J. Frontier,7,low,2,,3,5,Mystery Bone,2,
10,J. Frontier,7,low,2,,3,5,Fossilized Bone,1,
40,J. Frontier,7,low,3,,4,6,Ivy,1,
30,J. Frontier,7,low,3,,4,6,Unique Fern,1,
20,J. Frontier,7,low,3,,4,6,Sap Plant,1,
10,J. Frontier,7,low,3,,4,6,Snow Herb,1,
45,J. Frontier,7,low,4,80,2,4,Unique Mushroom,1,
35,J. Frontier,7,low,4,80,2,4,Blue Mushroom,1,
12,J. Frontier,7,low,4,80,2,4,Blue Mushroom,2,
8,J. Frontier,7,low,4,80,2,4,Mopeshroom,1,
25,J. Frontier,7,low,5,20,2,4,Nitroshroom,1,
25,J. Frontier,7,low,5,20,2,4,Toadstool,1,
25,J. Frontier,7,low,5,20,2,4,Unique Mushroom,1,
15,J. Frontier,7,low,5,20,2,4,Blue Mushroom,2,
10,J. Frontier,7,low,5,20,2,4,Mopeshroom,1,
45,J. Frontier,7,low,6,70,3,5,Iron Ore,1,
20,J. Frontier,7,low,6,70,3,5,Stone,1,
20,J. Frontier,7,low,6,70,3,5,Earth Crystal,1,
15,J. Frontier,7,low,6,70,3,5,Dragon Amber Piece,1,
35,J. Frontier,7,low,7,30,4,6,Earth Crystal,1,
25,J. Frontier,7,low,7,30,4,6,Iron Ore,1,
20,J. Frontier,7,low,7,30,4,6,Machalite Ore,1,
20,J. Frontier,7,low,7,30,4,6,Dragon Amber Piece,1,
65,J. Frontier,7,low,8,,2,4,Immortal Moth,1,
25,J. Frontier,7,low,8,,2,4,Carpenterbug,1,
5,J. Frontier,7,low,8,,2,4,Godbug,1,
5,J. Frontier,7,low,8,,2,4,Thunderbug,1,
95,J. Frontier,7,high,1,,,,Wyvern Egg,1,∞
5,J. Frontier,7,high,1,,,,Monster Bone S,1,∞
30,J. Frontier,7,high,2,,3,5,Bone Husk,1,
30,J. Frontier,7,high,2,,3,5,Mystery Bone,1,
20,J. Frontier,7,high,2,,3,5,Monster Bone S,1,
10,J. Frontier,7,high,2,,3,5,Mystery Bone,2,
10,J. Frontier,7,high,2,,3,5,Fossilized Bone,1,
40,J. Frontier,7,high,3,,4,6,Ivy,1,
25,J. Frontier,7,high,3,,4,6,Unique Fern,1,
20,J. Frontier,7,high,3,,4,6,Sap Plant,1,
10,J. Frontier,7,high,3,,4,6,Snow Herb,1,
5,J. Frontier,7,high,3,,4,6,Choice Fern,1,
45,J. Frontier,7,high,4,80,2,4,Unique Mushroom,1,
35,J. Frontier,7,high,4,80,2,4,Blue Mushroom,1,
15,J. Frontier,7,high,4,80,2,4,Blue Mushroom,2,
5,J. Frontier,7,high,4,80,2,4,Choice Mushroom,1,
25,J. Frontier,7,high,5,20,2,4,Nitroshroom,1,
25,J. Frontier,7,high,5,20,2,4,Unique Mushroom,1,
25,J. Frontier,7,high,5,20,2,4,Choice Mushroom,1,
15,J. Frontier,7,high,5,20,2,4,Blue Mushroom,2,
10,J. Frontier,7,high,5,20,2,4,Mopeshroom,1,
25,J. Frontier,7,high,6,70,3,5,Dragonite Ore,1,
15,J. Frontier,7,high,6,70,3,5,Iron Ore,1,
15,J. Frontier,7,high,6,70,3,5,Earth Crystal,1,
10,J. Frontier,7,high,6,70,3,5,Machalite Ore,1,
10,J. Frontier,7,high,6,70,3,5,Adv Armor Sphere,1,
10,J. Frontier,7,high,6,70,3,5,Dragon Amber Piece,1,
5,J. Frontier,7,high,6,70,3,5,Carbalite Ore,1,
5,J. Frontier,7,high,6,70,3,5,Sunspire Jewel,1,
5,J. Frontier,7,high,6,70,3,5,Mystery Charm,1,
25,J. Frontier,7,high,7,30,4,6,Dragon Amber Chunk,1,
20,J. Frontier,7,high,7,30,4,6,Carbalite Ore,1,
20,J. Frontier,7,high,7,30,4,6,Sunspire Jewel,1,
15,J. Frontier,7,high,7,30,4,6,Adv Armor Sphere,1,
10,J. Frontier,7,high,7,30,4,6,Mystery Charm,1,
5,J. Frontier,7,high,7,30,4,6,Dragonite Ore,1,
5,J. Frontier,7,high,7,30,4,6,Shining Charm,1,
40,J. Frontier,7,high,8,,2,4,Immortal Moth,1,
25,J. Frontier,7,high,8,,2,4,Carpenterbug,1,
10,J. Frontier,7,high,8,,2,4,Hercudrome,1,
10,J. Frontier,7,high,8,,2,4,King Scarab,1,
5,J. Frontier,7,high,8,,2,4,Godbug,1,
5,J. Frontier,7,high,8,,2,4,Thunderbug,1,
5,J. Frontier,7,high,8,,2,4,Large Immortal Moth,1,
95,J. Frontier,7,g,1,,,,Carnivore Egg,1,∞
5,J. Frontier,7,g,1,,,,Monster Bone S,1,∞
30,J. Frontier,7,g,2,,3,5,Bone Husk,1,
30,J. Frontier,7,g,2,,3,5,Mystery Bone,1,
15,J. Frontier,7,g,2,,3,5,Monster Bone S,1,
10,J. Frontier,7,g,2,,3,5,Mystery Bone,2,
10,J. Frontier,7,g,2,,3,5,Fossilized Bone,1,
5,J. Frontier,7,g,2,,3,5,Monster Bone M,1,
40,J. Frontier,7,g,3,,4,6,Ivy,1,
25,J. Frontier,7,g,3,,4,6,Unique Fern,1,
20,J. Frontier,7,g,3,,4,6,Sap Plant,1,
10,J. Frontier,7,g,3,,4,6,Snow Herb,1,
5,J. Frontier,7,g,3,,4,6,Choice Fern,1,
45,J. Frontier,7,g,4,80,2,4,Unique Mushroom,1,
35,J. Frontier,7,g,4,80,2,4,Blue Mushroom,1,
15,J. Frontier,7,g,4,80,2,4,Blue Mushroom,2,
5,J. Frontier,7,g,4,80,2,4,Choice Mushroom,1,
25,J. Frontier,7,g,5,20,2,4,Nitroshroom,1,
25,J. Frontier,7,g,5,20,2,4,Unique Mushroom,1,
25,J. Frontier,7,g,5,20,2,4,Choice Mushroom,1,
15,J. Frontier,7,g,5,20,2,4,Blue Mushroom,2,
10,J. Frontier,7,g,5,20,2,4,Mopeshroom,1,
20,J. Frontier,7,g,6,70,3,5,Carbalite Ore,1,
15,J. Frontier,7,g,6,70,3,5,Dragonite Ore,2,
15,J. Frontier,7,g,6,70,3,5,Eltalite Ore,1,
10,J. Frontier,7,g,6,70,3,5,Fucium Ore,1,
10,J. Frontier,7,g,6,70,3,5,Lazurite Jewel,1,
10,J. Frontier,7,g,6,70,3,5,Hard Armor Sphere,1,
10,J. Frontier,7,g,6,70,3,5,Shining Charm,1,
10,J. Frontier,7,g,6,70,3,5,Dragon Amber Piece,1,
25,J. Frontier,7,g,7,30,4,6,Eltalite Ore,1,
20,J. Frontier,7,g,7,30,4,6,Hard Armor Sphere,1,
20,J. Frontier,7,g,7,30,4,6,Dragon Amber Chunk,1,
15,J. Frontier,7,g,7,30,4,6,Lazurite Jewel,1,
15,J. Frontier,7,g,7,30,4,6,Timeworn Charm,1,
5,J. Frontier,7,g,7,30,4,6,Carbalite Ore,1,
25,J. Frontier,7,g,8,,2,4,Carpenterbug,2,
20,J. Frontier,7,g,8,,2,4,Large Immortal Moth,1,
15,J. Frontier,7,g,8,,2,4,Godbug,2,
15,J. Frontier,7,g,8,,2,4,Hercudrome,2,
15,J. Frontier,7,g,8,,2,4,Immortal Moth,1,
10,J. Frontier,7,g,8,,2,4,Emperor Hopper,1,
30,J. Frontier,8,low,1,,3,4,Godbug,1,
30,J. Frontier,8,low,1,,3,4,Hercudrome,1,
30,J. Frontier,8,low,1,,3,4,King Scarab,1,
10,J. Frontier,8,low,1,,3,4,Large Immortal Moth,1,
25,J. Frontier,8,low,2,,2,3,Mystery Charm,1,
25,J. Frontier,8,low,2,,2,3,Shining Charm,1,
15,J. Frontier,8,low,2,,2,3,Dragonite Ore,1,
15,J. Frontier,8,low,2,,2,3,Carbalite Ore,1,
10,J. Frontier,8,low,2,,2,3,Sunspire Jewel,1,
10,J. Frontier,8,low,2,,2,3,Adv Armor Sphere,1,
35,J. Frontier,8,low,3,,2,3,Mystery Charm,1,
35,J. Frontier,8,low,3,,2,3,Shining Charm,1,
20,J. Frontier,8,low,3,,2,3,Rustshard,1,
10,J. Frontier,8,low,3,,2,3,Dragon Amber Chunk,1,
87,J. Frontier,8,low,4,,1,1,Honey,1,
8,J. Frontier,8,low,4,,1,1,Snakebee Larva,1,
5,J. Frontier,8,low,4,,1,1,Insect Husk,1,
25,J. Frontier,8,low,5,70,3,5,Mystery Bone,1,
22,J. Frontier,8,low,5,70,3,5,Fossilized Bone,1,
20,J. Frontier,8,low,5,70,3,5,Bone Husk,1,
20,J. Frontier,8,low,5,70,3,5,Mystery Bone,2,
13,J. Frontier,8,low,5,70,3,5,Monster Bone S,1,
30,J. Frontier,8,low,6,30,3,5,Bone Husk,2,
25,J. Frontier,8,low,6,30,3,5,Mystery Bone,2,
20,J. Frontier,8,low,6,30,3,5,Fossilized Bone,1,
15,J. Frontier,8,low,6,30,3,5,Mystery Bone,1,
10,J. Frontier,8,low,6,30,3,5,Monster Bone S,1,
45,J. Frontier,8,low,7,70,3,5,Antidote Herb,1,
30,J. Frontier,8,low,7,70,3,5,Herb,1,
20,J. Frontier,8,low,7,70,3,5,Unique Fern,1,
5,J. Frontier,8,low,7,70,3,5,Felvine,1,
36,J. Frontier,8,low,8,30,4,6,Sap Plant,2,
23,J. Frontier,8,low,8,30,4,6,Unique Fern,1,
18,J. Frontier,8,low,8,30,4,6,Ivy,1,
15,J. Frontier,8,low,8,30,4,6,Unique Fern,2,
8,J. Frontier,8,low,8,30,4,6,Snow Herb,1,
45,J. Frontier,8,low,9,80,2,4,Unique Mushroom,1,
35,J. Frontier,8,low,9,80,2,4,Blue Mushroom,1,
12,J. Frontier,8,low,9,80,2,4,Blue Mushroom,2,
8,J. Frontier,8,low,9,80,2,4,Mopeshroom,1,
25,J. Frontier,8,low,10,20,2,4,Nitroshroom,1,
25,J. Frontier,8,low,10,20,2,4,Toadstool,1,
25,J. Frontier,8,low,10,20,2,4,Unique Mushroom,1,
15,J. Frontier,8,low,10,20,2,4,Blue Mushroom,2,
10,J. Frontier,8,low,10,20,2,4,Mopeshroom,1,
45,J. Frontier,8,low,11,80,3,5,Iron Ore,1,
20,J. Frontier,8,low,11,80,3,5,Stone,1,
20,J. Frontier,8,low,11,80,3,5,Earth Crystal,1,
15,J. Frontier,8,low,11,80,3,5,Dragon Amber Piece,1,
35,J. Frontier,8,low,12,20,4,6,Earth Crystal,1,
25,J. Frontier,8,low,12,20,4,6,Iron Ore,1,
20,J. Frontier,8,low,12,20,4,6,Machalite Ore,1,
20,J. Frontier,8,low,12,20,4,6,Dragon Amber Piece,1,
65,J. Frontier,8,low,13,,2,4,Immortal Moth,1,
25,J. Frontier,8,low,13,,2,4,Carpenterbug,1,
5,J. Frontier,8,low,13,,2,4,Godbug,1,
5,J. Frontier,8,low,13,,2,4,Thunderbug,1,
30,J. Frontier,8,high,1,,3,4,Godbug,1,
30,J. Frontier,8,high,1,,3,4,Hercudrome,1,
30,J. Frontier,8,high,1,,3,4,King Scarab,1,
10,J. Frontier,8,high,1,,3,4,Large Immortal Moth,1,
25,J. Frontier,8,high,2,,2,3,Mystery Charm,1,
25,J. Frontier,8,high,2,,2,3,Shining Charm,1,
15,J. Frontier,8,high,2,,2,3,Dragonite Ore,1,
15,J. Frontier,8,high,2,,2,3,Carbalite Ore,1,
10,J. Frontier,8,high,2,,2,3,Sunspire Jewel,1,
10,J. Frontier,8,high,2,,2,3,Adv Armor Sphere,1,
35,J. Frontier,8,high,3,,2,3,Mystery Charm,1,
35,J. Frontier,8,high,3,,2,3,Shining Charm,1,
20,J. Frontier,8,high,3,,2,3,Rustshard,1,
10,J. Frontier,8,high,3,,2,3,Dragon Amber Chunk,1,
87,J. Frontier,8,high,4,,1,1,Honey,1,
8,J. Frontier,8,high,4,,1,1,Snakebee Larva,1,
5,J. Frontier,8,high,4,,1,1,Insect Husk,1,
100,J. Frontier,8,high,5,,2,3,Burned Husk,1,
25,J. Frontier,8,high,6,70,3,5,Mystery Bone,1,
22,J. Frontier,8,high,6,70,3,5,Fossilized Bone,1,
20,J. Frontier,8,high,6,70,3,5,Bone Husk,1,
20,J. Frontier,8,high,6,70,3,5,Mystery Bone,2,
13,J. Frontier,8,high,6,70,3,5,Monster Bone S,1,
30,J. Frontier,8,high,7,30,3,5,Bone Husk,2,
25,J. Frontier,8,high,7,30,3,5,Mystery Bone,2,
20,J. Frontier,8,high,7,30,3,5,Fossilized Bone,1,
15,J. Frontier,8,high,7,30,3,5,Mystery Bone,1,
10,J. Frontier,8,high,7,30,3,5,Monster Bone S,1,
35,J. Frontier,8,high,8,70,3,5,Antidote Herb,1,
30,J. Frontier,8,high,8,70,3,5,Herb,1,
25,J. Frontier,8,high,8,70,3,5,Unique Fern,1,
5,J. Frontier,8,high,8,70,3,5,Felvine,1,
5,J. Frontier,8,high,8,70,3,5,Choice Fern,1,
30,J. Frontier,8,high,9,30,4,6,Sap Plant,2,
18,J. Frontier,8,high,9,30,4,6,Ivy,1,
15,J. Frontier,8,high,9,30,4,6,Unique Fern,2,
15,J. Frontier,8,high,9,30,4,6,Choice Fern,1,
14,J. Frontier,8,high,9,30,4,6,Unique Fern,1,
8,J. Frontier,8,high,9,30,4,6,Snow Herb,1,
45,J. Frontier,8,high,10,80,2,4,Unique Mushroom,1,
35,J. Frontier,8,high,10,80,2,4,Blue Mushroom,1,
15,J. Frontier,8,high,10,80,2,4,Blue Mushroom,2,
5,J. Frontier,8,high,10,80,2,4,Choice Mushroom,1,
25,J. Frontier,8,high,11,20,2,4,Nitroshroom,1,
25,J. Frontier,8,high,11,20,2,4,Unique Mushroom,1,
25,J. Frontier,8,high,11,20,2,4,Choice Mushroom,1,
15,J. Frontier,8,high,11,20,2,4,Blue Mushroom,2,
10,J. Frontier,8,high,11,20,2,4,Mopeshroom,1,
25,J. Frontier,8,high,12,80,3,5,Dragonite Ore,1,
15,J. Frontier,8,high,12,80,3,5,Iron Ore,1,
15,J. Frontier,8,high,12,80,3,5,Earth Crystal,1,
10,J. Frontier,8,high,12,80,3,5,Machalite Ore,1,
10,J. Frontier,8,high,12,80,3,5,Adv Armor Sphere,1,
10,J. Frontier,8,high,12,80,3,5,Dragon Amber Piece,1,
5,J. Frontier,8,high,12,80,3,5,Carbalite Ore,1,
5,J. Frontier,8,high,12,80,3,5,Sunspire Jewel,1,
5,J. Frontier,8,high,12,80,3,5,Mystery Charm,1,
25,J. Frontier,8,high,13,20,4,6,Dragon Amber Chunk,1,
20,J. Frontier,8,high,13,20,4,6,Carbalite Ore,1,
20,J. Frontier,8,high,13,20,4,6,Sunspire Jewel,1,
15,J. Frontier,8,high,13,20,4,6,Adv Armor Sphere,1,
10,J. Frontier,8,high,13,20,4,6,Mystery Charm,1,
5,J. Frontier,8,high,13,20,4,6,Dragonite Ore,1,
5,J. Frontier,8,high,13,20,4,6,Shining Charm,1,
40,J. Frontier,8,high,14,,2,4,Immortal Moth,1,
25,J. Frontier,8,high,14,,2,4,Carpenterbug,1,
10,J. Frontier,8,high,14,,2,4,Hercudrome,1,
10,J. Frontier,8,high,14,,2,4,King Scarab,1,
5,J. Frontier,8,high,14,,2,4,Godbug,1,
5,J. Frontier,8,high,14,,2,4,Thunderbug,1,
5,J. Frontier,8,high,14,,2,4,Large Immortal Moth,1,
30,J. Frontier,8,g,1,,3,4,King Scarab,1,
30,J. Frontier,8,g,1,,3,4,Rare Scarab,1,
30,J. Frontier,8,g,1,,3,4,Emperor Hopper,1,
10,J. Frontier,8,g,1,,3,4,Large Immortal Moth,1,
30,J. Frontier,8,g,2,,2,3,Eltalite Ore,1,
20,J. Frontier,8,g,2,,2,3,Timeworn Charm,1,
15,J. Frontier,8,g,2,,2,3,Fucium Ore,1,
15,J. Frontier,8,g,2,,2,3,Shining Charm,1,
10,J. Frontier,8,g,2,,2,3,Lazurite Jewel,1,
10,J. Frontier,8,g,2,,2,3,Heavy Armor Sphere,1,
35,J. Frontier,8,g,3,,2,3,Shining Charm,1,
35,J. Frontier,8,g,3,,2,3,Timeworn Charm,1,
20,J. Frontier,8,g,3,,2,3,Ancient Shard,1,
10,J. Frontier,8,g,3,,2,3,Dragon Amber Chunk,1,
87,J. Frontier,8,g,4,,1,1,Honey,1,
8,J. Frontier,8,g,4,,1,1,Snakebee Larva,1,
5,J. Frontier,8,g,4,,1,1,Insect Husk,1,
100,J. Frontier,8,g,5,,2,3,Burned Husk,1,
25,J. Frontier,8,g,6,70,3,5,Mystery Bone,1,
22,J. Frontier,8,g,6,70,3,5,Fossilized Bone,1,
20,J. Frontier,8,g,6,70,3,5,Bone Husk,1,
20,J. Frontier,8,g,6,70,3,5,Mystery Bone,2,
13,J. Frontier,8,g,6,70,3,5,Monster Bone S,1,
30,J. Frontier,8,g,7,30,3,5,Bone Husk,2,
25,J. Frontier,8,g,7,30,3,5,Mystery Bone,2,
20,J. Frontier,8,g,7,30,3,5,Fossilized Bone,1,
15,J. Frontier,8,g,7,30,3,5,Mystery Bone,1,
10,J. Frontier,8,g,7,30,3,5,Monster Bone M,1,
35,J. Frontier,8,g,8,70,3,5,Antidote Herb,1,
30,J. Frontier,8,g,8,70,3,5,Herb,1,
25,J. Frontier,8,g,8,70,3,5,Unique Fern,1,
5,J. Frontier,8,g,8,70,3,5,Felvine,1,
5,J. Frontier,8,g,8,70,3,5,Choice Fern,1,
30,J. Frontier,8,g,9,30,4,6,Sap Plant,2,
18,J. Frontier,8,g,9,30,4,6,Ivy,1,
15,J. Frontier,8,g,9,30,4,6,Unique Fern,2,
15,J. Frontier,8,g,9,30,4,6,Choice Fern,1,
14,J. Frontier,8,g,9,30,4,6,Unique Fern,1,
8,J. Frontier,8,g,9,30,4,6,Snow Herb,1,
45,J. Frontier,8,g,10,80,2,4,Unique Mushroom,1,
35,J. Frontier,8,g,10,80,2,4,Blue Mushroom,1,
15,J. Frontier,8,g,10,80,2,4,Blue Mushroom,2,
5,J. Frontier,8,g,10,80,2,4,Choice Mushroom,1,
25,J. Frontier,8,g,11,20,2,4,Nitroshroom,1,
25,J. Frontier,8,g,11,20,2,4,Unique Mushroom,1,
25,J. Frontier,8,g,11,20,2,4,Choice Mushroom,1,
15,J. Frontier,8,g,11,20,2,4,Blue Mushroom,2,
10,J. Frontier,8,g,11,20,2,4,Mopeshroom,1,
20,J. Frontier,8,g,12,80,3,5,Carbalite Ore,1,
15,J. Frontier,8,g,12,80,3,5,Dragonite Ore,2,
15,J. Frontier,8,g,12,80,3,5,Eltalite Ore,1,
10,J. Frontier,8,g,12,80,3,5,Fucium Ore,1,
10,J. Frontier,8,g,12,80,3,5,Lazurite Jewel,1,
10,J. Frontier,8,g,12,80,3,5,Hard Armor Sphere,1,
10,J. Frontier,8,g,12,80,3,5,Shining Charm,1,
10,J. Frontier,8,g,12,80,3,5,Dragon Amber Piece,1,
25,J. Frontier,8,g,13,20,4,6,Eltalite Ore,1,
20,J. Frontier,8,g,13,20,4,6,Hard Armor Sphere,1,
20,J. Frontier,8,g,13,20,4,6,Dragon Amber Chunk,1,
15,J. Frontier,8,g,13,20,4,6,Lazurite Jewel,1,
15,J. Frontier,8,g,13,20,4,6,Timeworn Charm,1,
5,J. Frontier,8,g,13,20,4,6,Carbalite Ore,1,
25,J. Frontier,8,g,14,,2,4,Carpenterbug,2,
20,J. Frontier,8,g,14,,2,4,Large Immortal Moth,1,
15,J. Frontier,8,g,14,,2,4,Godbug,2,
15,J. Frontier,8,g,14,,2,4,Hercudrome,2,
15,J. Frontier,8,g,14,,2,4,Immortal Moth,1,
10,J. Frontier,8,g,14,,2,4,Emperor Hopper,1,
37,J. Frontier,9,low,1,,4,6,Earth Crystal,1,
25,J. Frontier,9,low,1,,4,6,Dragon Amber Piece,1,
20,J. Frontier,9,low,1,,4,6,Iron Ore,1,
10,J. Frontier,9,low,1,,4,6,Whetstone,1,
8,J. Frontier,9,low,1,,4,6,Machalite Ore,1,
80,J. Frontier,9,low,2,,3,5,Spider Web,1,
15,J. Frontier,9,low,2,,3,5,Spider Web,2,
5,J. Frontier,9,low,2,,3,5,Insect Husk,1,
25,J. Frontier,9,low,3,80,3,5,Nulberry,1,
25,J. Frontier,9,low,3,80,3,5,Needleberry,1,
20,J. Frontier,9,low,3,80,3,5,Paintberry,1,
15,J. Frontier,9,low,3,80,3,5,Scatternut,1,
15,J. Frontier,9,low,3,80,3,5,Latchberry,1,
35,J. Frontier,9,low,4,20,3,5,Latchberry,1,
25,J. Frontier,9,low,4,20,3,5,Nulberry,1,
20,J. Frontier,9,low,4,20,3,5,Paintberry,2,
15,J. Frontier,9,low,4,20,3,5,Scatternut,1,
5,J. Frontier,9,low,4,20,3,5,Insect Husk,1,
45,J. Frontier,9,low,5,80,3,5,Iron Ore,1,
20,J. Frontier,9,low,5,80,3,5,Stone,1,
20,J. Frontier,9,low,5,80,3,5,Earth Crystal,1,
15,J. Frontier,9,low,5,80,3,5,Dragon Amber Piece,1,
35,J. Frontier,9,low,6,20,4,6,Earth Crystal,1,
25,J. Frontier,9,low,6,20,4,6,Iron Ore,1,
20,J. Frontier,9,low,6,20,4,6,Machalite Ore,1,
20,J. Frontier,9,low,6,20,4,6,Dragon Amber Piece,1,
45,J. Frontier,9,low,7,80,3,5,Antidote Herb,1,
30,J. Frontier,9,low,7,80,3,5,Herb,1,
20,J. Frontier,9,low,7,80,3,5,Unique Fern,1,
5,J. Frontier,9,low,7,80,3,5,Felvine,1,
36,J. Frontier,9,low,8,20,4,6,Sap Plant,2,
23,J. Frontier,9,low,8,20,4,6,Unique Fern,1,
18,J. Frontier,9,low,8,20,4,6,Ivy,1,
15,J. Frontier,9,low,8,20,4,6,Unique Fern,2,
8,J. Frontier,9,low,8,20,4,6,Snow Herb,1,
33,J. Frontier,9,low,9,,2,4,Abyssal Mushroom,1,
25,J. Frontier,9,low,9,,2,4,Toadstool,1,
22,J. Frontier,9,low,9,,2,4,Abyssal Mushroom,2,
20,J. Frontier,9,low,9,,2,4,Unique Mushroom,1,
30,J. Frontier,9,high,1,,4,6,Dragonite Ore,1,
20,J. Frontier,9,high,1,,4,6,Carbalite Ore,1,
20,J. Frontier,9,high,1,,4,6,Mystery Charm,1,
10,J. Frontier,9,high,1,,4,6,Shining Charm,1,
10,J. Frontier,9,high,1,,4,6,Dragon Amber Chunk,1,
5,J. Frontier,9,high,1,,4,6,Rustshard,1,
5,J. Frontier,9,high,1,,4,6,Dragon Amber Piece,1,
80,J. Frontier,9,high,2,,3,5,Spider Web,1,
15,J. Frontier,9,high,2,,3,5,Spider Web,2,
5,J. Frontier,9,high,2,,3,5,Insect Husk,1,
25,J. Frontier,9,high,3,80,3,5,Nulberry,1,
25,J. Frontier,9,high,3,80,3,5,Needleberry,1,
20,J. Frontier,9,high,3,80,3,5,Paintberry,1,
15,J. Frontier,9,high,3,80,3,5,Scatternut,1,
15,J. Frontier,9,high,3,80,3,5,Latchberry,1,
35,J. Frontier,9,high,4,20,3,5,Latchberry,1,
25,J. Frontier,9,high,4,20,3,5,Nulberry,1,
20,J. Frontier,9,high,4,20,3,5,Paintberry,2,
15,J. Frontier,9,high,4,20,3,5,Scatternut,1,
5,J. Frontier,9,high,4,20,3,5,Insect Husk,1,
25,J. Frontier,9,high,5,80,3,5,Dragonite Ore,1,
15,J. Frontier,9,high,5,80,3,5,Iron Ore,1,
15,J. Frontier,9,high,5,80,3,5,Earth Crystal,1,
10,J. Frontier,9,high,5,80,3,5,Machalite Ore,1,
10,J. Frontier,9,high,5,80,3,5,Adv Armor Sphere,1,
10,J. Frontier,9,high,5,80,3,5,Dragon Amber Piece,1,
5,J. Frontier,9,high,5,80,3,5,Carbalite Ore,1,
5,J. Frontier,9,high,5,80,3,5,Sunspire Jewel,1,
5,J. Frontier,9,high,5,80,3,5,Mystery Charm,1,
25,J. Frontier,9,high,6,20,4,6,Dragon Amber Chunk,1,
20,J. Frontier,9,high,6,20,4,6,Carbalite Ore,1,
20,J. Frontier,9,high,6,20,4,6,Sunspire Jewel,1,
15,J. Frontier,9,high,6,20,4,6,Adv Armor Sphere,1,
10,J. Frontier,9,high,6,20,4,6,Mystery Charm,1,
5,J. Frontier,9,high,6,20,4,6,Dragonite Ore,1,
5,J. Frontier,9,high,6,20,4,6,Shining Charm,1,
35,J. Frontier,9,high,7,80,3,5,Antidote Herb,1,
30,J. Frontier,9,high,7,80,3,5,Herb,1,
25,J. Frontier,9,high,7,80,3,5,Unique Fern,1,
5,J. Frontier,9,high,7,80,3,5,Felvine,1,
5,J. Frontier,9,high,7,80,3,5,Choice Fern,1,
30,J. Frontier,9,high,8,20,4,6,Sap Plant,2,
18,J. Frontier,9,high,8,20,4,6,Ivy,1,
15,J. Frontier,9,high,8,20,4,6,Unique Fern,2,
15,J. Frontier,9,high,8,20,4,6,Choice Fern,1,
14,J. Frontier,9,high,8,20,4,6,Unique Fern,1,
8,J. Frontier,9,high,8,20,4,6,Snow Herb,1,
33,J. Frontier,9,high,9,,2,4,Abyssal Mushroom,1,
22,J. Frontier,9,high,9,,2,4,Abyssal Mushroom,2,
20,J. Frontier,9,high,9,,2,4,Unique Mushroom,1,
15,J. Frontier,9,high,9,,2,4,Mopeshroom,1,
5,J. Frontier,9,high,9,,2,4,Dragon Toadstool,1,
5,J. Frontier,9,high,9,,2,4,Choice Mushroom,1,
25,J. Frontier,9,g,1,,4,6,Eltalite Ore,1,
20,J. Frontier,9,g,1,,4,6,Carbalite Ore,1,
15,J. Frontier,9,g,1,,4,6,Fucium Ore,1,
15,J. Frontier,9,g,1,,4,6,Timeworn Charm,1,
10,J. Frontier,9,g,1,,4,6,Shining Charm,1,
10,J. Frontier,9,g,1,,4,6,Dragon Amber Chunk,1,
5,J. Frontier,9,g,1,,4,6,Ancient Shard,1,
80,J. Frontier,9,g,2,,3,5,Spider Web,1,
15,J. Frontier,9,g,2,,3,5,Spider Web,2,
5,J. Frontier,9,g,2,,3,5,Insect Husk,1,
25,J. Frontier,9,g,3,80,3,5,Nulberry,1,
25,J. Frontier,9,g,3,80,3,5,Needleberry,1,
20,J. Frontier,9,g,3,80,3,5,Paintberry,1,
15,J. Frontier,9,g,3,80,3,5,Scatternut,1,
15,J. Frontier,9,g,3,80,3,5,Latchberry,1,
35,J. Frontier,9,g,4,20,3,5,Latchberry,1,
25,J. Frontier,9,g,4,20,3,5,Nulberry,1,
20,J. Frontier,9,g,4,20,3,5,Paintberry,2,
15,J. Frontier,9,g,4,20,3,5,Scatternut,1,
5,J. Frontier,9,g,4,20,3,5,Insect Husk,1,
20,J. Frontier,9,g,5,80,3,5,Carbalite Ore,1,
15,J. Frontier,9,g,5,80,3,5,Dragonite Ore,2,
15,J. Frontier,9,g,5,80,3,5,Eltalite Ore,1,
10,J. Frontier,9,g,5,80,3,5,Fucium Ore,1,
10,J. Frontier,9,g,5,80,3,5,Lazurite Jewel,1,
10,J. Frontier,9,g,5,80,3,5,Hard Armor Sphere,1,
10,J. Frontier,9,g,5,80,3,5,Shining Charm,1,
10,J. Frontier,9,g,5,80,3,5,Dragon Amber Piece,1,
25,J. Frontier,9,g,6,20,4,6,Eltalite Ore,1,
20,J. Frontier,9,g,6,20,4,6,Hard Armor Sphere,1,
20,J. Frontier,9,g,6,20,4,6,Dragon Amber Chunk,1,
15,J. Frontier,9,g,6,20,4,6,Lazurite Jewel,1,
15,J. Frontier,9,g,6,20,4,6,Timeworn Charm,1,
5,J. Frontier,9,g,6,20,4,6,Carbalite Ore,1,
35,J. Frontier,9,g,7,80,3,5,Antidote Herb,1,
30,J. Frontier,9,g,7,80,3,5,Herb,1,
25,J. Frontier,9,g,7,80,3,5,Unique Fern,1,
5,J. Frontier,9,g,7,80,3,5,Felvine,1,
5,J. Frontier,9,g,7,80,3,5,Choice Fern,1,
30,J. Frontier,9,g,8,20,4,6,Sap Plant,2,
18,J. Frontier,9,g,8,20,4,6,Ivy,1,
15,J. Frontier,9,g,8,20,4,6,Unique Fern,2,
15,J. Frontier,9,g,8,20,4,6,Choice Fern,1,
14,J. Frontier,9,g,8,20,4,6,Unique Fern,1,
8,J. Frontier,9,g,8,20,4,6,Snow Herb,1,
33,J. Frontier,9,g,9,,2,4,Abyssal Mushroom,1,
22,J. Frontier,9,g,9,,2,4,Abyssal Mushroom,2,
20,J. Frontier,9,g,9,,2,4,Unique Mushroom,1,
15,J. Frontier,9,g,9,,2,4,Mopeshroom,1,
5,J. Frontier,9,g,9,,2,4,Dragon Toadstool,1,
5,J. Frontier,9,g,9,,2,4,Choice Mushroom,1,
50,J. Frontier,10,low,1,,3,5,Toadstool,1,
35,J. Frontier,10,low,1,,3,5,Abyssal Mushroom,1,
10,J. Frontier,10,low,1,,3,5,Unique Mushroom,1,
5,J. Frontier,10,low,1,,3,5,Mopeshroom,1,
26,J. Frontier,10,low,2,,5,8,Bitterbug,1,
22,J. Frontier,10,low,2,,5,8,Godbug,1,
20,J. Frontier,10,low,2,,5,8,Worm,1,
20,J. Frontier,10,low,2,,5,8,Flashbug,1,
12,J. Frontier,10,low,2,,5,8,Thunderbug,1,
30,J. Frontier,10,low,3,,3,5,Herb,1,
25,J. Frontier,10,low,3,,3,5,Unique Fern,1,
20,J. Frontier,10,low,3,,3,5,Herb,2,
20,J. Frontier,10,low,3,,3,5,Antidote Herb,1,
5,J. Frontier,10,low,3,,3,5,Felvine,1,
33,J. Frontier,10,low,4,,2,4,Abyssal Mushroom,1,
25,J. Frontier,10,low,4,,2,4,Toadstool,1,
22,J. Frontier,10,low,4,,2,4,Abyssal Mushroom,2,
20,J. Frontier,10,low,4,,2,4,Unique Mushroom,1,
45,J. Frontier,10,low,5,70,3,5,Antidote Herb,1,
30,J. Frontier,10,low,5,70,3,5,Herb,1,
20,J. Frontier,10,low,5,70,3,5,Unique Fern,1,
5,J. Frontier,10,low,5,70,3,5,Felvine,1,
36,J. Frontier,10,low,6,30,4,6,Sap Plant,2,
23,J. Frontier,10,low,6,30,4,6,Unique Fern,1,
18,J. Frontier,10,low,6,30,4,6,Ivy,1,
15,J. Frontier,10,low,6,30,4,6,Unique Fern,2,
8,J. Frontier,10,low,6,30,4,6,Snow Herb,1,
33,J. Frontier,10,low,7,,2,4,Abyssal Mushroom,1,
25,J. Frontier,10,low,7,,2,4,Toadstool,1,
22,J. Frontier,10,low,7,,2,4,Abyssal Mushroom,2,
20,J. Frontier,10,low,7,,2,4,Unique Mushroom,1,
50,J. Frontier,10,high,1,,3,5,Dragon Toadstool,1,
35,J. Frontier,10,high,1,,3,5,Abyssal Mushroom,1,
10,J. Frontier,10,high,1,,3,5,Unique Mushroom,1,
5,J. Frontier,10,high,1,,3,5,Choice Mushroom,1,
22,J. Frontier,10,high,2,,5,8,Godbug,1,
20,J. Frontier,10,high,2,,5,8,Bitterbug,1,
20,J. Frontier,10,high,2,,5,8,Flashbug,1,
15,J. Frontier,10,high,2,,5,8,Worm,1,
13,J. Frontier,10,high,2,,5,8,Thunderbug,1,
10,J. Frontier,10,high,2,,5,8,Hercudrome,1,
30,J. Frontier,10,high,3,,3,5,Herb,1,
20,J. Frontier,10,high,3,,3,5,Herb,2,
20,J. Frontier,10,high,3,,3,5,Antidote Herb,1,
20,J. Frontier,10,high,3,,3,5,Unique Fern,1,
5,J. Frontier,10,high,3,,3,5,Felvine,1,
5,J. Frontier,10,high,3,,3,5,Choice Fern,1,
33,J. Frontier,10,high,4,,2,4,Abyssal Mushroom,1,
22,J. Frontier,10,high,4,,2,4,Abyssal Mushroom,2,
20,J. Frontier,10,high,4,,2,4,Unique Mushroom,1,
15,J. Frontier,10,high,4,,2,4,Mopeshroom,1,
5,J. Frontier,10,high,4,,2,4,Dragon Toadstool,1,
5,J. Frontier,10,high,4,,2,4,Choice Mushroom,1,
35,J. Frontier,10,high,5,70,3,5,Antidote Herb,1,
30,J. Frontier,10,high,5,70,3,5,Herb,1,
25,J. Frontier,10,high,5,70,3,5,Unique Fern,1,
5,J. Frontier,10,high,5,70,3,5,Felvine,1,
5,J. Frontier,10,high,5,70,3,5,Choice Fern,1,
30,J. Frontier,10,high,6,30,4,6,Sap Plant,2,
18,J. Frontier,10,high,6,30,4,6,Ivy,1,
15,J. Frontier,10,high,6,30,4,6,Unique Fern,2,
15,J. Frontier,10,high,6,30,4,6,Choice Fern,1,
14,J. Frontier,10,high,6,30,4,6,Unique Fern,1,
8,J. Frontier,10,high,6,30,4,6,Snow Herb,1,
33,J. Frontier,10,high,7,,2,4,Abyssal Mushroom,1,
22,J. Frontier,10,high,7,,2,4,Abyssal Mushroom,2,
20,J. Frontier,10,high,7,,2,4,Unique Mushroom,1,
15,J. Frontier,10,high,7,,2,4,Mopeshroom,1,
5,J. Frontier,10,high,7,,2,4,Dragon Toadstool,1,
5,J. Frontier,10,high,7,,2,4,Choice Mushroom,1,
50,J. Frontier,10,g,1,,3,5,Dragon Toadstool,1,
35,J. Frontier,10,g,1,,3,5,Abyssal Mushroom,1,
10,J. Frontier,10,g,1,,3,5,Unique Mushroom,1,
5,J. Frontier,10,g,1,,3,5,Choice Mushroom,1,
30,J. Frontier,10,g,2,,5,8,Hercudrome,2,
20,J. Frontier,10,g,2,,5,8,Godbug,2,
20,J. Frontier,10,g,2,,5,8,King Scarab,1,
15,J. Frontier,10,g,2,,5,8,Worm,2,
15,J. Frontier,10,g,2,,5,8,Emperor Hopper,1,
30,J. Frontier,10,g,3,,3,5,Herb,1,
20,J. Frontier,10,g,3,,3,5,Herb,2,
20,J. Frontier,10,g,3,,3,5,Antidote Herb,1,
20,J. Frontier,10,g,3,,3,5,Unique Fern,1,
5,J. Frontier,10,g,3,,3,5,Felvine,1,
5,J. Frontier,10,g,3,,3,5,Choice Fern,1,
33,J. Frontier,10,g,4,,2,4,Abyssal Mushroom,1,
22,J. Frontier,10,g,4,,2,4,Abyssal Mushroom,2,
20,J. Frontier,10,g,4,,2,4,Unique Mushroom,1,
15,J. Frontier,10,g,4,,2,4,Mopeshroom,1,
5,J. Frontier,10,g,4,,2,4,Dragon Toadstool,1,
5,J. Frontier,10,g,4,,2,4,Choice Mushroom,1,
35,J. Frontier,10,g,5,70,3,5,Antidote Herb,1,
30,J. Frontier,10,g,5,70,3,5,Herb,1,
25,J. Frontier,10,g,5,70,3,5,Unique Fern,1,
5,J. Frontier,10,g,5,70,3,5,Felvine,1,
5,J. Frontier,10,g,5,70,3,5,Choice Fern,1,
30,J. Frontier,10,g,6,30,4,6,Sap Plant,2,
18,J. Frontier,10,g,6,30,4,6,Ivy,1,
15,J. Frontier,10,g,6,30,4,6,Unique Fern,2,
15,J. Frontier,10,g,6,30,4,6,Choice Fern,1,
14,J. Frontier,10,g,6,30,4,6,Unique Fern,1,
8,J. Frontier,10,g,6,30,4,6,Snow Herb,1,
33,J. Frontier,10,g,7,,2,4,Abyssal Mushroom,1,
22,J. Frontier,10,g,7,,2,4,Abyssal Mushroom,2,
20,J. Frontier,10,g,7,,2,4,Unique Mushroom,1,
15,J. Frontier,10,g,7,,2,4,Mopeshroom,1,
5,J. Frontier,10,g,7,,2,4,Dragon Toadstool,1,
5,J. Frontier,10,g,7,,2,4,Choice Mushroom,1,
95,J. Frontier,11,low,1,,,,Eternal Fossil,1,∞
5,J. Frontier,11,low,1,,,,Fossilized Bone,1,∞
95,J. Frontier,11,low,2,,,,Eternal Fossil,1,∞
5,J. Frontier,11,low,2,,,,Fossilized Bone,1,∞
40,J. Frontier,11,low,3,,4,6,Ivy,1,
30,J. Frontier,11,low,3,,4,6,Unique Fern,1,
20,J. Frontier,11,low,3,,4,6,Sap Plant,1,
10,J. Frontier,11,low,3,,4,6,Snow Herb,1,
30,J. Frontier,11,low,4,,3,4,Herb,1,
25,J. Frontier,11,low,4,,3,4,Unique Fern,1,
20,J. Frontier,11,low,4,,3,4,Herb,2,
20,J. Frontier,11,low,4,,3,4,Antidote Herb,1,
5,J. Frontier,11,low,4,,3,4,Felvine,1,
25,J. Frontier,11,low,5,80,3,5,Nulberry,1,
25,J. Frontier,11,low,5,80,3,5,Needleberry,1,
20,J. Frontier,11,low,5,80,3,5,Paintberry,1,
15,J. Frontier,11,low,5,80,3,5,Scatternut,1,
15,J. Frontier,11,low,5,80,3,5,Latchberry,1,
35,J. Frontier,11,low,6,20,3,5,Latchberry,1,
25,J. Frontier,11,low,6,20,3,5,Nulberry,1,
20,J. Frontier,11,low,6,20,3,5,Paintberry,2,
15,J. Frontier,11,low,6,20,3,5,Scatternut,1,
5,J. Frontier,11,low,6,20,3,5,Insect Husk,1,
45,J. Frontier,11,low,7,80,3,5,Iron Ore,1,
20,J. Frontier,11,low,7,80,3,5,Stone,1,
20,J. Frontier,11,low,7,80,3,5,Earth Crystal,1,
15,J. Frontier,11,low,7,80,3,5,Dragon Amber Piece,1,
35,J. Frontier,11,low,8,20,4,6,Earth Crystal,1,
25,J. Frontier,11,low,8,20,4,6,Iron Ore,1,
20,J. Frontier,11,low,8,20,4,6,Machalite Ore,1,
20,J. Frontier,11,low,8,20,4,6,Dragon Amber Piece,1,
75,J. Frontier,11,low,9,60,3,5,Honey,1,
20,J. Frontier,11,low,9,60,3,5,Snakebee Larva,1,
5,J. Frontier,11,low,9,60,3,5,Insect Husk,1,
40,J. Frontier,11,low,10,40,4,6,Honey,1,
35,J. Frontier,11,low,10,40,4,6,Honey,2,
20,J. Frontier,11,low,10,40,4,6,Snakebee Larva,1,
5,J. Frontier,11,low,10,40,4,6,Insect Husk,1,
33,J. Frontier,11,low,11,,2,4,Abyssal Mushroom,1,
25,J. Frontier,11,low,11,,2,4,Toadstool,1,
22,J. Frontier,11,low,11,,2,4,Abyssal Mushroom,2,
20,J. Frontier,11,low,11,,2,4,Unique Mushroom,1,
95,J. Frontier,11,high,1,,,,Eternal Fossil,1,∞
5,J. Frontier,11,high,1,,,,Fossilized Bone,1,∞
95,J. Frontier,11,high,2,,,,Eternal Fossil,1,∞
5,J. Frontier,11,high,2,,,,Fossilized Bone,1,∞
40,J. Frontier,11,high,3,,4,6,Ivy,1,
25,J. Frontier,11,high,3,,4,6,Unique Fern,1,
20,J. Frontier,11,high,3,,4,6,Sap Plant,1,
10,J. Frontier,11,high,3,,4,6,Snow Herb,1,
5,J. Frontier,11,high,3,,4,6,Choice Fern,1,
30,J. Frontier,11,high,4,,3,4,Herb,1,
20,J. Frontier,11,high,4,,3,4,Herb,2,
20,J. Frontier,11,high,4,,3,4,Antidote Herb,1,
20,J. Frontier,11,high,4,,3,4,Unique Fern,1,
5,J. Frontier,11,high,4,,3,4,Felvine,1,
5,J. Frontier,11,high,4,,3,4,Choice Fern,1,
25,J. Frontier,11,high,5,80,3,5,Nulberry,1,
25,J. Frontier,11,high,5,80,3,5,Needleberry,1,
20,J. Frontier,11,high,5,80,3,5,Paintberry,1,
15,J. Frontier,11,high,5,80,3,5,Scatternut,1,
15,J. Frontier,11,high,5,80,3,5,Latchberry,1,
35,J. Frontier,11,high,6,20,3,5,Latchberry,1,
25,J. Frontier,11,high,6,20,3,5,Nulberry,1,
20,J. Frontier,11,high,6,20,3,5,Paintberry,2,
15,J. Frontier,11,high,6,20,3,5,Scatternut,1,
5,J. Frontier,11,high,6,20,3,5,Insect Husk,1,
25,J. Frontier,11,high,7,80,3,5,Dragonite Ore,1,
15,J. Frontier,11,high,7,80,3,5,Iron Ore,1,
15,J. Frontier,11,high,7,80,3,5,Earth Crystal,1,
10,J. Frontier,11,high,7,80,3,5,Machalite Ore,1,
10,J. Frontier,11,high,7,80,3,5,Adv Armor Sphere,1,
10,J. Frontier,11,high,7,80,3,5,Dragon Amber Piece,1,
5,J. Frontier,11,high,7,80,3,5,Carbalite Ore,1,
5,J. Frontier,11,high,7,80,3,5,Sunspire Jewel,1,
5,J. Frontier,11,high,7,80,3,5,Mystery Charm,1,
25,J. Frontier,11,high,8,20,4,6,Dragon Amber Chunk,1,
20,J. Frontier,11,high,8,20,4,6,Carbalite Ore,1,
20,J. Frontier,11,high,8,20,4,6,Sunspire Jewel,1,
15,J. Frontier,11,high,8,20,4,6,Adv Armor Sphere,1,
10,J. Frontier,11,high,8,20,4,6,Mystery Charm,1,
5,J. Frontier,11,high,8,20,4,6,Dragonite Ore,1,
5,J. Frontier,11,high,8,20,4,6,Shining Charm,1,
75,J. Frontier,11,high,9,60,3,5,Honey,1,
20,J. Frontier,11,high,9,60,3,5,Snakebee Larva,1,
5,J. Frontier,11,high,9,60,3,5,Insect Husk,1,
40,J. Frontier,11,high,10,40,4,6,Honey,1,
35,J. Frontier,11,high,10,40,4,6,Honey,2,
20,J. Frontier,11,high,10,40,4,6,Snakebee Larva,1,
5,J. Frontier,11,high,10,40,4,6,Insect Husk,1,
33,J. Frontier,11,high,11,,2,4,Abyssal Mushroom,1,
22,J. Frontier,11,high,11,,2,4,Abyssal Mushroom,2,
20,J. Frontier,11,high,11,,2,4,Unique Mushroom,1,
15,J. Frontier,11,high,11,,2,4,Mopeshroom,1,
5,J. Frontier,11,high,11,,2,4,Dragon Toadstool,1,
5,J. Frontier,11,high,11,,2,4,Choice Mushroom,1,
95,J. Frontier,11,g,1,,,,Eternal Fossil,1,∞
5,J. Frontier,11,g,1,,,,Fossilized Bone,1,∞
95,J. Frontier,11,g,2,,,,Eternal Fossil,1,∞
5,J. Frontier,11,g,2,,,,Fossilized Bone,1,∞
40,J. Frontier,11,g,3,,4,6,Ivy,1,
25,J. Frontier,11,g,3,,4,6,Unique Fern,1,
20,J. Frontier,11,g,3,,4,6,Sap Plant,1,
10,J. Frontier,11,g,3,,4,6,Snow Herb,1,
5,J. Frontier,11,g,3,,4,6,Choice Fern,1,
30,J. Frontier,11,g,4,,3,4,Herb,1,
20,J. Frontier,11,g,4,,3,4,Herb,2,
20,J. Frontier,11,g,4,,3,4,Antidote Herb,1,
20,J. Frontier,11,g,4,,3,4,Unique Fern,1,
5,J. Frontier,11,g,4,,3,4,Felvine,1,
5,J. Frontier,11,g,4,,3,4,Choice Fern,1,
25,J. Frontier,11,g,5,80,3,5,Nulberry,1,
25,J. Frontier,11,g,5,80,3,5,Needleberry,1,
20,J. Frontier,11,g,5,80,3,5,Paintberry,1,
15,J. Frontier,11,g,5,80,3,5,Scatternut,1,
15,J. Frontier,11,g,5,80,3,5,Latchberry,1,
35,J. Frontier,11,g,6,20,3,5,Latchberry,1,
25,J. Frontier,11,g,6,20,3,5,Nulberry,1,
20,J. Frontier,11,g,6,20,3,5,Paintberry,2,
15,J. Frontier,11,g,6,20,3,5,Scatternut,1,
5,J. Frontier,11,g,6,20,3,5,Insect Husk,1,
20,J. Frontier,11,g,7,80,3,5,Carbalite Ore,1,
15,J. Frontier,11,g,7,80,3,5,Dragonite Ore,2,
15,J. Frontier,11,g,7,80,3,5,Eltalite Ore,1,
10,J. Frontier,11,g,7,80,3,5,Fucium Ore,1,
10,J. Frontier,11,g,7,80,3,5,Lazurite Jewel,1,
10,J. Frontier,11,g,7,80,3,5,Hard Armor Sphere,1,
10,J. Frontier,11,g,7,80,3,5,Shining Charm,1,
10,J. Frontier,11,g,7,80,3,5,Dragon Amber Piece,1,
25,J. Frontier,11,g,8,20,4,6,Eltalite Ore,1,
20,J. Frontier,11,g,8,20,4,6,Hard Armor Sphere,1,
20,J. Frontier,11,g,8,20,4,6,Dragon Amber Chunk,1,
15,J. Frontier,11,g,8,20,4,6,Lazurite Jewel,1,
15,J. Frontier,11,g,8,20,4,6,Timeworn Charm,1,
5,J. Frontier,11,g,8,20,4,6,Carbalite Ore,1,
75,J. Frontier,11,g,9,60,3,5,Honey,1,
20,J. Frontier,11,g,9,60,3,5,Snakebee Larva,1,
5,J. Frontier,11,g,9,60,3,5,Insect Husk,1,
40,J. Frontier,11,g,10,40,4,6,Honey,1,
35,J. Frontier,11,g,10,40,4,6,Honey,2,
20,J. Frontier,11,g,10,40,4,6,Snakebee Larva,1,
5,J. Frontier,11,g,10,40,4,6,Insect Husk,1,
33,J. Frontier,11,g,11,,2,4,Abyssal Mushroom,1,
22,J. Frontier,11,g,11,,2,4,Abyssal Mushroom,2,
20,J. Frontier,11,g,11,,2,4,Unique Mushroom,1,
15,J. Frontier,11,g,11,,2,4,Mopeshroom,1,
5,J. Frontier,11,g,11,,2,4,Dragon Toadstool,1,
5,J. Frontier,11,g,11,,2,4,Choice Mushroom,1,
60,V. Hills,1,low,1,,3,5,Dung,1,
20,V. Hills,1,low,1,,3,5,Dung,2,
10,V. Hills,1,low,1,,3,5,Insect Husk,1,
10,V. Hills,1,low,1,,3,5,Kut-Ku Scale,1,
35,V. Hills,1,low,2,,4,6,Bitterbug,1,
23,V. Hills,1,low,2,,4,6,Royal Rhino,1,
20,V. Hills,1,low,2,,4,6,Carpenterbug,1,
14,V. Hills,1,low,2,,4,6,Flashbug,1,
5,V. Hills,1,low,2,,4,6,Thunderbug,1,
3,V. Hills,1,low,2,,4,6,Insect Husk,1,
35,V. Hills,1,low,3,,3,5,Paintberry,1,
35,V. Hills,1,low,3,,3,5,Scatternut,1,
30,V. Hills,1,low,3,,3,5,Might Seed,1,
95,V. Hills,1,low,4,,1,1,Honey,1,
5,V. Hills,1,low,4,,1,1,Insect Husk,1,
65,V. Hills,1,low,5,20,3,5,Scatternut,1,
30,V. Hills,1,low,5,20,3,5,Might Seed,1,
5,V. Hills,1,low,5,20,3,5,Kut-Ku Scale,1,
35,V. Hills,1,low,6,80,3,5,Needleberry,1,
25,V. Hills,1,low,6,80,3,5,Huskberry,1,
25,V. Hills,1,low,6,80,3,5,Paintberry,1,
15,V. Hills,1,low,6,80,3,5,Scatternut,1,
60,V. Hills,1,high,1,,3,5,Dung,2,
20,V. Hills,1,high,1,,3,5,Dung,1,
10,V. Hills,1,high,1,,3,5,Insect Husk,1,
10,V. Hills,1,high,1,,3,5,Kut-Ku Scale,1,
30,V. Hills,1,high,2,,4,6,Bitterbug,1,
17,V. Hills,1,high,2,,4,6,King Scarab,1,
13,V. Hills,1,high,2,,4,6,Hercudrome,1,
11,V. Hills,1,high,2,,4,6,Flashbug,1,
10,V. Hills,1,high,2,,4,6,Carpenterbug,1,
8,V. Hills,1,high,2,,4,6,Royal Rhino,1,
6,V. Hills,1,high,2,,4,6,Thunderbug,1,
5,V. Hills,1,high,2,,4,6,Divine Rhino,1,
35,V. Hills,1,high,3,,3,5,Paintberry,1,
35,V. Hills,1,high,3,,3,5,Scatternut,1,
30,V. Hills,1,high,3,,3,5,Might Seed,1,
95,V. Hills,1,high,4,,1,1,Honey,1,
5,V. Hills,1,high,4,,1,1,Insect Husk,1,
100,V. Hills,1,high,5,,2,3,Burned Husk,1,
65,V. Hills,1,high,6,20,3,5,Scatternut,1,
30,V. Hills,1,high,6,20,3,5,Might Seed,1,
5,V. Hills,1,high,6,20,3,5,Kut-Ku Scale,1,
35,V. Hills,1,high,7,80,3,5,Needleberry,1,
25,V. Hills,1,high,7,80,3,5,Huskberry,1,
25,V. Hills,1,high,7,80,3,5,Paintberry,1,
15,V. Hills,1,high,7,80,3,5,Scatternut,1,
60,V. Hills,1,g,1,,3,5,Dung,2,
20,V. Hills,1,g,1,,3,5,Dung,1,
10,V. Hills,1,g,1,,3,5,Insect Husk,1,
10,V. Hills,1,g,1,,3,5,Kut-Ku Scale,1,
25,V. Hills,1,g,2,,4,6,Hercudrome,2,
20,V. Hills,1,g,2,,4,6,King Scarab,1,
20,V. Hills,1,g,2,,4,6,Royal Rhino,1,
20,V. Hills,1,g,2,,4,6,Divine Rhino,1,
15,V. Hills,1,g,2,,4,6,Emperor Hopper,1,
35,V. Hills,1,g,3,,3,5,Paintberry,1,
35,V. Hills,1,g,3,,3,5,Scatternut,1,
30,V. Hills,1,g,3,,3,5,Might Seed,1,
95,V. Hills,1,g,4,,1,1,Honey,1,
5,V. Hills,1,g,4,,1,1,Insect Husk,1,
100,V. Hills,1,g,5,,2,3,Burned Husk,1,
65,V. Hills,1,g,6,20,3,5,Scatternut,1,
30,V. Hills,1,g,6,20,3,5,Might Seed,1,
5,V. Hills,1,g,6,20,3,5,Kut-Ku Scale,1,
35,V. Hills,1,g,7,80,3,5,Needleberry,1,
25,V. Hills,1,g,7,80,3,5,Huskberry,1,
25,V. Hills,1,g,7,80,3,5,Paintberry,1,
15,V. Hills,1,g,7,80,3,5,Scatternut,1,
45,V. Hills,2,low,1,,3,5,Herb,1,
20,V. Hills,2,low,1,,3,5,Antidote Herb,1,
15,V. Hills,2,low,1,,3,5,Sleep Herb,1,
15,V. Hills,2,low,1,,3,5,Sap Plant,1,
5,V. Hills,2,low,1,,3,5,Felvine,1,
75,V. Hills,2,low,2,,3,5,Paintberry,1,
25,V. Hills,2,low,2,,3,5,Kut-Ku Scale,1,
95,V. Hills,2,low,3,,1,1,Honey,1,
5,V. Hills,2,low,3,,1,1,Insect Husk,1,
35,V. Hills,2,low,4,80,3,5,Needleberry,1,
25,V. Hills,2,low,4,80,3,5,Huskberry,1,
25,V. Hills,2,low,4,80,3,5,Paintberry,1,
15,V. Hills,2,low,4,80,3,5,Scatternut,1,
65,V. Hills,2,low,5,20,3,5,Scatternut,1,
30,V. Hills,2,low,5,20,3,5,Might Seed,1,
5,V. Hills,2,low,5,20,3,5,Kut-Ku Scale,1,
25,V. Hills,2,low,6,20,4,6,Herb,2,
25,V. Hills,2,low,6,20,4,6,Sap Plant,1,
20,V. Hills,2,low,6,20,4,6,Sleep Herb,1,
15,V. Hills,2,low,6,20,4,6,Herb,1,
15,V. Hills,2,low,6,20,4,6,Gloamgrass Root,1,
45,V. Hills,2,low,7,80,3,5,Antidote Herb,1,
25,V. Hills,2,low,7,80,3,5,Herb,1,
25,V. Hills,2,low,7,80,3,5,Ivy,1,
5,V. Hills,2,low,7,80,3,5,Felvine,1,
45,V. Hills,2,high,1,,3,5,Herb,1,
20,V. Hills,2,high,1,,3,5,Antidote Herb,1,
15,V. Hills,2,high,1,,3,5,Sleep Herb,1,
15,V. Hills,2,high,1,,3,5,Sap Plant,1,
5,V. Hills,2,high,1,,3,5,Felvine,1,
75,V. Hills,2,high,2,,3,5,Paintberry,1,
25,V. Hills,2,high,2,,3,5,Kut-Ku Scale,1,
95,V. Hills,2,high,3,,1,1,Honey,1,
5,V. Hills,2,high,3,,1,1,Insect Husk,1,
100,V. Hills,2,high,4,,2,3,Burned Husk,1,
35,V. Hills,2,high,5,80,3,5,Needleberry,1,
25,V. Hills,2,high,5,80,3,5,Huskberry,1,
25,V. Hills,2,high,5,80,3,5,Paintberry,1,
15,V. Hills,2,high,5,80,3,5,Scatternut,1,
65,V. Hills,2,high,6,20,3,5,Scatternut,1,
30,V. Hills,2,high,6,20,3,5,Might Seed,1,
5,V. Hills,2,high,6,20,3,5,Kut-Ku Scale,1,
25,V. Hills,2,high,7,20,4,6,Herb,2,
25,V. Hills,2,high,7,20,4,6,Sap Plant,1,
20,V. Hills,2,high,7,20,4,6,Sleep Herb,1,
15,V. Hills,2,high,7,20,4,6,Herb,1,
15,V. Hills,2,high,7,20,4,6,Gloamgrass Root,1,
45,V. Hills,2,high,8,80,3,5,Antidote Herb,1,
25,V. Hills,2,high,8,80,3,5,Herb,1,
25,V. Hills,2,high,8,80,3,5,Ivy,1,
5,V. Hills,2,high,8,80,3,5,Felvine,1,
45,V. Hills,2,g,1,,3,5,Herb,1,
20,V. Hills,2,g,1,,3,5,Antidote Herb,1,
15,V. Hills,2,g,1,,3,5,Sleep Herb,1,
15,V. Hills,2,g,1,,3,5,Sap Plant,1,
5,V. Hills,2,g,1,,3,5,Felvine,1,
75,V. Hills,2,g,2,,3,5,Paintberry,1,
25,V. Hills,2,g,2,,3,5,Kut-Ku Scale,1,
95,V. Hills,2,g,3,,1,1,Honey,1,
5,V. Hills,2,g,3,,1,1,Insect Husk,1,
100,V. Hills,2,g,4,,2,3,Burned Husk,1,
35,V. Hills,2,g,5,80,3,5,Needleberry,1,
25,V. Hills,2,g,5,80,3,5,Huskberry,1,
25,V. Hills,2,g,5,80,3,5,Paintberry,1,
15,V. Hills,2,g,5,80,3,5,Scatternut,1,
65,V. Hills,2,g,6,20,3,5,Scatternut,1,
30,V. Hills,2,g,6,20,3,5,Might Seed,1,
5,V. Hills,2,g,6,20,3,5,Kut-Ku Scale,1,
25,V. Hills,2,g,7,20,4,6,Herb,2,
25,V. Hills,2,g,7,20,4,6,Sap Plant,1,
20,V. Hills,2,g,7,20,4,6,Sleep Herb,1,
15,V. Hills,2,g,7,20,4,6,Herb,1,
15,V. Hills,2,g,7,20,4,6,Gloamgrass Root,1,
45,V. Hills,2,g,8,80,3,5,Antidote Herb,1,
25,V. Hills,2,g,8,80,3,5,Herb,1,
25,V. Hills,2,g,8,80,3,5,Ivy,1,
5,V. Hills,2,g,8,80,3,5,Felvine,1,
60,V. Hills,3,low,1,,4,6,Nitroshroom,1,
30,V. Hills,3,low,1,,4,6,Unique Mushroom,1,
10,V. Hills,3,low,1,,4,6,Unique Mushroom,2,
75,V. Hills,3,low,2,,3,5,Thunder Ambrosia,1,
10,V. Hills,3,low,2,,3,5,Speed Jelly,1,
10,V. Hills,3,low,2,,3,5,Thunder Ambrosia,2,
5,V. Hills,3,low,2,,3,5,Larval Extract,1,
95,V. Hills,3,low,3,,1,1,Honey,1,
5,V. Hills,3,low,3,,1,1,Insect Husk,1,
45,V. Hills,3,low,4,70,3,5,Antidote Herb,1,
25,V. Hills,3,low,4,70,3,5,Herb,1,
25,V. Hills,3,low,4,70,3,5,Ivy,1,
5,V. Hills,3,low,4,70,3,5,Felvine,1,
25,V. Hills,3,low,5,30,4,6,Herb,2,
25,V. Hills,3,low,5,30,4,6,Sap Plant,1,
20,V. Hills,3,low,5,30,4,6,Sleep Herb,1,
15,V. Hills,3,low,5,30,4,6,Herb,1,
15,V. Hills,3,low,5,30,4,6,Gloamgrass Root,1,
35,V. Hills,3,low,6,80,3,5,Needleberry,1,
25,V. Hills,3,low,6,80,3,5,Huskberry,1,
25,V. Hills,3,low,6,80,3,5,Paintberry,1,
15,V. Hills,3,low,6,80,3,5,Scatternut,1,
65,V. Hills,3,low,7,20,3,5,Scatternut,1,
30,V. Hills,3,low,7,20,3,5,Might Seed,1,
5,V. Hills,3,low,7,20,3,5,Kut-Ku Scale,1,
70,V. Hills,3,high,1,,4,6,Nitroshroom,1,
15,V. Hills,3,high,1,,4,6,Unique Mushroom,2,
15,V. Hills,3,high,1,,4,6,Choice Mushroom,1,
60,V. Hills,3,high,2,,3,5,Thunder Ambrosia,1,
10,V. Hills,3,high,2,,3,5,Larval Extract,1,
10,V. Hills,3,high,2,,3,5,Paralarval Extract,1,
10,V. Hills,3,high,2,,3,5,Speed Jelly,1,
10,V. Hills,3,high,2,,3,5,Thunder Ambrosia,2,
95,V. Hills,3,high,3,,1,1,Honey,1,
5,V. Hills,3,high,3,,1,1,Insect Husk,1,
100,V. Hills,3,high,4,,2,3,Burned Husk,1,
45,V. Hills,3,high,5,70,3,5,Antidote Herb,1,
25,V. Hills,3,high,5,70,3,5,Herb,1,
25,V. Hills,3,high,5,70,3,5,Ivy,1,
5,V. Hills,3,high,5,70,3,5,Felvine,1,
25,V. Hills,3,high,6,30,4,6,Herb,2,
25,V. Hills,3,high,6,30,4,6,Sap Plant,1,
20,V. Hills,3,high,6,30,4,6,Sleep Herb,1,
15,V. Hills,3,high,6,30,4,6,Herb,1,
15,V. Hills,3,high,6,30,4,6,Gloamgrass Root,1,
35,V. Hills,3,high,7,80,3,5,Needleberry,1,
25,V. Hills,3,high,7,80,3,5,Huskberry,1,
25,V. Hills,3,high,7,80,3,5,Paintberry,1,
15,V. Hills,3,high,7,80,3,5,Scatternut,1,
65,V. Hills,3,high,8,20,3,5,Scatternut,1,
30,V. Hills,3,high,8,20,3,5,Might Seed,1,
5,V. Hills,3,high,8,20,3,5,Kut-Ku Scale,1,
70,V. Hills,3,g,1,,4,6,Nitroshroom,1,
15,V. Hills,3,g,1,,4,6,Unique Mushroom,2,
15,V. Hills,3,g,1,,4,6,Choice Mushroom,1,
50,V. Hills,3,g,2,,3,5,Thunder Ambrosia,1,
15,V. Hills,3,g,2,,3,5,Larval Extract,1,
15,V. Hills,3,g,2,,3,5,Paralarval Extract,1,
10,V. Hills,3,g,2,,3,5,Speed Jelly,1,
10,V. Hills,3,g,2,,3,5,Thunder Ambrosia,2,
95,V. Hills,3,g,3,,1,1,Honey,1,
5,V. Hills,3,g,3,,1,1,Insect Husk,1,
100,V. Hills,3,g,4,,2,3,Burned Husk,1,
45,V. Hills,3,g,5,70,3,5,Antidote Herb,1,
25,V. Hills,3,g,5,70,3,5,Herb,1,
25,V. Hills,3,g,5,70,3,5,Ivy,1,
5,V. Hills,3,g,5,70,3,5,Felvine,1,
25,V. Hills,3,g,6,30,4,6,Herb,2,
25,V. Hills,3,g,6,30,4,6,Sap Plant,1,
20,V. Hills,3,g,6,30,4,6,Sleep Herb,1,
15,V. Hills,3,g,6,30,4,6,Herb,1,
15,V. Hills,3,g,6,30,4,6,Gloamgrass Root,1,
35,V. Hills,3,g,7,80,3,5,Needleberry,1,
25,V. Hills,3,g,7,80,3,5,Huskberry,1,
25,V. Hills,3,g,7,80,3,5,Paintberry,1,
15,V. Hills,3,g,7,80,3,5,Scatternut,1,
65,V. Hills,3,g,8,20,3,5,Scatternut,1,
30,V. Hills,3,g,8,20,3,5,Might Seed,1,
5,V. Hills,3,g,8,20,3,5,Kut-Ku Scale,1,
40,V. Hills,4,low,1,,3,5,Huskberry,2,
25,V. Hills,4,low,1,,3,5,Needleberry,1,
20,V. Hills,4,low,1,,3,5,Huskberry,4,
15,V. Hills,4,low,1,,3,5,Needleberry,2,
95,V. Hills,4,low,2,,1,1,Honey,1,
5,V. Hills,4,low,2,,1,1,Insect Husk,1,
45,V. Hills,4,low,3,70,3,5,Antidote Herb,1,
25,V. Hills,4,low,3,70,3,5,Herb,1,
25,V. Hills,4,low,3,70,3,5,Ivy,1,
5,V. Hills,4,low,3,70,3,5,Felvine,1,
25,V. Hills,4,low,4,30,4,6,Herb,2,
25,V. Hills,4,low,4,30,4,6,Sap Plant,1,
20,V. Hills,4,low,4,30,4,6,Sleep Herb,1,
15,V. Hills,4,low,4,30,4,6,Herb,1,
15,V. Hills,4,low,4,30,4,6,Gloamgrass Root,1,
35,V. Hills,4,low,5,80,3,5,Needleberry,1,
25,V. Hills,4,low,5,80,3,5,Huskberry,1,
25,V. Hills,4,low,5,80,3,5,Paintberry,1,
15,V. Hills,4,low,5,80,3,5,Scatternut,1,
65,V. Hills,4,low,6,20,3,5,Scatternut,1,
30,V. Hills,4,low,6,20,3,5,Might Seed,1,
5,V. Hills,4,low,6,20,3,5,Kut-Ku Scale,1,
40,V. Hills,4,low,7,70,3,5,Blue Mushroom,1,
35,V. Hills,4,low,7,70,3,5,Unique Mushroom,1,
15,V. Hills,4,low,7,70,3,5,Nitroshroom,1,
10,V. Hills,4,low,7,70,3,5,Kut-Ku Scale,1,
40,V. Hills,4,low,8,30,3,5,Unique Mushroom,2,
25,V. Hills,4,low,8,30,3,5,Blue Mushroom,1,
20,V. Hills,4,low,8,30,3,5,Nitroshroom,1,
15,V. Hills,4,low,8,30,3,5,Unique Mushroom,1,
40,V. Hills,4,high,1,,3,5,Huskberry,2,
25,V. Hills,4,high,1,,3,5,Needleberry,1,
20,V. Hills,4,high,1,,3,5,Huskberry,4,
15,V. Hills,4,high,1,,3,5,Needleberry,2,
95,V. Hills,4,high,2,,1,1,Honey,1,
5,V. Hills,4,high,2,,1,1,Insect Husk,1,
100,V. Hills,4,high,3,,2,3,Burned Husk,1,
45,V. Hills,4,high,4,70,3,5,Antidote Herb,1,
25,V. Hills,4,high,4,70,3,5,Herb,1,
25,V. Hills,4,high,4,70,3,5,Ivy,1,
5,V. Hills,4,high,4,70,3,5,Felvine,1,
25,V. Hills,4,high,5,30,4,6,Herb,2,
25,V. Hills,4,high,5,30,4,6,Sap Plant,1,
20,V. Hills,4,high,5,30,4,6,Sleep Herb,1,
15,V. Hills,4,high,5,30,4,6,Herb,1,
15,V. Hills,4,high,5,30,4,6,Gloamgrass Root,1,
35,V. Hills,4,high,6,80,3,5,Needleberry,1,
25,V. Hills,4,high,6,80,3,5,Huskberry,1,
25,V. Hills,4,high,6,80,3,5,Paintberry,1,
15,V. Hills,4,high,6,80,3,5,Scatternut,1,
65,V. Hills,4,high,7,20,3,5,Scatternut,1,
30,V. Hills,4,high,7,20,3,5,Might Seed,1,
5,V. Hills,4,high,7,20,3,5,Kut-Ku Scale,1,
35,V. Hills,4,high,8,70,3,5,Unique Mushroom,1,
30,V. Hills,4,high,8,70,3,5,Blue Mushroom,1,
15,V. Hills,4,high,8,70,3,5,Nitroshroom,1,
10,V. Hills,4,high,8,70,3,5,Kut-Ku Scale,1,
10,V. Hills,4,high,8,70,3,5,Choice Mushroom,1,
30,V. Hills,4,high,9,30,3,5,Unique Mushroom,1,
20,V. Hills,4,high,9,30,3,5,Blue Mushroom,1,
20,V. Hills,4,high,9,30,3,5,Nitroshroom,1,
15,V. Hills,4,high,9,30,3,5,Unique Mushroom,2,
15,V. Hills,4,high,9,30,3,5,Choice Mushroom,1,
40,V. Hills,4,g,1,,3,5,Huskberry,2,
25,V. Hills,4,g,1,,3,5,Needleberry,1,
20,V. Hills,4,g,1,,3,5,Huskberry,4,
15,V. Hills,4,g,1,,3,5,Needleberry,2,
95,V. Hills,4,g,2,,1,1,Honey,1,
5,V. Hills,4,g,2,,1,1,Insect Husk,1,
100,V. Hills,4,g,3,,2,3,Burned Husk,1,
45,V. Hills,4,g,4,70,3,5,Antidote Herb,1,
25,V. Hills,4,g,4,70,3,5,Herb,1,
25,V. Hills,4,g,4,70,3,5,Ivy,1,
5,V. Hills,4,g,4,70,3,5,Felvine,1,
25,V. Hills,4,g,5,30,4,6,Herb,2,
25,V. Hills,4,g,5,30,4,6,Sap Plant,1,
20,V. Hills,4,g,5,30,4,6,Sleep Herb,1,
15,V. Hills,4,g,5,30,4,6,Herb,1,
15,V. Hills,4,g,5,30,4,6,Gloamgrass Root,1,
35,V. Hills,4,g,6,80,3,5,Needleberry,1,
25,V. Hills,4,g,6,80,3,5,Huskberry,1,
25,V. Hills,4,g,6,80,3,5,Paintberry,1,
15,V. Hills,4,g,6,80,3,5,Scatternut,1,
65,V. Hills,4,g,7,20,3,5,Scatternut,1,
30,V. Hills,4,g,7,20,3,5,Might Seed,1,
5,V. Hills,4,g,7,20,3,5,Kut-Ku Scale,1,
35,V. Hills,4,g,8,70,3,5,Unique Mushroom,1,
30,V. Hills,4,g,8,70,3,5,Blue Mushroom,1,
15,V. Hills,4,g,8,70,3,5,Nitroshroom,1,
10,V. Hills,4,g,8,70,3,5,Kut-Ku Scale,1,
10,V. Hills,4,g,8,70,3,5,Choice Mushroom,1,
30,V. Hills,4,g,9,30,3,5,Unique Mushroom,1,
20,V. Hills,4,g,9,30,3,5,Blue Mushroom,1,
20,V. Hills,4,g,9,30,3,5,Nitroshroom,1,
15,V. Hills,4,g,9,30,3,5,Unique Mushroom,2,
15,V. Hills,4,g,9,30,3,5,Choice Mushroom,1,
85,V. Hills,5,low,1,,,,Wyvern Egg,1,∞
15,V. Hills,5,low,1,,,,Mystery Bone,1,∞
60,V. Hills,5,low,2,,3,5,Dung,1,
20,V. Hills,5,low,2,,3,5,Dung,2,
10,V. Hills,5,low,2,,3,5,Insect Husk,1,
10,V. Hills,5,low,2,,3,5,Kut-Ku Scale,1,
30,V. Hills,5,low,3,,3,5,Iron Ore,1,
30,V. Hills,5,low,3,,3,5,Earth Crystal,1,
20,V. Hills,5,low,3,,3,5,Machalite Ore,1,
10,V. Hills,5,low,3,,3,5,Aquaglow Jewel,1,
5,V. Hills,5,low,3,,3,5,Stone,1,
5,V. Hills,5,low,3,,3,5,Auristone Piece,1,
30,V. Hills,5,low,4,70,3,5,Iron Ore,1,
30,V. Hills,5,low,4,70,3,5,Earth Crystal,1,
30,V. Hills,5,low,4,70,3,5,Disc Stone,1,
5,V. Hills,5,low,4,70,3,5,Aquaglow Jewel,1,
5,V. Hills,5,low,4,70,3,5,Auristone Piece,1,
40,V. Hills,5,low,5,30,3,5,Iron Ore,2,
25,V. Hills,5,low,5,30,3,5,Earth Crystal,1,
15,V. Hills,5,low,5,30,3,5,Aquaglow Jewel,1,
10,V. Hills,5,low,5,30,3,5,Machalite Ore,1,
10,V. Hills,5,low,5,30,3,5,Auristone Piece,1,
30,V. Hills,5,low,6,70,3,5,Iron Ore,1,
30,V. Hills,5,low,6,70,3,5,Earth Crystal,1,
30,V. Hills,5,low,6,70,3,5,Disc Stone,1,
5,V. Hills,5,low,6,70,3,5,Aquaglow Jewel,1,
5,V. Hills,5,low,6,70,3,5,Auristone Piece,1,
40,V. Hills,5,low,7,30,3,5,Iron Ore,2,
25,V. Hills,5,low,7,30,3,5,Earth Crystal,1,
15,V. Hills,5,low,7,30,3,5,Aquaglow Jewel,1,
10,V. Hills,5,low,7,30,3,5,Machalite Ore,1,
10,V. Hills,5,low,7,30,3,5,Auristone Piece,1,
95,V. Hills,5,low,8,80,3,5,Mystery Bone,1,
5,V. Hills,5,low,8,80,3,5,Unknown Skull,1,
45,V. Hills,5,low,9,20,3,5,Mystery Bone,1,
30,V. Hills,5,low,9,20,3,5,Unknown Skull,1,
25,V. Hills,5,low,9,20,3,5,Mystery Bone,2,
85,V. Hills,5,high,1,,,,Wyvern Egg,1,∞
15,V. Hills,5,high,1,,,,Mystery Bone,1,∞
60,V. Hills,5,high,2,,3,5,Dung,2,
20,V. Hills,5,high,2,,3,5,Dung,1,
10,V. Hills,5,high,2,,3,5,Insect Husk,1,
10,V. Hills,5,high,2,,3,5,Kut-Ku Scale,1,
19,V. Hills,5,high,3,,3,5,Mystery Charm,1,
14,V. Hills,5,high,3,,3,5,Iron Ore,1,
14,V. Hills,5,high,3,,3,5,Earth Crystal,1,
10,V. Hills,5,high,3,,3,5,Machalite Ore,1,
10,V. Hills,5,high,3,,3,5,Dragonite Ore,1,
10,V. Hills,5,high,3,,3,5,Carbalite Ore,1,
10,V. Hills,5,high,3,,3,5,Bloodrun Jewel,1,
5,V. Hills,5,high,3,,3,5,Shining Charm,1,
5,V. Hills,5,high,3,,3,5,Auristone Piece,1,
3,V. Hills,5,high,3,,3,5,Auristone Chunk,1,
20,V. Hills,5,high,4,70,3,5,Machalite Ore,1,
20,V. Hills,5,high,4,70,3,5,Dragonite Ore,1,
15,V. Hills,5,high,4,70,3,5,Iron Ore,1,
10,V. Hills,5,high,4,70,3,5,Earth Crystal,1,
8,V. Hills,5,high,4,70,3,5,Carbalite Ore,1,
8,V. Hills,5,high,4,70,3,5,Armor Sphere+,1,
7,V. Hills,5,high,4,70,3,5,Bloodrun Jewel,1,
7,V. Hills,5,high,4,70,3,5,Auristone Piece,1,
5,V. Hills,5,high,4,70,3,5,Auristone Chunk,1,
17,V. Hills,5,high,5,30,3,5,Carbalite Ore,1,
17,V. Hills,5,high,5,30,3,5,Bloodrun Jewel,1,
17,V. Hills,5,high,5,30,3,5,Armor Sphere+,1,
15,V. Hills,5,high,5,30,3,5,Auristone Piece,1,
14,V. Hills,5,high,5,30,3,5,Auristone Chunk,1,
10,V. Hills,5,high,5,30,3,5,Machalite Ore,1,
10,V. Hills,5,high,5,30,3,5,Dragonite Ore,1,
20,V. Hills,5,high,6,70,3,5,Machalite Ore,1,
20,V. Hills,5,high,6,70,3,5,Dragonite Ore,1,
15,V. Hills,5,high,6,70,3,5,Iron Ore,1,
10,V. Hills,5,high,6,70,3,5,Earth Crystal,1,
8,V. Hills,5,high,6,70,3,5,Carbalite Ore,1,
8,V. Hills,5,high,6,70,3,5,Armor Sphere+,1,
7,V. Hills,5,high,6,70,3,5,Bloodrun Jewel,1,
7,V. Hills,5,high,6,70,3,5,Auristone Piece,1,
5,V. Hills,5,high,6,70,3,5,Auristone Chunk,1,
17,V. Hills,5,high,7,30,3,5,Carbalite Ore,1,
17,V. Hills,5,high,7,30,3,5,Bloodrun Jewel,1,
17,V. Hills,5,high,7,30,3,5,Armor Sphere+,1,
15,V. Hills,5,high,7,30,3,5,Auristone Piece,1,
14,V. Hills,5,high,7,30,3,5,Auristone Chunk,1,
10,V. Hills,5,high,7,30,3,5,Machalite Ore,1,
10,V. Hills,5,high,7,30,3,5,Dragonite Ore,1,
95,V. Hills,5,high,8,80,3,5,Mystery Bone,1,
5,V. Hills,5,high,8,80,3,5,Unknown Skull,1,
45,V. Hills,5,high,9,20,3,5,Mystery Bone,1,
30,V. Hills,5,high,9,20,3,5,Unknown Skull,1,
25,V. Hills,5,high,9,20,3,5,Mystery Bone,2,
85,V. Hills,5,g,1,,,,Wyvern Egg,1,∞
15,V. Hills,5,g,1,,,,Mystery Bone,1,∞
60,V. Hills,5,g,2,,3,5,Dung,2,
20,V. Hills,5,g,2,,3,5,Dung,1,
10,V. Hills,5,g,2,,3,5,Insect Husk,1,
10,V. Hills,5,g,2,,3,5,Kut-Ku Scale,1,
25,V. Hills,5,g,3,,3,5,Carbalite Ore,1,
15,V. Hills,5,g,3,,3,5,Earth Crystal,3,
15,V. Hills,5,g,3,,3,5,Timeworn Charm,1,
10,V. Hills,5,g,3,,3,5,Dragonite Ore,2,
10,V. Hills,5,g,3,,3,5,Eltalite Ore,1,
10,V. Hills,5,g,3,,3,5,Adamant Orb,1,
10,V. Hills,5,g,3,,3,5,Auristone Piece,1,
5,V. Hills,5,g,3,,3,5,Auristone Chunk,1,
15,V. Hills,5,g,4,70,3,5,Eltalite Ore,1,
15,V. Hills,5,g,4,70,3,5,Fucium Ore,1,
15,V. Hills,5,g,4,70,3,5,Adamant Orb,1,
15,V. Hills,5,g,4,70,3,5,Hard Armor Sphere,1,
10,V. Hills,5,g,4,70,3,5,Earth Crystal,3,
10,V. Hills,5,g,4,70,3,5,Dragonite Ore,2,
10,V. Hills,5,g,4,70,3,5,Carbalite Ore,1,
5,V. Hills,5,g,4,70,3,5,Auristone Piece,1,
5,V. Hills,5,g,4,70,3,5,Auristone Chunk,1,
30,V. Hills,5,g,5,30,3,5,Eltalite Ore,1,
15,V. Hills,5,g,5,30,3,5,Fucium Ore,1,
15,V. Hills,5,g,5,30,3,5,Adamant Orb,1,
15,V. Hills,5,g,5,30,3,5,Hard Armor Sphere,1,
15,V. Hills,5,g,5,30,3,5,Auristone Chunk,1,
10,V. Hills,5,g,5,30,3,5,Carbalite Ore,1,
15,V. Hills,5,g,6,70,3,5,Eltalite Ore,1,
15,V. Hills,5,g,6,70,3,5,Fucium Ore,1,
15,V. Hills,5,g,6,70,3,5,Adamant Orb,1,
15,V. Hills,5,g,6,70,3,5,Hard Armor Sphere,1,
10,V. Hills,5,g,6,70,3,5,Earth Crystal,3,
10,V. Hills,5,g,6,70,3,5,Dragonite Ore,2,
10,V. Hills,5,g,6,70,3,5,Carbalite Ore,1,
5,V. Hills,5,g,6,70,3,5,Auristone Piece,1,
5,V. Hills,5,g,6,70,3,5,Auristone Chunk,1,
30,V. Hills,5,g,7,30,3,5,Eltalite Ore,1,
15,V. Hills,5,g,7,30,3,5,Fucium Ore,1,
15,V. Hills,5,g,7,30,3,5,Adamant Orb,1,
15,V. Hills,5,g,7,30,3,5,Hard Armor Sphere,1,
15,V. Hills,5,g,7,30,3,5,Auristone Chunk,1,
10,V. Hills,5,g,7,30,3,5,Carbalite Ore,1,
95,V. Hills,5,g,8,80,3,5,Mystery Bone,1,
5,V. Hills,5,g,8,80,3,5,Unknown Skull,1,
45,V. Hills,5,g,9,20,3,5,Mystery Bone,1,
30,V. Hills,5,g,9,20,3,5,Unknown Skull,1,
25,V. Hills,5,g,9,20,3,5,Mystery Bone,2,
40,V. Hills,6,low,1,,3,5,Iron Ore,1,
20,V. Hills,6,low,1,,3,5,Earth Crystal,1,
20,V. Hills,6,low,1,,3,5,Disc Stone,1,
10,V. Hills,6,low,1,,3,5,Auristone Piece,1,
5,V. Hills,6,low,1,,3,5,Stone,1,
5,V. Hills,6,low,1,,3,5,Aquaglow Jewel,1,
90,V. Hills,6,low,2,,3,5,Spider Web,1,
5,V. Hills,6,low,2,,3,5,Spider Web,2,
5,V. Hills,6,low,2,,3,5,Insect Husk,1,
60,V. Hills,6,low,3,,3,5,Ivy,1,
20,V. Hills,6,low,3,,3,5,Sleep Herb,1,
20,V. Hills,6,low,3,,3,5,Sap Plant,1,
95,V. Hills,6,low,4,,1,1,Honey,1,
5,V. Hills,6,low,4,,1,1,Insect Husk,1,
40,V. Hills,6,low,5,70,3,5,Blue Mushroom,1,
35,V. Hills,6,low,5,70,3,5,Unique Mushroom,1,
15,V. Hills,6,low,5,70,3,5,Nitroshroom,1,
10,V. Hills,6,low,5,70,3,5,Kut-Ku Scale,1,
40,V. Hills,6,low,6,30,3,5,Unique Mushroom,2,
25,V. Hills,6,low,6,30,3,5,Blue Mushroom,1,
20,V. Hills,6,low,6,30,3,5,Nitroshroom,1,
15,V. Hills,6,low,6,30,3,5,Unique Mushroom,1,
30,V. Hills,6,low,7,70,3,5,Iron Ore,1,
30,V. Hills,6,low,7,70,3,5,Earth Crystal,1,
30,V. Hills,6,low,7,70,3,5,Disc Stone,1,
5,V. Hills,6,low,7,70,3,5,Aquaglow Jewel,1,
5,V. Hills,6,low,7,70,3,5,Auristone Piece,1,
40,V. Hills,6,low,8,30,3,5,Iron Ore,2,
25,V. Hills,6,low,8,30,3,5,Earth Crystal,1,
15,V. Hills,6,low,8,30,3,5,Aquaglow Jewel,1,
10,V. Hills,6,low,8,30,3,5,Machalite Ore,1,
10,V. Hills,6,low,8,30,3,5,Auristone Piece,1,
45,V. Hills,6,low,9,70,3,5,Antidote Herb,1,
25,V. Hills,6,low,9,70,3,5,Herb,1,
25,V. Hills,6,low,9,70,3,5,Ivy,1,
5,V. Hills,6,low,9,70,3,5,Felvine,1,
25,V. Hills,6,low,10,30,4,6,Herb,2,
25,V. Hills,6,low,10,30,4,6,Sap Plant,1,
20,V. Hills,6,low,10,30,4,6,Sleep Herb,1,
15,V. Hills,6,low,10,30,4,6,Herb,1,
15,V. Hills,6,low,10,30,4,6,Gloamgrass Root,1,
18,V. Hills,6,high,1,,3,5,Iron Ore,1,
18,V. Hills,6,high,1,,3,5,Earth Crystal,1,
15,V. Hills,6,high,1,,3,5,Auristone Piece,1,
12,V. Hills,6,high,1,,3,5,Machalite Ore,1,
12,V. Hills,6,high,1,,3,5,Dragonite Ore,1,
10,V. Hills,6,high,1,,3,5,Disc Stone,1,
10,V. Hills,6,high,1,,3,5,Armor Sphere+,1,
5,V. Hills,6,high,1,,3,5,Auristone Chunk,1,
90,V. Hills,6,high,2,,3,5,Spider Web,1,
5,V. Hills,6,high,2,,3,5,Spider Web,2,
5,V. Hills,6,high,2,,3,5,Insect Husk,1,
60,V. Hills,6,high,3,,3,5,Ivy,1,
20,V. Hills,6,high,3,,3,5,Sleep Herb,1,
20,V. Hills,6,high,3,,3,5,Sap Plant,1,
95,V. Hills,6,high,4,,1,1,Honey,1,
5,V. Hills,6,high,4,,1,1,Insect Husk,1,
100,V. Hills,6,high,5,,2,3,Burned Husk,1,
35,V. Hills,6,high,6,70,3,5,Unique Mushroom,1,
30,V. Hills,6,high,6,70,3,5,Blue Mushroom,1,
15,V. Hills,6,high,6,70,3,5,Nitroshroom,1,
10,V. Hills,6,high,6,70,3,5,Kut-Ku Scale,1,
10,V. Hills,6,high,6,70,3,5,Choice Mushroom,1,
30,V. Hills,6,high,7,30,3,5,Unique Mushroom,1,
20,V. Hills,6,high,7,30,3,5,Blue Mushroom,1,
20,V. Hills,6,high,7,30,3,5,Nitroshroom,1,
15,V. Hills,6,high,7,30,3,5,Unique Mushroom,2,
15,V. Hills,6,high,7,30,3,5,Choice Mushroom,1,
20,V. Hills,6,high,8,70,3,5,Machalite Ore,1,
20,V. Hills,6,high,8,70,3,5,Dragonite Ore,1,
15,V. Hills,6,high,8,70,3,5,Iron Ore,1,
10,V. Hills,6,high,8,70,3,5,Earth Crystal,1,
8,V. Hills,6,high,8,70,3,5,Carbalite Ore,1,
8,V. Hills,6,high,8,70,3,5,Armor Sphere+,1,
7,V. Hills,6,high,8,70,3,5,Bloodrun Jewel,1,
7,V. Hills,6,high,8,70,3,5,Auristone Piece,1,
5,V. Hills,6,high,8,70,3,5,Auristone Chunk,1,
17,V. Hills,6,high,9,30,3,5,Carbalite Ore,1,
17,V. Hills,6,high,9,30,3,5,Bloodrun Jewel,1,
17,V. Hills,6,high,9,30,3,5,Armor Sphere+,1,
15,V. Hills,6,high,9,30,3,5,Auristone Piece,1,
14,V. Hills,6,high,9,30,3,5,Auristone Chunk,1,
10,V. Hills,6,high,9,30,3,5,Machalite Ore,1,
10,V. Hills,6,high,9,30,3,5,Dragonite Ore,1,
45,V. Hills,6,high,10,70,3,5,Antidote Herb,1,
25,V. Hills,6,high,10,70,3,5,Herb,1,
25,V. Hills,6,high,10,70,3,5,Ivy,1,
5,V. Hills,6,high,10,70,3,5,Felvine,1,
25,V. Hills,6,high,11,30,4,6,Herb,2,
25,V. Hills,6,high,11,30,4,6,Sap Plant,1,
20,V. Hills,6,high,11,30,4,6,Sleep Herb,1,
15,V. Hills,6,high,11,30,4,6,Herb,1,
15,V. Hills,6,high,11,30,4,6,Gloamgrass Root,1,
25,V. Hills,6,g,1,,3,5,Carbalite Ore,1,
15,V. Hills,6,g,1,,3,5,Fucium Ore,1,
15,V. Hills,6,g,1,,3,5,Hard Armor Sphere,1,
15,V. Hills,6,g,1,,3,5,Auristone Piece,1,
10,V. Hills,6,g,1,,3,5,Dragonite Ore,2,
10,V. Hills,6,g,1,,3,5,Eltalite Ore,1,
10,V. Hills,6,g,1,,3,5,Auristone Chunk,1,
90,V. Hills,6,g,2,,3,5,Spider Web,1,
5,V. Hills,6,g,2,,3,5,Spider Web,2,
5,V. Hills,6,g,2,,3,5,Insect Husk,1,
60,V. Hills,6,g,3,,3,5,Ivy,1,
20,V. Hills,6,g,3,,3,5,Sleep Herb,1,
20,V. Hills,6,g,3,,3,5,Sap Plant,1,
95,V. Hills,6,g,4,,1,1,Honey,1,
5,V. Hills,6,g,4,,1,1,Insect Husk,1,
100,V. Hills,6,g,5,,2,3,Burned Husk,1,
35,V. Hills,6,g,6,70,3,5,Unique Mushroom,1,
30,V. Hills,6,g,6,70,3,5,Blue Mushroom,1,
15,V. Hills,6,g,6,70,3,5,Nitroshroom,1,
10,V. Hills,6,g,6,70,3,5,Kut-Ku Scale,1,
10,V. Hills,6,g,6,70,3,5,Choice Mushroom,1,
30,V. Hills,6,g,7,30,3,5,Unique Mushroom,1,
20,V. Hills,6,g,7,30,3,5,Blue Mushroom,1,
20,V. Hills,6,g,7,30,3,5,Nitroshroom,1,
15,V. Hills,6,g,7,30,3,5,Unique Mushroom,2,
15,V. Hills,6,g,7,30,3,5,Choice Mushroom,1,
15,V. Hills,6,g,8,70,3,5,Eltalite Ore,1,
15,V. Hills,6,g,8,70,3,5,Fucium Ore,1,
15,V. Hills,6,g,8,70,3,5,Adamant Orb,1,
15,V. Hills,6,g,8,70,3,5,Hard Armor Sphere,1,
10,V. Hills,6,g,8,70,3,5,Earth Crystal,3,
10,V. Hills,6,g,8,70,3,5,Dragonite Ore,2,
10,V. Hills,6,g,8,70,3,5,Carbalite Ore,1,
5,V. Hills,6,g,8,70,3,5,Auristone Piece,1,
5,V. Hills,6,g,8,70,3,5,Auristone Chunk,1,
30,V. Hills,6,g,9,30,3,5,Eltalite Ore,1,
15,V. Hills,6,g,9,30,3,5,Fucium Ore,1,
15,V. Hills,6,g,9,30,3,5,Adamant Orb,1,
15,V. Hills,6,g,9,30,3,5,Hard Armor Sphere,1,
15,V. Hills,6,g,9,30,3,5,Auristone Chunk,1,
10,V. Hills,6,g,9,30,3,5,Carbalite Ore,1,
45,V. Hills,6,g,10,70,3,5,Antidote Herb,1,
25,V. Hills,6,g,10,70,3,5,Herb,1,
25,V. Hills,6,g,10,70,3,5,Ivy,1,
5,V. Hills,6,g,10,70,3,5,Felvine,1,
25,V. Hills,6,g,11,30,4,6,Herb,2,
25,V. Hills,6,g,11,30,4,6,Sap Plant,1,
20,V. Hills,6,g,11,30,4,6,Sleep Herb,1,
15,V. Hills,6,g,11,30,4,6,Herb,1,
15,V. Hills,6,g,11,30,4,6,Gloamgrass Root,1,
60,V. Hills,7,low,1,,3,5,Gloamgrass Root,1,
20,V. Hills,7,low,1,,3,5,Sleep Herb,1,
20,V. Hills,7,low,1,,3,5,Felvine,1,
75,V. Hills,7,low,2,,3,5,Thunder Ambrosia,1,
10,V. Hills,7,low,2,,3,5,Speed Jelly,1,
10,V. Hills,7,low,2,,3,5,Thunder Ambrosia,2,
5,V. Hills,7,low,2,,3,5,Larval Extract,1,
95,V. Hills,7,low,3,,3,5,Honey,1,
5,V. Hills,7,low,3,,3,5,Insect Husk,1,
40,V. Hills,7,low,4,30,3,5,Blue Mushroom,1,
35,V. Hills,7,low,4,30,3,5,Unique Mushroom,1,
15,V. Hills,7,low,4,30,3,5,Nitroshroom,1,
10,V. Hills,7,low,4,30,3,5,Kut-Ku Scale,1,
40,V. Hills,7,low,5,70,3,5,Unique Mushroom,2,
25,V. Hills,7,low,5,70,3,5,Blue Mushroom,1,
20,V. Hills,7,low,5,70,3,5,Nitroshroom,1,
15,V. Hills,7,low,5,70,3,5,Unique Mushroom,1,
60,V. Hills,7,high,1,,3,5,Gloamgrass Root,1,
20,V. Hills,7,high,1,,3,5,Sleep Herb,1,
20,V. Hills,7,high,1,,3,5,Felvine,1,
60,V. Hills,7,high,2,,3,5,Thunder Ambrosia,1,
10,V. Hills,7,high,2,,3,5,Larval Extract,1,
10,V. Hills,7,high,2,,3,5,Paralarval Extract,1,
10,V. Hills,7,high,2,,3,5,Speed Jelly,1,
10,V. Hills,7,high,2,,3,5,Thunder Ambrosia,2,
95,V. Hills,7,high,3,,3,5,Honey,1,
5,V. Hills,7,high,3,,3,5,Insect Husk,1,
35,V. Hills,7,high,4,30,3,5,Unique Mushroom,1,
30,V. Hills,7,high,4,30,3,5,Blue Mushroom,1,
15,V. Hills,7,high,4,30,3,5,Nitroshroom,1,
10,V. Hills,7,high,4,30,3,5,Kut-Ku Scale,1,
10,V. Hills,7,high,4,30,3,5,Choice Mushroom,1,
30,V. Hills,7,high,5,70,3,5,Unique Mushroom,1,
20,V. Hills,7,high,5,70,3,5,Blue Mushroom,1,
20,V. Hills,7,high,5,70,3,5,Nitroshroom,1,
15,V. Hills,7,high,5,70,3,5,Unique Mushroom,2,
15,V. Hills,7,high,5,70,3,5,Choice Mushroom,1,
60,V. Hills,7,g,1,,3,5,Gloamgrass Root,1,
20,V. Hills,7,g,1,,3,5,Sleep Herb,1,
20,V. Hills,7,g,1,,3,5,Felvine,1,
50,V. Hills,7,g,2,,3,5,Thunder Ambrosia,1,
15,V. Hills,7,g,2,,3,5,Larval Extract,1,
15,V. Hills,7,g,2,,3,5,Paralarval Extract,1,
10,V. Hills,7,g,2,,3,5,Speed Jelly,1,
10,V. Hills,7,g,2,,3,5,Thunder Ambrosia,2,
95,V. Hills,7,g,3,,3,5,Honey,1,
5,V. Hills,7,g,3,,3,5,Insect Husk,1,
35,V. Hills,7,g,4,30,3,5,Unique Mushroom,1,
30,V. Hills,7,g,4,30,3,5,Blue Mushroom,1,
15,V. Hills,7,g,4,30,3,5,Nitroshroom,1,
10,V. Hills,7,g,4,30,3,5,Kut-Ku Scale,1,
10,V. Hills,7,g,4,30,3,5,Choice Mushroom,1,
30,V. Hills,7,g,5,70,3,5,Unique Mushroom,1,
20,V. Hills,7,g,5,70,3,5,Blue Mushroom,1,
20,V. Hills,7,g,5,70,3,5,Nitroshroom,1,
15,V. Hills,7,g,5,70,3,5,Unique Mushroom,2,
15,V. Hills,7,g,5,70,3,5,Choice Mushroom,1,
65,V. Hills,8,low,1,,3,5,Blue Mushroom,1,
20,V. Hills,8,low,1,,3,5,Unique Mushroom,1,
8,V. Hills,8,low,1,,3,5,Blue Mushroom,2,
7,V. Hills,8,low,1,,3,5,Unique Mushroom,2,
85,V. Hills,8,low,2,,3,5,Mystery Bone,1,
8,V. Hills,8,low,2,,3,5,Kut-Ku Scale,1,
7,V. Hills,8,low,2,,3,5,Unknown Skull,1,
45,V. Hills,8,low,3,60,3,5,Antidote Herb,1,
25,V. Hills,8,low,3,60,3,5,Herb,1,
25,V. Hills,8,low,3,60,3,5,Ivy,1,
5,V. Hills,8,low,3,60,3,5,Felvine,1,
25,V. Hills,8,low,4,40,4,6,Herb,2,
25,V. Hills,8,low,4,40,4,6,Sap Plant,1,
20,V. Hills,8,low,4,40,4,6,Sleep Herb,1,
15,V. Hills,8,low,4,40,4,6,Herb,1,
15,V. Hills,8,low,4,40,4,6,Gloamgrass Root,1,
40,V. Hills,8,low,5,70,3,5,Blue Mushroom,1,
35,V. Hills,8,low,5,70,3,5,Unique Mushroom,1,
15,V. Hills,8,low,5,70,3,5,Nitroshroom,1,
10,V. Hills,8,low,5,70,3,5,Kut-Ku Scale,1,
40,V. Hills,8,low,6,30,3,5,Unique Mushroom,2,
25,V. Hills,8,low,6,30,3,5,Blue Mushroom,1,
20,V. Hills,8,low,6,30,3,5,Nitroshroom,1,
15,V. Hills,8,low,6,30,3,5,Unique Mushroom,1,
25,V. Hills,8,low,7,60,4,6,Bitterbug,1,
25,V. Hills,8,low,7,60,4,6,Royal Rhino,1,
20,V. Hills,8,low,7,60,4,6,Thunderbug,1,
15,V. Hills,8,low,7,60,4,6,Flashbug,1,
15,V. Hills,8,low,7,60,4,6,Shiny Beetle,1,
35,V. Hills,8,low,8,40,4,6,Godbug,1,
30,V. Hills,8,low,8,40,4,6,Shiny Beetle,1,
20,V. Hills,8,low,8,40,4,6,Carpenterbug,1,
15,V. Hills,8,low,8,40,4,6,Thunderbug,1,
55,V. Hills,8,high,1,,3,5,Blue Mushroom,1,
20,V. Hills,8,high,1,,3,5,Unique Mushroom,1,
15,V. Hills,8,high,1,,3,5,Choice Mushroom,1,
10,V. Hills,8,high,1,,3,5,Blue Mushroom,2,
85,V. Hills,8,high,2,,3,5,Mystery Bone,1,
8,V. Hills,8,high,2,,3,5,Kut-Ku Scale,1,
7,V. Hills,8,high,2,,3,5,Unknown Skull,1,
45,V. Hills,8,high,3,60,3,5,Antidote Herb,1,
25,V. Hills,8,high,3,60,3,5,Herb,1,
25,V. Hills,8,high,3,60,3,5,Ivy,1,
5,V. Hills,8,high,3,60,3,5,Felvine,1,
25,V. Hills,8,high,4,40,4,6,Herb,2,
25,V. Hills,8,high,4,40,4,6,Sap Plant,1,
20,V. Hills,8,high,4,40,4,6,Sleep Herb,1,
15,V. Hills,8,high,4,40,4,6,Herb,1,
15,V. Hills,8,high,4,40,4,6,Gloamgrass Root,1,
35,V. Hills,8,high,5,70,3,5,Unique Mushroom,1,
30,V. Hills,8,high,5,70,3,5,Blue Mushroom,1,
15,V. Hills,8,high,5,70,3,5,Nitroshroom,1,
10,V. Hills,8,high,5,70,3,5,Kut-Ku Scale,1,
10,V. Hills,8,high,5,70,3,5,Choice Mushroom,1,
30,V. Hills,8,high,6,30,3,5,Unique Mushroom,1,
20,V. Hills,8,high,6,30,3,5,Blue Mushroom,1,
20,V. Hills,8,high,6,30,3,5,Nitroshroom,1,
15,V. Hills,8,high,6,30,3,5,Unique Mushroom,2,
15,V. Hills,8,high,6,30,3,5,Choice Mushroom,1,
20,V. Hills,8,high,7,60,4,6,Shiny Beetle,1,
20,V. Hills,8,high,7,60,4,6,Hercudrome,1,
15,V. Hills,8,high,7,60,4,6,Thunderbug,1,
15,V. Hills,8,high,7,60,4,6,King Scarab,1,
10,V. Hills,8,high,7,60,4,6,Bitterbug,1,
10,V. Hills,8,high,7,60,4,6,Flashbug,1,
10,V. Hills,8,high,7,60,4,6,Royal Rhino,1,
30,V. Hills,8,high,8,40,4,6,Shiny Beetle,1,
20,V. Hills,8,high,8,40,4,6,Hercudrome,1,
20,V. Hills,8,high,8,40,4,6,King Scarab,1,
10,V. Hills,8,high,8,40,4,6,Carpenterbug,1,
10,V. Hills,8,high,8,40,4,6,Divine Rhino,1,
5,V. Hills,8,high,8,40,4,6,Godbug,1,
5,V. Hills,8,high,8,40,4,6,Thunderbug,1,
55,V. Hills,8,g,1,,3,5,Blue Mushroom,1,
20,V. Hills,8,g,1,,3,5,Unique Mushroom,1,
15,V. Hills,8,g,1,,3,5,Choice Mushroom,1,
10,V. Hills,8,g,1,,3,5,Blue Mushroom,2,
85,V. Hills,8,g,2,,3,5,Mystery Bone,1,
8,V. Hills,8,g,2,,3,5,Kut-Ku Scale,1,
7,V. Hills,8,g,2,,3,5,Unknown Skull,1,
45,V. Hills,8,g,3,60,3,5,Antidote Herb,1,
25,V. Hills,8,g,3,60,3,5,Herb,1,
25,V. Hills,8,g,3,60,3,5,Ivy,1,
5,V. Hills,8,g,3,60,3,5,Felvine,1,
25,V. Hills,8,g,4,40,4,6,Herb,2,
25,V. Hills,8,g,4,40,4,6,Sap Plant,1,
20,V. Hills,8,g,4,40,4,6,Sleep Herb,1,
15,V. Hills,8,g,4,40,4,6,Herb,1,
15,V. Hills,8,g,4,40,4,6,Gloamgrass Root,1,
35,V. Hills,8,g,5,70,3,5,Unique Mushroom,1,
30,V. Hills,8,g,5,70,3,5,Blue Mushroom,1,
15,V. Hills,8,g,5,70,3,5,Nitroshroom,1,
10,V. Hills,8,g,5,70,3,5,Kut-Ku Scale,1,
10,V. Hills,8,g,5,70,3,5,Choice Mushroom,1,
30,V. Hills,8,g,6,30,3,5,Unique Mushroom,1,
20,V. Hills,8,g,6,30,3,5,Blue Mushroom,1,
20,V. Hills,8,g,6,30,3,5,Nitroshroom,1,
15,V. Hills,8,g,6,30,3,5,Unique Mushroom,2,
15,V. Hills,8,g,6,30,3,5,Choice Mushroom,1,
25,V. Hills,8,g,7,60,4,6,Shiny Beetle,2,
25,V. Hills,8,g,7,60,4,6,Hercudrome,2,
20,V. Hills,8,g,7,60,4,6,King Scarab,1,
15,V. Hills,8,g,7,60,4,6,Emperor Hopper,1,
15,V. Hills,8,g,7,60,4,6,Royal Rhino,1,
35,V. Hills,8,g,8,40,4,6,King Scarab,1,
30,V. Hills,8,g,8,40,4,6,Emperor Hopper,1,
25,V. Hills,8,g,8,40,4,6,Divine Rhino,1,
10,V. Hills,8,g,8,40,4,6,Royal Rhino,1,
45,V. Hills,9,low,1,,4,6,Godbug,1,
20,V. Hills,9,low,1,,4,6,Royal Rhino,1,
15,V. Hills,9,low,1,,4,6,Carpenterbug,1,
10,V. Hills,9,low,1,,4,6,Flashbug,1,
10,V. Hills,9,low,1,,4,6,Shiny Beetle,1,
95,V. Hills,9,low,2,,3,5,Honey,1,
5,V. Hills,9,low,2,,3,5,Insect Husk,1,
45,V. Hills,9,low,3,70,3,5,Antidote Herb,1,
25,V. Hills,9,low,3,70,3,5,Herb,1,
25,V. Hills,9,low,3,70,3,5,Ivy,1,
5,V. Hills,9,low,3,70,3,5,Felvine,1,
25,V. Hills,9,low,4,30,4,6,Herb,2,
25,V. Hills,9,low,4,30,4,6,Sap Plant,1,
20,V. Hills,9,low,4,30,4,6,Sleep Herb,1,
15,V. Hills,9,low,4,30,4,6,Herb,1,
15,V. Hills,9,low,4,30,4,6,Gloamgrass Root,1,
40,V. Hills,9,low,5,70,3,5,Blue Mushroom,1,
35,V. Hills,9,low,5,70,3,5,Unique Mushroom,1,
15,V. Hills,9,low,5,70,3,5,Nitroshroom,1,
10,V. Hills,9,low,5,70,3,5,Kut-Ku Scale,1,
40,V. Hills,9,low,6,30,3,5,Unique Mushroom,2,
25,V. Hills,9,low,6,30,3,5,Blue Mushroom,1,
20,V. Hills,9,low,6,30,3,5,Nitroshroom,1,
15,V. Hills,9,low,6,30,3,5,Unique Mushroom,1,
30,V. Hills,9,low,7,70,3,5,Iron Ore,1,
30,V. Hills,9,low,7,70,3,5,Earth Crystal,1,
30,V. Hills,9,low,7,70,3,5,Disc Stone,1,
5,V. Hills,9,low,7,70,3,5,Aquaglow Jewel,1,
5,V. Hills,9,low,7,70,3,5,Auristone Piece,1,
40,V. Hills,9,low,8,30,3,5,Iron Ore,2,
25,V. Hills,9,low,8,30,3,5,Earth Crystal,1,
15,V. Hills,9,low,8,30,3,5,Aquaglow Jewel,1,
10,V. Hills,9,low,8,30,3,5,Machalite Ore,1,
10,V. Hills,9,low,8,30,3,5,Auristone Piece,1,
90,V. Hills,9,low,9,80,3,5,Honey,1,
10,V. Hills,9,low,9,80,3,5,Insect Husk,1,
70,V. Hills,9,low,10,20,4,6,Honey,1,
25,V. Hills,9,low,10,20,4,6,Honey,2,
5,V. Hills,9,low,10,20,4,6,Insect Husk,1,
25,V. Hills,9,high,1,,4,6,Godbug,1,
25,V. Hills,9,high,1,,4,6,Shiny Beetle,1,
15,V. Hills,9,high,1,,4,6,Hercudrome,1,
10,V. Hills,9,high,1,,4,6,King Scarab,1,
10,V. Hills,9,high,1,,4,6,Royal Rhino,1,
10,V. Hills,9,high,1,,4,6,Divine Rhino,1,
5,V. Hills,9,high,1,,4,6,Carpenterbug,1,
95,V. Hills,9,high,2,,3,5,Honey,1,
5,V. Hills,9,high,2,,3,5,Insect Husk,1,
45,V. Hills,9,high,3,70,3,5,Antidote Herb,1,
25,V. Hills,9,high,3,70,3,5,Herb,1,
25,V. Hills,9,high,3,70,3,5,Ivy,1,
5,V. Hills,9,high,3,70,3,5,Felvine,1,
25,V. Hills,9,high,4,30,4,6,Herb,2,
25,V. Hills,9,high,4,30,4,6,Sap Plant,1,
20,V. Hills,9,high,4,30,4,6,Sleep Herb,1,
15,V. Hills,9,high,4,30,4,6,Herb,1,
15,V. Hills,9,high,4,30,4,6,Gloamgrass Root,1,
35,V. Hills,9,high,5,70,3,5,Unique Mushroom,1,
30,V. Hills,9,high,5,70,3,5,Blue Mushroom,1,
15,V. Hills,9,high,5,70,3,5,Nitroshroom,1,
10,V. Hills,9,high,5,70,3,5,Kut-Ku Scale,1,
10,V. Hills,9,high,5,70,3,5,Choice Mushroom,1,
30,V. Hills,9,high,6,30,3,5,Unique Mushroom,1,
20,V. Hills,9,high,6,30,3,5,Blue Mushroom,1,
20,V. Hills,9,high,6,30,3,5,Nitroshroom,1,
15,V. Hills,9,high,6,30,3,5,Unique Mushroom,2,
15,V. Hills,9,high,6,30,3,5,Choice Mushroom,1,
20,V. Hills,9,high,7,70,3,5,Machalite Ore,1,
20,V. Hills,9,high,7,70,3,5,Dragonite Ore,1,
15,V. Hills,9,high,7,70,3,5,Iron Ore,1,
10,V. Hills,9,high,7,70,3,5,Earth Crystal,1,
8,V. Hills,9,high,7,70,3,5,Carbalite Ore,1,
8,V. Hills,9,high,7,70,3,5,Armor Sphere+,1,
7,V. Hills,9,high,7,70,3,5,Bloodrun Jewel,1,
7,V. Hills,9,high,7,70,3,5,Auristone Piece,1,
5,V. Hills,9,high,7,70,3,5,Auristone Chunk,1,
17,V. Hills,9,high,8,30,3,5,Carbalite Ore,1,
17,V. Hills,9,high,8,30,3,5,Bloodrun Jewel,1,
17,V. Hills,9,high,8,30,3,5,Armor Sphere+,1,
15,V. Hills,9,high,8,30,3,5,Auristone Piece,1,
14,V. Hills,9,high,8,30,3,5,Auristone Chunk,1,
10,V. Hills,9,high,8,30,3,5,Machalite Ore,1,
10,V. Hills,9,high,8,30,3,5,Dragonite Ore,1,
90,V. Hills,9,high,9,80,3,5,Honey,1,
10,V. Hills,9,high,9,80,3,5,Insect Husk,1,
70,V. Hills,9,high,10,20,4,6,Honey,1,
25,V. Hills,9,high,10,20,4,6,Honey,2,
5,V. Hills,9,high,10,20,4,6,Insect Husk,1,
30,V. Hills,9,g,1,,4,6,Shiny Beetle,2,
20,V. Hills,9,g,1,,4,6,Hercudrome,1,
15,V. Hills,9,g,1,,4,6,King Scarab,1,
15,V. Hills,9,g,1,,4,6,Royal Rhino,1,
15,V. Hills,9,g,1,,4,6,Divine Rhino,1,
5,V. Hills,9,g,1,,4,6,Godbug,2,
95,V. Hills,9,g,2,,3,5,Honey,1,
5,V. Hills,9,g,2,,3,5,Insect Husk,1,
45,V. Hills,9,g,3,70,3,5,Antidote Herb,1,
25,V. Hills,9,g,3,70,3,5,Herb,1,
25,V. Hills,9,g,3,70,3,5,Ivy,1,
5,V. Hills,9,g,3,70,3,5,Felvine,1,
25,V. Hills,9,g,4,30,4,6,Herb,2,
25,V. Hills,9,g,4,30,4,6,Sap Plant,1,
20,V. Hills,9,g,4,30,4,6,Sleep Herb,1,
15,V. Hills,9,g,4,30,4,6,Herb,1,
15,V. Hills,9,g,4,30,4,6,Gloamgrass Root,1,
35,V. Hills,9,g,5,70,3,5,Unique Mushroom,1,
30,V. Hills,9,g,5,70,3,5,Blue Mushroom,1,
15,V. Hills,9,g,5,70,3,5,Nitroshroom,1,
10,V. Hills,9,g,5,70,3,5,Kut-Ku Scale,1,
10,V. Hills,9,g,5,70,3,5,Choice Mushroom,1,
30,V. Hills,9,g,6,30,3,5,Unique Mushroom,1,
20,V. Hills,9,g,6,30,3,5,Blue Mushroom,1,
20,V. Hills,9,g,6,30,3,5,Nitroshroom,1,
15,V. Hills,9,g,6,30,3,5,Unique Mushroom,2,
15,V. Hills,9,g,6,30,3,5,Choice Mushroom,1,
15,V. Hills,9,g,7,70,3,5,Eltalite Ore,1,
15,V. Hills,9,g,7,70,3,5,Fucium Ore,1,
15,V. Hills,9,g,7,70,3,5,Adamant Orb,1,
15,V. Hills,9,g,7,70,3,5,Hard Armor Sphere,1,
10,V. Hills,9,g,7,70,3,5,Earth Crystal,3,
10,V. Hills,9,g,7,70,3,5,Dragonite Ore,2,
10,V. Hills,9,g,7,70,3,5,Carbalite Ore,1,
5,V. Hills,9,g,7,70,3,5,Auristone Piece,1,
5,V. Hills,9,g,7,70,3,5,Auristone Chunk,1,
30,V. Hills,9,g,8,30,3,5,Eltalite Ore,1,
15,V. Hills,9,g,8,30,3,5,Fucium Ore,1,
15,V. Hills,9,g,8,30,3,5,Adamant Orb,1,
15,V. Hills,9,g,8,30,3,5,Hard Armor Sphere,1,
15,V. Hills,9,g,8,30,3,5,Auristone Chunk,1,
10,V. Hills,9,g,8,30,3,5,Carbalite Ore,1,
90,V. Hills,9,g,9,80,3,5,Honey,1,
10,V. Hills,9,g,9,80,3,5,Insect Husk,1,
70,V. Hills,9,g,10,20,4,6,Honey,1,
25,V. Hills,9,g,10,20,4,6,Honey,2,
5,V. Hills,9,g,10,20,4,6,Insect Husk,1,
65,V. Hills,10,low,1,,3,5,Blue Mushroom,1,
20,V. Hills,10,low,1,,3,5,Unique Mushroom,1,
8,V. Hills,10,low,1,,3,5,Blue Mushroom,2,
7,V. Hills,10,low,1,,3,5,Unique Mushroom,2,
35,V. Hills,10,low,2,80,3,5,Needleberry,1,
25,V. Hills,10,low,2,80,3,5,Huskberry,1,
25,V. Hills,10,low,2,80,3,5,Paintberry,1,
15,V. Hills,10,low,2,80,3,5,Scatternut,1,
65,V. Hills,10,low,3,20,3,5,Scatternut,1,
30,V. Hills,10,low,3,20,3,5,Might Seed,1,
5,V. Hills,10,low,3,20,3,5,Kut-Ku Scale,1,
45,V. Hills,10,low,4,70,3,5,Antidote Herb,1,
25,V. Hills,10,low,4,70,3,5,Herb,1,
25,V. Hills,10,low,4,70,3,5,Ivy,1,
5,V. Hills,10,low,4,70,3,5,Felvine,1,
25,V. Hills,10,low,5,30,4,6,Herb,2,
25,V. Hills,10,low,5,30,4,6,Sap Plant,1,
20,V. Hills,10,low,5,30,4,6,Sleep Herb,1,
15,V. Hills,10,low,5,30,4,6,Herb,1,
15,V. Hills,10,low,5,30,4,6,Gloamgrass Root,1,
80,V. Hills,10,low,6,80,3,5,Thunder Ambrosia,1,
20,V. Hills,10,low,6,80,3,5,Speed Jelly,1,
35,V. Hills,10,low,7,20,3,5,Thunder Ambrosia,1,
25,V. Hills,10,low,7,20,3,5,Larval Extract,1,
25,V. Hills,10,low,7,20,3,5,Speed Jelly,1,
15,V. Hills,10,low,7,20,3,5,Thunder Ambrosia,2,
55,V. Hills,10,high,1,,3,5,Blue Mushroom,1,
20,V. Hills,10,high,1,,3,5,Unique Mushroom,1,
15,V. Hills,10,high,1,,3,5,Choice Mushroom,1,
10,V. Hills,10,high,1,,3,5,Blue Mushroom,2,
35,V. Hills,10,high,2,80,3,5,Needleberry,1,
25,V. Hills,10,high,2,80,3,5,Huskberry,1,
25,V. Hills,10,high,2,80,3,5,Paintberry,1,
15,V. Hills,10,high,2,80,3,5,Scatternut,1,
65,V. Hills,10,high,3,20,3,5,Scatternut,1,
30,V. Hills,10,high,3,20,3,5,Might Seed,1,
5,V. Hills,10,high,3,20,3,5,Kut-Ku Scale,1,
45,V. Hills,10,high,4,70,3,5,Antidote Herb,1,
25,V. Hills,10,high,4,70,3,5,Herb,1,
25,V. Hills,10,high,4,70,3,5,Ivy,1,
5,V. Hills,10,high,4,70,3,5,Felvine,1,
25,V. Hills,10,high,5,30,4,6,Herb,2,
25,V. Hills,10,high,5,30,4,6,Sap Plant,1,
20,V. Hills,10,high,5,30,4,6,Sleep Herb,1,
15,V. Hills,10,high,5,30,4,6,Herb,1,
15,V. Hills,10,high,5,30,4,6,Gloamgrass Root,1,
80,V. Hills,10,high,6,80,3,5,Thunder Ambrosia,1,
20,V. Hills,10,high,6,80,3,5,Speed Jelly,1,
25,V. Hills,10,high,7,20,3,5,Larval Extract,1,
25,V. Hills,10,high,7,20,3,5,Paralarval Extract,1,
25,V. Hills,10,high,7,20,3,5,Speed Jelly,1,
15,V. Hills,10,high,7,20,3,5,Thunder Ambrosia,1,
10,V. Hills,10,high,7,20,3,5,Thunder Ambrosia,2,
55,V. Hills,10,g,1,,3,5,Blue Mushroom,1,
20,V. Hills,10,g,1,,3,5,Unique Mushroom,1,
15,V. Hills,10,g,1,,3,5,Choice Mushroom,1,
10,V. Hills,10,g,1,,3,5,Blue Mushroom,2,
35,V. Hills,10,g,2,80,3,5,Needleberry,1,
25,V. Hills,10,g,2,80,3,5,Huskberry,1,
25,V. Hills,10,g,2,80,3,5,Paintberry,1,
15,V. Hills,10,g,2,80,3,5,Scatternut,1,
65,V. Hills,10,g,3,20,3,5,Scatternut,1,
30,V. Hills,10,g,3,20,3,5,Might Seed,1,
5,V. Hills,10,g,3,20,3,5,Kut-Ku Scale,1,
45,V. Hills,10,g,4,70,3,5,Antidote Herb,1,
25,V. Hills,10,g,4,70,3,5,Herb,1,
25,V. Hills,10,g,4,70,3,5,Ivy,1,
5,V. Hills,10,g,4,70,3,5,Felvine,1,
25,V. Hills,10,g,5,30,4,6,Herb,2,
25,V. Hills,10,g,5,30,4,6,Sap Plant,1,
20,V. Hills,10,g,5,30,4,6,Sleep Herb,1,
15,V. Hills,10,g,5,30,4,6,Herb,1,
15,V. Hills,10,g,5,30,4,6,Gloamgrass Root,1,
70,V. Hills,10,g,6,80,3,5,Thunder Ambrosia,1,
20,V. Hills,10,g,6,80,3,5,Speed Jelly,1,
10,V. Hills,10,g,6,80,3,5,Larval Extract,1,
35,V. Hills,10,g,7,20,3,5,Paralarval Extract,1,
25,V. Hills,10,g,7,20,3,5,Speed Jelly,1,
15,V. Hills,10,g,7,20,3,5,Larval Extract,1,
15,V. Hills,10,g,7,20,3,5,Thunder Ambrosia,1,
10,V. Hills,10,g,7,20,3,5,Thunder Ambrosia,2,
55,V. Hills,11,low,1,,2,4,Disc Stone,1,
20,V. Hills,11,low,1,,2,4,Machalite Ore,1,
15,V. Hills,11,low,1,,2,4,Auristone Piece,1,
10,V. Hills,11,low,1,,2,4,Aquaglow Jewel,1,
40,V. Hills,11,low,2,,8,12,Stone,2,
30,V. Hills,11,low,2,,8,12,Whetstone,2,
20,V. Hills,11,low,2,,8,12,Whetstone,1,
10,V. Hills,11,low,2,,8,12,Stone,1,
55,V. Hills,11,low,3,,6,8,Worm,1,
45,V. Hills,11,low,3,,6,8,Frog,1,
85,V. Hills,11,low,4,,,,Worm,1,∞
15,V. Hills,11,low,4,,,,Stone,1,∞
40,V. Hills,11,low,5,70,3,5,Blue Mushroom,1,
35,V. Hills,11,low,5,70,3,5,Unique Mushroom,1,
15,V. Hills,11,low,5,70,3,5,Nitroshroom,1,
10,V. Hills,11,low,5,70,3,5,Kut-Ku Scale,1,
40,V. Hills,11,low,6,30,3,5,Unique Mushroom,2,
25,V. Hills,11,low,6,30,3,5,Blue Mushroom,1,
20,V. Hills,11,low,6,30,3,5,Nitroshroom,1,
15,V. Hills,11,low,6,30,3,5,Unique Mushroom,1,
100,V. Hills,11,low,7,,,,Sushifish,1,Sushifish Bait
100,V. Hills,11,low,8,,,,Burst Arowana,1,Burst Bait
100,V. Hills,11,low,9,,,,Goldenfish,1,Goldenfish Bait
75,V. Hills,11,low,10,,,,Small Goldenfish,1,Mega Fishing Fly
25,V. Hills,11,low,10,,,,Goldenfish,1,Mega Fishing Fly
25,V. Hills,11,low,11,,,,Sushifish,1,
12,V. Hills,11,low,11,,,,Small Goldenfish,1,
10,V. Hills,11,low,11,,,,Whetfish,1,
10,V. Hills,11,low,11,,,,Sleepyfish,1,
10,V. Hills,11,low,11,,,,Pin Tuna,1,
10,V. Hills,11,low,11,,,,Goldenfish,1,
10,V. Hills,11,low,11,,,,Premium Sashimi,1,
8,V. Hills,11,low,11,,,,Burst Arowana,1,
5,V. Hills,11,low,11,,,,Popfish,1,
25,V. Hills,11,high,1,,2,4,Mystery Charm,1,
20,V. Hills,11,high,1,,2,4,Disc Stone,1,
17,V. Hills,11,high,1,,2,4,Dragonite Ore,1,
15,V. Hills,11,high,1,,2,4,Machalite Ore,1,
10,V. Hills,11,high,1,,2,4,Shining Charm,1,
5,V. Hills,11,high,1,,2,4,Auristone Piece,1,
5,V. Hills,11,high,1,,2,4,Auristone Chunk,1,
3,V. Hills,11,high,1,,2,4,Rustshard,1,
40,V. Hills,11,high,2,,8,12,Stone,2,
30,V. Hills,11,high,2,,8,12,Whetstone,2,
20,V. Hills,11,high,2,,8,12,Whetstone,1,
10,V. Hills,11,high,2,,8,12,Stone,1,
55,V. Hills,11,high,3,,6,8,Worm,1,
45,V. Hills,11,high,3,,6,8,Frog,1,
85,V. Hills,11,high,4,,,,Worm,1,∞
15,V. Hills,11,high,4,,,,Stone,1,∞
35,V. Hills,11,high,5,70,3,5,Unique Mushroom,1,
30,V. Hills,11,high,5,70,3,5,Blue Mushroom,1,
15,V. Hills,11,high,5,70,3,5,Nitroshroom,1,
10,V. Hills,11,high,5,70,3,5,Kut-Ku Scale,1,
10,V. Hills,11,high,5,70,3,5,Choice Mushroom,1,
30,V. Hills,11,high,6,30,3,5,Unique Mushroom,1,
20,V. Hills,11,high,6,30,3,5,Blue Mushroom,1,
20,V. Hills,11,high,6,30,3,5,Nitroshroom,1,
15,V. Hills,11,high,6,30,3,5,Unique Mushroom,2,
15,V. Hills,11,high,6,30,3,5,Choice Mushroom,1,
100,V. Hills,11,high,7,,,,Sushifish,1,Sushifish Bait
100,V. Hills,11,high,8,,,,Burst Arowana,1,Burst Bait
100,V. Hills,11,high,9,,,,Goldenfish,1,Goldenfish Bait
75,V. Hills,11,high,10,,,,Small Goldenfish,1,Mega Fishing Fly
25,V. Hills,11,high,10,,,,Goldenfish,1,Mega Fishing Fly
25,V. Hills,11,high,11,,,,Sushifish,1,
10,V. Hills,11,high,11,,,,Whetfish,1,
10,V. Hills,11,high,11,,,,Sleepyfish,1,
10,V. Hills,11,high,11,,,,Pin Tuna,1,
10,V. Hills,11,high,11,,,,Small Goldenfish,1,
10,V. Hills,11,high,11,,,,Premium Sashimi,1,
8,V. Hills,11,high,11,,,,Burst Arowana,1,
8,V. Hills,11,high,11,,,,Goldenfish,1,
5,V. Hills,11,high,11,,,,Popfish,1,
4,V. Hills,11,high,11,,,,Ancient Fish,1,
20,V. Hills,11,g,1,,2,4,Disc Stone,2,
20,V. Hills,11,g,1,,2,4,Shining Charm,1,
15,V. Hills,11,g,1,,2,4,Carbalite Ore,1,
15,V. Hills,11,g,1,,2,4,Timeworn Charm,1,
10,V. Hills,11,g,1,,2,4,Eltalite Ore,1,
10,V. Hills,11,g,1,,2,4,Auristone Chunk,1,
5,V. Hills,11,g,1,,2,4,Ancient Shard,1,
5,V. Hills,11,g,1,,2,4,Auristone Piece,1,
40,V. Hills,11,g,2,,8,12,Stone,2,
30,V. Hills,11,g,2,,8,12,Whetstone,2,
20,V. Hills,11,g,2,,8,12,Whetstone,1,
10,V. Hills,11,g,2,,8,12,Stone,1,
55,V. Hills,11,g,3,,6,8,Worm,1,
45,V. Hills,11,g,3,,6,8,Frog,1,
85,V. Hills,11,g,4,,,,Worm,1,∞
15,V. Hills,11,g,4,,,,Stone,1,∞
35,V. Hills,11,g,5,70,3,5,Unique Mushroom,1,
30,V. Hills,11,g,5,70,3,5,Blue Mushroom,1,
15,V. Hills,11,g,5,70,3,5,Nitroshroom,1,
10,V. Hills,11,g,5,70,3,5,Kut-Ku Scale,1,
10,V. Hills,11,g,5,70,3,5,Choice Mushroom,1,
30,V. Hills,11,g,6,30,3,5,Unique Mushroom,1,
20,V. Hills,11,g,6,30,3,5,Blue Mushroom,1,
20,V. Hills,11,g,6,30,3,5,Nitroshroom,1,
15,V. Hills,11,g,6,30,3,5,Unique Mushroom,2,
15,V. Hills,11,g,6,30,3,5,Choice Mushroom,1,
100,V. Hills,11,g,7,,,,Sushifish,1,Sushifish Bait
100,V. Hills,11,g,8,,,,Burst Arowana,1,Burst Bait
100,V. Hills,11,g,9,,,,Goldenfish,1,Goldenfish Bait
75,V. Hills,11,g,10,,,,Small Goldenfish,1,Mega Fishing Fly
25,V. Hills,11,g,10,,,,Goldenfish,1,Mega Fishing Fly
25,V. Hills,11,g,11,,,,Sushifish,1,
10,V. Hills,11,g,11,,,,Whetfish,1,
10,V. Hills,11,g,11,,,,Sleepyfish,1,
10,V. Hills,11,g,11,,,,Pin Tuna,1,
10,V. Hills,11,g,11,,,,Small Goldenfish,1,
10,V. Hills,11,g,11,,,,Premium Sashimi,1,
8,V. Hills,11,g,11,,,,Burst Arowana,1,
8,V. Hills,11,g,11,,,,Goldenfish,1,
5,V. Hills,11,g,11,,,,Popfish,1,
4,V. Hills,11,g,11,,,,Ancient Fish,1,
35,V. Hills,12,low,1,,4,6,Bitterbug,1,
23,V. Hills,12,low,1,,4,6,Royal Rhino,1,
20,V. Hills,12,low,1,,4,6,Carpenterbug,1,
14,V. Hills,12,low,1,,4,6,Flashbug,1,
5,V. Hills,12,low,1,,4,6,Thunderbug,1,
3,V. Hills,12,low,1,,4,6,Insect Husk,1,
45,V. Hills,12,low,2,,4,6,Small Barrel,1,
35,V. Hills,12,low,2,,4,6,Large Barrel,1,
10,V. Hills,12,low,2,,4,6,Barrel Lid,1,
10,V. Hills,12,low,2,,4,6,Felvine,1,
45,V. Hills,12,low,3,,4,6,Small Barrel,1,
35,V. Hills,12,low,3,,4,6,Large Barrel,1,
10,V. Hills,12,low,3,,4,6,Barrel Lid,1,
10,V. Hills,12,low,3,,4,6,Felvine,1,
90,V. Hills,12,low,4,,2,4,Spider Web,1,
5,V. Hills,12,low,4,,2,4,Spider Web,2,
5,V. Hills,12,low,4,,2,4,Insect Husk,1,
40,V. Hills,12,low,5,,3,5,Huskberry,2,
35,V. Hills,12,low,5,,3,5,Needleberry,2,
25,V. Hills,12,low,5,,3,5,Lagniapple,1,
80,V. Hills,12,low,6,80,3,5,Thunder Ambrosia,1,
20,V. Hills,12,low,6,80,3,5,Speed Jelly,1,
35,V. Hills,12,low,7,20,3,5,Thunder Ambrosia,1,
25,V. Hills,12,low,7,20,3,5,Larval Extract,1,
25,V. Hills,12,low,7,20,3,5,Speed Jelly,1,
15,V. Hills,12,low,7,20,3,5,Thunder Ambrosia,2,
30,V. Hills,12,high,1,,4,6,Bitterbug,1,
17,V. Hills,12,high,1,,4,6,King Scarab,1,
13,V. Hills,12,high,1,,4,6,Hercudrome,1,
11,V. Hills,12,high,1,,4,6,Flashbug,1,
10,V. Hills,12,high,1,,4,6,Carpenterbug,1,
8,V. Hills,12,high,1,,4,6,Royal Rhino,1,
6,V. Hills,12,high,1,,4,6,Thunderbug,1,
5,V. Hills,12,high,1,,4,6,Divine Rhino,1,
38,V. Hills,12,high,2,,4,6,Small Barrel,1,
30,V. Hills,12,high,2,,4,6,Large Barrel,1,
17,V. Hills,12,high,2,,4,6,Barrel Lid,1,
10,V. Hills,12,high,2,,4,6,Felyne Fur Ruby,1,
5,V. Hills,12,high,2,,4,6,Felvine,1,
38,V. Hills,12,high,3,,4,6,Small Barrel,1,
30,V. Hills,12,high,3,,4,6,Large Barrel,1,
17,V. Hills,12,high,3,,4,6,Barrel Lid,1,
10,V. Hills,12,high,3,,4,6,Felyne Fur Ruby,1,
5,V. Hills,12,high,3,,4,6,Felvine,1,
90,V. Hills,12,high,4,,2,4,Spider Web,1,
5,V. Hills,12,high,4,,2,4,Spider Web,2,
5,V. Hills,12,high,4,,2,4,Insect Husk,1,
50,V. Hills,12,high,5,,3,5,Lagniapple,1,
25,V. Hills,12,high,5,,3,5,Big Lagniapple,1,
13,V. Hills,12,high,5,,3,5,Huskberry,2,
12,V. Hills,12,high,5,,3,5,Needleberry,2,
80,V. Hills,12,high,6,80,3,5,Thunder Ambrosia,1,
20,V. Hills,12,high,6,80,3,5,Speed Jelly,1,
25,V. Hills,12,high,7,20,3,5,Larval Extract,1,
25,V. Hills,12,high,7,20,3,5,Paralarval Extract,1,
25,V. Hills,12,high,7,20,3,5,Speed Jelly,1,
15,V. Hills,12,high,7,20,3,5,Thunder Ambrosia,1,
10,V. Hills,12,high,7,20,3,5,Thunder Ambrosia,2,
25,V. Hills,12,g,1,,4,6,Hercudrome,2,
20,V. Hills,12,g,1,,4,6,King Scarab,1,
20,V. Hills,12,g,1,,4,6,Royal Rhino,1,
20,V. Hills,12,g,1,,4,6,Divine Rhino,1,
15,V. Hills,12,g,1,,4,6,Emperor Hopper,1,
35,V. Hills,12,g,2,,4,6,Small Barrel,1,
30,V. Hills,12,g,2,,4,6,Large Barrel,1,
15,V. Hills,12,g,2,,4,6,Barrel Lid,1,
15,V. Hills,12,g,2,,4,6,Felyne Fur Ruby,1,
5,V. Hills,12,g,2,,4,6,Felvine,1,
35,V. Hills,12,g,3,,4,6,Small Barrel,1,
30,V. Hills,12,g,3,,4,6,Large Barrel,1,
15,V. Hills,12,g,3,,4,6,Barrel Lid,1,
15,V. Hills,12,g,3,,4,6,Felyne Fur Ruby,1,
5,V. Hills,12,g,3,,4,6,Felvine,1,
90,V. Hills,12,g,4,,2,4,Spider Web,1,
5,V. Hills,12,g,4,,2,4,Spider Web,2,
5,V. Hills,12,g,4,,2,4,Insect Husk,1,
50,V. Hills,12,g,5,,3,5,Big Lagniapple,1,
25,V. Hills,12,g,5,,3,5,Huge Lagniapple,1,
13,V. Hills,12,g,5,,3,5,Huskberry,2,
12,V. Hills,12,g,5,,3,5,Needleberry,2,
70,V. Hills,12,g,6,80,3,5,Thunder Ambrosia,1,
20,V. Hills,12,g,6,80,3,5,Speed Jelly,1,
10,V. Hills,12,g,6,80,3,5,Larval Extract,1,
35,V. Hills,12,g,7,20,3,5,Paralarval Extract,1,
25,V. Hills,12,g,7,20,3,5,Speed Jelly,1,
15,V. Hills,12,g,7,20,3,5,Larval Extract,1,
15,V. Hills,12,g,7,20,3,5,Thunder Ambrosia,1,
10,V. Hills,12,g,7,20,3,5,Thunder Ambrosia,2,
45,A. Ridge,1,low,1,,4,6,Bitterbug,1,
30,A. Ridge,1,low,1,,4,6,Carpenterbug,1,
15,A. Ridge,1,low,1,,4,6,Thunderbug,1,
10,A. Ridge,1,low,1,,4,6,Royal Rhino,1,
85,A. Ridge,1,low,2,,,,Worm,1,∞
10,A. Ridge,1,low,2,,,,Frog,1,∞
5,A. Ridge,1,low,2,,,,Insect Husk,1,∞
75,A. Ridge,1,low,3,,3,5,Ice Ambrosia,1,
10,A. Ridge,1,low,3,,3,5,Power Jelly,1,
10,A. Ridge,1,low,3,,3,5,Ice Ambrosia,2,
5,A. Ridge,1,low,3,,3,5,Larval Extract,1,
65,A. Ridge,1,low,4,,1,1,Honey,1,
25,A. Ridge,1,low,4,,1,1,Mountain Herbs,1,
10,A. Ridge,1,low,4,,1,1,Insect Husk,1,
35,A. Ridge,1,low,5,80,4,6,Herb,1,
25,A. Ridge,1,low,5,80,4,6,Mountain Herbs,1,
20,A. Ridge,1,low,5,80,4,6,Ivy,1,
10,A. Ridge,1,low,5,80,4,6,Sleep Herb,1,
10,A. Ridge,1,low,5,80,4,6,Sap Plant,1,
25,A. Ridge,1,low,6,20,4,6,Gloamgrass Root,1,
25,A. Ridge,1,low,6,20,4,6,Mountain Herbs,1,
20,A. Ridge,1,low,6,20,4,6,Mountain Herbs,2,
15,A. Ridge,1,low,6,20,4,6,Herb,1,
15,A. Ridge,1,low,6,20,4,6,Snow Herb,1,
45,A. Ridge,1,low,7,80,4,6,Huskberry,1,
45,A. Ridge,1,low,7,80,4,6,Paintberry,1,
10,A. Ridge,1,low,7,80,4,6,Adamant Seed,1,
25,A. Ridge,1,low,8,20,4,6,Huskberry,2,
25,A. Ridge,1,low,8,20,4,6,Paintberry,1,
20,A. Ridge,1,low,8,20,4,6,Adamant Seed,1,
15,A. Ridge,1,low,8,20,4,6,Huskberry,3,
15,A. Ridge,1,low,8,20,4,6,Paintberry,2,
100,A. Ridge,1,low,9,,,,Brocadefish,1,Goldenfish Bait
75,A. Ridge,1,low,10,,,,Small Goldenfish,1,Mega Fishing Fly
25,A. Ridge,1,low,10,,,,Brocadefish,1,Mega Fishing Fly
50,A. Ridge,1,low,11,,,,Burst Arowana,1,Burst Bait
50,A. Ridge,1,low,11,,,,Bomb Arowana,1,Burst Bait
26,A. Ridge,1,low,12,,,,Popfish,1,
16,A. Ridge,1,low,12,,,,Sleepyfish,1,
16,A. Ridge,1,low,12,,,,Small Goldenfish,1,
15,A. Ridge,1,low,12,,,,Burst Arowana,1,
15,A. Ridge,1,low,12,,,,Bomb Arowana,1,
6,A. Ridge,1,low,12,,,,Wanchovy,1,
6,A. Ridge,1,low,12,,,,Brocadefish,1,
25,A. Ridge,1,high,1,,4,6,King Scarab,1,
20,A. Ridge,1,high,1,,4,6,Carpenterbug,1,
15,A. Ridge,1,high,1,,4,6,Thunderbug,1,
13,A. Ridge,1,high,1,,4,6,Bitterbug,1,
12,A. Ridge,1,high,1,,4,6,Shiny Beetle,1,
10,A. Ridge,1,high,1,,4,6,Royal Rhino,1,
5,A. Ridge,1,high,1,,4,6,Divine Rhino,1,
85,A. Ridge,1,high,2,,,,Worm,1,∞
10,A. Ridge,1,high,2,,,,Frog,1,∞
5,A. Ridge,1,high,2,,,,Insect Husk,1,∞
60,A. Ridge,1,high,3,,3,5,Ice Ambrosia,1,
10,A. Ridge,1,high,3,,3,5,Larval Extract,1,
10,A. Ridge,1,high,3,,3,5,Paralarval Extract,1,
10,A. Ridge,1,high,3,,3,5,Power Jelly,1,
10,A. Ridge,1,high,3,,3,5,Ice Ambrosia,2,
65,A. Ridge,1,high,4,,1,1,Honey,1,
25,A. Ridge,1,high,4,,1,1,Mountain Herbs,1,
10,A. Ridge,1,high,4,,1,1,Insect Husk,1,
100,A. Ridge,1,high,5,,2,3,Burned Husk,1,
35,A. Ridge,1,high,6,80,4,6,Herb,1,
25,A. Ridge,1,high,6,80,4,6,Mountain Herbs,1,
20,A. Ridge,1,high,6,80,4,6,Ivy,1,
10,A. Ridge,1,high,6,80,4,6,Sleep Herb,1,
10,A. Ridge,1,high,6,80,4,6,Sap Plant,1,
25,A. Ridge,1,high,7,20,4,6,Gloamgrass Root,1,
25,A. Ridge,1,high,7,20,4,6,Mountain Herbs,1,
20,A. Ridge,1,high,7,20,4,6,Mountain Herbs,2,
15,A. Ridge,1,high,7,20,4,6,Herb,1,
15,A. Ridge,1,high,7,20,4,6,Snow Herb,1,
45,A. Ridge,1,high,8,80,4,6,Huskberry,1,
45,A. Ridge,1,high,8,80,4,6,Paintberry,1,
10,A. Ridge,1,high,8,80,4,6,Adamant Seed,1,
25,A. Ridge,1,high,9,20,4,6,Huskberry,2,
25,A. Ridge,1,high,9,20,4,6,Paintberry,1,
20,A. Ridge,1,high,9,20,4,6,Adamant Seed,1,
15,A. Ridge,1,high,9,20,4,6,Huskberry,3,
15,A. Ridge,1,high,9,20,4,6,Paintberry,2,
75,A. Ridge,1,high,10,,,,Small Goldenfish,1,Mega Fishing Fly
25,A. Ridge,1,high,10,,,,King Brocadefish,1,Mega Fishing Fly
50,A. Ridge,1,high,11,,,,Burst Arowana,1,Burst Bait
50,A. Ridge,1,high,11,,,,Bomb Arowana,1,Burst Bait
26,A. Ridge,1,high,12,,,,Popfish,1,
16,A. Ridge,1,high,12,,,,Sleepyfish,1,
16,A. Ridge,1,high,12,,,,Burst Arowana,1,
16,A. Ridge,1,high,12,,,,Bomb Arowana,1,
16,A. Ridge,1,high,12,,,,Small Goldenfish,1,
6,A. Ridge,1,high,12,,,,Wanchovy,1,
4,A. Ridge,1,high,12,,,,King Brocadefish,1,
25,A. Ridge,1,g,1,,4,6,King Scarab,1,
20,A. Ridge,1,g,1,,4,6,Shiny Beetle,1,
20,A. Ridge,1,g,1,,4,6,Rare Scarab,1,
15,A. Ridge,1,g,1,,4,6,Emperor Hopper,1,
15,A. Ridge,1,g,1,,4,6,Royal Rhino,1,
5,A. Ridge,1,g,1,,4,6,Divine Rhino,1,
85,A. Ridge,1,g,2,,,,Worm,1,∞
10,A. Ridge,1,g,2,,,,Frog,1,∞
5,A. Ridge,1,g,2,,,,Insect Husk,1,∞
50,A. Ridge,1,g,3,,3,5,Ice Ambrosia,1,
15,A. Ridge,1,g,3,,3,5,Larval Extract,1,
15,A. Ridge,1,g,3,,3,5,Paralarval Extract,1,
10,A. Ridge,1,g,3,,3,5,Power Jelly,1,
10,A. Ridge,1,g,3,,3,5,Ice Ambrosia,2,
65,A. Ridge,1,g,4,,1,1,Honey,1,
25,A. Ridge,1,g,4,,1,1,Mountain Herbs,1,
10,A. Ridge,1,g,4,,1,1,Insect Husk,1,
100,A. Ridge,1,g,5,,2,3,Burned Husk,1,
35,A. Ridge,1,g,6,80,4,6,Herb,1,
25,A. Ridge,1,g,6,80,4,6,Mountain Herbs,1,
20,A. Ridge,1,g,6,80,4,6,Ivy,1,
10,A. Ridge,1,g,6,80,4,6,Sleep Herb,1,
10,A. Ridge,1,g,6,80,4,6,Sap Plant,1,
25,A. Ridge,1,g,7,20,4,6,Gloamgrass Root,1,
25,A. Ridge,1,g,7,20,4,6,Mountain Herbs,1,
20,A. Ridge,1,g,7,20,4,6,Mountain Herbs,2,
15,A. Ridge,1,g,7,20,4,6,Herb,1,
15,A. Ridge,1,g,7,20,4,6,Snow Herb,1,
45,A. Ridge,1,g,8,80,4,6,Huskberry,1,
45,A. Ridge,1,g,8,80,4,6,Paintberry,1,
10,A. Ridge,1,g,8,80,4,6,Adamant Seed,1,
25,A. Ridge,1,g,9,20,4,6,Huskberry,2,
25,A. Ridge,1,g,9,20,4,6,Paintberry,1,
20,A. Ridge,1,g,9,20,4,6,Adamant Seed,1,
15,A. Ridge,1,g,9,20,4,6,Huskberry,3,
15,A. Ridge,1,g,9,20,4,6,Paintberry,2,
100,A. Ridge,1,g,10,,,,Guardfish,1,Goldenfish Bait
60,A. Ridge,1,g,11,,,,Small Goldenfish,1,Mega Fishing Fly
25,A. Ridge,1,g,11,,,,Guardfish,1,Mega Fishing Fly
15,A. Ridge,1,g,11,,,,Brocadefish,1,Mega Fishing Fly
50,A. Ridge,1,g,12,,,,Burst Arowana,1,Burst Bait
50,A. Ridge,1,g,12,,,,Bomb Arowana,1,Burst Bait
26,A. Ridge,1,g,13,,,,Popfish,1,
15,A. Ridge,1,g,13,,,,Sleepyfish,1,
15,A. Ridge,1,g,13,,,,Burst Arowana,1,
15,A. Ridge,1,g,13,,,,Bomb Arowana,1,
14,A. Ridge,1,g,13,,,,Small Goldenfish,1,
6,A. Ridge,1,g,13,,,,Wanchovy,1,
5,A. Ridge,1,g,13,,,,Guardfish,1,
4,A. Ridge,1,g,13,,,,King Brocadefish,1,
45,A. Ridge,2,low,1,,4,6,Iron Ore,1,
35,A. Ridge,2,low,1,,4,6,Disc Stone,1,
15,A. Ridge,2,low,1,,4,6,Stone,1,
5,A. Ridge,2,low,1,,4,6,Machalite Ore,1,
30,A. Ridge,2,low,2,,4,6,Herb,1,
20,A. Ridge,2,low,2,,4,6,Herb,2,
20,A. Ridge,2,low,2,,4,6,Mountain Herbs,1,
15,A. Ridge,2,low,2,,4,6,Sleep Herb,1,
15,A. Ridge,2,low,2,,4,6,Sap Plant,1,
65,A. Ridge,2,low,3,,2,4,Honey,1,
25,A. Ridge,2,low,3,,2,4,Mountain Herbs,1,
10,A. Ridge,2,low,3,,2,4,Insect Husk,1,
55,A. Ridge,2,low,4,,4,6,Godbug,1,
20,A. Ridge,2,low,4,,4,6,Bitterbug,1,
20,A. Ridge,2,low,4,,4,6,Flashbug,1,
5,A. Ridge,2,low,4,,4,6,Royal Rhino,1,
65,A. Ridge,2,low,5,,1,1,Honey,1,
25,A. Ridge,2,low,5,,1,1,Mountain Herbs,1,
10,A. Ridge,2,low,5,,1,1,Insect Husk,1,
45,A. Ridge,2,low,6,80,4,6,Iron Ore,1,
20,A. Ridge,2,low,6,80,4,6,Stone,1,
15,A. Ridge,2,low,6,80,4,6,Whetstone,1,
15,A. Ridge,2,low,6,80,4,6,Ice Crystal,1,
5,A. Ridge,2,low,6,80,4,6,Auristone Piece,1,
30,A. Ridge,2,low,7,20,4,6,Iron Ore,1,
25,A. Ridge,2,low,7,20,4,6,Ice Crystal,1,
15,A. Ridge,2,low,7,20,4,6,Machalite Ore,1,
15,A. Ridge,2,low,7,20,4,6,Armor Sphere,1,
15,A. Ridge,2,low,7,20,4,6,Auristone Piece,1,
28,A. Ridge,2,low,8,80,4,6,Flashbug,1,
25,A. Ridge,2,low,8,80,4,6,Bitterbug,1,
22,A. Ridge,2,low,8,80,4,6,Carpenterbug,1,
15,A. Ridge,2,low,8,80,4,6,Insect Husk,1,
10,A. Ridge,2,low,8,80,4,6,Royal Rhino,1,
35,A. Ridge,2,low,9,20,6,8,Carpenterbug,1,
30,A. Ridge,2,low,9,20,6,8,Godbug,1,
20,A. Ridge,2,low,9,20,6,8,Thunderbug,1,
15,A. Ridge,2,low,9,20,6,8,Royal Rhino,1,
20,A. Ridge,2,high,1,,4,6,Dragonite Ore,1,
20,A. Ridge,2,high,1,,4,6,Sunspire Jewel,1,
15,A. Ridge,2,high,1,,4,6,Machalite Ore,1,
15,A. Ridge,2,high,1,,4,6,Carbalite Ore,1,
10,A. Ridge,2,high,1,,4,6,Iron Ore,1,
10,A. Ridge,2,high,1,,4,6,Disc Stone,1,
10,A. Ridge,2,high,1,,4,6,Bloodrun Jewel,1,
30,A. Ridge,2,high,2,,4,6,Herb,1,
20,A. Ridge,2,high,2,,4,6,Herb,2,
20,A. Ridge,2,high,2,,4,6,Mountain Herbs,1,
15,A. Ridge,2,high,2,,4,6,Sleep Herb,1,
15,A. Ridge,2,high,2,,4,6,Sap Plant,1,
65,A. Ridge,2,high,3,,2,4,Honey,1,
25,A. Ridge,2,high,3,,2,4,Mountain Herbs,1,
10,A. Ridge,2,high,3,,2,4,Insect Husk,1,
25,A. Ridge,2,high,4,,4,6,Hercudrome,1,
23,A. Ridge,2,high,4,,4,6,Godbug,1,
20,A. Ridge,2,high,4,,4,6,Flashbug,1,
12,A. Ridge,2,high,4,,4,6,Shiny Beetle,1,
10,A. Ridge,2,high,4,,4,6,Royal Rhino,1,
5,A. Ridge,2,high,4,,4,6,Bitterbug,1,
5,A. Ridge,2,high,4,,4,6,Divine Rhino,1,
65,A. Ridge,2,high,5,,1,1,Honey,1,
25,A. Ridge,2,high,5,,1,1,Mountain Herbs,1,
10,A. Ridge,2,high,5,,1,1,Insect Husk,1,
100,A. Ridge,2,high,6,,2,3,Burned Husk,1,
20,A. Ridge,2,high,7,80,4,6,Machalite Ore,1,
20,A. Ridge,2,high,7,80,4,6,Sunspire Jewel,1,
15,A. Ridge,2,high,7,80,4,6,Ice Crystal,1,
15,A. Ridge,2,high,7,80,4,6,Dragonite Ore,1,
10,A. Ridge,2,high,7,80,4,6,Iron Ore,1,
10,A. Ridge,2,high,7,80,4,6,Mystery Charm,1,
5,A. Ridge,2,high,7,80,4,6,Shining Charm,1,
5,A. Ridge,2,high,7,80,4,6,Auristone Piece,1,
15,A. Ridge,2,high,8,20,4,6,Machalite Ore,1,
15,A. Ridge,2,high,8,20,4,6,Dragonite Ore,1,
15,A. Ridge,2,high,8,20,4,6,Bloodrun Jewel,1,
15,A. Ridge,2,high,8,20,4,6,Armor Sphere,1,
15,A. Ridge,2,high,8,20,4,6,Mystery Charm,1,
15,A. Ridge,2,high,8,20,4,6,Auristone Chunk,1,
10,A. Ridge,2,high,8,20,4,6,Shining Charm,1,
25,A. Ridge,2,high,9,80,4,6,Flashbug,1,
20,A. Ridge,2,high,9,80,4,6,Carpenterbug,1,
15,A. Ridge,2,high,9,80,4,6,Shiny Beetle,1,
15,A. Ridge,2,high,9,80,4,6,Hercudrome,1,
15,A. Ridge,2,high,9,80,4,6,King Scarab,1,
5,A. Ridge,2,high,9,80,4,6,Bitterbug,1,
5,A. Ridge,2,high,9,80,4,6,Royal Rhino,1,
17,A. Ridge,2,high,10,20,6,8,Thunderbug,1,
16,A. Ridge,2,high,10,20,6,8,Shiny Beetle,1,
16,A. Ridge,2,high,10,20,6,8,Hercudrome,1,
16,A. Ridge,2,high,10,20,6,8,King Scarab,1,
15,A. Ridge,2,high,10,20,6,8,Carpenterbug,1,
15,A. Ridge,2,high,10,20,6,8,Divine Rhino,1,
5,A. Ridge,2,high,10,20,6,8,Godbug,1,
25,A. Ridge,2,g,1,,4,6,Carbalite Ore,1,
20,A. Ridge,2,g,1,,4,6,Eltalite Ore,1,
20,A. Ridge,2,g,1,,4,6,Lazurite Jewel,1,
15,A. Ridge,2,g,1,,4,6,Dragonite Ore,2,
10,A. Ridge,2,g,1,,4,6,Lightcrystal,2,
10,A. Ridge,2,g,1,,4,6,Adamant Orb,1,
30,A. Ridge,2,g,2,,4,6,Herb,1,
20,A. Ridge,2,g,2,,4,6,Herb,2,
20,A. Ridge,2,g,2,,4,6,Mountain Herbs,1,
15,A. Ridge,2,g,2,,4,6,Sleep Herb,1,
15,A. Ridge,2,g,2,,4,6,Sap Plant,1,
65,A. Ridge,2,g,3,,2,4,Honey,1,
25,A. Ridge,2,g,3,,2,4,Mountain Herbs,1,
10,A. Ridge,2,g,3,,2,4,Insect Husk,1,
25,A. Ridge,2,g,4,,4,6,Hercudrome,1,
20,A. Ridge,2,g,4,,4,6,Shiny Beetle,1,
15,A. Ridge,2,g,4,,4,6,Godbug,1,
15,A. Ridge,2,g,4,,4,6,Royal Rhino,1,
15,A. Ridge,2,g,4,,4,6,Divine Rhino,1,
10,A. Ridge,2,g,4,,4,6,Emperor Hopper,1,
65,A. Ridge,2,g,5,,1,1,Honey,1,
25,A. Ridge,2,g,5,,1,1,Mountain Herbs,1,
10,A. Ridge,2,g,5,,1,1,Insect Husk,1,
100,A. Ridge,2,g,6,,2,3,Burned Husk,1,
20,A. Ridge,2,g,7,80,4,6,Lazurite Jewel,1,
15,A. Ridge,2,g,7,80,4,6,Ice Crystal,2,
15,A. Ridge,2,g,7,80,4,6,Dragonite Ore,2,
15,A. Ridge,2,g,7,80,4,6,Carbalite Ore,1,
15,A. Ridge,2,g,7,80,4,6,Eltalite Ore,1,
10,A. Ridge,2,g,7,80,4,6,Shining Charm,1,
5,A. Ridge,2,g,7,80,4,6,Timeworn Charm,1,
5,A. Ridge,2,g,7,80,4,6,Auristone Chunk,1,
20,A. Ridge,2,g,8,20,4,6,Eltalite Ore,1,
15,A. Ridge,2,g,8,20,4,6,Adamant Orb,1,
15,A. Ridge,2,g,8,20,4,6,Adv Armor Sphere,1,
15,A. Ridge,2,g,8,20,4,6,Shining Charm,1,
15,A. Ridge,2,g,8,20,4,6,Auristone Chunk,1,
10,A. Ridge,2,g,8,20,4,6,Carbalite Ore,1,
10,A. Ridge,2,g,8,20,4,6,Timeworn Charm,1,
20,A. Ridge,2,g,9,80,4,6,Shiny Beetle,2,
20,A. Ridge,2,g,9,80,4,6,King Scarab,1,
20,A. Ridge,2,g,9,80,4,6,Rare Scarab,1,
20,A. Ridge,2,g,9,80,4,6,Royal Rhino,1,
15,A. Ridge,2,g,9,80,4,6,Hercudrome,2,
5,A. Ridge,2,g,9,80,4,6,Emperor Hopper,1,
25,A. Ridge,2,g,10,20,6,8,King Scarab,1,
25,A. Ridge,2,g,10,20,6,8,Rare Scarab,1,
25,A. Ridge,2,g,10,20,6,8,Emperor Hopper,1,
25,A. Ridge,2,g,10,20,6,8,Divine Rhino,1,
80,A. Ridge,3,low,1,,6,8,Blue Mushroom,1,
10,A. Ridge,3,low,1,,6,8,Parashroom,1,
10,A. Ridge,3,low,1,,6,8,Mystery Bone,1,
85,A. Ridge,3,low,2,,,,Carnivore Egg,1,∞
15,A. Ridge,3,low,2,,,,Mystery Bone,1,∞
75,A. Ridge,3,low,3,,3,5,Ice Ambrosia,1,
10,A. Ridge,3,low,3,,3,5,Power Jelly,1,
10,A. Ridge,3,low,3,,3,5,Ice Ambrosia,2,
5,A. Ridge,3,low,3,,3,5,Larval Extract,1,
45,A. Ridge,3,low,4,80,4,6,Disc Stone,1,
30,A. Ridge,3,low,4,80,4,6,Iron Ore,1,
15,A. Ridge,3,low,4,80,4,6,Ice Crystal,1,
10,A. Ridge,3,low,4,80,4,6,Auristone Piece,1,
30,A. Ridge,3,low,5,20,4,6,Disc Stone,1,
25,A. Ridge,3,low,5,20,4,6,Iron Ore,2,
15,A. Ridge,3,low,5,20,4,6,Machalite Ore,1,
15,A. Ridge,3,low,5,20,4,6,Armor Sphere,1,
15,A. Ridge,3,low,5,20,4,6,Auristone Piece,1,
45,A. Ridge,3,low,6,80,4,6,Bone Husk,1,
45,A. Ridge,3,low,6,80,4,6,Mystery Bone,1,
10,A. Ridge,3,low,6,80,4,6,Unknown Skull,1,
30,A. Ridge,3,low,7,20,4,6,Unknown Skull,1,
20,A. Ridge,3,low,7,20,4,6,Bone Husk,1,
20,A. Ridge,3,low,7,20,4,6,Mystery Bone,1,
15,A. Ridge,3,low,7,20,4,6,Bone Husk,2,
15,A. Ridge,3,low,7,20,4,6,Mystery Bone,2,
80,A. Ridge,3,high,1,,6,8,Blue Mushroom,1,
10,A. Ridge,3,high,1,,6,8,Parashroom,1,
10,A. Ridge,3,high,1,,6,8,Mystery Bone,1,
85,A. Ridge,3,high,2,,,,Carnivore Egg,1,∞
15,A. Ridge,3,high,2,,,,Mystery Bone,1,∞
60,A. Ridge,3,high,3,,3,5,Ice Ambrosia,1,
10,A. Ridge,3,high,3,,3,5,Larval Extract,1,
10,A. Ridge,3,high,3,,3,5,Paralarval Extract,1,
10,A. Ridge,3,high,3,,3,5,Power Jelly,1,
10,A. Ridge,3,high,3,,3,5,Ice Ambrosia,2,
15,A. Ridge,3,high,4,80,4,6,Iron Ore,1,
15,A. Ridge,3,high,4,80,4,6,Disc Stone,1,
15,A. Ridge,3,high,4,80,4,6,Ice Crystal,1,
10,A. Ridge,3,high,4,80,4,6,Dragonite Ore,1,
10,A. Ridge,3,high,4,80,4,6,Carbalite Ore,1,
10,A. Ridge,3,high,4,80,4,6,Sunspire Jewel,1,
10,A. Ridge,3,high,4,80,4,6,Auristone Piece,1,
5,A. Ridge,3,high,4,80,4,6,Lightcrystal,1,
5,A. Ridge,3,high,4,80,4,6,Armor Sphere,1,
5,A. Ridge,3,high,4,80,4,6,Mystery Charm,1,
15,A. Ridge,3,high,5,20,4,6,Dragonite Ore,1,
15,A. Ridge,3,high,5,20,4,6,Carbalite Ore,1,
15,A. Ridge,3,high,5,20,4,6,Bloodrun Jewel,1,
15,A. Ridge,3,high,5,20,4,6,Armor Sphere,1,
15,A. Ridge,3,high,5,20,4,6,Mystery Charm,1,
10,A. Ridge,3,high,5,20,4,6,Shining Charm,1,
10,A. Ridge,3,high,5,20,4,6,Auristone Chunk,1,
5,A. Ridge,3,high,5,20,4,6,Lightcrystal,1,
45,A. Ridge,3,high,6,80,4,6,Bone Husk,1,
45,A. Ridge,3,high,6,80,4,6,Mystery Bone,1,
10,A. Ridge,3,high,6,80,4,6,Unknown Skull,1,
30,A. Ridge,3,high,7,20,4,6,Unknown Skull,1,
20,A. Ridge,3,high,7,20,4,6,Bone Husk,1,
20,A. Ridge,3,high,7,20,4,6,Mystery Bone,1,
15,A. Ridge,3,high,7,20,4,6,Bone Husk,2,
15,A. Ridge,3,high,7,20,4,6,Mystery Bone,2,
80,A. Ridge,3,g,1,,6,8,Blue Mushroom,1,
10,A. Ridge,3,g,1,,6,8,Parashroom,1,
10,A. Ridge,3,g,1,,6,8,Mystery Bone,1,
85,A. Ridge,3,g,2,,,,Carnivore Egg,1,∞
15,A. Ridge,3,g,2,,,,Mystery Bone,1,∞
50,A. Ridge,3,g,3,,3,5,Ice Ambrosia,1,
15,A. Ridge,3,g,3,,3,5,Larval Extract,1,
15,A. Ridge,3,g,3,,3,5,Paralarval Extract,1,
10,A. Ridge,3,g,3,,3,5,Power Jelly,1,
10,A. Ridge,3,g,3,,3,5,Ice Ambrosia,2,
15,A. Ridge,3,g,4,80,4,6,Ice Crystal,2,
15,A. Ridge,3,g,4,80,4,6,Lightcrystal,2,
10,A. Ridge,3,g,4,80,4,6,Dragonite Ore,2,
10,A. Ridge,3,g,4,80,4,6,Carbalite Ore,1,
10,A. Ridge,3,g,4,80,4,6,Eltalite Ore,1,
10,A. Ridge,3,g,4,80,4,6,Lazurite Jewel,1,
10,A. Ridge,3,g,4,80,4,6,Auristone Piece,1,
10,A. Ridge,3,g,4,80,4,6,Auristone Chunk,1,
5,A. Ridge,3,g,4,80,4,6,Adv Armor Sphere,1,
5,A. Ridge,3,g,4,80,4,6,Shining Charm,1,
20,A. Ridge,3,g,5,20,4,6,Eltalite Ore,1,
15,A. Ridge,3,g,5,20,4,6,Adamant Orb,1,
15,A. Ridge,3,g,5,20,4,6,Adv Armor Sphere,1,
15,A. Ridge,3,g,5,20,4,6,Shining Charm,1,
10,A. Ridge,3,g,5,20,4,6,Carbalite Ore,1,
10,A. Ridge,3,g,5,20,4,6,Timeworn Charm,1,
10,A. Ridge,3,g,5,20,4,6,Auristone Chunk,1,
5,A. Ridge,3,g,5,20,4,6,Novacrystal,1,
45,A. Ridge,3,g,6,80,4,6,Bone Husk,1,
45,A. Ridge,3,g,6,80,4,6,Mystery Bone,1,
10,A. Ridge,3,g,6,80,4,6,Unknown Skull,1,
30,A. Ridge,3,g,7,20,4,6,Unknown Skull,1,
20,A. Ridge,3,g,7,20,4,6,Bone Husk,1,
20,A. Ridge,3,g,7,20,4,6,Mystery Bone,1,
15,A. Ridge,3,g,7,20,4,6,Bone Husk,2,
15,A. Ridge,3,g,7,20,4,6,Mystery Bone,2,
75,A. Ridge,4,low,1,,4,6,Ice Crystal,1,
15,A. Ridge,4,low,1,,4,6,Stone,1,
10,A. Ridge,4,low,1,,4,6,Stone,2,
42,A. Ridge,4,low,2,,4,6,Disc Stone,1,
30,A. Ridge,4,low,2,,4,6,Whetstone,1,
13,A. Ridge,4,low,2,,4,6,Ice Crystal,1,
10,A. Ridge,4,low,2,,4,6,Auristone Piece,1,
5,A. Ridge,4,low,2,,4,6,Machalite Ore,1,
65,A. Ridge,4,low,3,,2,4,Honey,1,
25,A. Ridge,4,low,3,,2,4,Mountain Herbs,1,
10,A. Ridge,4,low,3,,2,4,Insect Husk,1,
45,A. Ridge,4,low,4,80,4,6,Disc Stone,1,
30,A. Ridge,4,low,4,80,4,6,Iron Ore,1,
15,A. Ridge,4,low,4,80,4,6,Ice Crystal,1,
10,A. Ridge,4,low,4,80,4,6,Auristone Piece,1,
30,A. Ridge,4,low,5,20,4,6,Disc Stone,1,
25,A. Ridge,4,low,5,20,4,6,Iron Ore,2,
15,A. Ridge,4,low,5,20,4,6,Machalite Ore,1,
15,A. Ridge,4,low,5,20,4,6,Armor Sphere,1,
15,A. Ridge,4,low,5,20,4,6,Auristone Piece,1,
50,A. Ridge,4,high,1,,4,6,Ice Crystal,1,
25,A. Ridge,4,high,1,,4,6,Sootstone Ore,1,
10,A. Ridge,4,high,1,,4,6,Stone,3,
10,A. Ridge,4,high,1,,4,6,Lightcrystal,1,
5,A. Ridge,4,high,1,,4,6,Stone,2,
20,A. Ridge,4,high,2,,4,6,Dragonite Ore,1,
15,A. Ridge,4,high,2,,4,6,Machalite Ore,1,
15,A. Ridge,4,high,2,,4,6,Lightcrystal,1,
10,A. Ridge,4,high,2,,4,6,Disc Stone,1,
10,A. Ridge,4,high,2,,4,6,Ice Crystal,1,
10,A. Ridge,4,high,2,,4,6,Mystery Charm,1,
10,A. Ridge,4,high,2,,4,6,Auristone Piece,1,
5,A. Ridge,4,high,2,,4,6,Shining Charm,1,
5,A. Ridge,4,high,2,,4,6,Auristone Chunk,1,
65,A. Ridge,4,high,3,,2,4,Honey,1,
25,A. Ridge,4,high,3,,2,4,Mountain Herbs,1,
10,A. Ridge,4,high,3,,2,4,Insect Husk,1,
15,A. Ridge,4,high,4,80,4,6,Iron Ore,1,
15,A. Ridge,4,high,4,80,4,6,Disc Stone,1,
15,A. Ridge,4,high,4,80,4,6,Ice Crystal,1,
10,A. Ridge,4,high,4,80,4,6,Dragonite Ore,1,
10,A. Ridge,4,high,4,80,4,6,Carbalite Ore,1,
10,A. Ridge,4,high,4,80,4,6,Sunspire Jewel,1,
10,A. Ridge,4,high,4,80,4,6,Auristone Piece,1,
5,A. Ridge,4,high,4,80,4,6,Lightcrystal,1,
5,A. Ridge,4,high,4,80,4,6,Armor Sphere,1,
5,A. Ridge,4,high,4,80,4,6,Mystery Charm,1,
15,A. Ridge,4,high,5,20,4,6,Dragonite Ore,1,
15,A. Ridge,4,high,5,20,4,6,Carbalite Ore,1,
15,A. Ridge,4,high,5,20,4,6,Bloodrun Jewel,1,
15,A. Ridge,4,high,5,20,4,6,Armor Sphere,1,
15,A. Ridge,4,high,5,20,4,6,Mystery Charm,1,
10,A. Ridge,4,high,5,20,4,6,Shining Charm,1,
10,A. Ridge,4,high,5,20,4,6,Auristone Chunk,1,
5,A. Ridge,4,high,5,20,4,6,Lightcrystal,1,
50,A. Ridge,4,g,1,,4,6,Ice Crystal,2,
25,A. Ridge,4,g,1,,4,6,Sootstone Ore,1,
10,A. Ridge,4,g,1,,4,6,Stone,3,
10,A. Ridge,4,g,1,,4,6,Lightcrystal,1,
5,A. Ridge,4,g,1,,4,6,Stone,2,
15,A. Ridge,4,g,2,,4,6,Dragonite Ore,2,
15,A. Ridge,4,g,2,,4,6,Carbalite Ore,1,
15,A. Ridge,4,g,2,,4,6,Shining Charm,1,
10,A. Ridge,4,g,2,,4,6,Ice Crystal,2,
10,A. Ridge,4,g,2,,4,6,Lightcrystal,2,
10,A. Ridge,4,g,2,,4,6,Novacrystal,1,
10,A. Ridge,4,g,2,,4,6,Timeworn Charm,1,
10,A. Ridge,4,g,2,,4,6,Auristone Chunk,1,
5,A. Ridge,4,g,2,,4,6,Auristone Piece,1,
65,A. Ridge,4,g,3,,2,4,Honey,1,
25,A. Ridge,4,g,3,,2,4,Mountain Herbs,1,
10,A. Ridge,4,g,3,,2,4,Insect Husk,1,
15,A. Ridge,4,g,4,80,4,6,Ice Crystal,2,
15,A. Ridge,4,g,4,80,4,6,Lightcrystal,2,
10,A. Ridge,4,g,4,80,4,6,Dragonite Ore,2,
10,A. Ridge,4,g,4,80,4,6,Carbalite Ore,1,
10,A. Ridge,4,g,4,80,4,6,Eltalite Ore,1,
10,A. Ridge,4,g,4,80,4,6,Lazurite Jewel,1,
10,A. Ridge,4,g,4,80,4,6,Auristone Piece,1,
10,A. Ridge,4,g,4,80,4,6,Auristone Chunk,1,
5,A. Ridge,4,g,4,80,4,6,Adv Armor Sphere,1,
5,A. Ridge,4,g,4,80,4,6,Shining Charm,1,
20,A. Ridge,4,g,5,20,4,6,Eltalite Ore,1,
15,A. Ridge,4,g,5,20,4,6,Adamant Orb,1,
15,A. Ridge,4,g,5,20,4,6,Adv Armor Sphere,1,
15,A. Ridge,4,g,5,20,4,6,Shining Charm,1,
10,A. Ridge,4,g,5,20,4,6,Carbalite Ore,1,
10,A. Ridge,4,g,5,20,4,6,Timeworn Charm,1,
10,A. Ridge,4,g,5,20,4,6,Auristone Chunk,1,
5,A. Ridge,4,g,5,20,4,6,Novacrystal,1,
35,A. Ridge,5,low,1,,4,6,Gloamgrass Root,1,
25,A. Ridge,5,low,1,,4,6,Ivy,1,
25,A. Ridge,5,low,1,,4,6,Sap Plant,1,
15,A. Ridge,5,low,1,,4,6,Snow Herb,1,
35,A. Ridge,5,low,2,,3,5,Mountain Herbs,1,
25,A. Ridge,5,low,2,,3,5,Mountain Herbs,2,
20,A. Ridge,5,low,2,,3,5,Sleep Herb,1,
20,A. Ridge,5,low,2,,3,5,Snow Herb,1,
50,A. Ridge,5,low,3,,4,6,Mystery Bone,1,
40,A. Ridge,5,low,3,,4,6,Bone Husk,1,
10,A. Ridge,5,low,3,,4,6,Unknown Skull,1,
40,A. Ridge,5,low,4,,4,6,Adamant Seed,1,
20,A. Ridge,5,low,4,,4,6,Huskberry,1,
20,A. Ridge,5,low,4,,4,6,Paintberry,1,
10,A. Ridge,5,low,4,,4,6,Huskberry,2,
10,A. Ridge,5,low,4,,4,6,Paintberry,2,
45,A. Ridge,5,low,5,80,4,6,Iron Ore,1,
20,A. Ridge,5,low,5,80,4,6,Stone,1,
15,A. Ridge,5,low,5,80,4,6,Whetstone,1,
15,A. Ridge,5,low,5,80,4,6,Ice Crystal,1,
5,A. Ridge,5,low,5,80,4,6,Auristone Piece,1,
30,A. Ridge,5,low,6,20,4,6,Iron Ore,1,
25,A. Ridge,5,low,6,20,4,6,Ice Crystal,1,
15,A. Ridge,5,low,6,20,4,6,Machalite Ore,1,
15,A. Ridge,5,low,6,20,4,6,Armor Sphere,1,
15,A. Ridge,5,low,6,20,4,6,Auristone Piece,1,
35,A. Ridge,5,high,1,,4,6,Gloamgrass Root,1,
25,A. Ridge,5,high,1,,4,6,Ivy,1,
25,A. Ridge,5,high,1,,4,6,Sap Plant,1,
15,A. Ridge,5,high,1,,4,6,Snow Herb,1,
35,A. Ridge,5,high,2,,3,5,Mountain Herbs,1,
25,A. Ridge,5,high,2,,3,5,Mountain Herbs,2,
20,A. Ridge,5,high,2,,3,5,Sleep Herb,1,
20,A. Ridge,5,high,2,,3,5,Snow Herb,1,
50,A. Ridge,5,high,3,,4,6,Mystery Bone,1,
40,A. Ridge,5,high,3,,4,6,Bone Husk,1,
10,A. Ridge,5,high,3,,4,6,Unknown Skull,1,
40,A. Ridge,5,high,4,,4,6,Adamant Seed,1,
20,A. Ridge,5,high,4,,4,6,Huskberry,1,
20,A. Ridge,5,high,4,,4,6,Paintberry,1,
10,A. Ridge,5,high,4,,4,6,Huskberry,2,
10,A. Ridge,5,high,4,,4,6,Paintberry,2,
20,A. Ridge,5,high,5,80,4,6,Machalite Ore,1,
20,A. Ridge,5,high,5,80,4,6,Sunspire Jewel,1,
15,A. Ridge,5,high,5,80,4,6,Ice Crystal,1,
15,A. Ridge,5,high,5,80,4,6,Dragonite Ore,1,
10,A. Ridge,5,high,5,80,4,6,Iron Ore,1,
10,A. Ridge,5,high,5,80,4,6,Mystery Charm,1,
5,A. Ridge,5,high,5,80,4,6,Shining Charm,1,
5,A. Ridge,5,high,5,80,4,6,Auristone Piece,1,
15,A. Ridge,5,high,6,20,4,6,Machalite Ore,1,
15,A. Ridge,5,high,6,20,4,6,Dragonite Ore,1,
15,A. Ridge,5,high,6,20,4,6,Bloodrun Jewel,1,
15,A. Ridge,5,high,6,20,4,6,Armor Sphere,1,
15,A. Ridge,5,high,6,20,4,6,Mystery Charm,1,
15,A. Ridge,5,high,6,20,4,6,Auristone Chunk,1,
10,A. Ridge,5,high,6,20,4,6,Shining Charm,1,
35,A. Ridge,5,g,1,,4,6,Gloamgrass Root,1,
25,A. Ridge,5,g,1,,4,6,Ivy,1,
25,A. Ridge,5,g,1,,4,6,Sap Plant,1,
15,A. Ridge,5,g,1,,4,6,Snow Herb,1,
35,A. Ridge,5,g,2,,3,5,Mountain Herbs,1,
25,A. Ridge,5,g,2,,3,5,Mountain Herbs,2,
20,A. Ridge,5,g,2,,3,5,Sleep Herb,1,
20,A. Ridge,5,g,2,,3,5,Snow Herb,1,
50,A. Ridge,5,g,3,,4,6,Mystery Bone,1,
40,A. Ridge,5,g,3,,4,6,Bone Husk,1,
10,A. Ridge,5,g,3,,4,6,Unknown Skull,1,
40,A. Ridge,5,g,4,,4,6,Adamant Seed,1,
20,A. Ridge,5,g,4,,4,6,Huskberry,1,
20,A. Ridge,5,g,4,,4,6,Paintberry,1,
10,A. Ridge,5,g,4,,4,6,Huskberry,2,
10,A. Ridge,5,g,4,,4,6,Paintberry,2,
20,A. Ridge,5,g,5,80,4,6,Lazurite Jewel,1,
15,A. Ridge,5,g,5,80,4,6,Ice Crystal,2,
15,A. Ridge,5,g,5,80,4,6,Dragonite Ore,2,
15,A. Ridge,5,g,5,80,4,6,Carbalite Ore,1,
15,A. Ridge,5,g,5,80,4,6,Eltalite Ore,1,
10,A. Ridge,5,g,5,80,4,6,Shining Charm,1,
5,A. Ridge,5,g,5,80,4,6,Timeworn Charm,1,
5,A. Ridge,5,g,5,80,4,6,Auristone Chunk,1,
20,A. Ridge,5,g,6,20,4,6,Eltalite Ore,1,
15,A. Ridge,5,g,6,20,4,6,Adamant Orb,1,
15,A. Ridge,5,g,6,20,4,6,Adv Armor Sphere,1,
15,A. Ridge,5,g,6,20,4,6,Shining Charm,1,
15,A. Ridge,5,g,6,20,4,6,Auristone Chunk,1,
10,A. Ridge,5,g,6,20,4,6,Carbalite Ore,1,
10,A. Ridge,5,g,6,20,4,6,Timeworn Charm,1,
30,A. Ridge,6,low,1,,4,6,Herb,1,
20,A. Ridge,6,low,1,,4,6,Herb,2,
20,A. Ridge,6,low,1,,4,6,Mountain Herbs,1,
15,A. Ridge,6,low,1,,4,6,Sleep Herb,1,
15,A. Ridge,6,low,1,,4,6,Sap Plant,1,
60,A. Ridge,6,low,2,,2,4,Whetstone,1,
15,A. Ridge,6,low,2,,2,4,Stone,1,
15,A. Ridge,6,low,2,,2,4,Decayed Scale,1,
10,A. Ridge,6,low,2,,2,4,Stone,2,
40,A. Ridge,6,low,3,,4,6,Adamant Seed,1,
20,A. Ridge,6,low,3,,4,6,Huskberry,1,
20,A. Ridge,6,low,3,,4,6,Paintberry,1,
10,A. Ridge,6,low,3,,4,6,Huskberry,2,
10,A. Ridge,6,low,3,,4,6,Paintberry,2,
65,A. Ridge,6,low,4,,1,1,Honey,1,
25,A. Ridge,6,low,4,,1,1,Mountain Herbs,1,
10,A. Ridge,6,low,4,,1,1,Insect Husk,1,
45,A. Ridge,6,low,5,80,4,6,Disc Stone,1,
30,A. Ridge,6,low,5,80,4,6,Iron Ore,1,
15,A. Ridge,6,low,5,80,4,6,Ice Crystal,1,
10,A. Ridge,6,low,5,80,4,6,Auristone Piece,1,
30,A. Ridge,6,low,6,20,4,6,Disc Stone,1,
25,A. Ridge,6,low,6,20,4,6,Iron Ore,2,
15,A. Ridge,6,low,6,20,4,6,Machalite Ore,1,
15,A. Ridge,6,low,6,20,4,6,Armor Sphere,1,
15,A. Ridge,6,low,6,20,4,6,Auristone Piece,1,
45,A. Ridge,6,low,7,80,4,6,Huskberry,1,
45,A. Ridge,6,low,7,80,4,6,Paintberry,1,
10,A. Ridge,6,low,7,80,4,6,Adamant Seed,1,
25,A. Ridge,6,low,8,20,4,6,Huskberry,2,
25,A. Ridge,6,low,8,20,4,6,Paintberry,1,
20,A. Ridge,6,low,8,20,4,6,Adamant Seed,1,
15,A. Ridge,6,low,8,20,4,6,Huskberry,3,
15,A. Ridge,6,low,8,20,4,6,Paintberry,2,
30,A. Ridge,6,high,1,,4,6,Herb,1,
20,A. Ridge,6,high,1,,4,6,Herb,2,
20,A. Ridge,6,high,1,,4,6,Mountain Herbs,1,
15,A. Ridge,6,high,1,,4,6,Sleep Herb,1,
15,A. Ridge,6,high,1,,4,6,Sap Plant,1,
60,A. Ridge,6,high,2,,2,4,Whetstone,1,
20,A. Ridge,6,high,2,,2,4,Stone,3,
15,A. Ridge,6,high,2,,2,4,Decayed Scale,1,
5,A. Ridge,6,high,2,,2,4,Stone,2,
40,A. Ridge,6,high,3,,4,6,Adamant Seed,1,
20,A. Ridge,6,high,3,,4,6,Huskberry,1,
20,A. Ridge,6,high,3,,4,6,Paintberry,1,
10,A. Ridge,6,high,3,,4,6,Huskberry,2,
10,A. Ridge,6,high,3,,4,6,Paintberry,2,
65,A. Ridge,6,high,4,,1,1,Honey,1,
25,A. Ridge,6,high,4,,1,1,Mountain Herbs,1,
10,A. Ridge,6,high,4,,1,1,Insect Husk,1,
100,A. Ridge,6,high,5,,2,3,Burned Husk,1,
15,A. Ridge,6,high,6,80,4,6,Iron Ore,1,
15,A. Ridge,6,high,6,80,4,6,Disc Stone,1,
15,A. Ridge,6,high,6,80,4,6,Ice Crystal,1,
10,A. Ridge,6,high,6,80,4,6,Dragonite Ore,1,
10,A. Ridge,6,high,6,80,4,6,Carbalite Ore,1,
10,A. Ridge,6,high,6,80,4,6,Sunspire Jewel,1,
10,A. Ridge,6,high,6,80,4,6,Auristone Piece,1,
5,A. Ridge,6,high,6,80,4,6,Lightcrystal,1,
5,A. Ridge,6,high,6,80,4,6,Armor Sphere,1,
5,A. Ridge,6,high,6,80,4,6,Mystery Charm,1,
15,A. Ridge,6,high,7,20,4,6,Dragonite Ore,1,
15,A. Ridge,6,high,7,20,4,6,Carbalite Ore,1,
15,A. Ridge,6,high,7,20,4,6,Bloodrun Jewel,1,
15,A. Ridge,6,high,7,20,4,6,Armor Sphere,1,
15,A. Ridge,6,high,7,20,4,6,Mystery Charm,1,
10,A. Ridge,6,high,7,20,4,6,Shining Charm,1,
10,A. Ridge,6,high,7,20,4,6,Auristone Chunk,1,
5,A. Ridge,6,high,7,20,4,6,Lightcrystal,1,
45,A. Ridge,6,high,8,80,4,6,Huskberry,1,
45,A. Ridge,6,high,8,80,4,6,Paintberry,1,
10,A. Ridge,6,high,8,80,4,6,Adamant Seed,1,
25,A. Ridge,6,high,9,20,4,6,Huskberry,2,
25,A. Ridge,6,high,9,20,4,6,Paintberry,1,
20,A. Ridge,6,high,9,20,4,6,Adamant Seed,1,
15,A. Ridge,6,high,9,20,4,6,Huskberry,3,
15,A. Ridge,6,high,9,20,4,6,Paintberry,2,
30,A. Ridge,6,g,1,,4,6,Herb,1,
20,A. Ridge,6,g,1,,4,6,Herb,2,
20,A. Ridge,6,g,1,,4,6,Mountain Herbs,1,
15,A. Ridge,6,g,1,,4,6,Sleep Herb,1,
15,A. Ridge,6,g,1,,4,6,Sap Plant,1,
60,A. Ridge,6,g,2,,2,4,Whetstone,1,
20,A. Ridge,6,g,2,,2,4,Stone,3,
15,A. Ridge,6,g,2,,2,4,Decayed Scale,1,
5,A. Ridge,6,g,2,,2,4,Stone,2,
40,A. Ridge,6,g,3,,4,6,Adamant Seed,1,
20,A. Ridge,6,g,3,,4,6,Huskberry,1,
20,A. Ridge,6,g,3,,4,6,Paintberry,1,
10,A. Ridge,6,g,3,,4,6,Huskberry,2,
10,A. Ridge,6,g,3,,4,6,Paintberry,2,
65,A. Ridge,6,g,4,,1,1,Honey,1,
25,A. Ridge,6,g,4,,1,1,Mountain Herbs,1,
10,A. Ridge,6,g,4,,1,1,Insect Husk,1,
100,A. Ridge,6,g,5,,2,3,Burned Husk,1,
15,A. Ridge,6,g,6,80,4,6,Ice Crystal,2,
15,A. Ridge,6,g,6,80,4,6,Lightcrystal,2,
10,A. Ridge,6,g,6,80,4,6,Dragonite Ore,2,
10,A. Ridge,6,g,6,80,4,6,Carbalite Ore,1,
10,A. Ridge,6,g,6,80,4,6,Eltalite Ore,1,
10,A. Ridge,6,g,6,80,4,6,Lazurite Jewel,1,
10,A. Ridge,6,g,6,80,4,6,Auristone Piece,1,
10,A. Ridge,6,g,6,80,4,6,Auristone Chunk,1,
5,A. Ridge,6,g,6,80,4,6,Adv Armor Sphere,1,
5,A. Ridge,6,g,6,80,4,6,Shining Charm,1,
20,A. Ridge,6,g,7,20,4,6,Eltalite Ore,1,
15,A. Ridge,6,g,7,20,4,6,Adamant Orb,1,
15,A. Ridge,6,g,7,20,4,6,Adv Armor Sphere,1,
15,A. Ridge,6,g,7,20,4,6,Shining Charm,1,
10,A. Ridge,6,g,7,20,4,6,Carbalite Ore,1,
10,A. Ridge,6,g,7,20,4,6,Timeworn Charm,1,
10,A. Ridge,6,g,7,20,4,6,Auristone Chunk,1,
5,A. Ridge,6,g,7,20,4,6,Novacrystal,1,
45,A. Ridge,6,g,8,80,4,6,Huskberry,1,
45,A. Ridge,6,g,8,80,4,6,Paintberry,1,
10,A. Ridge,6,g,8,80,4,6,Adamant Seed,1,
25,A. Ridge,6,g,9,20,4,6,Huskberry,2,
25,A. Ridge,6,g,9,20,4,6,Paintberry,1,
20,A. Ridge,6,g,9,20,4,6,Adamant Seed,1,
15,A. Ridge,6,g,9,20,4,6,Huskberry,3,
15,A. Ridge,6,g,9,20,4,6,Paintberry,2,
60,A. Ridge,7,low,1,,2,4,Whetstone,1,
15,A. Ridge,7,low,1,,2,4,Stone,1,
15,A. Ridge,7,low,1,,2,4,Decayed Scale,1,
10,A. Ridge,7,low,1,,2,4,Stone,2,
57,A. Ridge,7,low,2,,4,6,Throwing Knife,1,
28,A. Ridge,7,low,2,,4,6,Paintball,1,
15,A. Ridge,7,low,2,,4,6,Psychoserum,1,
57,A. Ridge,7,low,3,,4,6,Ration,1,
28,A. Ridge,7,low,3,,4,6,Paintball,1,
15,A. Ridge,7,low,3,,4,6,Net,1,
65,A. Ridge,7,low,4,,1,1,Honey,1,
25,A. Ridge,7,low,4,,1,1,Mountain Herbs,1,
10,A. Ridge,7,low,4,,1,1,Insect Husk,1,
35,A. Ridge,7,low,5,60,4,6,Herb,1,
25,A. Ridge,7,low,5,60,4,6,Mountain Herbs,1,
20,A. Ridge,7,low,5,60,4,6,Ivy,1,
10,A. Ridge,7,low,5,60,4,6,Sleep Herb,1,
10,A. Ridge,7,low,5,60,4,6,Sap Plant,1,
25,A. Ridge,7,low,6,40,4,6,Gloamgrass Root,1,
25,A. Ridge,7,low,6,40,4,6,Mountain Herbs,1,
20,A. Ridge,7,low,6,40,4,6,Mountain Herbs,2,
15,A. Ridge,7,low,6,40,4,6,Herb,1,
15,A. Ridge,7,low,6,40,4,6,Snow Herb,1,
80,A. Ridge,7,low,7,80,3,5,Ice Ambrosia,1,
20,A. Ridge,7,low,7,80,3,5,Power Jelly,1,
35,A. Ridge,7,low,8,20,3,5,Ice Ambrosia,1,
25,A. Ridge,7,low,8,20,3,5,Larval Extract,1,
25,A. Ridge,7,low,8,20,3,5,Power Jelly,1,
15,A. Ridge,7,low,8,20,3,5,Ice Ambrosia,2,
60,A. Ridge,7,high,1,,2,4,Whetstone,1,
20,A. Ridge,7,high,1,,2,4,Stone,3,
15,A. Ridge,7,high,1,,2,4,Decayed Scale,1,
5,A. Ridge,7,high,1,,2,4,Stone,2,
57,A. Ridge,7,high,2,,4,6,Throwing Knife,1,
28,A. Ridge,7,high,2,,4,6,Paintball,1,
15,A. Ridge,7,high,2,,4,6,Psychoserum,1,
57,A. Ridge,7,high,3,,4,6,Ration,1,
28,A. Ridge,7,high,3,,4,6,Paintball,1,
15,A. Ridge,7,high,3,,4,6,Net,1,
65,A. Ridge,7,high,4,,1,1,Honey,1,
25,A. Ridge,7,high,4,,1,1,Mountain Herbs,1,
10,A. Ridge,7,high,4,,1,1,Insect Husk,1,
100,A. Ridge,7,high,5,,2,3,Burned Husk,1,
35,A. Ridge,7,high,6,60,4,6,Herb,1,
25,A. Ridge,7,high,6,60,4,6,Mountain Herbs,1,
20,A. Ridge,7,high,6,60,4,6,Ivy,1,
10,A. Ridge,7,high,6,60,4,6,Sleep Herb,1,
10,A. Ridge,7,high,6,60,4,6,Sap Plant,1,
25,A. Ridge,7,high,7,40,4,6,Gloamgrass Root,1,
25,A. Ridge,7,high,7,40,4,6,Mountain Herbs,1,
20,A. Ridge,7,high,7,40,4,6,Mountain Herbs,2,
15,A. Ridge,7,high,7,40,4,6,Herb,1,
15,A. Ridge,7,high,7,40,4,6,Snow Herb,1,
80,A. Ridge,7,high,8,80,3,5,Ice Ambrosia,1,
20,A. Ridge,7,high,8,80,3,5,Power Jelly,1,
25,A. Ridge,7,high,9,20,3,5,Larval Extract,1,
25,A. Ridge,7,high,9,20,3,5,Paralarval Extract,1,
25,A. Ridge,7,high,9,20,3,5,Power Jelly,1,
15,A. Ridge,7,high,9,20,3,5,Ice Ambrosia,1,
10,A. Ridge,7,high,9,20,3,5,Ice Ambrosia,2,
60,A. Ridge,7,g,1,,2,4,Whetstone,1,
20,A. Ridge,7,g,1,,2,4,Stone,3,
15,A. Ridge,7,g,1,,2,4,Decayed Scale,1,
5,A. Ridge,7,g,1,,2,4,Stone,2,
57,A. Ridge,7,g,2,,4,6,Throwing Knife,1,
28,A. Ridge,7,g,2,,4,6,Paintball,1,
15,A. Ridge,7,g,2,,4,6,Psychoserum,1,
57,A. Ridge,7,g,3,,4,6,Ration,1,
28,A. Ridge,7,g,3,,4,6,Paintball,1,
15,A. Ridge,7,g,3,,4,6,Net,1,
65,A. Ridge,7,g,4,,1,1,Honey,1,
25,A. Ridge,7,g,4,,1,1,Mountain Herbs,1,
10,A. Ridge,7,g,4,,1,1,Insect Husk,1,
100,A. Ridge,7,g,5,,2,3,Burned Husk,1,
35,A. Ridge,7,g,6,60,4,6,Herb,1,
25,A. Ridge,7,g,6,60,4,6,Mountain Herbs,1,
20,A. Ridge,7,g,6,60,4,6,Ivy,1,
10,A. Ridge,7,g,6,60,4,6,Sleep Herb,1,
10,A. Ridge,7,g,6,60,4,6,Sap Plant,1,
25,A. Ridge,7,g,7,40,4,6,Gloamgrass Root,1,
25,A. Ridge,7,g,7,40,4,6,Mountain Herbs,1,
20,A. Ridge,7,g,7,40,4,6,Mountain Herbs,2,
15,A. Ridge,7,g,7,40,4,6,Herb,1,
15,A. Ridge,7,g,7,40,4,6,Snow Herb,1,
70,A. Ridge,7,g,8,80,3,5,Ice Ambrosia,1,
20,A. Ridge,7,g,8,80,3,5,Power Jelly,1,
10,A. Ridge,7,g,8,80,3,5,Larval Extract,1,
35,A. Ridge,7,g,9,20,3,5,Paralarval Extract,1,
25,A. Ridge,7,g,9,20,3,5,Power Jelly,1,
15,A. Ridge,7,g,9,20,3,5,Larval Extract,1,
15,A. Ridge,7,g,9,20,3,5,Ice Ambrosia,1,
10,A. Ridge,7,g,9,20,3,5,Ice Ambrosia,2,
65,A. Ridge,8,low,1,,,,Honey,1,∞
25,A. Ridge,8,low,1,,,,Mountain Herbs,1,∞
10,A. Ridge,8,low,1,,,,Insect Husk,1,∞
60,A. Ridge,8,low,2,,2,4,Whetstone,1,
15,A. Ridge,8,low,2,,2,4,Stone,1,
15,A. Ridge,8,low,2,,2,4,Decayed Scale,1,
10,A. Ridge,8,low,2,,2,4,Stone,2,
25,A. Ridge,8,low,3,,4,8,Khezu Whelp,1,
20,A. Ridge,8,low,3,,4,8,Disc Stone,1,
20,A. Ridge,8,low,3,,4,8,Ice Crystal,1,
15,A. Ridge,8,low,3,,4,8,Machalite Ore,1,
15,A. Ridge,8,low,3,,4,8,Decayed Scale,1,
5,A. Ridge,8,low,3,,4,8,Armor Sphere,1,
35,A. Ridge,8,low,4,,5,7,Mountain Herbs,1,
25,A. Ridge,8,low,4,,5,7,Mountain Herbs,2,
20,A. Ridge,8,low,4,,5,7,Sleep Herb,1,
20,A. Ridge,8,low,4,,5,7,Snow Herb,1,
65,A. Ridge,8,low,5,,1,1,Honey,1,
25,A. Ridge,8,low,5,,1,1,Mountain Herbs,1,
10,A. Ridge,8,low,5,,1,1,Insect Husk,1,
80,A. Ridge,8,low,6,80,3,5,Ice Ambrosia,1,
20,A. Ridge,8,low,6,80,3,5,Power Jelly,1,
35,A. Ridge,8,low,7,20,3,5,Ice Ambrosia,1,
25,A. Ridge,8,low,7,20,3,5,Larval Extract,1,
25,A. Ridge,8,low,7,20,3,5,Power Jelly,1,
15,A. Ridge,8,low,7,20,3,5,Ice Ambrosia,2,
35,A. Ridge,8,low,8,60,4,6,Herb,1,
25,A. Ridge,8,low,8,60,4,6,Mountain Herbs,1,
20,A. Ridge,8,low,8,60,4,6,Ivy,1,
10,A. Ridge,8,low,8,60,4,6,Sleep Herb,1,
10,A. Ridge,8,low,8,60,4,6,Sap Plant,1,
25,A. Ridge,8,low,9,40,4,6,Gloamgrass Root,1,
25,A. Ridge,8,low,9,40,4,6,Mountain Herbs,1,
20,A. Ridge,8,low,9,40,4,6,Mountain Herbs,2,
15,A. Ridge,8,low,9,40,4,6,Herb,1,
15,A. Ridge,8,low,9,40,4,6,Snow Herb,1,
65,A. Ridge,8,high,1,,,,Honey,1,∞
25,A. Ridge,8,high,1,,,,Mountain Herbs,1,∞
10,A. Ridge,8,high,1,,,,Insect Husk,1,∞
60,A. Ridge,8,high,2,,2,4,Whetstone,1,
20,A. Ridge,8,high,2,,2,4,Stone,3,
15,A. Ridge,8,high,2,,2,4,Decayed Scale,1,
5,A. Ridge,8,high,2,,2,4,Stone,2,
25,A. Ridge,8,high,3,,4,8,Khezu Whelp,1,
20,A. Ridge,8,high,3,,4,8,Decayed Scale,1,
15,A. Ridge,8,high,3,,4,8,Machalite Ore,1,
12,A. Ridge,8,high,3,,4,8,Dragonite Ore,1,
10,A. Ridge,8,high,3,,4,8,Ice Crystal,1,
10,A. Ridge,8,high,3,,4,8,Armor Sphere,1,
5,A. Ridge,8,high,3,,4,8,Disc Stone,1,
3,A. Ridge,8,high,3,,4,8,Rustshard,1,
35,A. Ridge,8,high,4,,5,7,Mountain Herbs,1,
25,A. Ridge,8,high,4,,5,7,Mountain Herbs,2,
20,A. Ridge,8,high,4,,5,7,Sleep Herb,1,
20,A. Ridge,8,high,4,,5,7,Snow Herb,1,
65,A. Ridge,8,high,5,,1,1,Honey,1,
25,A. Ridge,8,high,5,,1,1,Mountain Herbs,1,
10,A. Ridge,8,high,5,,1,1,Insect Husk,1,
100,A. Ridge,8,high,6,,2,3,Burned Husk,1,
80,A. Ridge,8,high,7,80,3,5,Ice Ambrosia,1,
20,A. Ridge,8,high,7,80,3,5,Power Jelly,1,
25,A. Ridge,8,high,8,20,3,5,Larval Extract,1,
25,A. Ridge,8,high,8,20,3,5,Paralarval Extract,1,
25,A. Ridge,8,high,8,20,3,5,Power Jelly,1,
15,A. Ridge,8,high,8,20,3,5,Ice Ambrosia,1,
10,A. Ridge,8,high,8,20,3,5,Ice Ambrosia,2,
35,A. Ridge,8,high,9,60,4,6,Herb,1,
25,A. Ridge,8,high,9,60,4,6,Mountain Herbs,1,
20,A. Ridge,8,high,9,60,4,6,Ivy,1,
10,A. Ridge,8,high,9,60,4,6,Sleep Herb,1,
10,A. Ridge,8,high,9,60,4,6,Sap Plant,1,
25,A. Ridge,8,high,10,40,4,6,Gloamgrass Root,1,
25,A. Ridge,8,high,10,40,4,6,Mountain Herbs,1,
20,A. Ridge,8,high,10,40,4,6,Mountain Herbs,2,
15,A. Ridge,8,high,10,40,4,6,Herb,1,
15,A. Ridge,8,high,10,40,4,6,Snow Herb,1,
65,A. Ridge,8,g,1,,,,Honey,1,∞
25,A. Ridge,8,g,1,,,,Mountain Herbs,1,∞
10,A. Ridge,8,g,1,,,,Insect Husk,1,∞
60,A. Ridge,8,g,2,,2,4,Whetstone,1,
20,A. Ridge,8,g,2,,2,4,Stone,3,
15,A. Ridge,8,g,2,,2,4,Decayed Scale,1,
5,A. Ridge,8,g,2,,2,4,Stone,2,
25,A. Ridge,8,g,3,,4,8,Khezu Whelp,1,
20,A. Ridge,8,g,3,,4,8,Eltalite Ore,1,
20,A. Ridge,8,g,3,,4,8,Decayed Scale,1,
12,A. Ridge,8,g,3,,4,8,Carbalite Ore,1,
10,A. Ridge,8,g,3,,4,8,Adv Armor Sphere,1,
5,A. Ridge,8,g,3,,4,8,Ice Crystal,2,
5,A. Ridge,8,g,3,,4,8,Timeworn Charm,1,
3,A. Ridge,8,g,3,,4,8,Ancient Shard,1,
35,A. Ridge,8,g,4,,5,7,Mountain Herbs,1,
25,A. Ridge,8,g,4,,5,7,Mountain Herbs,2,
20,A. Ridge,8,g,4,,5,7,Sleep Herb,1,
20,A. Ridge,8,g,4,,5,7,Snow Herb,1,
65,A. Ridge,8,g,5,,1,1,Honey,1,
25,A. Ridge,8,g,5,,1,1,Mountain Herbs,1,
10,A. Ridge,8,g,5,,1,1,Insect Husk,1,
100,A. Ridge,8,g,6,,2,3,Burned Husk,1,
70,A. Ridge,8,g,7,80,3,5,Ice Ambrosia,1,
20,A. Ridge,8,g,7,80,3,5,Power Jelly,1,
10,A. Ridge,8,g,7,80,3,5,Larval Extract,1,
35,A. Ridge,8,g,8,20,3,5,Paralarval Extract,1,
25,A. Ridge,8,g,8,20,3,5,Power Jelly,1,
15,A. Ridge,8,g,8,20,3,5,Larval Extract,1,
15,A. Ridge,8,g,8,20,3,5,Ice Ambrosia,1,
10,A. Ridge,8,g,8,20,3,5,Ice Ambrosia,2,
35,A. Ridge,8,g,9,60,4,6,Herb,1,
25,A. Ridge,8,g,9,60,4,6,Mountain Herbs,1,
20,A. Ridge,8,g,9,60,4,6,Ivy,1,
10,A. Ridge,8,g,9,60,4,6,Sleep Herb,1,
10,A. Ridge,8,g,9,60,4,6,Sap Plant,1,
25,A. Ridge,8,g,10,40,4,6,Gloamgrass Root,1,
25,A. Ridge,8,g,10,40,4,6,Mountain Herbs,1,
20,A. Ridge,8,g,10,40,4,6,Mountain Herbs,2,
15,A. Ridge,8,g,10,40,4,6,Herb,1,
15,A. Ridge,8,g,10,40,4,6,Snow Herb,1,
20,A. Ridge,9,low,1,,2,3,Carbalite Ore,1,
20,A. Ridge,9,low,1,,2,3,Armor Sphere,1,
20,A. Ridge,9,low,1,,2,3,Mystery Charm,1,
20,A. Ridge,9,low,1,,2,3,Shining Charm,1,
15,A. Ridge,9,low,1,,2,3,Bloodrun Jewel,1,
5,A. Ridge,9,low,1,,2,3,Lightcrystal,1,
40,A. Ridge,9,low,2,,2,3,Lightcrystal,1,
20,A. Ridge,9,low,2,,2,3,Mystery Charm,1,
20,A. Ridge,9,low,2,,2,3,Shining Charm,1,
20,A. Ridge,9,low,2,,2,3,Rustshard,1,
25,A. Ridge,9,low,3,,2,3,Mystery Charm,1,
25,A. Ridge,9,low,3,,2,3,Shining Charm,1,
25,A. Ridge,9,low,3,,2,3,Unknown Skull,1,
25,A. Ridge,9,low,3,,2,3,Decayed Scale,1,
25,A. Ridge,9,low,4,,3,4,Royal Rhino,1,
20,A. Ridge,9,low,4,,3,4,Shiny Beetle,1,
20,A. Ridge,9,low,4,,3,4,Hercudrome,1,
20,A. Ridge,9,low,4,,3,4,King Scarab,1,
15,A. Ridge,9,low,4,,3,4,Divine Rhino,1,
20,A. Ridge,9,high,1,,2,3,Carbalite Ore,1,
20,A. Ridge,9,high,1,,2,3,Armor Sphere,1,
20,A. Ridge,9,high,1,,2,3,Mystery Charm,1,
20,A. Ridge,9,high,1,,2,3,Shining Charm,1,
15,A. Ridge,9,high,1,,2,3,Bloodrun Jewel,1,
5,A. Ridge,9,high,1,,2,3,Lightcrystal,1,
40,A. Ridge,9,high,2,,2,3,Lightcrystal,1,
20,A. Ridge,9,high,2,,2,3,Mystery Charm,1,
20,A. Ridge,9,high,2,,2,3,Shining Charm,1,
20,A. Ridge,9,high,2,,2,3,Rustshard,1,
25,A. Ridge,9,high,3,,2,3,Mystery Charm,1,
25,A. Ridge,9,high,3,,2,3,Shining Charm,1,
25,A. Ridge,9,high,3,,2,3,Unknown Skull,1,
25,A. Ridge,9,high,3,,2,3,Decayed Scale,1,
25,A. Ridge,9,high,4,,3,4,Royal Rhino,1,
20,A. Ridge,9,high,4,,3,4,Shiny Beetle,1,
20,A. Ridge,9,high,4,,3,4,Hercudrome,1,
20,A. Ridge,9,high,4,,3,4,King Scarab,1,
15,A. Ridge,9,high,4,,3,4,Divine Rhino,1,
20,A. Ridge,9,g,1,,2,3,Eltalite Ore,1,
20,A. Ridge,9,g,1,,2,3,Adv Armor Sphere,1,
20,A. Ridge,9,g,1,,2,3,Shining Charm,1,
20,A. Ridge,9,g,1,,2,3,Timeworn Charm,1,
15,A. Ridge,9,g,1,,2,3,Adamant Orb,1,
5,A. Ridge,9,g,1,,2,3,Novacrystal,1,
40,A. Ridge,9,g,2,,2,3,Novacrystal,1,
20,A. Ridge,9,g,2,,2,3,Shining Charm,1,
20,A. Ridge,9,g,2,,2,3,Timeworn Charm,1,
20,A. Ridge,9,g,2,,2,3,Ancient Shard,1,
25,A. Ridge,9,g,3,,2,3,Shining Charm,1,
25,A. Ridge,9,g,3,,2,3,Timeworn Charm,1,
25,A. Ridge,9,g,3,,2,3,Unknown Skull,1,
25,A. Ridge,9,g,3,,2,3,Decayed Scale,1,
35,A. Ridge,9,g,4,,3,4,Emperor Hopper,1,
25,A. Ridge,9,g,4,,3,4,King Scarab,1,
25,A. Ridge,9,g,4,,3,4,Rare Scarab,1,
15,A. Ridge,9,g,4,,3,4,Divine Rhino,1,
65,M. Peaks,0,low,1,,1,1,Honey,1,
30,M. Peaks,0,low,1,,1,1,Royal Honey,1,
5,M. Peaks,0,low,1,,1,1,Snakebee Larva,1,
65,M. Peaks,0,high,1,,1,1,Honey,1,
30,M. Peaks,0,high,1,,1,1,Royal Honey,1,
5,M. Peaks,0,high,1,,1,1,Snakebee Larva,1,
100,M. Peaks,0,high,2,,2,3,Burned Husk,1,
65,M. Peaks,0,g,1,,1,1,Honey,1,
30,M. Peaks,0,g,1,,1,1,Royal Honey,1,
5,M. Peaks,0,g,1,,1,1,Snakebee Larva,1,
100,M. Peaks,0,g,2,,2,3,Burned Husk,1,
35,M. Peaks,1,low,1,,4,6,Bitterbug,1,
30,M. Peaks,1,low,1,,4,6,Flashbug,1,
20,M. Peaks,1,low,1,,4,6,Royal Rhino,1,
15,M. Peaks,1,low,1,,4,6,Godbug,1,
65,M. Peaks,1,low,2,,6,8,Whetstone,1,
20,M. Peaks,1,low,2,,6,8,Stone,1,
15,M. Peaks,1,low,2,,6,8,Stone,2,
40,M. Peaks,1,low,3,,3,5,Herb,1,
35,M. Peaks,1,low,3,,3,5,Herb,2,
15,M. Peaks,1,low,3,,3,5,Ivy,1,
10,M. Peaks,1,low,3,,3,5,Sap Plant,1,
30,M. Peaks,1,low,4,,4,6,Paintberry,1,
20,M. Peaks,1,low,4,,4,6,Huskberry,1,
20,M. Peaks,1,low,4,,4,6,Needleberry,1,
15,M. Peaks,1,low,4,,4,6,Huskberry,2,
15,M. Peaks,1,low,4,,4,6,Needleberry,2,
80,M. Peaks,1,low,5,80,3,5,Water Ambrosia,1,
20,M. Peaks,1,low,5,80,3,5,Heavy Jelly,1,
35,M. Peaks,1,low,6,20,3,5,Water Ambrosia,1,
25,M. Peaks,1,low,6,20,3,5,Larval Extract,1,
25,M. Peaks,1,low,6,20,3,5,Heavy Jelly,1,
15,M. Peaks,1,low,6,20,3,5,Water Ambrosia,2,
35,M. Peaks,1,high,1,,4,6,Bitterbug,1,
25,M. Peaks,1,high,1,,4,6,Flashbug,1,
15,M. Peaks,1,high,1,,4,6,Godbug,1,
10,M. Peaks,1,high,1,,4,6,Hercudrome,1,
10,M. Peaks,1,high,1,,4,6,Royal Rhino,1,
5,M. Peaks,1,high,1,,4,6,Divine Rhino,1,
65,M. Peaks,1,high,2,,6,8,Whetstone,1,
25,M. Peaks,1,high,2,,6,8,Stone,2,
10,M. Peaks,1,high,2,,6,8,Stone,1,
40,M. Peaks,1,high,3,,3,5,Herb,1,
35,M. Peaks,1,high,3,,3,5,Herb,2,
15,M. Peaks,1,high,3,,3,5,Ivy,1,
10,M. Peaks,1,high,3,,3,5,Sap Plant,1,
30,M. Peaks,1,high,4,,4,6,Paintberry,1,
20,M. Peaks,1,high,4,,4,6,Huskberry,1,
20,M. Peaks,1,high,4,,4,6,Needleberry,1,
15,M. Peaks,1,high,4,,4,6,Huskberry,2,
15,M. Peaks,1,high,4,,4,6,Needleberry,2,
80,M. Peaks,1,high,5,80,3,5,Water Ambrosia,1,
20,M. Peaks,1,high,5,80,3,5,Heavy Jelly,1,
25,M. Peaks,1,high,6,20,3,5,Larval Extract,1,
25,M. Peaks,1,high,6,20,3,5,Paralarval Extract,1,
25,M. Peaks,1,high,6,20,3,5,Heavy Jelly,1,
15,M. Peaks,1,high,6,20,3,5,Water Ambrosia,1,
10,M. Peaks,1,high,6,20,3,5,Water Ambrosia,2,
25,M. Peaks,1,g,1,,4,6,Royal Rhino,1,
20,M. Peaks,1,g,1,,4,6,Emperor Hopper,1,
20,M. Peaks,1,g,1,,4,6,Divine Rhino,1,
15,M. Peaks,1,g,1,,4,6,Bitterbug,2,
10,M. Peaks,1,g,1,,4,6,Godbug,2,
10,M. Peaks,1,g,1,,4,6,Thunderbug,2,
65,M. Peaks,1,g,2,,6,8,Whetstone,1,
25,M. Peaks,1,g,2,,6,8,Stone,2,
10,M. Peaks,1,g,2,,6,8,Stone,1,
40,M. Peaks,1,g,3,,3,5,Herb,1,
35,M. Peaks,1,g,3,,3,5,Herb,2,
15,M. Peaks,1,g,3,,3,5,Ivy,1,
10,M. Peaks,1,g,3,,3,5,Sap Plant,1,
30,M. Peaks,1,g,4,,4,6,Paintberry,1,
20,M. Peaks,1,g,4,,4,6,Huskberry,1,
20,M. Peaks,1,g,4,,4,6,Needleberry,1,
15,M. Peaks,1,g,4,,4,6,Huskberry,2,
15,M. Peaks,1,g,4,,4,6,Needleberry,2,
70,M. Peaks,1,g,5,80,3,5,Water Ambrosia,1,
20,M. Peaks,1,g,5,80,3,5,Heavy Jelly,1,
10,M. Peaks,1,g,5,80,3,5,Larval Extract,1,
35,M. Peaks,1,g,6,20,3,5,Larval Extract,1,
25,M. Peaks,1,g,6,20,3,5,Heavy Jelly,1,
15,M. Peaks,1,g,6,20,3,5,Paralarval Extract,1,
15,M. Peaks,1,g,6,20,3,5,Water Ambrosia,1,
10,M. Peaks,1,g,6,20,3,5,Water Ambrosia,2,
55,M. Peaks,2,low,1,,3,5,Dung,1,
35,M. Peaks,2,low,1,,3,5,Dung,2,
10,M. Peaks,2,low,1,,3,5,Monster Bone S,1,
90,M. Peaks,2,low,2,,3,5,Mystery Bone,1,
10,M. Peaks,2,low,2,,3,5,Unknown Skull,1,
40,M. Peaks,2,low,3,,3,5,Blue Mushroom,1,
30,M. Peaks,2,low,3,,3,5,Blue Mushroom,2,
15,M. Peaks,2,low,3,,3,5,Unique Mushroom,1,
12,M. Peaks,2,low,3,,3,5,Unique Mushroom,2,
3,M. Peaks,2,low,3,,3,5,Great Shroom,1,
35,M. Peaks,2,low,4,,4,6,Earth Crystal,1,
30,M. Peaks,2,low,4,,4,6,Iron Ore,1,
15,M. Peaks,2,low,4,,4,6,Balmstone Piece,2,
10,M. Peaks,2,low,4,,4,6,Machalite Ore,1,
10,M. Peaks,2,low,4,,4,6,Balmstone Piece,1,
65,M. Peaks,2,low,5,,1,1,Honey,1,
30,M. Peaks,2,low,5,,1,1,Royal Honey,1,
5,M. Peaks,2,low,5,,1,1,Snakebee Larva,1,
35,M. Peaks,2,low,6,80,3,5,Iron Ore,1,
35,M. Peaks,2,low,6,80,3,5,Earth Crystal,1,
15,M. Peaks,2,low,6,80,3,5,Balmstone Piece,1,
10,M. Peaks,2,low,6,80,3,5,Balmstone Piece,2,
5,M. Peaks,2,low,6,80,3,5,Machalite Ore,1,
30,M. Peaks,2,low,7,20,4,6,Iron Ore,1,
30,M. Peaks,2,low,7,20,4,6,Earth Crystal,1,
15,M. Peaks,2,low,7,20,4,6,Armor Sphere,1,
15,M. Peaks,2,low,7,20,4,6,Balmstone Piece,2,
10,M. Peaks,2,low,7,20,4,6,Machalite Ore,1,
30,M. Peaks,2,low,8,70,3,5,Antidote Herb,1,
30,M. Peaks,2,low,8,70,3,5,Sleep Herb,1,
20,M. Peaks,2,low,8,70,3,5,Ivy,1,
10,M. Peaks,2,low,8,70,3,5,Herb,1,
10,M. Peaks,2,low,8,70,3,5,Sap Plant,1,
35,M. Peaks,2,low,9,30,4,6,Herb,2,
25,M. Peaks,2,low,9,30,4,6,Ivy,1,
25,M. Peaks,2,low,9,30,4,6,Sap Plant,1,
15,M. Peaks,2,low,9,30,4,6,Snow Herb,1,
55,M. Peaks,2,high,1,,3,5,Dung,2,
35,M. Peaks,2,high,1,,3,5,Dung,1,
10,M. Peaks,2,high,1,,3,5,Monster Bone S,1,
90,M. Peaks,2,high,2,,3,5,Mystery Bone,1,
10,M. Peaks,2,high,2,,3,5,Unknown Skull,1,
40,M. Peaks,2,high,3,,3,5,Blue Mushroom,1,
30,M. Peaks,2,high,3,,3,5,Blue Mushroom,2,
17,M. Peaks,2,high,3,,3,5,Unique Mushroom,1,
5,M. Peaks,2,high,3,,3,5,Dragon Toadstool,1,
5,M. Peaks,2,high,3,,3,5,Choice Mushroom,1,
3,M. Peaks,2,high,3,,3,5,Great Shroom,1,
15,M. Peaks,2,high,4,,4,6,Dragonite Ore,1,
10,M. Peaks,2,high,4,,4,6,Machalite Ore,1,
10,M. Peaks,2,high,4,,4,6,Carbalite Ore,1,
10,M. Peaks,2,high,4,,4,6,Armor Sphere+,1,
10,M. Peaks,2,high,4,,4,6,Adv Armor Sphere,1,
10,M. Peaks,2,high,4,,4,6,Mystery Charm,1,
10,M. Peaks,2,high,4,,4,6,Shining Charm,1,
10,M. Peaks,2,high,4,,4,6,Balmstone Piece,1,
5,M. Peaks,2,high,4,,4,6,Iron Ore,2,
5,M. Peaks,2,high,4,,4,6,Earth Crystal,2,
5,M. Peaks,2,high,4,,4,6,Balmstone Chunk,1,
65,M. Peaks,2,high,5,,1,1,Honey,1,
30,M. Peaks,2,high,5,,1,1,Royal Honey,1,
5,M. Peaks,2,high,5,,1,1,Snakebee Larva,1,
100,M. Peaks,2,high,6,,2,3,Burned Husk,1,
25,M. Peaks,2,high,7,80,3,5,Bealite Ore,1,
13,M. Peaks,2,high,7,80,3,5,Machalite Ore,1,
12,M. Peaks,2,high,7,80,3,5,Dragonite Ore,1,
11,M. Peaks,2,high,7,80,3,5,Mystery Charm,1,
7,M. Peaks,2,high,7,80,3,5,Iron Ore,2,
7,M. Peaks,2,high,7,80,3,5,Earth Crystal,2,
5,M. Peaks,2,high,7,80,3,5,Carbalite Ore,1,
5,M. Peaks,2,high,7,80,3,5,Armor Sphere,1,
5,M. Peaks,2,high,7,80,3,5,Armor Sphere+,1,
5,M. Peaks,2,high,7,80,3,5,Balmstone Piece,2,
5,M. Peaks,2,high,7,80,3,5,Balmstone Chunk,1,
20,M. Peaks,2,high,8,20,4,6,Adv Armor Sphere,1,
15,M. Peaks,2,high,8,20,4,6,Armor Sphere+,1,
15,M. Peaks,2,high,8,20,4,6,Mystery Charm,1,
15,M. Peaks,2,high,8,20,4,6,Shining Charm,1,
10,M. Peaks,2,high,8,20,4,6,Dragonite Ore,1,
10,M. Peaks,2,high,8,20,4,6,Carbalite Ore,1,
5,M. Peaks,2,high,8,20,4,6,Bealite Ore,1,
5,M. Peaks,2,high,8,20,4,6,Balmstone Piece,2,
5,M. Peaks,2,high,8,20,4,6,Balmstone Chunk,1,
30,M. Peaks,2,high,9,70,3,5,Antidote Herb,1,
30,M. Peaks,2,high,9,70,3,5,Sleep Herb,1,
20,M. Peaks,2,high,9,70,3,5,Ivy,1,
10,M. Peaks,2,high,9,70,3,5,Herb,1,
10,M. Peaks,2,high,9,70,3,5,Sap Plant,1,
35,M. Peaks,2,high,10,30,4,6,Herb,2,
25,M. Peaks,2,high,10,30,4,6,Ivy,1,
25,M. Peaks,2,high,10,30,4,6,Sap Plant,1,
15,M. Peaks,2,high,10,30,4,6,Snow Herb,1,
55,M. Peaks,2,g,1,,3,5,Dung,2,
35,M. Peaks,2,g,1,,3,5,Dung,1,
10,M. Peaks,2,g,1,,3,5,Monster Bone S,1,
90,M. Peaks,2,g,2,,3,5,Mystery Bone,1,
10,M. Peaks,2,g,2,,3,5,Unknown Skull,1,
40,M. Peaks,2,g,3,,3,5,Blue Mushroom,1,
30,M. Peaks,2,g,3,,3,5,Blue Mushroom,2,
17,M. Peaks,2,g,3,,3,5,Unique Mushroom,1,
5,M. Peaks,2,g,3,,3,5,Dragon Toadstool,1,
5,M. Peaks,2,g,3,,3,5,Choice Mushroom,1,
3,M. Peaks,2,g,3,,3,5,Great Shroom,1,
20,M. Peaks,2,g,4,,4,6,Eltalite Ore,1,
15,M. Peaks,2,g,4,,4,6,Earth Crystal,2,
10,M. Peaks,2,g,4,,4,6,Carbalite Ore,1,
10,M. Peaks,2,g,4,,4,6,Hard Armor Sphere,1,
10,M. Peaks,2,g,4,,4,6,Heavy Armor Sphere,1,
10,M. Peaks,2,g,4,,4,6,Shining Charm,1,
10,M. Peaks,2,g,4,,4,6,Timeworn Charm,1,
10,M. Peaks,2,g,4,,4,6,Balmstone Chunk,1,
5,M. Peaks,2,g,4,,4,6,Balmstone Piece,1,
65,M. Peaks,2,g,5,,1,1,Honey,1,
30,M. Peaks,2,g,5,,1,1,Royal Honey,1,
5,M. Peaks,2,g,5,,1,1,Snakebee Larva,1,
100,M. Peaks,2,g,6,,2,3,Burned Husk,1,
15,M. Peaks,2,g,7,80,3,5,Earth Crystal,2,
15,M. Peaks,2,g,7,80,3,5,Carbalite Ore,1,
15,M. Peaks,2,g,7,80,3,5,Eltalite Ore,1,
15,M. Peaks,2,g,7,80,3,5,Hard Armor Sphere,1,
10,M. Peaks,2,g,7,80,3,5,Bealite Ore,1,
10,M. Peaks,2,g,7,80,3,5,Adv Armor Sphere,1,
10,M. Peaks,2,g,7,80,3,5,Shining Charm,1,
5,M. Peaks,2,g,7,80,3,5,Balmstone Piece,2,
5,M. Peaks,2,g,7,80,3,5,Balmstone Chunk,1,
20,M. Peaks,2,g,8,20,4,6,Eltalite Ore,1,
20,M. Peaks,2,g,8,20,4,6,Heavy Armor Sphere,1,
20,M. Peaks,2,g,8,20,4,6,Timeworn Charm,1,
15,M. Peaks,2,g,8,20,4,6,Hard Armor Sphere,1,
10,M. Peaks,2,g,8,20,4,6,Carbalite Ore,1,
5,M. Peaks,2,g,8,20,4,6,Shining Charm,1,
5,M. Peaks,2,g,8,20,4,6,Balmstone Piece,2,
5,M. Peaks,2,g,8,20,4,6,Balmstone Chunk,1,
30,M. Peaks,2,g,9,70,3,5,Antidote Herb,1,
30,M. Peaks,2,g,9,70,3,5,Sleep Herb,1,
20,M. Peaks,2,g,9,70,3,5,Ivy,1,
10,M. Peaks,2,g,9,70,3,5,Herb,1,
10,M. Peaks,2,g,9,70,3,5,Sap Plant,1,
35,M. Peaks,2,g,10,30,4,6,Herb,2,
25,M. Peaks,2,g,10,30,4,6,Ivy,1,
25,M. Peaks,2,g,10,30,4,6,Sap Plant,1,
15,M. Peaks,2,g,10,30,4,6,Snow Herb,1,
85,M. Peaks,3,low,1,,8,12,Super Sprout,1,
10,M. Peaks,3,low,1,,8,12,Super Sprout,2,
5,M. Peaks,3,low,1,,8,12,Ivy,1,
85,M. Peaks,3,low,2,,8,12,Super Sprout,1,
10,M. Peaks,3,low,2,,8,12,Super Sprout,2,
5,M. Peaks,3,low,2,,8,12,Ivy,1,
75,M. Peaks,3,low,3,,3,5,Spider Web,1,
17,M. Peaks,3,low,3,,3,5,Mega Fishing Fly,1,
8,M. Peaks,3,low,3,,3,5,Insect Husk,1,
20,M. Peaks,3,low,4,,2,3,Bealite Ore,1,
20,M. Peaks,3,low,4,,2,3,Carbalite Ore,1,
20,M. Peaks,3,low,4,,2,3,Armor Sphere+,1,
20,M. Peaks,3,low,4,,2,3,Adv Armor Sphere,1,
10,M. Peaks,3,low,4,,2,3,Machalite Ore,1,
10,M. Peaks,3,low,4,,2,3,Balmstone Chunk,1,
35,M. Peaks,3,low,5,,2,3,Mystery Charm,1,
35,M. Peaks,3,low,5,,2,3,Shining Charm,1,
20,M. Peaks,3,low,5,,2,3,Rustshard,1,
10,M. Peaks,3,low,5,,2,3,Dragonite Ore,1,
30,M. Peaks,3,low,6,,4,5,Godbug,1,
30,M. Peaks,3,low,6,,4,5,Hercudrome,1,
30,M. Peaks,3,low,6,,4,5,King Scarab,1,
10,M. Peaks,3,low,6,,4,5,Divine Rhino,1,
40,M. Peaks,3,low,7,,3,5,Huskberry,2,
35,M. Peaks,3,low,7,,3,5,Needleberry,2,
25,M. Peaks,3,low,7,,3,5,Lagniapple,1,
65,M. Peaks,3,low,8,,1,1,Honey,1,
30,M. Peaks,3,low,8,,1,1,Royal Honey,1,
5,M. Peaks,3,low,8,,1,1,Snakebee Larva,1,
80,M. Peaks,3,low,9,80,3,5,Water Ambrosia,1,
20,M. Peaks,3,low,9,80,3,5,Heavy Jelly,1,
35,M. Peaks,3,low,10,20,3,5,Water Ambrosia,1,
25,M. Peaks,3,low,10,20,3,5,Larval Extract,1,
25,M. Peaks,3,low,10,20,3,5,Heavy Jelly,1,
15,M. Peaks,3,low,10,20,3,5,Water Ambrosia,2,
85,M. Peaks,3,high,1,,8,12,Super Sprout,1,
10,M. Peaks,3,high,1,,8,12,Super Sprout,2,
5,M. Peaks,3,high,1,,8,12,Ivy,1,
85,M. Peaks,3,high,2,,8,12,Super Sprout,1,
10,M. Peaks,3,high,2,,8,12,Super Sprout,2,
5,M. Peaks,3,high,2,,8,12,Ivy,1,
75,M. Peaks,3,high,3,,3,5,Spider Web,1,
17,M. Peaks,3,high,3,,3,5,Mega Fishing Fly,1,
8,M. Peaks,3,high,3,,3,5,Insect Husk,1,
20,M. Peaks,3,high,4,,2,3,Bealite Ore,1,
20,M. Peaks,3,high,4,,2,3,Carbalite Ore,1,
20,M. Peaks,3,high,4,,2,3,Armor Sphere+,1,
20,M. Peaks,3,high,4,,2,3,Adv Armor Sphere,1,
10,M. Peaks,3,high,4,,2,3,Machalite Ore,1,
10,M. Peaks,3,high,4,,2,3,Balmstone Chunk,1,
35,M. Peaks,3,high,5,,2,3,Mystery Charm,1,
35,M. Peaks,3,high,5,,2,3,Shining Charm,1,
20,M. Peaks,3,high,5,,2,3,Rustshard,1,
10,M. Peaks,3,high,5,,2,3,Dragonite Ore,1,
30,M. Peaks,3,high,6,,4,5,Godbug,1,
30,M. Peaks,3,high,6,,4,5,Hercudrome,1,
30,M. Peaks,3,high,6,,4,5,King Scarab,1,
10,M. Peaks,3,high,6,,4,5,Divine Rhino,1,
50,M. Peaks,3,high,7,,3,5,Lagniapple,1,
25,M. Peaks,3,high,7,,3,5,Big Lagniapple,1,
13,M. Peaks,3,high,7,,3,5,Huskberry,2,
12,M. Peaks,3,high,7,,3,5,Needleberry,2,
65,M. Peaks,3,high,8,,1,1,Honey,1,
30,M. Peaks,3,high,8,,1,1,Royal Honey,1,
5,M. Peaks,3,high,8,,1,1,Snakebee Larva,1,
100,M. Peaks,3,high,9,,2,3,Burned Husk,1,
80,M. Peaks,3,high,10,80,3,5,Water Ambrosia,1,
20,M. Peaks,3,high,10,80,3,5,Heavy Jelly,1,
25,M. Peaks,3,high,11,20,3,5,Larval Extract,1,
25,M. Peaks,3,high,11,20,3,5,Paralarval Extract,1,
25,M. Peaks,3,high,11,20,3,5,Heavy Jelly,1,
15,M. Peaks,3,high,11,20,3,5,Water Ambrosia,1,
10,M. Peaks,3,high,11,20,3,5,Water Ambrosia,2,
85,M. Peaks,3,g,1,,8,12,Super Sprout,1,
10,M. Peaks,3,g,1,,8,12,Super Sprout,2,
5,M. Peaks,3,g,1,,8,12,Ivy,1,
85,M. Peaks,3,g,2,,8,12,Super Sprout,1,
10,M. Peaks,3,g,2,,8,12,Super Sprout,2,
5,M. Peaks,3,g,2,,8,12,Ivy,1,
75,M. Peaks,3,g,3,,3,5,Spider Web,1,
17,M. Peaks,3,g,3,,3,5,Mega Fishing Fly,1,
8,M. Peaks,3,g,3,,3,5,Insect Husk,1,
30,M. Peaks,3,g,4,,2,3,Eltalite Ore,1,
20,M. Peaks,3,g,4,,2,3,Bealite Ore,2,
20,M. Peaks,3,g,4,,2,3,Hard Armor Sphere,1,
20,M. Peaks,3,g,4,,2,3,Heavy Armor Sphere,1,
10,M. Peaks,3,g,4,,2,3,Balmstone Chunk,1,
35,M. Peaks,3,g,5,,2,3,Shining Charm,1,
35,M. Peaks,3,g,5,,2,3,Timeworn Charm,1,
20,M. Peaks,3,g,5,,2,3,Ancient Shard,1,
10,M. Peaks,3,g,5,,2,3,Carbalite Ore,1,
40,M. Peaks,3,g,6,,4,5,King Scarab,1,
40,M. Peaks,3,g,6,,4,5,Emperor Hopper,1,
20,M. Peaks,3,g,6,,4,5,Divine Rhino,1,
50,M. Peaks,3,g,7,,3,5,Big Lagniapple,1,
25,M. Peaks,3,g,7,,3,5,Huge Lagniapple,1,
13,M. Peaks,3,g,7,,3,5,Huskberry,2,
12,M. Peaks,3,g,7,,3,5,Needleberry,2,
65,M. Peaks,3,g,8,,1,1,Honey,1,
30,M. Peaks,3,g,8,,1,1,Royal Honey,1,
5,M. Peaks,3,g,8,,1,1,Snakebee Larva,1,
100,M. Peaks,3,g,9,,2,3,Burned Husk,1,
70,M. Peaks,3,g,10,80,3,5,Water Ambrosia,1,
20,M. Peaks,3,g,10,80,3,5,Heavy Jelly,1,
10,M. Peaks,3,g,10,80,3,5,Larval Extract,1,
35,M. Peaks,3,g,11,20,3,5,Larval Extract,1,
25,M. Peaks,3,g,11,20,3,5,Heavy Jelly,1,
15,M. Peaks,3,g,11,20,3,5,Paralarval Extract,1,
15,M. Peaks,3,g,11,20,3,5,Water Ambrosia,1,
10,M. Peaks,3,g,11,20,3,5,Water Ambrosia,2,
70,M. Peaks,4,low,1,,4,6,Paintball,1,
20,M. Peaks,4,low,1,,4,6,Ration,1,
10,M. Peaks,4,low,1,,4,6,Throwing Knife,1,
90,M. Peaks,4,low,2,,3,5,Yukumo Wood,1,
10,M. Peaks,4,low,2,,3,5,Insect Husk,1,
35,M. Peaks,4,low,3,,3,5,Sleep Herb,1,
30,M. Peaks,4,low,3,,3,5,Antidote Herb,1,
20,M. Peaks,4,low,3,,3,5,Snow Herb,1,
15,M. Peaks,4,low,3,,3,5,Felvine,1,
35,M. Peaks,4,low,4,80,3,5,Iron Ore,1,
35,M. Peaks,4,low,4,80,3,5,Earth Crystal,1,
15,M. Peaks,4,low,4,80,3,5,Balmstone Piece,1,
10,M. Peaks,4,low,4,80,3,5,Balmstone Piece,2,
5,M. Peaks,4,low,4,80,3,5,Machalite Ore,1,
30,M. Peaks,4,low,5,20,4,6,Iron Ore,1,
30,M. Peaks,4,low,5,20,4,6,Earth Crystal,1,
15,M. Peaks,4,low,5,20,4,6,Armor Sphere,1,
15,M. Peaks,4,low,5,20,4,6,Balmstone Piece,2,
10,M. Peaks,4,low,5,20,4,6,Machalite Ore,1,
30,M. Peaks,4,low,6,,3,5,Paintberry,1,
20,M. Peaks,4,low,6,,3,5,Huskberry,1,
20,M. Peaks,4,low,6,,3,5,Needleberry,1,
15,M. Peaks,4,low,6,,3,5,Huskberry,2,
15,M. Peaks,4,low,6,,3,5,Needleberry,2,
30,M. Peaks,4,low,7,70,3,5,Antidote Herb,1,
30,M. Peaks,4,low,7,70,3,5,Sleep Herb,1,
20,M. Peaks,4,low,7,70,3,5,Ivy,1,
10,M. Peaks,4,low,7,70,3,5,Herb,1,
10,M. Peaks,4,low,7,70,3,5,Sap Plant,1,
35,M. Peaks,4,low,8,30,4,6,Herb,2,
25,M. Peaks,4,low,8,30,4,6,Ivy,1,
25,M. Peaks,4,low,8,30,4,6,Sap Plant,1,
15,M. Peaks,4,low,8,30,4,6,Snow Herb,1,
70,M. Peaks,4,high,1,,4,6,Paintball,1,
20,M. Peaks,4,high,1,,4,6,Ration,1,
10,M. Peaks,4,high,1,,4,6,Throwing Knife,1,
60,M. Peaks,4,high,2,,3,5,Yukumo Hardwood,1,
30,M. Peaks,4,high,2,,3,5,Yukumo Wood,1,
10,M. Peaks,4,high,2,,3,5,Insect Husk,1,
35,M. Peaks,4,high,3,,3,5,Sleep Herb,1,
30,M. Peaks,4,high,3,,3,5,Antidote Herb,1,
20,M. Peaks,4,high,3,,3,5,Snow Herb,1,
15,M. Peaks,4,high,3,,3,5,Felvine,1,
25,M. Peaks,4,high,4,80,3,5,Bealite Ore,1,
13,M. Peaks,4,high,4,80,3,5,Machalite Ore,1,
12,M. Peaks,4,high,4,80,3,5,Dragonite Ore,1,
11,M. Peaks,4,high,4,80,3,5,Mystery Charm,1,
7,M. Peaks,4,high,4,80,3,5,Iron Ore,2,
7,M. Peaks,4,high,4,80,3,5,Earth Crystal,2,
5,M. Peaks,4,high,4,80,3,5,Carbalite Ore,1,
5,M. Peaks,4,high,4,80,3,5,Armor Sphere,1,
5,M. Peaks,4,high,4,80,3,5,Armor Sphere+,1,
5,M. Peaks,4,high,4,80,3,5,Balmstone Piece,2,
5,M. Peaks,4,high,4,80,3,5,Balmstone Chunk,1,
20,M. Peaks,4,high,5,20,4,6,Adv Armor Sphere,1,
15,M. Peaks,4,high,5,20,4,6,Armor Sphere+,1,
15,M. Peaks,4,high,5,20,4,6,Mystery Charm,1,
15,M. Peaks,4,high,5,20,4,6,Shining Charm,1,
10,M. Peaks,4,high,5,20,4,6,Dragonite Ore,1,
10,M. Peaks,4,high,5,20,4,6,Carbalite Ore,1,
5,M. Peaks,4,high,5,20,4,6,Bealite Ore,1,
5,M. Peaks,4,high,5,20,4,6,Balmstone Piece,2,
5,M. Peaks,4,high,5,20,4,6,Balmstone Chunk,1,
30,M. Peaks,4,high,6,,3,5,Paintberry,1,
20,M. Peaks,4,high,6,,3,5,Huskberry,1,
20,M. Peaks,4,high,6,,3,5,Needleberry,1,
15,M. Peaks,4,high,6,,3,5,Huskberry,2,
15,M. Peaks,4,high,6,,3,5,Needleberry,2,
30,M. Peaks,4,high,7,70,3,5,Antidote Herb,1,
30,M. Peaks,4,high,7,70,3,5,Sleep Herb,1,
20,M. Peaks,4,high,7,70,3,5,Ivy,1,
10,M. Peaks,4,high,7,70,3,5,Herb,1,
10,M. Peaks,4,high,7,70,3,5,Sap Plant,1,
35,M. Peaks,4,high,8,30,4,6,Herb,2,
25,M. Peaks,4,high,8,30,4,6,Ivy,1,
25,M. Peaks,4,high,8,30,4,6,Sap Plant,1,
15,M. Peaks,4,high,8,30,4,6,Snow Herb,1,
70,M. Peaks,4,g,1,,4,6,Paintball,1,
20,M. Peaks,4,g,1,,4,6,Ration,1,
10,M. Peaks,4,g,1,,4,6,Throwing Knife,1,
50,M. Peaks,4,g,2,,3,5,Yukumo Stoutwood,1,
30,M. Peaks,4,g,2,,3,5,Yukumo Hardwood,1,
10,M. Peaks,4,g,2,,3,5,Yukumo Wood,2,
10,M. Peaks,4,g,2,,3,5,Insect Husk,1,
35,M. Peaks,4,g,3,,3,5,Sleep Herb,1,
30,M. Peaks,4,g,3,,3,5,Antidote Herb,1,
20,M. Peaks,4,g,3,,3,5,Snow Herb,1,
15,M. Peaks,4,g,3,,3,5,Felvine,1,
15,M. Peaks,4,g,4,80,3,5,Earth Crystal,2,
15,M. Peaks,4,g,4,80,3,5,Carbalite Ore,1,
15,M. Peaks,4,g,4,80,3,5,Eltalite Ore,1,
15,M. Peaks,4,g,4,80,3,5,Hard Armor Sphere,1,
10,M. Peaks,4,g,4,80,3,5,Bealite Ore,1,
10,M. Peaks,4,g,4,80,3,5,Adv Armor Sphere,1,
10,M. Peaks,4,g,4,80,3,5,Shining Charm,1,
5,M. Peaks,4,g,4,80,3,5,Balmstone Piece,2,
5,M. Peaks,4,g,4,80,3,5,Balmstone Chunk,1,
20,M. Peaks,4,g,5,20,4,6,Eltalite Ore,1,
20,M. Peaks,4,g,5,20,4,6,Heavy Armor Sphere,1,
20,M. Peaks,4,g,5,20,4,6,Timeworn Charm,1,
15,M. Peaks,4,g,5,20,4,6,Hard Armor Sphere,1,
10,M. Peaks,4,g,5,20,4,6,Carbalite Ore,1,
5,M. Peaks,4,g,5,20,4,6,Shining Charm,1,
5,M. Peaks,4,g,5,20,4,6,Balmstone Piece,2,
5,M. Peaks,4,g,5,20,4,6,Balmstone Chunk,1,
30,M. Peaks,4,g,6,,3,5,Paintberry,1,
20,M. Peaks,4,g,6,,3,5,Huskberry,1,
20,M. Peaks,4,g,6,,3,5,Needleberry,1,
15,M. Peaks,4,g,6,,3,5,Huskberry,2,
15,M. Peaks,4,g,6,,3,5,Needleberry,2,
30,M. Peaks,4,g,7,70,3,5,Antidote Herb,1,
30,M. Peaks,4,g,7,70,3,5,Sleep Herb,1,
20,M. Peaks,4,g,7,70,3,5,Ivy,1,
10,M. Peaks,4,g,7,70,3,5,Herb,1,
10,M. Peaks,4,g,7,70,3,5,Sap Plant,1,
35,M. Peaks,4,g,8,30,4,6,Herb,2,
25,M. Peaks,4,g,8,30,4,6,Ivy,1,
25,M. Peaks,4,g,8,30,4,6,Sap Plant,1,
15,M. Peaks,4,g,8,30,4,6,Snow Herb,1,
65,M. Peaks,5,low,1,,3,4,Honey,1,
30,M. Peaks,5,low,1,,3,4,Royal Honey,1,
5,M. Peaks,5,low,1,,3,4,Snakebee Larva,1,
65,M. Peaks,5,low,2,,4,6,Honey,1,
30,M. Peaks,5,low,2,,4,6,Royal Honey,1,
5,M. Peaks,5,low,2,,4,6,Snakebee Larva,1,
90,M. Peaks,5,low,3,,3,5,Yukumo Wood,1,
10,M. Peaks,5,low,3,,3,5,Insect Husk,1,
40,M. Peaks,5,low,4,,3,5,Blue Mushroom,1,
30,M. Peaks,5,low,4,,3,5,Blue Mushroom,2,
15,M. Peaks,5,low,4,,3,5,Unique Mushroom,1,
12,M. Peaks,5,low,4,,3,5,Unique Mushroom,2,
3,M. Peaks,5,low,4,,3,5,Great Shroom,1,
30,M. Peaks,5,low,5,80,3,5,Unique Mushroom,1,
25,M. Peaks,5,low,5,80,3,5,Nitroshroom,1,
25,M. Peaks,5,low,5,80,3,5,Toadstool,1,
20,M. Peaks,5,low,5,80,3,5,Mopeshroom,1,
30,M. Peaks,5,low,6,20,4,6,Nitroshroom,1,
30,M. Peaks,5,low,6,20,4,6,Mopeshroom,1,
20,M. Peaks,5,low,6,20,4,6,Unique Mushroom,2,
10,M. Peaks,5,low,6,20,4,6,Toadstool,1,
10,M. Peaks,5,low,6,20,4,6,Great Shroom,1,
40,M. Peaks,5,low,7,,3,5,Felvine,1,
40,M. Peaks,5,low,7,,3,5,Snow Herb,1,
20,M. Peaks,5,low,7,,3,5,Sap Plant,1,
65,M. Peaks,5,high,1,,3,4,Honey,1,
30,M. Peaks,5,high,1,,3,4,Royal Honey,1,
5,M. Peaks,5,high,1,,3,4,Snakebee Larva,1,
65,M. Peaks,5,high,2,,4,6,Honey,1,
30,M. Peaks,5,high,2,,4,6,Royal Honey,1,
5,M. Peaks,5,high,2,,4,6,Snakebee Larva,1,
60,M. Peaks,5,high,3,,3,5,Yukumo Hardwood,1,
30,M. Peaks,5,high,3,,3,5,Yukumo Wood,1,
10,M. Peaks,5,high,3,,3,5,Insect Husk,1,
40,M. Peaks,5,high,4,,3,5,Blue Mushroom,1,
30,M. Peaks,5,high,4,,3,5,Blue Mushroom,2,
17,M. Peaks,5,high,4,,3,5,Unique Mushroom,1,
5,M. Peaks,5,high,4,,3,5,Dragon Toadstool,1,
5,M. Peaks,5,high,4,,3,5,Choice Mushroom,1,
3,M. Peaks,5,high,4,,3,5,Great Shroom,1,
25,M. Peaks,5,high,5,80,3,5,Nitroshroom,1,
20,M. Peaks,5,high,5,80,3,5,Mopeshroom,1,
20,M. Peaks,5,high,5,80,3,5,Unique Mushroom,1,
15,M. Peaks,5,high,5,80,3,5,Toadstool,1,
15,M. Peaks,5,high,5,80,3,5,Dragon Toadstool,1,
5,M. Peaks,5,high,5,80,3,5,Choice Mushroom,1,
30,M. Peaks,5,high,6,20,4,6,Nitroshroom,1,
30,M. Peaks,5,high,6,20,4,6,Mopeshroom,1,
15,M. Peaks,5,high,6,20,4,6,Dragon Toadstool,1,
15,M. Peaks,5,high,6,20,4,6,Choice Mushroom,1,
10,M. Peaks,5,high,6,20,4,6,Great Shroom,1,
40,M. Peaks,5,high,7,,3,5,Felvine,1,
40,M. Peaks,5,high,7,,3,5,Snow Herb,1,
20,M. Peaks,5,high,7,,3,5,Sap Plant,1,
65,M. Peaks,5,g,1,,3,4,Honey,1,
30,M. Peaks,5,g,1,,3,4,Royal Honey,1,
5,M. Peaks,5,g,1,,3,4,Snakebee Larva,1,
65,M. Peaks,5,g,2,,4,6,Honey,1,
30,M. Peaks,5,g,2,,4,6,Royal Honey,1,
5,M. Peaks,5,g,2,,4,6,Snakebee Larva,1,
50,M. Peaks,5,g,3,,3,5,Yukumo Stoutwood,1,
30,M. Peaks,5,g,3,,3,5,Yukumo Hardwood,1,
10,M. Peaks,5,g,3,,3,5,Yukumo Wood,2,
10,M. Peaks,5,g,3,,3,5,Insect Husk,1,
40,M. Peaks,5,g,4,,3,5,Blue Mushroom,1,
30,M. Peaks,5,g,4,,3,5,Blue Mushroom,2,
17,M. Peaks,5,g,4,,3,5,Unique Mushroom,1,
5,M. Peaks,5,g,4,,3,5,Dragon Toadstool,1,
5,M. Peaks,5,g,4,,3,5,Choice Mushroom,1,
3,M. Peaks,5,g,4,,3,5,Great Shroom,1,
25,M. Peaks,5,g,5,80,3,5,Nitroshroom,1,
20,M. Peaks,5,g,5,80,3,5,Mopeshroom,1,
20,M. Peaks,5,g,5,80,3,5,Unique Mushroom,1,
15,M. Peaks,5,g,5,80,3,5,Toadstool,1,
15,M. Peaks,5,g,5,80,3,5,Dragon Toadstool,1,
5,M. Peaks,5,g,5,80,3,5,Choice Mushroom,1,
30,M. Peaks,5,g,6,20,4,6,Nitroshroom,1,
30,M. Peaks,5,g,6,20,4,6,Mopeshroom,1,
15,M. Peaks,5,g,6,20,4,6,Dragon Toadstool,1,
15,M. Peaks,5,g,6,20,4,6,Choice Mushroom,1,
10,M. Peaks,5,g,6,20,4,6,Great Shroom,1,
40,M. Peaks,5,g,7,,3,5,Felvine,1,
40,M. Peaks,5,g,7,,3,5,Snow Herb,1,
20,M. Peaks,5,g,7,,3,5,Sap Plant,1,
85,M. Peaks,6,low,1,,,,Worm,1,∞
10,M. Peaks,6,low,1,,,,Frog,1,∞
5,M. Peaks,6,low,1,,,,Stone,1,∞
75,M. Peaks,6,low,2,,3,5,Water Ambrosia,1,
10,M. Peaks,6,low,2,,3,5,Heavy Jelly,1,
10,M. Peaks,6,low,2,,3,5,Water Ambrosia,2,
5,M. Peaks,6,low,2,,3,5,Larval Extract,1,
30,M. Peaks,6,low,3,,3,5,Nulberry,1,
20,M. Peaks,6,low,3,,3,5,Huskberry,1,
20,M. Peaks,6,low,3,,3,5,Needleberry,1,
15,M. Peaks,6,low,3,,3,5,Huskberry,2,
15,M. Peaks,6,low,3,,3,5,Needleberry,2,
35,M. Peaks,6,low,4,80,3,5,Iron Ore,1,
35,M. Peaks,6,low,4,80,3,5,Earth Crystal,1,
15,M. Peaks,6,low,4,80,3,5,Balmstone Piece,1,
10,M. Peaks,6,low,4,80,3,5,Balmstone Piece,2,
5,M. Peaks,6,low,4,80,3,5,Machalite Ore,1,
30,M. Peaks,6,low,5,20,4,6,Iron Ore,1,
30,M. Peaks,6,low,5,20,4,6,Earth Crystal,1,
15,M. Peaks,6,low,5,20,4,6,Armor Sphere,1,
15,M. Peaks,6,low,5,20,4,6,Balmstone Piece,2,
10,M. Peaks,6,low,5,20,4,6,Machalite Ore,1,
30,M. Peaks,6,low,6,70,3,5,Antidote Herb,1,
30,M. Peaks,6,low,6,70,3,5,Sleep Herb,1,
20,M. Peaks,6,low,6,70,3,5,Ivy,1,
10,M. Peaks,6,low,6,70,3,5,Herb,1,
10,M. Peaks,6,low,6,70,3,5,Sap Plant,1,
35,M. Peaks,6,low,7,30,4,6,Herb,2,
25,M. Peaks,6,low,7,30,4,6,Ivy,1,
25,M. Peaks,6,low,7,30,4,6,Sap Plant,1,
15,M. Peaks,6,low,7,30,4,6,Snow Herb,1,
45,M. Peaks,6,low,8,70,4,6,Latchberry,1,
20,M. Peaks,6,low,8,70,4,6,Nulberry,1,
15,M. Peaks,6,low,8,70,4,6,Huskberry,2,
15,M. Peaks,6,low,8,70,4,6,Needleberry,2,
5,M. Peaks,6,low,8,70,4,6,Scatternut,1,
35,M. Peaks,6,low,9,30,4,6,Latchberry,1,
20,M. Peaks,6,low,9,30,4,6,Nulberry,1,
20,M. Peaks,6,low,9,30,4,6,Latchberry,2,
15,M. Peaks,6,low,9,30,4,6,Scatternut,1,
10,M. Peaks,6,low,9,30,4,6,Nulberry,2,
100,M. Peaks,6,low,10,,,,Sushifish,1,Sushifish Bait
100,M. Peaks,6,low,11,,,,Burst Arowana,1,Burst Bait
100,M. Peaks,6,low,12,,,,Goldenfish,1,Goldenfish Bait
75,M. Peaks,6,low,13,,,,Small Goldenfish,1,Mega Fishing Fly
25,M. Peaks,6,low,13,,,,Goldenfish,1,Mega Fishing Fly
18,M. Peaks,6,low,14,,,,Whetfish,1,
18,M. Peaks,6,low,14,,,,Sushifish,1,
18,M. Peaks,6,low,14,,,,Pin Tuna,1,
18,M. Peaks,6,low,14,,,,Popfish,1,
18,M. Peaks,6,low,14,,,,Small Goldenfish,1,
8,M. Peaks,6,low,14,,,,Goldenfish,1,
2,M. Peaks,6,low,14,,,,Burst Arowana,1,
85,M. Peaks,6,high,1,,,,Worm,1,∞
10,M. Peaks,6,high,1,,,,Frog,1,∞
5,M. Peaks,6,high,1,,,,Stone,1,∞
60,M. Peaks,6,high,2,,3,5,Water Ambrosia,1,
10,M. Peaks,6,high,2,,3,5,Larval Extract,1,
10,M. Peaks,6,high,2,,3,5,Paralarval Extract,1,
10,M. Peaks,6,high,2,,3,5,Heavy Jelly,1,
10,M. Peaks,6,high,2,,3,5,Water Ambrosia,2,
30,M. Peaks,6,high,3,,3,5,Nulberry,1,
20,M. Peaks,6,high,3,,3,5,Huskberry,1,
20,M. Peaks,6,high,3,,3,5,Needleberry,1,
15,M. Peaks,6,high,3,,3,5,Huskberry,2,
15,M. Peaks,6,high,3,,3,5,Needleberry,2,
25,M. Peaks,6,high,4,80,3,5,Bealite Ore,1,
13,M. Peaks,6,high,4,80,3,5,Machalite Ore,1,
12,M. Peaks,6,high,4,80,3,5,Dragonite Ore,1,
11,M. Peaks,6,high,4,80,3,5,Mystery Charm,1,
7,M. Peaks,6,high,4,80,3,5,Iron Ore,2,
7,M. Peaks,6,high,4,80,3,5,Earth Crystal,2,
5,M. Peaks,6,high,4,80,3,5,Carbalite Ore,1,
5,M. Peaks,6,high,4,80,3,5,Armor Sphere,1,
5,M. Peaks,6,high,4,80,3,5,Armor Sphere+,1,
5,M. Peaks,6,high,4,80,3,5,Balmstone Piece,2,
5,M. Peaks,6,high,4,80,3,5,Balmstone Chunk,1,
20,M. Peaks,6,high,5,20,4,6,Adv Armor Sphere,1,
15,M. Peaks,6,high,5,20,4,6,Armor Sphere+,1,
15,M. Peaks,6,high,5,20,4,6,Mystery Charm,1,
15,M. Peaks,6,high,5,20,4,6,Shining Charm,1,
10,M. Peaks,6,high,5,20,4,6,Dragonite Ore,1,
10,M. Peaks,6,high,5,20,4,6,Carbalite Ore,1,
5,M. Peaks,6,high,5,20,4,6,Bealite Ore,1,
5,M. Peaks,6,high,5,20,4,6,Balmstone Piece,2,
5,M. Peaks,6,high,5,20,4,6,Balmstone Chunk,1,
30,M. Peaks,6,high,6,70,3,5,Antidote Herb,1,
30,M. Peaks,6,high,6,70,3,5,Sleep Herb,1,
20,M. Peaks,6,high,6,70,3,5,Ivy,1,
10,M. Peaks,6,high,6,70,3,5,Herb,1,
10,M. Peaks,6,high,6,70,3,5,Sap Plant,1,
35,M. Peaks,6,high,7,30,4,6,Herb,2,
25,M. Peaks,6,high,7,30,4,6,Ivy,1,
25,M. Peaks,6,high,7,30,4,6,Sap Plant,1,
15,M. Peaks,6,high,7,30,4,6,Snow Herb,1,
45,M. Peaks,6,high,8,70,4,6,Latchberry,1,
20,M. Peaks,6,high,8,70,4,6,Nulberry,1,
15,M. Peaks,6,high,8,70,4,6,Huskberry,2,
15,M. Peaks,6,high,8,70,4,6,Needleberry,2,
5,M. Peaks,6,high,8,70,4,6,Scatternut,1,
35,M. Peaks,6,high,9,30,4,6,Latchberry,1,
20,M. Peaks,6,high,9,30,4,6,Nulberry,1,
20,M. Peaks,6,high,9,30,4,6,Latchberry,2,
15,M. Peaks,6,high,9,30,4,6,Scatternut,1,
10,M. Peaks,6,high,9,30,4,6,Nulberry,2,
100,M. Peaks,6,high,10,,,,Sushifish,1,Sushifish Bait
100,M. Peaks,6,high,11,,,,Burst Arowana,1,Burst Bait
100,M. Peaks,6,high,12,,,,Goldenfish,1,Goldenfish Bait
60,M. Peaks,6,high,13,,,,Small Goldenfish,1,Mega Fishing Fly
25,M. Peaks,6,high,13,,,,Goldenfish,1,Mega Fishing Fly
15,M. Peaks,6,high,13,,,,Silverfish,1,Mega Fishing Fly
16,M. Peaks,6,high,14,,,,Whetfish,1,
16,M. Peaks,6,high,14,,,,Sushifish,1,
16,M. Peaks,6,high,14,,,,Pin Tuna,1,
16,M. Peaks,6,high,14,,,,Popfish,1,
16,M. Peaks,6,high,14,,,,Small Goldenfish,1,
6,M. Peaks,6,high,14,,,,Ancient Fish,1,
6,M. Peaks,6,high,14,,,,Goldenfish,1,
6,M. Peaks,6,high,14,,,,Silverfish,1,
2,M. Peaks,6,high,14,,,,Burst Arowana,1,
85,M. Peaks,6,g,1,,,,Worm,1,∞
10,M. Peaks,6,g,1,,,,Frog,1,∞
5,M. Peaks,6,g,1,,,,Stone,1,∞
50,M. Peaks,6,g,2,,3,5,Water Ambrosia,1,
15,M. Peaks,6,g,2,,3,5,Larval Extract,1,
15,M. Peaks,6,g,2,,3,5,Paralarval Extract,1,
10,M. Peaks,6,g,2,,3,5,Heavy Jelly,1,
10,M. Peaks,6,g,2,,3,5,Water Ambrosia,2,
30,M. Peaks,6,g,3,,3,5,Nulberry,1,
20,M. Peaks,6,g,3,,3,5,Huskberry,1,
20,M. Peaks,6,g,3,,3,5,Needleberry,1,
15,M. Peaks,6,g,3,,3,5,Huskberry,2,
15,M. Peaks,6,g,3,,3,5,Needleberry,2,
15,M. Peaks,6,g,4,80,3,5,Earth Crystal,2,
15,M. Peaks,6,g,4,80,3,5,Carbalite Ore,1,
15,M. Peaks,6,g,4,80,3,5,Eltalite Ore,1,
15,M. Peaks,6,g,4,80,3,5,Hard Armor Sphere,1,
10,M. Peaks,6,g,4,80,3,5,Bealite Ore,1,
10,M. Peaks,6,g,4,80,3,5,Adv Armor Sphere,1,
10,M. Peaks,6,g,4,80,3,5,Shining Charm,1,
5,M. Peaks,6,g,4,80,3,5,Balmstone Piece,2,
5,M. Peaks,6,g,4,80,3,5,Balmstone Chunk,1,
20,M. Peaks,6,g,5,20,4,6,Eltalite Ore,1,
20,M. Peaks,6,g,5,20,4,6,Heavy Armor Sphere,1,
20,M. Peaks,6,g,5,20,4,6,Timeworn Charm,1,
15,M. Peaks,6,g,5,20,4,6,Hard Armor Sphere,1,
10,M. Peaks,6,g,5,20,4,6,Carbalite Ore,1,
5,M. Peaks,6,g,5,20,4,6,Shining Charm,1,
5,M. Peaks,6,g,5,20,4,6,Balmstone Piece,2,
5,M. Peaks,6,g,5,20,4,6,Balmstone Chunk,1,
30,M. Peaks,6,g,6,70,3,5,Antidote Herb,1,
30,M. Peaks,6,g,6,70,3,5,Sleep Herb,1,
20,M. Peaks,6,g,6,70,3,5,Ivy,1,
10,M. Peaks,6,g,6,70,3,5,Herb,1,
10,M. Peaks,6,g,6,70,3,5,Sap Plant,1,
35,M. Peaks,6,g,7,30,4,6,Herb,2,
25,M. Peaks,6,g,7,30,4,6,Ivy,1,
25,M. Peaks,6,g,7,30,4,6,Sap Plant,1,
15,M. Peaks,6,g,7,30,4,6,Snow Herb,1,
45,M. Peaks,6,g,8,70,4,6,Latchberry,1,
20,M. Peaks,6,g,8,70,4,6,Nulberry,1,
15,M. Peaks,6,g,8,70,4,6,Huskberry,2,
15,M. Peaks,6,g,8,70,4,6,Needleberry,2,
5,M. Peaks,6,g,8,70,4,6,Scatternut,1,
35,M. Peaks,6,g,9,30,4,6,Latchberry,1,
20,M. Peaks,6,g,9,30,4,6,Nulberry,1,
20,M. Peaks,6,g,9,30,4,6,Latchberry,2,
15,M. Peaks,6,g,9,30,4,6,Scatternut,1,
10,M. Peaks,6,g,9,30,4,6,Nulberry,2,
100,M. Peaks,6,g,10,,,,Sushifish,1,Sushifish Bait
100,M. Peaks,6,g,11,,,,Burst Arowana,1,Burst Bait
100,M. Peaks,6,g,12,,,,Goldenfish,1,Goldenfish Bait
60,M. Peaks,6,g,13,,,,Small Goldenfish,1,Mega Fishing Fly
25,M. Peaks,6,g,13,,,,Goldenfish,1,Mega Fishing Fly
15,M. Peaks,6,g,13,,,,Silverfish,1,Mega Fishing Fly
16,M. Peaks,6,g,14,,,,Whetfish,1,
16,M. Peaks,6,g,14,,,,Sushifish,1,
16,M. Peaks,6,g,14,,,,Pin Tuna,1,
16,M. Peaks,6,g,14,,,,Popfish,1,
16,M. Peaks,6,g,14,,,,Small Goldenfish,1,
6,M. Peaks,6,g,14,,,,Ancient Fish,1,
6,M. Peaks,6,g,14,,,,Goldenfish,1,
6,M. Peaks,6,g,14,,,,Silverfish,1,
2,M. Peaks,6,g,14,,,,Burst Arowana,1,
35,M. Peaks,7,low,1,,4,6,Carpenterbug,1,
20,M. Peaks,7,low,1,,4,6,Mega Fishing Fly,1,
20,M. Peaks,7,low,1,,4,6,Thunderbug,1,
15,M. Peaks,7,low,1,,4,6,Royal Rhino,1,
10,M. Peaks,7,low,1,,4,6,Flashbug,1,
40,M. Peaks,7,low,2,,3,5,Paintberry,1,
35,M. Peaks,7,low,2,,3,5,Nulberry,1,
25,M. Peaks,7,low,2,,3,5,Scatternut,1,
30,M. Peaks,7,low,3,,6,10,Unique Mushroom,1,
25,M. Peaks,7,low,3,,6,10,Unique Mushroom,2,
15,M. Peaks,7,low,3,,6,10,Nitroshroom,1,
15,M. Peaks,7,low,3,,6,10,Toadstool,1,
10,M. Peaks,7,low,3,,6,10,Mopeshroom,1,
5,M. Peaks,7,low,3,,6,10,Great Shroom,1,
65,M. Peaks,7,low,4,,1,1,Honey,1,
30,M. Peaks,7,low,4,,1,1,Royal Honey,1,
5,M. Peaks,7,low,4,,1,1,Snakebee Larva,1,
45,M. Peaks,7,low,5,70,4,6,Latchberry,1,
20,M. Peaks,7,low,5,70,4,6,Nulberry,1,
15,M. Peaks,7,low,5,70,4,6,Huskberry,2,
15,M. Peaks,7,low,5,70,4,6,Needleberry,2,
5,M. Peaks,7,low,5,70,4,6,Scatternut,1,
35,M. Peaks,7,low,6,30,4,6,Latchberry,1,
20,M. Peaks,7,low,6,30,4,6,Nulberry,1,
20,M. Peaks,7,low,6,30,4,6,Latchberry,2,
15,M. Peaks,7,low,6,30,4,6,Scatternut,1,
10,M. Peaks,7,low,6,30,4,6,Nulberry,2,
30,M. Peaks,7,low,7,80,3,5,Unique Mushroom,1,
25,M. Peaks,7,low,7,80,3,5,Nitroshroom,1,
25,M. Peaks,7,low,7,80,3,5,Toadstool,1,
20,M. Peaks,7,low,7,80,3,5,Mopeshroom,1,
30,M. Peaks,7,low,8,20,4,6,Nitroshroom,1,
30,M. Peaks,7,low,8,20,4,6,Mopeshroom,1,
20,M. Peaks,7,low,8,20,4,6,Unique Mushroom,2,
10,M. Peaks,7,low,8,20,4,6,Toadstool,1,
10,M. Peaks,7,low,8,20,4,6,Great Shroom,1,
100,M. Peaks,7,low,9,,,,Sushifish,1,Sushifish Bait
100,M. Peaks,7,low,10,,,,Burst Arowana,1,Burst Bait
100,M. Peaks,7,low,11,,,,Goldenfish,1,Goldenfish Bait
75,M. Peaks,7,low,12,,,,Small Goldenfish,1,Mega Fishing Fly
25,M. Peaks,7,low,12,,,,Goldenfish,1,Mega Fishing Fly
26,M. Peaks,7,low,13,,,,Burst Arowana,1,
14,M. Peaks,7,low,13,,,,Whetfish,1,
14,M. Peaks,7,low,13,,,,Sushifish,1,
14,M. Peaks,7,low,13,,,,Pin Tuna,1,
14,M. Peaks,7,low,13,,,,Popfish,1,
14,M. Peaks,7,low,13,,,,Small Goldenfish,1,
4,M. Peaks,7,low,13,,,,Goldenfish,1,
30,M. Peaks,7,high,1,,4,6,Carpenterbug,1,
15,M. Peaks,7,high,1,,4,6,Flashbug,1,
15,M. Peaks,7,high,1,,4,6,Thunderbug,1,
10,M. Peaks,7,high,1,,4,6,Mega Fishing Fly,1,
10,M. Peaks,7,high,1,,4,6,King Scarab,1,
10,M. Peaks,7,high,1,,4,6,Royal Rhino,1,
5,M. Peaks,7,high,1,,4,6,Hercudrome,1,
5,M. Peaks,7,high,1,,4,6,Divine Rhino,1,
40,M. Peaks,7,high,2,,3,5,Paintberry,1,
35,M. Peaks,7,high,2,,3,5,Nulberry,1,
25,M. Peaks,7,high,2,,3,5,Scatternut,1,
30,M. Peaks,7,high,3,,6,10,Unique Mushroom,1,
15,M. Peaks,7,high,3,,6,10,Nitroshroom,1,
15,M. Peaks,7,high,3,,6,10,Toadstool,1,
15,M. Peaks,7,high,3,,6,10,Choice Mushroom,1,
10,M. Peaks,7,high,3,,6,10,Mopeshroom,1,
10,M. Peaks,7,high,3,,6,10,Dragon Toadstool,1,
5,M. Peaks,7,high,3,,6,10,Great Shroom,1,
65,M. Peaks,7,high,4,,1,1,Honey,1,
30,M. Peaks,7,high,4,,1,1,Royal Honey,1,
5,M. Peaks,7,high,4,,1,1,Snakebee Larva,1,
100,M. Peaks,7,high,5,,2,3,Burned Husk,1,
45,M. Peaks,7,high,6,70,4,6,Latchberry,1,
20,M. Peaks,7,high,6,70,4,6,Nulberry,1,
15,M. Peaks,7,high,6,70,4,6,Huskberry,2,
15,M. Peaks,7,high,6,70,4,6,Needleberry,2,
5,M. Peaks,7,high,6,70,4,6,Scatternut,1,
35,M. Peaks,7,high,7,30,4,6,Latchberry,1,
20,M. Peaks,7,high,7,30,4,6,Nulberry,1,
20,M. Peaks,7,high,7,30,4,6,Latchberry,2,
15,M. Peaks,7,high,7,30,4,6,Scatternut,1,
10,M. Peaks,7,high,7,30,4,6,Nulberry,2,
25,M. Peaks,7,high,8,80,3,5,Nitroshroom,1,
20,M. Peaks,7,high,8,80,3,5,Mopeshroom,1,
20,M. Peaks,7,high,8,80,3,5,Unique Mushroom,1,
15,M. Peaks,7,high,8,80,3,5,Toadstool,1,
15,M. Peaks,7,high,8,80,3,5,Dragon Toadstool,1,
5,M. Peaks,7,high,8,80,3,5,Choice Mushroom,1,
30,M. Peaks,7,high,9,20,4,6,Nitroshroom,1,
30,M. Peaks,7,high,9,20,4,6,Mopeshroom,1,
15,M. Peaks,7,high,9,20,4,6,Dragon Toadstool,1,
15,M. Peaks,7,high,9,20,4,6,Choice Mushroom,1,
10,M. Peaks,7,high,9,20,4,6,Great Shroom,1,
100,M. Peaks,7,high,10,,,,Sushifish,1,Sushifish Bait
100,M. Peaks,7,high,11,,,,Burst Arowana,1,Burst Bait
100,M. Peaks,7,high,12,,,,Goldenfish,1,Goldenfish Bait
60,M. Peaks,7,high,13,,,,Small Goldenfish,1,Mega Fishing Fly
25,M. Peaks,7,high,13,,,,Goldenfish,1,Mega Fishing Fly
15,M. Peaks,7,high,13,,,,Silverfish,1,Mega Fishing Fly
27,M. Peaks,7,high,14,,,,Burst Arowana,1,
13,M. Peaks,7,high,14,,,,Small Goldenfish,1,
12,M. Peaks,7,high,14,,,,Whetfish,1,
12,M. Peaks,7,high,14,,,,Sushifish,1,
12,M. Peaks,7,high,14,,,,Pin Tuna,1,
12,M. Peaks,7,high,14,,,,Popfish,1,
4,M. Peaks,7,high,14,,,,Ancient Fish,1,
4,M. Peaks,7,high,14,,,,Goldenfish,1,
4,M. Peaks,7,high,14,,,,Silverfish,1,
20,M. Peaks,7,g,1,,4,6,King Scarab,1,
20,M. Peaks,7,g,1,,4,6,Divine Rhino,1,
15,M. Peaks,7,g,1,,4,6,Mega Fishing Fly,1,
15,M. Peaks,7,g,1,,4,6,Thunderbug,2,
15,M. Peaks,7,g,1,,4,6,Royal Rhino,1,
10,M. Peaks,7,g,1,,4,6,Emperor Hopper,1,
5,M. Peaks,7,g,1,,4,6,Carpenterbug,2,
40,M. Peaks,7,g,2,,3,5,Paintberry,1,
35,M. Peaks,7,g,2,,3,5,Nulberry,1,
25,M. Peaks,7,g,2,,3,5,Scatternut,1,
30,M. Peaks,7,g,3,,6,10,Unique Mushroom,1,
15,M. Peaks,7,g,3,,6,10,Nitroshroom,1,
15,M. Peaks,7,g,3,,6,10,Toadstool,1,
15,M. Peaks,7,g,3,,6,10,Choice Mushroom,1,
10,M. Peaks,7,g,3,,6,10,Mopeshroom,1,
10,M. Peaks,7,g,3,,6,10,Dragon Toadstool,1,
5,M. Peaks,7,g,3,,6,10,Great Shroom,1,
65,M. Peaks,7,g,4,,1,1,Honey,1,
30,M. Peaks,7,g,4,,1,1,Royal Honey,1,
5,M. Peaks,7,g,4,,1,1,Snakebee Larva,1,
100,M. Peaks,7,g,5,,2,3,Burned Husk,1,
45,M. Peaks,7,g,6,70,4,6,Latchberry,1,
20,M. Peaks,7,g,6,70,4,6,Nulberry,1,
15,M. Peaks,7,g,6,70,4,6,Huskberry,2,
15,M. Peaks,7,g,6,70,4,6,Needleberry,2,
5,M. Peaks,7,g,6,70,4,6,Scatternut,1,
35,M. Peaks,7,g,7,30,4,6,Latchberry,1,
20,M. Peaks,7,g,7,30,4,6,Nulberry,1,
20,M. Peaks,7,g,7,30,4,6,Latchberry,2,
15,M. Peaks,7,g,7,30,4,6,Scatternut,1,
10,M. Peaks,7,g,7,30,4,6,Nulberry,2,
25,M. Peaks,7,g,8,80,3,5,Nitroshroom,1,
20,M. Peaks,7,g,8,80,3,5,Mopeshroom,1,
20,M. Peaks,7,g,8,80,3,5,Unique Mushroom,1,
15,M. Peaks,7,g,8,80,3,5,Toadstool,1,
15,M. Peaks,7,g,8,80,3,5,Dragon Toadstool,1,
5,M. Peaks,7,g,8,80,3,5,Choice Mushroom,1,
30,M. Peaks,7,g,9,20,4,6,Nitroshroom,1,
30,M. Peaks,7,g,9,20,4,6,Mopeshroom,1,
15,M. Peaks,7,g,9,20,4,6,Dragon Toadstool,1,
15,M. Peaks,7,g,9,20,4,6,Choice Mushroom,1,
10,M. Peaks,7,g,9,20,4,6,Great Shroom,1,
100,M. Peaks,7,g,10,,,,Sushifish,1,Sushifish Bait
100,M. Peaks,7,g,11,,,,Burst Arowana,1,Burst Bait
100,M. Peaks,7,g,12,,,,Goldenfish,1,Goldenfish Bait
60,M. Peaks,7,g,13,,,,Small Goldenfish,1,Mega Fishing Fly
25,M. Peaks,7,g,13,,,,Goldenfish,1,Mega Fishing Fly
15,M. Peaks,7,g,13,,,,Silverfish,1,Mega Fishing Fly
27,M. Peaks,7,g,14,,,,Burst Arowana,1,
13,M. Peaks,7,g,14,,,,Small Goldenfish,1,
12,M. Peaks,7,g,14,,,,Whetfish,1,
12,M. Peaks,7,g,14,,,,Sushifish,1,
12,M. Peaks,7,g,14,,,,Pin Tuna,1,
12,M. Peaks,7,g,14,,,,Popfish,1,
4,M. Peaks,7,g,14,,,,Ancient Fish,1,
4,M. Peaks,7,g,14,,,,Goldenfish,1,
4,M. Peaks,7,g,14,,,,Silverfish,1,
35,M. Peaks,8,low,1,,4,6,Iron Ore,1,
30,M. Peaks,8,low,1,,4,6,Earth Crystal,1,
15,M. Peaks,8,low,1,,4,6,Balmstone Piece,2,
10,M. Peaks,8,low,1,,4,6,Machalite Ore,1,
5,M. Peaks,8,low,1,,4,6,Armor Sphere,1,
5,M. Peaks,8,low,1,,4,6,Balmstone Piece,1,
65,M. Peaks,8,low,2,,6,8,Whetstone,1,
20,M. Peaks,8,low,2,,6,8,Stone,1,
15,M. Peaks,8,low,2,,6,8,Stone,2,
85,M. Peaks,8,low,3,,,,Wyvern Egg,1,∞
15,M. Peaks,8,low,3,,,,Mystery Bone,1,∞
55,M. Peaks,8,low,4,,3,5,Dung,1,
35,M. Peaks,8,low,4,,3,5,Dung,2,
10,M. Peaks,8,low,4,,3,5,Monster Bone S,1,
35,M. Peaks,8,low,5,80,3,5,Iron Ore,1,
35,M. Peaks,8,low,5,80,3,5,Earth Crystal,1,
15,M. Peaks,8,low,5,80,3,5,Balmstone Piece,1,
10,M. Peaks,8,low,5,80,3,5,Balmstone Piece,2,
5,M. Peaks,8,low,5,80,3,5,Machalite Ore,1,
30,M. Peaks,8,low,6,20,4,6,Iron Ore,1,
30,M. Peaks,8,low,6,20,4,6,Earth Crystal,1,
15,M. Peaks,8,low,6,20,4,6,Armor Sphere,1,
15,M. Peaks,8,low,6,20,4,6,Balmstone Piece,2,
10,M. Peaks,8,low,6,20,4,6,Machalite Ore,1,
75,M. Peaks,8,low,7,80,3,5,Mystery Bone,1,
15,M. Peaks,8,low,7,80,3,5,Monster Bone S,1,
10,M. Peaks,8,low,7,80,3,5,Unknown Skull,1,
45,M. Peaks,8,low,8,20,3,5,Mystery Bone,1,
35,M. Peaks,8,low,8,20,3,5,Unknown Skull,1,
20,M. Peaks,8,low,8,20,3,5,Monster Bone S,1,
25,M. Peaks,8,high,1,,4,6,Bealite Ore,1,
20,M. Peaks,8,high,1,,4,6,Machalite Ore,1,
20,M. Peaks,8,high,1,,4,6,Dragonite Ore,1,
15,M. Peaks,8,high,1,,4,6,Armor Sphere,1,
5,M. Peaks,8,high,1,,4,6,Balmstone Piece,2,
5,M. Peaks,8,high,1,,4,6,Balmstone Chunk,1,
4,M. Peaks,8,high,1,,4,6,Earth Crystal,2,
3,M. Peaks,8,high,1,,4,6,Iron Ore,2,
3,M. Peaks,8,high,1,,4,6,Rustshard,1,
65,M. Peaks,8,high,2,,6,8,Whetstone,1,
25,M. Peaks,8,high,2,,6,8,Stone,2,
10,M. Peaks,8,high,2,,6,8,Stone,1,
85,M. Peaks,8,high,3,,,,Wyvern Egg,1,∞
15,M. Peaks,8,high,3,,,,Mystery Bone,1,∞
55,M. Peaks,8,high,4,,3,5,Dung,2,
35,M. Peaks,8,high,4,,3,5,Dung,1,
10,M. Peaks,8,high,4,,3,5,Monster Bone S,1,
25,M. Peaks,8,high,5,80,3,5,Bealite Ore,1,
13,M. Peaks,8,high,5,80,3,5,Machalite Ore,1,
12,M. Peaks,8,high,5,80,3,5,Dragonite Ore,1,
11,M. Peaks,8,high,5,80,3,5,Mystery Charm,1,
7,M. Peaks,8,high,5,80,3,5,Iron Ore,2,
7,M. Peaks,8,high,5,80,3,5,Earth Crystal,2,
5,M. Peaks,8,high,5,80,3,5,Carbalite Ore,1,
5,M. Peaks,8,high,5,80,3,5,Armor Sphere,1,
5,M. Peaks,8,high,5,80,3,5,Armor Sphere+,1,
5,M. Peaks,8,high,5,80,3,5,Balmstone Piece,2,
5,M. Peaks,8,high,5,80,3,5,Balmstone Chunk,1,
20,M. Peaks,8,high,6,20,4,6,Adv Armor Sphere,1,
15,M. Peaks,8,high,6,20,4,6,Armor Sphere+,1,
15,M. Peaks,8,high,6,20,4,6,Mystery Charm,1,
15,M. Peaks,8,high,6,20,4,6,Shining Charm,1,
10,M. Peaks,8,high,6,20,4,6,Dragonite Ore,1,
10,M. Peaks,8,high,6,20,4,6,Carbalite Ore,1,
5,M. Peaks,8,high,6,20,4,6,Bealite Ore,1,
5,M. Peaks,8,high,6,20,4,6,Balmstone Piece,2,
5,M. Peaks,8,high,6,20,4,6,Balmstone Chunk,1,
75,M. Peaks,8,high,7,80,3,5,Mystery Bone,1,
15,M. Peaks,8,high,7,80,3,5,Monster Bone S,1,
10,M. Peaks,8,high,7,80,3,5,Unknown Skull,1,
45,M. Peaks,8,high,8,20,3,5,Mystery Bone,1,
35,M. Peaks,8,high,8,20,3,5,Unknown Skull,1,
20,M. Peaks,8,high,8,20,3,5,Monster Bone S,1,
25,M. Peaks,8,g,1,,4,6,Eltalite Ore,1,
20,M. Peaks,8,g,1,,4,6,Carbalite Ore,1,
17,M. Peaks,8,g,1,,4,6,Bealite Ore,2,
15,M. Peaks,8,g,1,,4,6,Adv Armor Sphere,1,
10,M. Peaks,8,g,1,,4,6,Earth Crystal,2,
5,M. Peaks,8,g,1,,4,6,Balmstone Piece,2,
5,M. Peaks,8,g,1,,4,6,Balmstone Chunk,1,
3,M. Peaks,8,g,1,,4,6,Ancient Shard,1,
65,M. Peaks,8,g,2,,6,8,Whetstone,1,
25,M. Peaks,8,g,2,,6,8,Stone,2,
10,M. Peaks,8,g,2,,6,8,Stone,1,
85,M. Peaks,8,g,3,,,,Wyvern Egg,1,∞
15,M. Peaks,8,g,3,,,,Mystery Bone,1,∞
55,M. Peaks,8,g,4,,3,5,Dung,2,
35,M. Peaks,8,g,4,,3,5,Dung,1,
10,M. Peaks,8,g,4,,3,5,Monster Bone S,1,
15,M. Peaks,8,g,5,80,3,5,Earth Crystal,2,
15,M. Peaks,8,g,5,80,3,5,Carbalite Ore,1,
15,M. Peaks,8,g,5,80,3,5,Eltalite Ore,1,
15,M. Peaks,8,g,5,80,3,5,Hard Armor Sphere,1,
10,M. Peaks,8,g,5,80,3,5,Bealite Ore,1,
10,M. Peaks,8,g,5,80,3,5,Adv Armor Sphere,1,
10,M. Peaks,8,g,5,80,3,5,Shining Charm,1,
5,M. Peaks,8,g,5,80,3,5,Balmstone Piece,2,
5,M. Peaks,8,g,5,80,3,5,Balmstone Chunk,1,
20,M. Peaks,8,g,6,20,4,6,Eltalite Ore,1,
20,M. Peaks,8,g,6,20,4,6,Heavy Armor Sphere,1,
20,M. Peaks,8,g,6,20,4,6,Timeworn Charm,1,
15,M. Peaks,8,g,6,20,4,6,Hard Armor Sphere,1,
10,M. Peaks,8,g,6,20,4,6,Carbalite Ore,1,
5,M. Peaks,8,g,6,20,4,6,Shining Charm,1,
5,M. Peaks,8,g,6,20,4,6,Balmstone Piece,2,
5,M. Peaks,8,g,6,20,4,6,Balmstone Chunk,1,
75,M. Peaks,8,g,7,80,3,5,Mystery Bone,1,
15,M. Peaks,8,g,7,80,3,5,Monster Bone S,1,
10,M. Peaks,8,g,7,80,3,5,Unknown Skull,1,
45,M. Peaks,8,g,8,20,3,5,Mystery Bone,1,
35,M. Peaks,8,g,8,20,3,5,Unknown Skull,1,
20,M. Peaks,8,g,8,20,3,5,Monster Bone S,1,
65,M. Peaks,9,low,1,,3,4,Honey,1,
30,M. Peaks,9,low,1,,3,4,Royal Honey,1,
5,M. Peaks,9,low,1,,3,4,Snakebee Larva,1,
90,M. Peaks,9,low,2,,3,5,Yukumo Wood,1,
10,M. Peaks,9,low,2,,3,5,Insect Husk,1,
75,M. Peaks,9,low,3,,3,5,Water Ambrosia,1,
10,M. Peaks,9,low,3,,3,5,Heavy Jelly,1,
10,M. Peaks,9,low,3,,3,5,Water Ambrosia,2,
5,M. Peaks,9,low,3,,3,5,Larval Extract,1,
35,M. Peaks,9,low,4,,4,6,Carpenterbug,1,
20,M. Peaks,9,low,4,,4,6,Mega Fishing Fly,1,
20,M. Peaks,9,low,4,,4,6,Thunderbug,1,
15,M. Peaks,9,low,4,,4,6,Royal Rhino,1,
10,M. Peaks,9,low,4,,4,6,Flashbug,1,
65,M. Peaks,9,low,5,,1,1,Honey,1,
30,M. Peaks,9,low,5,,1,1,Royal Honey,1,
5,M. Peaks,9,low,5,,1,1,Snakebee Larva,1,
30,M. Peaks,9,low,6,80,3,5,Unique Mushroom,1,
25,M. Peaks,9,low,6,80,3,5,Nitroshroom,1,
25,M. Peaks,9,low,6,80,3,5,Toadstool,1,
20,M. Peaks,9,low,6,80,3,5,Mopeshroom,1,
30,M. Peaks,9,low,7,20,4,6,Nitroshroom,1,
30,M. Peaks,9,low,7,20,4,6,Mopeshroom,1,
20,M. Peaks,9,low,7,20,4,6,Unique Mushroom,2,
10,M. Peaks,9,low,7,20,4,6,Toadstool,1,
10,M. Peaks,9,low,7,20,4,6,Great Shroom,1,
25,M. Peaks,9,low,8,80,4,6,Thunderbug,1,
15,M. Peaks,9,low,8,80,4,6,Bitterbug,1,
15,M. Peaks,9,low,8,80,4,6,Carpenterbug,1,
15,M. Peaks,9,low,8,80,4,6,Royal Rhino,1,
10,M. Peaks,9,low,8,80,4,6,Mega Fishing Fly,1,
10,M. Peaks,9,low,8,80,4,6,Godbug,1,
10,M. Peaks,9,low,8,80,4,6,Flashbug,1,
30,M. Peaks,9,low,9,20,4,6,Thunderbug,1,
25,M. Peaks,9,low,9,20,4,6,Mega Fishing Fly,1,
20,M. Peaks,9,low,9,20,4,6,Royal Rhino,1,
15,M. Peaks,9,low,9,20,4,6,Godbug,1,
10,M. Peaks,9,low,9,20,4,6,Bitterbug,1,
65,M. Peaks,9,high,1,,3,4,Honey,1,
30,M. Peaks,9,high,1,,3,4,Royal Honey,1,
5,M. Peaks,9,high,1,,3,4,Snakebee Larva,1,
60,M. Peaks,9,high,2,,3,5,Yukumo Hardwood,1,
30,M. Peaks,9,high,2,,3,5,Yukumo Wood,1,
10,M. Peaks,9,high,2,,3,5,Insect Husk,1,
60,M. Peaks,9,high,3,,3,5,Water Ambrosia,1,
10,M. Peaks,9,high,3,,3,5,Larval Extract,1,
10,M. Peaks,9,high,3,,3,5,Paralarval Extract,1,
10,M. Peaks,9,high,3,,3,5,Heavy Jelly,1,
10,M. Peaks,9,high,3,,3,5,Water Ambrosia,2,
30,M. Peaks,9,high,4,,4,6,Carpenterbug,1,
15,M. Peaks,9,high,4,,4,6,Flashbug,1,
15,M. Peaks,9,high,4,,4,6,Thunderbug,1,
10,M. Peaks,9,high,4,,4,6,Mega Fishing Fly,1,
10,M. Peaks,9,high,4,,4,6,King Scarab,1,
10,M. Peaks,9,high,4,,4,6,Royal Rhino,1,
5,M. Peaks,9,high,4,,4,6,Hercudrome,1,
5,M. Peaks,9,high,4,,4,6,Divine Rhino,1,
65,M. Peaks,9,high,5,,1,1,Honey,1,
30,M. Peaks,9,high,5,,1,1,Royal Honey,1,
5,M. Peaks,9,high,5,,1,1,Snakebee Larva,1,
100,M. Peaks,9,high,6,,2,3,Burned Husk,1,
25,M. Peaks,9,high,7,80,3,5,Nitroshroom,1,
20,M. Peaks,9,high,7,80,3,5,Mopeshroom,1,
20,M. Peaks,9,high,7,80,3,5,Unique Mushroom,1,
15,M. Peaks,9,high,7,80,3,5,Toadstool,1,
15,M. Peaks,9,high,7,80,3,5,Dragon Toadstool,1,
5,M. Peaks,9,high,7,80,3,5,Choice Mushroom,1,
30,M. Peaks,9,high,8,20,4,6,Nitroshroom,1,
30,M. Peaks,9,high,8,20,4,6,Mopeshroom,1,
15,M. Peaks,9,high,8,20,4,6,Dragon Toadstool,1,
15,M. Peaks,9,high,8,20,4,6,Choice Mushroom,1,
10,M. Peaks,9,high,8,20,4,6,Great Shroom,1,
25,M. Peaks,9,high,9,80,4,6,Thunderbug,1,
20,M. Peaks,9,high,9,80,4,6,Bitterbug,1,
20,M. Peaks,9,high,9,80,4,6,Carpenterbug,1,
10,M. Peaks,9,high,9,80,4,6,Godbug,1,
5,M. Peaks,9,high,9,80,4,6,Mega Fishing Fly,1,
5,M. Peaks,9,high,9,80,4,6,Flashbug,1,
5,M. Peaks,9,high,9,80,4,6,Hercudrome,1,
5,M. Peaks,9,high,9,80,4,6,King Scarab,1,
5,M. Peaks,9,high,9,80,4,6,Royal Rhino,1,
30,M. Peaks,9,high,10,20,4,6,Thunderbug,1,
15,M. Peaks,9,high,10,20,4,6,Godbug,1,
15,M. Peaks,9,high,10,20,4,6,Hercudrome,1,
15,M. Peaks,9,high,10,20,4,6,King Scarab,1,
10,M. Peaks,9,high,10,20,4,6,Bitterbug,1,
10,M. Peaks,9,high,10,20,4,6,Divine Rhino,1,
5,M. Peaks,9,high,10,20,4,6,Royal Rhino,1,
65,M. Peaks,9,g,1,,3,4,Honey,1,
30,M. Peaks,9,g,1,,3,4,Royal Honey,1,
5,M. Peaks,9,g,1,,3,4,Snakebee Larva,1,
50,M. Peaks,9,g,2,,3,5,Yukumo Stoutwood,1,
30,M. Peaks,9,g,2,,3,5,Yukumo Hardwood,1,
10,M. Peaks,9,g,2,,3,5,Yukumo Wood,2,
10,M. Peaks,9,g,2,,3,5,Insect Husk,1,
50,M. Peaks,9,g,3,,3,5,Water Ambrosia,1,
15,M. Peaks,9,g,3,,3,5,Larval Extract,1,
15,M. Peaks,9,g,3,,3,5,Paralarval Extract,1,
10,M. Peaks,9,g,3,,3,5,Heavy Jelly,1,
10,M. Peaks,9,g,3,,3,5,Water Ambrosia,2,
20,M. Peaks,9,g,4,,4,6,King Scarab,1,
20,M. Peaks,9,g,4,,4,6,Divine Rhino,1,
15,M. Peaks,9,g,4,,4,6,Mega Fishing Fly,1,
15,M. Peaks,9,g,4,,4,6,Thunderbug,2,
15,M. Peaks,9,g,4,,4,6,Royal Rhino,1,
10,M. Peaks,9,g,4,,4,6,Emperor Hopper,1,
5,M. Peaks,9,g,4,,4,6,Carpenterbug,2,
65,M. Peaks,9,g,5,,1,1,Honey,1,
30,M. Peaks,9,g,5,,1,1,Royal Honey,1,
5,M. Peaks,9,g,5,,1,1,Snakebee Larva,1,
100,M. Peaks,9,g,6,,2,3,Burned Husk,1,
25,M. Peaks,9,g,7,80,3,5,Nitroshroom,1,
20,M. Peaks,9,g,7,80,3,5,Mopeshroom,1,
20,M. Peaks,9,g,7,80,3,5,Unique Mushroom,1,
15,M. Peaks,9,g,7,80,3,5,Toadstool,1,
15,M. Peaks,9,g,7,80,3,5,Dragon Toadstool,1,
5,M. Peaks,9,g,7,80,3,5,Choice Mushroom,1,
30,M. Peaks,9,g,8,20,4,6,Nitroshroom,1,
30,M. Peaks,9,g,8,20,4,6,Mopeshroom,1,
15,M. Peaks,9,g,8,20,4,6,Dragon Toadstool,1,
15,M. Peaks,9,g,8,20,4,6,Choice Mushroom,1,
10,M. Peaks,9,g,8,20,4,6,Great Shroom,1,
20,M. Peaks,9,g,9,80,4,6,Carpenterbug,1,
15,M. Peaks,9,g,9,80,4,6,King Scarab,1,
15,M. Peaks,9,g,9,80,4,6,Royal Rhino,1,
10,M. Peaks,9,g,9,80,4,6,Mega Fishing Fly,1,
10,M. Peaks,9,g,9,80,4,6,Godbug,2,
10,M. Peaks,9,g,9,80,4,6,Bitterbug,2,
10,M. Peaks,9,g,9,80,4,6,Divine Rhino,1,
5,M. Peaks,9,g,9,80,4,6,Thunderbug,2,
5,M. Peaks,9,g,9,80,4,6,Emperor Hopper,1,
30,M. Peaks,9,g,10,20,4,6,King Scarab,1,
30,M. Peaks,9,g,10,20,4,6,Emperor Hopper,1,
30,M. Peaks,9,g,10,20,4,6,Divine Rhino,1,
10,M. Peaks,9,g,10,20,4,6,Royal Rhino,1,
75,Dunes,0,low,1,,1,1,Honey,1,
15,Dunes,0,low,1,,1,1,Snakebee Larva,1,
10,Dunes,0,low,1,,1,1,Insect Husk,1,
75,Dunes,0,high,1,,1,1,Honey,1,
15,Dunes,0,high,1,,1,1,Snakebee Larva,1,
10,Dunes,0,high,1,,1,1,Insect Husk,1,
100,Dunes,0,high,2,,2,3,Burned Husk,1,
75,Dunes,0,g,1,,1,1,Honey,1,
15,Dunes,0,g,1,,1,1,Snakebee Larva,1,
10,Dunes,0,g,1,,1,1,Insect Husk,1,
100,Dunes,0,g,2,,2,3,Burned Husk,1,
35,Dunes,1,low,1,,3,5,Herb,1,
25,Dunes,1,low,1,,3,5,Fire Herb,1,
15,Dunes,1,low,1,,3,5,Felvine,1,
15,Dunes,1,low,1,,3,5,Hot Pepper,1,
10,Dunes,1,low,1,,3,5,Spider Web,1,
35,Dunes,1,low,2,,3,5,Herb,1,
25,Dunes,1,low,2,,3,5,Fire Herb,1,
15,Dunes,1,low,2,,3,5,Felvine,1,
15,Dunes,1,low,2,,3,5,Hot Pepper,1,
10,Dunes,1,low,2,,3,5,Spider Web,1,
37,Dunes,1,low,3,,2,3,Iron Ore,1,
33,Dunes,1,low,3,,2,3,Earth Crystal,1,
20,Dunes,1,low,3,,2,3,Stone,1,
5,Dunes,1,low,3,,2,3,Machalite Ore,1,
5,Dunes,1,low,3,,2,3,Auristone Piece,1,
80,Dunes,1,low,4,80,3,5,Fire Ambrosia,1,
20,Dunes,1,low,4,80,3,5,Heavy Jelly,1,
35,Dunes,1,low,5,20,3,5,Fire Ambrosia,1,
25,Dunes,1,low,5,20,3,5,Larval Extract,1,
25,Dunes,1,low,5,20,3,5,Heavy Jelly,1,
15,Dunes,1,low,5,20,3,5,Fire Ambrosia,2,
35,Dunes,1,high,1,,3,5,Herb,1,
25,Dunes,1,high,1,,3,5,Fire Herb,1,
15,Dunes,1,high,1,,3,5,Felvine,1,
15,Dunes,1,high,1,,3,5,Hot Pepper,1,
10,Dunes,1,high,1,,3,5,Spider Web,1,
35,Dunes,1,high,2,,3,5,Herb,1,
25,Dunes,1,high,2,,3,5,Fire Herb,1,
15,Dunes,1,high,2,,3,5,Felvine,1,
15,Dunes,1,high,2,,3,5,Hot Pepper,1,
10,Dunes,1,high,2,,3,5,Spider Web,1,
25,Dunes,1,high,3,,2,3,Machalite Ore,1,
20,Dunes,1,high,3,,2,3,Earth Crystal,1,
15,Dunes,1,high,3,,2,3,Stone,2,
15,Dunes,1,high,3,,2,3,Auristone Piece,1,
10,Dunes,1,high,3,,2,3,Carbalite Ore,1,
10,Dunes,1,high,3,,2,3,Mystery Charm,1,
5,Dunes,1,high,3,,2,3,Auristone Chunk,1,
80,Dunes,1,high,4,80,3,5,Fire Ambrosia,1,
20,Dunes,1,high,4,80,3,5,Heavy Jelly,1,
25,Dunes,1,high,5,20,3,5,Larval Extract,1,
25,Dunes,1,high,5,20,3,5,Paralarval Extract,1,
25,Dunes,1,high,5,20,3,5,Heavy Jelly,1,
15,Dunes,1,high,5,20,3,5,Fire Ambrosia,1,
10,Dunes,1,high,5,20,3,5,Fire Ambrosia,2,
35,Dunes,1,g,1,,3,5,Herb,1,
25,Dunes,1,g,1,,3,5,Fire Herb,1,
15,Dunes,1,g,1,,3,5,Felvine,1,
15,Dunes,1,g,1,,3,5,Hot Pepper,1,
10,Dunes,1,g,1,,3,5,Spider Web,1,
35,Dunes,1,g,2,,3,5,Herb,1,
25,Dunes,1,g,2,,3,5,Fire Herb,1,
15,Dunes,1,g,2,,3,5,Felvine,1,
15,Dunes,1,g,2,,3,5,Hot Pepper,1,
10,Dunes,1,g,2,,3,5,Spider Web,1,
20,Dunes,1,g,3,,2,3,Carbalite Ore,1,
20,Dunes,1,g,3,,2,3,Eltalite Ore,1,
15,Dunes,1,g,3,,2,3,Fucium Ore,1,
15,Dunes,1,g,3,,2,3,Auristone Chunk,1,
10,Dunes,1,g,3,,2,3,Lightcrystal,2,
10,Dunes,1,g,3,,2,3,Shining Charm,1,
10,Dunes,1,g,3,,2,3,Auristone Piece,1,
70,Dunes,1,g,4,80,3,5,Fire Ambrosia,1,
20,Dunes,1,g,4,80,3,5,Heavy Jelly,1,
10,Dunes,1,g,4,80,3,5,Larval Extract,1,
35,Dunes,1,g,5,20,3,5,Larval Extract,1,
25,Dunes,1,g,5,20,3,5,Heavy Jelly,1,
15,Dunes,1,g,5,20,3,5,Paralarval Extract,1,
15,Dunes,1,g,5,20,3,5,Fire Ambrosia,1,
10,Dunes,1,g,5,20,3,5,Fire Ambrosia,2,
35,Dunes,2,low,1,,3,4,Herb,1,
25,Dunes,2,low,1,,3,4,Fire Herb,1,
15,Dunes,2,low,1,,3,4,Felvine,1,
15,Dunes,2,low,1,,3,4,Hot Pepper,1,
10,Dunes,2,low,1,,3,4,Spider Web,1,
40,Dunes,2,low,2,,3,4,Tropical Berry,1,
30,Dunes,2,low,2,,3,4,Tropical Berry,2,
15,Dunes,2,low,2,,3,4,Sap Plant,1,
15,Dunes,2,low,2,,3,4,Felvine,1,
30,Dunes,2,low,3,,3,5,Huskberry,2,
25,Dunes,2,low,3,,3,5,Needleberry,2,
20,Dunes,2,low,3,,3,5,Huskberry,3,
15,Dunes,2,low,3,,3,5,Needleberry,3,
10,Dunes,2,low,3,,3,5,Paintberry,2,
30,Dunes,2,low,4,,3,5,Huskberry,2,
25,Dunes,2,low,4,,3,5,Needleberry,2,
20,Dunes,2,low,4,,3,5,Huskberry,3,
15,Dunes,2,low,4,,3,5,Needleberry,3,
10,Dunes,2,low,4,,3,5,Paintberry,2,
40,Dunes,2,low,5,,4,6,Mystery Bone,1,
30,Dunes,2,low,5,,4,6,Fossilized Bone,2,
20,Dunes,2,low,5,,4,6,Bone Husk,2,
10,Dunes,2,low,5,,4,6,Unknown Skull,1,
75,Dunes,2,low,6,,1,1,Honey,1,
15,Dunes,2,low,6,,1,1,Snakebee Larva,1,
10,Dunes,2,low,6,,1,1,Insect Husk,1,
35,Dunes,2,high,1,,3,4,Herb,1,
25,Dunes,2,high,1,,3,4,Fire Herb,1,
15,Dunes,2,high,1,,3,4,Felvine,1,
15,Dunes,2,high,1,,3,4,Hot Pepper,1,
10,Dunes,2,high,1,,3,4,Spider Web,1,
40,Dunes,2,high,2,,3,4,Tropical Berry,1,
30,Dunes,2,high,2,,3,4,Tropical Berry,2,
15,Dunes,2,high,2,,3,4,Sap Plant,1,
15,Dunes,2,high,2,,3,4,Felvine,1,
30,Dunes,2,high,3,,3,5,Huskberry,2,
25,Dunes,2,high,3,,3,5,Needleberry,2,
20,Dunes,2,high,3,,3,5,Huskberry,3,
15,Dunes,2,high,3,,3,5,Needleberry,3,
10,Dunes,2,high,3,,3,5,Paintberry,2,
30,Dunes,2,high,4,,3,5,Huskberry,2,
25,Dunes,2,high,4,,3,5,Needleberry,2,
20,Dunes,2,high,4,,3,5,Huskberry,3,
15,Dunes,2,high,4,,3,5,Needleberry,3,
10,Dunes,2,high,4,,3,5,Paintberry,2,
40,Dunes,2,high,5,,4,6,Mystery Bone,1,
30,Dunes,2,high,5,,4,6,Fossilized Bone,2,
20,Dunes,2,high,5,,4,6,Bone Husk,2,
10,Dunes,2,high,5,,4,6,Unknown Skull,1,
75,Dunes,2,high,6,,1,1,Honey,1,
15,Dunes,2,high,6,,1,1,Snakebee Larva,1,
10,Dunes,2,high,6,,1,1,Insect Husk,1,
100,Dunes,2,high,7,,2,3,Burned Husk,1,
35,Dunes,2,g,1,,3,4,Herb,1,
25,Dunes,2,g,1,,3,4,Fire Herb,1,
15,Dunes,2,g,1,,3,4,Felvine,1,
15,Dunes,2,g,1,,3,4,Hot Pepper,1,
10,Dunes,2,g,1,,3,4,Spider Web,1,
40,Dunes,2,g,2,,3,4,Tropical Berry,1,
30,Dunes,2,g,2,,3,4,Tropical Berry,2,
15,Dunes,2,g,2,,3,4,Sap Plant,1,
15,Dunes,2,g,2,,3,4,Felvine,1,
30,Dunes,2,g,3,,3,5,Huskberry,2,
25,Dunes,2,g,3,,3,5,Needleberry,2,
20,Dunes,2,g,3,,3,5,Huskberry,3,
15,Dunes,2,g,3,,3,5,Needleberry,3,
10,Dunes,2,g,3,,3,5,Paintberry,2,
30,Dunes,2,g,4,,3,5,Huskberry,2,
25,Dunes,2,g,4,,3,5,Needleberry,2,
20,Dunes,2,g,4,,3,5,Huskberry,3,
15,Dunes,2,g,4,,3,5,Needleberry,3,
10,Dunes,2,g,4,,3,5,Paintberry,2,
30,Dunes,2,g,5,,4,6,Fossilized Bone,2,
20,Dunes,2,g,5,,4,6,Mystery Bone,1,
20,Dunes,2,g,5,,4,6,Dragonbone Relic,1,
15,Dunes,2,g,5,,4,6,Bone Husk,2,
10,Dunes,2,g,5,,4,6,Unknown Skull,1,
5,Dunes,2,g,5,,4,6,Dragonbone Artifact,1,
75,Dunes,2,g,6,,1,1,Honey,1,
15,Dunes,2,g,6,,1,1,Snakebee Larva,1,
10,Dunes,2,g,6,,1,1,Insect Husk,1,
100,Dunes,2,g,7,,2,3,Burned Husk,1,
40,Dunes,3,low,1,,3,5,Tropical Berry,1,
30,Dunes,3,low,1,,3,5,Tropical Berry,2,
15,Dunes,3,low,1,,3,5,Sap Plant,1,
15,Dunes,3,low,1,,3,5,Felvine,1,
70,Dunes,3,low,2,,3,4,Paintberry,1,
25,Dunes,3,low,2,,3,4,Bomberry,1,
5,Dunes,3,low,2,,3,4,Insect Husk,1,
37,Dunes,3,low,3,,3,4,Iron Ore,1,
33,Dunes,3,low,3,,3,4,Earth Crystal,1,
20,Dunes,3,low,3,,3,4,Stone,1,
5,Dunes,3,low,3,,3,4,Machalite Ore,1,
5,Dunes,3,low,3,,3,4,Auristone Piece,1,
35,Dunes,3,low,4,,4,6,Bitterbug,1,
20,Dunes,3,low,4,,4,6,Godbug,1,
20,Dunes,3,low,4,,4,6,Thunderbug,1,
15,Dunes,3,low,4,,4,6,Royal Rhino,1,
10,Dunes,3,low,4,,4,6,Stinkhopper,1,
70,Dunes,3,low,5,,4,6,Dung,1,
20,Dunes,3,low,5,,4,6,Dung,2,
10,Dunes,3,low,5,,4,6,Worm,1,
30,Dunes,3,low,6,80,3,4,Bomberry,1,
25,Dunes,3,low,6,80,3,4,Huskberry,1,
25,Dunes,3,low,6,80,3,4,Needleberry,1,
20,Dunes,3,low,6,80,3,4,Paintberry,1,
45,Dunes,3,low,7,20,3,5,Bomberry,1,
30,Dunes,3,low,7,20,3,5,Bomberry,2,
25,Dunes,3,low,7,20,3,5,Paintberry,1,
40,Dunes,3,low,8,70,3,4,Mystery Bone,1,
25,Dunes,3,low,8,70,3,4,Bone Husk,1,
15,Dunes,3,low,8,70,3,4,Fossilized Bone,1,
10,Dunes,3,low,8,70,3,4,Bone Husk,2,
10,Dunes,3,low,8,70,3,4,Unknown Skull,1,
30,Dunes,3,low,9,30,3,4,Fossilized Bone,1,
20,Dunes,3,low,9,30,3,4,Bone Husk,2,
20,Dunes,3,low,9,30,3,4,Fossilized Bone,2,
15,Dunes,3,low,9,30,3,4,Mystery Bone,2,
15,Dunes,3,low,9,30,3,4,Unknown Skull,1,
40,Dunes,3,high,1,,3,5,Tropical Berry,1,
30,Dunes,3,high,1,,3,5,Tropical Berry,2,
15,Dunes,3,high,1,,3,5,Sap Plant,1,
15,Dunes,3,high,1,,3,5,Felvine,1,
45,Dunes,3,high,2,,3,4,Paintberry,1,
35,Dunes,3,high,2,,3,4,Might Seed,1,
20,Dunes,3,high,2,,3,4,Bomberry,1,
25,Dunes,3,high,3,,3,4,Machalite Ore,1,
20,Dunes,3,high,3,,3,4,Earth Crystal,1,
15,Dunes,3,high,3,,3,4,Stone,2,
15,Dunes,3,high,3,,3,4,Auristone Piece,1,
10,Dunes,3,high,3,,3,4,Carbalite Ore,1,
10,Dunes,3,high,3,,3,4,Mystery Charm,1,
5,Dunes,3,high,3,,3,4,Auristone Chunk,1,
35,Dunes,3,high,4,,4,6,Bitterbug,1,
20,Dunes,3,high,4,,4,6,Godbug,1,
20,Dunes,3,high,4,,4,6,Thunderbug,1,
10,Dunes,3,high,4,,4,6,Stinkhopper,1,
10,Dunes,3,high,4,,4,6,Royal Rhino,1,
5,Dunes,3,high,4,,4,6,Divine Rhino,1,
70,Dunes,3,high,5,,4,6,Dung,2,
20,Dunes,3,high,5,,4,6,Dung,1,
10,Dunes,3,high,5,,4,6,Worm,1,
25,Dunes,3,high,6,80,3,4,Might Seed,1,
25,Dunes,3,high,6,80,3,4,Bomberry,1,
20,Dunes,3,high,6,80,3,4,Needleberry,1,
15,Dunes,3,high,6,80,3,4,Huskberry,1,
15,Dunes,3,high,6,80,3,4,Paintberry,1,
30,Dunes,3,high,7,20,3,5,Might Seed,1,
30,Dunes,3,high,7,20,3,5,Bomberry,2,
25,Dunes,3,high,7,20,3,5,Bomberry,1,
15,Dunes,3,high,7,20,3,5,Paintberry,1,
40,Dunes,3,high,8,70,3,4,Mystery Bone,1,
25,Dunes,3,high,8,70,3,4,Bone Husk,1,
15,Dunes,3,high,8,70,3,4,Fossilized Bone,1,
10,Dunes,3,high,8,70,3,4,Bone Husk,2,
10,Dunes,3,high,8,70,3,4,Unknown Skull,1,
30,Dunes,3,high,9,30,3,4,Fossilized Bone,1,
20,Dunes,3,high,9,30,3,4,Bone Husk,2,
20,Dunes,3,high,9,30,3,4,Fossilized Bone,2,
15,Dunes,3,high,9,30,3,4,Mystery Bone,2,
15,Dunes,3,high,9,30,3,4,Unknown Skull,1,
40,Dunes,3,g,1,,3,5,Tropical Berry,1,
30,Dunes,3,g,1,,3,5,Tropical Berry,2,
15,Dunes,3,g,1,,3,5,Sap Plant,1,
15,Dunes,3,g,1,,3,5,Felvine,1,
45,Dunes,3,g,2,,3,4,Paintberry,1,
35,Dunes,3,g,2,,3,4,Might Seed,1,
20,Dunes,3,g,2,,3,4,Bomberry,1,
20,Dunes,3,g,3,,3,4,Carbalite Ore,1,
20,Dunes,3,g,3,,3,4,Eltalite Ore,1,
15,Dunes,3,g,3,,3,4,Fucium Ore,1,
15,Dunes,3,g,3,,3,4,Auristone Chunk,1,
10,Dunes,3,g,3,,3,4,Lightcrystal,2,
10,Dunes,3,g,3,,3,4,Shining Charm,1,
10,Dunes,3,g,3,,3,4,Auristone Piece,1,
25,Dunes,3,g,4,,4,6,Royal Rhino,1,
25,Dunes,3,g,4,,4,6,Divine Rhino,1,
20,Dunes,3,g,4,,4,6,Thunderbug,2,
20,Dunes,3,g,4,,4,6,Emperor Hopper,1,
10,Dunes,3,g,4,,4,6,Stinkhopper,2,
70,Dunes,3,g,5,,4,6,Dung,2,
20,Dunes,3,g,5,,4,6,Dung,1,
10,Dunes,3,g,5,,4,6,Worm,1,
25,Dunes,3,g,6,80,3,4,Might Seed,1,
25,Dunes,3,g,6,80,3,4,Bomberry,1,
20,Dunes,3,g,6,80,3,4,Needleberry,1,
15,Dunes,3,g,6,80,3,4,Huskberry,1,
15,Dunes,3,g,6,80,3,4,Paintberry,1,
30,Dunes,3,g,7,20,3,5,Might Seed,1,
30,Dunes,3,g,7,20,3,5,Bomberry,2,
25,Dunes,3,g,7,20,3,5,Bomberry,1,
15,Dunes,3,g,7,20,3,5,Paintberry,1,
30,Dunes,3,g,8,70,3,4,Mystery Bone,2,
25,Dunes,3,g,8,70,3,4,Dragonbone Relic,1,
20,Dunes,3,g,8,70,3,4,Unknown Skull,1,
15,Dunes,3,g,8,70,3,4,Fossilized Bone,2,
10,Dunes,3,g,8,70,3,4,Bone Husk,3,
30,Dunes,3,g,9,30,3,4,Dragonbone Artifact,1,
20,Dunes,3,g,9,30,3,4,Dragonbone Relic,1,
20,Dunes,3,g,9,30,3,4,Fossilized Bone,3,
15,Dunes,3,g,9,30,3,4,Mystery Bone,2,
15,Dunes,3,g,9,30,3,4,Unknown Skull,2,
65,Dunes,4,low,1,,4,6,Worm,1,
20,Dunes,4,low,1,,4,6,Mega Fishing Fly,1,
15,Dunes,4,low,1,,4,6,Spider Web,1,
37,Dunes,4,low,2,,2,3,Iron Ore,1,
33,Dunes,4,low,2,,2,3,Earth Crystal,1,
20,Dunes,4,low,2,,2,3,Stone,1,
5,Dunes,4,low,2,,2,3,Machalite Ore,1,
5,Dunes,4,low,2,,2,3,Auristone Piece,1,
75,Dunes,4,low,3,,3,5,Fire Ambrosia,1,
10,Dunes,4,low,3,,3,5,Heavy Jelly,1,
10,Dunes,4,low,3,,3,5,Fire Ambrosia,2,
5,Dunes,4,low,3,,3,5,Larval Extract,1,
75,Dunes,4,low,4,,1,1,Honey,1,
15,Dunes,4,low,4,,1,1,Snakebee Larva,1,
10,Dunes,4,low,4,,1,1,Insect Husk,1,
80,Dunes,4,low,5,80,3,5,Fire Ambrosia,1,
20,Dunes,4,low,5,80,3,5,Heavy Jelly,1,
35,Dunes,4,low,6,20,3,5,Fire Ambrosia,1,
25,Dunes,4,low,6,20,3,5,Larval Extract,1,
25,Dunes,4,low,6,20,3,5,Heavy Jelly,1,
15,Dunes,4,low,6,20,3,5,Fire Ambrosia,2,
35,Dunes,4,low,7,80,2,3,Iron Ore,1,
35,Dunes,4,low,7,80,2,3,Earth Crystal,1,
10,Dunes,4,low,7,80,2,3,Iron Ore,2,
10,Dunes,4,low,7,80,2,3,Aquaglow Jewel,1,
5,Dunes,4,low,7,80,2,3,Machalite Ore,1,
5,Dunes,4,low,7,80,2,3,Auristone Piece,1,
35,Dunes,4,low,8,20,3,4,Earth Crystal,1,
20,Dunes,4,low,8,20,3,4,Iron Ore,1,
15,Dunes,4,low,8,20,3,4,Machalite Ore,1,
10,Dunes,4,low,8,20,3,4,Iron Ore,2,
10,Dunes,4,low,8,20,3,4,Aquaglow Jewel,1,
10,Dunes,4,low,8,20,3,4,Auristone Piece,1,
100,Dunes,4,low,9,,,,Sushifish,1,Sushifish Bait
100,Dunes,4,low,10,,,,Scatterfish,1,Burst Bait
100,Dunes,4,low,11,,,,Small Goldenfish,1,Mega Fishing Fly
30,Dunes,4,low,12,,,,Scatterfish,1,
19,Dunes,4,low,12,,,,Sushifish,1,
19,Dunes,4,low,12,,,,Sleepyfish,1,
19,Dunes,4,low,12,,,,Small Goldenfish,1,
8,Dunes,4,low,12,,,,Glutton Tuna,1,
5,Dunes,4,low,12,,,,Whetfish,1,
65,Dunes,4,high,1,,4,6,Worm,1,
20,Dunes,4,high,1,,4,6,Mega Fishing Fly,1,
15,Dunes,4,high,1,,4,6,Spider Web,1,
25,Dunes,4,high,2,,2,3,Machalite Ore,1,
20,Dunes,4,high,2,,2,3,Earth Crystal,1,
15,Dunes,4,high,2,,2,3,Stone,2,
15,Dunes,4,high,2,,2,3,Auristone Piece,1,
10,Dunes,4,high,2,,2,3,Carbalite Ore,1,
10,Dunes,4,high,2,,2,3,Mystery Charm,1,
5,Dunes,4,high,2,,2,3,Auristone Chunk,1,
60,Dunes,4,high,3,,3,5,Fire Ambrosia,1,
10,Dunes,4,high,3,,3,5,Larval Extract,1,
10,Dunes,4,high,3,,3,5,Paralarval Extract,1,
10,Dunes,4,high,3,,3,5,Heavy Jelly,1,
10,Dunes,4,high,3,,3,5,Fire Ambrosia,2,
75,Dunes,4,high,4,,1,1,Honey,1,
15,Dunes,4,high,4,,1,1,Snakebee Larva,1,
10,Dunes,4,high,4,,1,1,Insect Husk,1,
100,Dunes,4,high,5,,2,3,Burned Husk,1,
80,Dunes,4,high,6,80,3,5,Fire Ambrosia,1,
20,Dunes,4,high,6,80,3,5,Heavy Jelly,1,
25,Dunes,4,high,7,20,3,5,Larval Extract,1,
25,Dunes,4,high,7,20,3,5,Paralarval Extract,1,
25,Dunes,4,high,7,20,3,5,Heavy Jelly,1,
15,Dunes,4,high,7,20,3,5,Fire Ambrosia,1,
10,Dunes,4,high,7,20,3,5,Fire Ambrosia,2,
35,Dunes,4,high,8,80,2,3,Machalite Ore,1,
30,Dunes,4,high,8,80,2,3,Carbalite Ore,1,
15,Dunes,4,high,8,80,2,3,Mystery Charm,1,
10,Dunes,4,high,8,80,2,3,Auristone Piece,1,
5,Dunes,4,high,8,80,2,3,Sunspire Jewel,1,
5,Dunes,4,high,8,80,2,3,Armor Sphere+,1,
15,Dunes,4,high,9,20,3,4,Bloodrun Jewel,1,
15,Dunes,4,high,9,20,3,4,Adv Armor Sphere,1,
15,Dunes,4,high,9,20,3,4,Mystery Charm,1,
15,Dunes,4,high,9,20,3,4,Shining Charm,1,
10,Dunes,4,high,9,20,3,4,Sunspire Jewel,1,
10,Dunes,4,high,9,20,3,4,Armor Sphere+,1,
10,Dunes,4,high,9,20,3,4,Auristone Chunk,1,
5,Dunes,4,high,9,20,3,4,Machalite Ore,1,
5,Dunes,4,high,9,20,3,4,Carbalite Ore,1,
100,Dunes,4,high,10,,,,Sushifish,1,Sushifish Bait
100,Dunes,4,high,11,,,,Scatterfish,1,Burst Bait
100,Dunes,4,high,12,,,,Goldenfish,1,Goldenfish Bait
60,Dunes,4,high,13,,,,Small Goldenfish,1,Mega Fishing Fly
25,Dunes,4,high,13,,,,Goldenfish,1,Mega Fishing Fly
15,Dunes,4,high,13,,,,Silverfish,1,Mega Fishing Fly
25,Dunes,4,high,14,,,,Scatterfish,1,
16,Dunes,4,high,14,,,,Sushifish,1,
16,Dunes,4,high,14,,,,Sleepyfish,1,
16,Dunes,4,high,14,,,,Small Goldenfish,1,
7,Dunes,4,high,14,,,,Glutton Tuna,1,
7,Dunes,4,high,14,,,,Gastronome Tuna,1,
7,Dunes,4,high,14,,,,Goldenfish,1,
3,Dunes,4,high,14,,,,Whetfish,1,
3,Dunes,4,high,14,,,,Silverfish,1,
65,Dunes,4,g,1,,4,6,Worm,1,
20,Dunes,4,g,1,,4,6,Mega Fishing Fly,1,
15,Dunes,4,g,1,,4,6,Spider Web,1,
20,Dunes,4,g,2,,2,3,Carbalite Ore,1,
20,Dunes,4,g,2,,2,3,Eltalite Ore,1,
15,Dunes,4,g,2,,2,3,Fucium Ore,1,
15,Dunes,4,g,2,,2,3,Auristone Chunk,1,
10,Dunes,4,g,2,,2,3,Lightcrystal,2,
10,Dunes,4,g,2,,2,3,Shining Charm,1,
10,Dunes,4,g,2,,2,3,Auristone Piece,1,
50,Dunes,4,g,3,,3,5,Fire Ambrosia,1,
15,Dunes,4,g,3,,3,5,Larval Extract,1,
15,Dunes,4,g,3,,3,5,Paralarval Extract,1,
10,Dunes,4,g,3,,3,5,Heavy Jelly,1,
10,Dunes,4,g,3,,3,5,Fire Ambrosia,2,
75,Dunes,4,g,4,,1,1,Honey,1,
15,Dunes,4,g,4,,1,1,Snakebee Larva,1,
10,Dunes,4,g,4,,1,1,Insect Husk,1,
100,Dunes,4,g,5,,2,3,Burned Husk,1,
70,Dunes,4,g,6,80,3,5,Fire Ambrosia,1,
20,Dunes,4,g,6,80,3,5,Heavy Jelly,1,
10,Dunes,4,g,6,80,3,5,Larval Extract,1,
35,Dunes,4,g,7,20,3,5,Larval Extract,1,
25,Dunes,4,g,7,20,3,5,Heavy Jelly,1,
15,Dunes,4,g,7,20,3,5,Paralarval Extract,1,
15,Dunes,4,g,7,20,3,5,Fire Ambrosia,1,
10,Dunes,4,g,7,20,3,5,Fire Ambrosia,2,
25,Dunes,4,g,8,80,2,3,Carbalite Ore,1,
15,Dunes,4,g,8,80,2,3,Eltalite Ore,1,
15,Dunes,4,g,8,80,2,3,Fucium Ore,1,
15,Dunes,4,g,8,80,2,3,Lazurite Jewel,1,
15,Dunes,4,g,8,80,2,3,Shining Charm,1,
10,Dunes,4,g,8,80,2,3,Auristone Piece,1,
5,Dunes,4,g,8,80,2,3,Hard Armor Sphere,1,
20,Dunes,4,g,9,20,3,4,Heavy Armor Sphere,1,
15,Dunes,4,g,9,20,3,4,Novacrystal,1,
15,Dunes,4,g,9,20,3,4,Adamant Orb,1,
15,Dunes,4,g,9,20,3,4,Timeworn Charm,1,
10,Dunes,4,g,9,20,3,4,Eltalite Ore,1,
10,Dunes,4,g,9,20,3,4,Lazurite Jewel,1,
10,Dunes,4,g,9,20,3,4,Auristone Chunk,1,
5,Dunes,4,g,9,20,3,4,Carbalite Ore,1,
100,Dunes,4,g,10,,,,Sushifish,1,Sushifish Bait
100,Dunes,4,g,11,,,,Scatterfish,1,Burst Bait
100,Dunes,4,g,12,,,,Small Goldenfish,1,Mega Fishing Fly
50,Dunes,4,g,13,,,,Guardfish,1,Goldenfish Bait
50,Dunes,4,g,13,,,,Goldenfish,1,Goldenfish Bait
23,Dunes,4,g,14,,,,Scatterfish,1,
15,Dunes,4,g,14,,,,Sushifish,1,
15,Dunes,4,g,14,,,,Sleepyfish,1,
15,Dunes,4,g,14,,,,Small Goldenfish,1,
7,Dunes,4,g,14,,,,Glutton Tuna,1,
7,Dunes,4,g,14,,,,Gastronome Tuna,1,
7,Dunes,4,g,14,,,,Goldenfish,1,
5,Dunes,4,g,14,,,,Guardfish,1,
3,Dunes,4,g,14,,,,Whetfish,1,
3,Dunes,4,g,14,,,,Silverfish,1,
35,Dunes,5,low,1,,2,3,Earth Crystal,1,
25,Dunes,5,low,1,,2,3,Iron Ore,1,
15,Dunes,5,low,1,,2,3,Machalite Ore,1,
15,Dunes,5,low,1,,2,3,Aquaglow Jewel,1,
10,Dunes,5,low,1,,2,3,Auristone Piece,1,
40,Dunes,5,low,2,,3,5,Mopeshroom,1,
40,Dunes,5,low,2,,3,5,Exciteshroom,1,
20,Dunes,5,low,2,,3,5,Blue Mushroom,1,
85,Dunes,5,low,3,,,,Wyvern Egg,1,∞
15,Dunes,5,low,3,,,,Bone Husk,1,∞
35,Dunes,5,low,4,60,3,4,Iron Ore,1,
35,Dunes,5,low,4,60,3,4,Earth Crystal,1,
10,Dunes,5,low,4,60,3,4,Iron Ore,2,
10,Dunes,5,low,4,60,3,4,Aquaglow Jewel,1,
5,Dunes,5,low,4,60,3,4,Machalite Ore,1,
5,Dunes,5,low,4,60,3,4,Auristone Piece,1,
35,Dunes,5,low,5,40,3,4,Earth Crystal,1,
20,Dunes,5,low,5,40,3,4,Iron Ore,1,
15,Dunes,5,low,5,40,3,4,Machalite Ore,1,
10,Dunes,5,low,5,40,3,4,Iron Ore,2,
10,Dunes,5,low,5,40,3,4,Aquaglow Jewel,1,
10,Dunes,5,low,5,40,3,4,Auristone Piece,1,
40,Dunes,5,low,6,70,3,5,Mystery Bone,1,
25,Dunes,5,low,6,70,3,5,Bone Husk,1,
15,Dunes,5,low,6,70,3,5,Fossilized Bone,1,
10,Dunes,5,low,6,70,3,5,Bone Husk,2,
10,Dunes,5,low,6,70,3,5,Unknown Skull,1,
30,Dunes,5,low,7,30,4,6,Fossilized Bone,1,
20,Dunes,5,low,7,30,4,6,Bone Husk,2,
20,Dunes,5,low,7,30,4,6,Fossilized Bone,2,
15,Dunes,5,low,7,30,4,6,Mystery Bone,2,
15,Dunes,5,low,7,30,4,6,Unknown Skull,1,
12,Dunes,5,high,1,,2,3,Sunspire Jewel,1,
12,Dunes,5,high,1,,2,3,Bloodrun Jewel,1,
12,Dunes,5,high,1,,2,3,Armor Sphere+,1,
12,Dunes,5,high,1,,2,3,Adv Armor Sphere,1,
12,Dunes,5,high,1,,2,3,Mystery Charm,1,
12,Dunes,5,high,1,,2,3,Shining Charm,1,
10,Dunes,5,high,1,,2,3,Auristone Piece,1,
5,Dunes,5,high,1,,2,3,Machalite Ore,1,
5,Dunes,5,high,1,,2,3,Carbalite Ore,1,
5,Dunes,5,high,1,,2,3,Auristone Chunk,1,
3,Dunes,5,high,1,,2,3,Rustshard,1,
40,Dunes,5,high,2,,3,5,Mopeshroom,1,
40,Dunes,5,high,2,,3,5,Exciteshroom,1,
20,Dunes,5,high,2,,3,5,Blue Mushroom,1,
85,Dunes,5,high,3,,,,Wyvern Egg,1,∞
15,Dunes,5,high,3,,,,Bone Husk,1,∞
35,Dunes,5,high,4,60,3,4,Machalite Ore,1,
30,Dunes,5,high,4,60,3,4,Carbalite Ore,1,
15,Dunes,5,high,4,60,3,4,Mystery Charm,1,
10,Dunes,5,high,4,60,3,4,Auristone Piece,1,
5,Dunes,5,high,4,60,3,4,Sunspire Jewel,1,
5,Dunes,5,high,4,60,3,4,Armor Sphere+,1,
15,Dunes,5,high,5,40,3,4,Bloodrun Jewel,1,
15,Dunes,5,high,5,40,3,4,Adv Armor Sphere,1,
15,Dunes,5,high,5,40,3,4,Mystery Charm,1,
15,Dunes,5,high,5,40,3,4,Shining Charm,1,
10,Dunes,5,high,5,40,3,4,Sunspire Jewel,1,
10,Dunes,5,high,5,40,3,4,Armor Sphere+,1,
10,Dunes,5,high,5,40,3,4,Auristone Chunk,1,
5,Dunes,5,high,5,40,3,4,Machalite Ore,1,
5,Dunes,5,high,5,40,3,4,Carbalite Ore,1,
40,Dunes,5,high,6,70,3,5,Mystery Bone,1,
25,Dunes,5,high,6,70,3,5,Bone Husk,1,
15,Dunes,5,high,6,70,3,5,Fossilized Bone,1,
10,Dunes,5,high,6,70,3,5,Bone Husk,2,
10,Dunes,5,high,6,70,3,5,Unknown Skull,1,
30,Dunes,5,high,7,30,4,6,Fossilized Bone,1,
20,Dunes,5,high,7,30,4,6,Bone Husk,2,
20,Dunes,5,high,7,30,4,6,Fossilized Bone,2,
15,Dunes,5,high,7,30,4,6,Mystery Bone,2,
15,Dunes,5,high,7,30,4,6,Unknown Skull,1,
14,Dunes,5,g,1,,2,3,Adamant Orb,1,
14,Dunes,5,g,1,,2,3,Hard Armor Sphere,1,
12,Dunes,5,g,1,,2,3,Shining Charm,1,
12,Dunes,5,g,1,,2,3,Timeworn Charm,1,
10,Dunes,5,g,1,,2,3,Novacrystal,1,
10,Dunes,5,g,1,,2,3,Lazurite Jewel,1,
10,Dunes,5,g,1,,2,3,Heavy Armor Sphere,1,
5,Dunes,5,g,1,,2,3,Carbalite Ore,1,
5,Dunes,5,g,1,,2,3,Eltalite Ore,1,
5,Dunes,5,g,1,,2,3,Auristone Chunk,1,
3,Dunes,5,g,1,,2,3,Ancient Shard,1,
40,Dunes,5,g,2,,3,5,Mopeshroom,1,
40,Dunes,5,g,2,,3,5,Exciteshroom,1,
20,Dunes,5,g,2,,3,5,Blue Mushroom,1,
85,Dunes,5,g,3,,,,Wyvern Egg,1,∞
15,Dunes,5,g,3,,,,Bone Husk,1,∞
25,Dunes,5,g,4,60,3,4,Carbalite Ore,1,
15,Dunes,5,g,4,60,3,4,Eltalite Ore,1,
15,Dunes,5,g,4,60,3,4,Fucium Ore,1,
15,Dunes,5,g,4,60,3,4,Lazurite Jewel,1,
15,Dunes,5,g,4,60,3,4,Shining Charm,1,
10,Dunes,5,g,4,60,3,4,Auristone Piece,1,
5,Dunes,5,g,4,60,3,4,Hard Armor Sphere,1,
20,Dunes,5,g,5,40,3,4,Heavy Armor Sphere,1,
15,Dunes,5,g,5,40,3,4,Novacrystal,1,
15,Dunes,5,g,5,40,3,4,Adamant Orb,1,
15,Dunes,5,g,5,40,3,4,Timeworn Charm,1,
10,Dunes,5,g,5,40,3,4,Eltalite Ore,1,
10,Dunes,5,g,5,40,3,4,Lazurite Jewel,1,
10,Dunes,5,g,5,40,3,4,Auristone Chunk,1,
5,Dunes,5,g,5,40,3,4,Carbalite Ore,1,
30,Dunes,5,g,6,70,3,5,Mystery Bone,2,
25,Dunes,5,g,6,70,3,5,Dragonbone Relic,1,
20,Dunes,5,g,6,70,3,5,Unknown Skull,1,
15,Dunes,5,g,6,70,3,5,Fossilized Bone,2,
10,Dunes,5,g,6,70,3,5,Bone Husk,3,
30,Dunes,5,g,7,30,4,6,Dragonbone Artifact,1,
20,Dunes,5,g,7,30,4,6,Dragonbone Relic,1,
20,Dunes,5,g,7,30,4,6,Fossilized Bone,3,
15,Dunes,5,g,7,30,4,6,Mystery Bone,2,
15,Dunes,5,g,7,30,4,6,Unknown Skull,2,
75,Dunes,6,low,1,,3,5,Fire Ambrosia,1,
10,Dunes,6,low,1,,3,5,Heavy Jelly,1,
10,Dunes,6,low,1,,3,5,Fire Ambrosia,2,
5,Dunes,6,low,1,,3,5,Larval Extract,1,
40,Dunes,6,low,2,,5,6,Mopeshroom,1,
40,Dunes,6,low,2,,5,6,Exciteshroom,1,
20,Dunes,6,low,2,,5,6,Blue Mushroom,1,
35,Dunes,6,low,3,,5,6,Herb,1,
25,Dunes,6,low,3,,5,6,Fire Herb,1,
15,Dunes,6,low,3,,5,6,Felvine,1,
15,Dunes,6,low,3,,5,6,Hot Pepper,1,
10,Dunes,6,low,3,,5,6,Spider Web,1,
94,Dunes,6,low,4,,5,7,Whetstone,1,
6,Dunes,6,low,4,,5,7,Stone,1,
25,Dunes,6,low,5,80,3,5,Fire Herb,1,
20,Dunes,6,low,5,80,3,5,Sleep Herb,1,
20,Dunes,6,low,5,80,3,5,Sap Plant,1,
15,Dunes,6,low,5,80,3,5,Tropical Berry,1,
10,Dunes,6,low,5,80,3,5,Hot Pepper,1,
10,Dunes,6,low,5,80,3,5,Tropical Berry,2,
25,Dunes,6,low,6,20,3,5,Gloamgrass Root,1,
25,Dunes,6,low,6,20,3,5,Hot Pepper,1,
20,Dunes,6,low,6,20,3,5,Sap Plant,2,
20,Dunes,6,low,6,20,3,5,Tropical Berry,2,
10,Dunes,6,low,6,20,3,5,Sleep Herb,1,
30,Dunes,6,low,7,60,3,4,Bomberry,1,
25,Dunes,6,low,7,60,3,4,Huskberry,1,
25,Dunes,6,low,7,60,3,4,Needleberry,1,
20,Dunes,6,low,7,60,3,4,Paintberry,1,
45,Dunes,6,low,8,40,3,5,Bomberry,1,
30,Dunes,6,low,8,40,3,5,Bomberry,2,
25,Dunes,6,low,8,40,3,5,Paintberry,1,
27,Dunes,6,low,9,60,3,5,Thunderbug,1,
20,Dunes,6,low,9,60,3,5,Flashbug,1,
18,Dunes,6,low,9,60,3,5,Bitterbug,1,
10,Dunes,6,low,9,60,3,5,Mega Fishing Fly,1,
10,Dunes,6,low,9,60,3,5,Stinkhopper,1,
10,Dunes,6,low,9,60,3,5,Royal Rhino,1,
5,Dunes,6,low,9,60,3,5,Shiny Beetle,1,
35,Dunes,6,low,10,40,4,6,Royal Rhino,1,
25,Dunes,6,low,10,40,4,6,Shiny Beetle,1,
20,Dunes,6,low,10,40,4,6,Thunderbug,1,
15,Dunes,6,low,10,40,4,6,Spider Web,1,
5,Dunes,6,low,10,40,4,6,Spider Web,2,
60,Dunes,6,high,1,,3,5,Fire Ambrosia,1,
10,Dunes,6,high,1,,3,5,Larval Extract,1,
10,Dunes,6,high,1,,3,5,Paralarval Extract,1,
10,Dunes,6,high,1,,3,5,Heavy Jelly,1,
10,Dunes,6,high,1,,3,5,Fire Ambrosia,2,
40,Dunes,6,high,2,,5,6,Mopeshroom,1,
40,Dunes,6,high,2,,5,6,Exciteshroom,1,
20,Dunes,6,high,2,,5,6,Blue Mushroom,1,
35,Dunes,6,high,3,,5,6,Herb,1,
25,Dunes,6,high,3,,5,6,Fire Herb,1,
15,Dunes,6,high,3,,5,6,Felvine,1,
15,Dunes,6,high,3,,5,6,Hot Pepper,1,
10,Dunes,6,high,3,,5,6,Spider Web,1,
94,Dunes,6,high,4,,5,7,Whetstone,1,
6,Dunes,6,high,4,,5,7,Stone,2,
25,Dunes,6,high,5,80,3,5,Fire Herb,1,
20,Dunes,6,high,5,80,3,5,Sleep Herb,1,
20,Dunes,6,high,5,80,3,5,Sap Plant,1,
15,Dunes,6,high,5,80,3,5,Tropical Berry,1,
10,Dunes,6,high,5,80,3,5,Hot Pepper,1,
10,Dunes,6,high,5,80,3,5,Tropical Berry,2,
25,Dunes,6,high,6,20,3,5,Gloamgrass Root,1,
25,Dunes,6,high,6,20,3,5,Hot Pepper,1,
20,Dunes,6,high,6,20,3,5,Sap Plant,2,
20,Dunes,6,high,6,20,3,5,Tropical Berry,2,
10,Dunes,6,high,6,20,3,5,Sleep Herb,1,
25,Dunes,6,high,7,60,3,4,Might Seed,1,
25,Dunes,6,high,7,60,3,4,Bomberry,1,
20,Dunes,6,high,7,60,3,4,Needleberry,1,
15,Dunes,6,high,7,60,3,4,Huskberry,1,
15,Dunes,6,high,7,60,3,4,Paintberry,1,
30,Dunes,6,high,8,40,3,5,Might Seed,1,
30,Dunes,6,high,8,40,3,5,Bomberry,2,
25,Dunes,6,high,8,40,3,5,Bomberry,1,
15,Dunes,6,high,8,40,3,5,Paintberry,1,
15,Dunes,6,high,9,60,3,5,Bitterbug,1,
15,Dunes,6,high,9,60,3,5,Flashbug,1,
15,Dunes,6,high,9,60,3,5,Thunderbug,1,
15,Dunes,6,high,9,60,3,5,Hercudrome,1,
15,Dunes,6,high,9,60,3,5,King Scarab,1,
10,Dunes,6,high,9,60,3,5,Stinkhopper,1,
5,Dunes,6,high,9,60,3,5,Mega Fishing Fly,1,
5,Dunes,6,high,9,60,3,5,Shiny Beetle,1,
5,Dunes,6,high,9,60,3,5,Royal Rhino,1,
25,Dunes,6,high,10,40,4,6,Shiny Beetle,1,
20,Dunes,6,high,10,40,4,6,Thunderbug,1,
15,Dunes,6,high,10,40,4,6,Hercudrome,1,
15,Dunes,6,high,10,40,4,6,King Scarab,1,
15,Dunes,6,high,10,40,4,6,Divine Rhino,1,
10,Dunes,6,high,10,40,4,6,Spider Web,2,
50,Dunes,6,g,1,,3,5,Fire Ambrosia,1,
15,Dunes,6,g,1,,3,5,Larval Extract,1,
15,Dunes,6,g,1,,3,5,Paralarval Extract,1,
10,Dunes,6,g,1,,3,5,Heavy Jelly,1,
10,Dunes,6,g,1,,3,5,Fire Ambrosia,2,
40,Dunes,6,g,2,,5,6,Mopeshroom,1,
40,Dunes,6,g,2,,5,6,Exciteshroom,1,
20,Dunes,6,g,2,,5,6,Blue Mushroom,1,
35,Dunes,6,g,3,,5,6,Herb,1,
25,Dunes,6,g,3,,5,6,Fire Herb,1,
15,Dunes,6,g,3,,5,6,Felvine,1,
15,Dunes,6,g,3,,5,6,Hot Pepper,1,
10,Dunes,6,g,3,,5,6,Spider Web,1,
94,Dunes,6,g,4,,5,7,Whetstone,1,
6,Dunes,6,g,4,,5,7,Stone,2,
25,Dunes,6,g,5,80,3,5,Fire Herb,1,
20,Dunes,6,g,5,80,3,5,Sleep Herb,1,
20,Dunes,6,g,5,80,3,5,Sap Plant,1,
15,Dunes,6,g,5,80,3,5,Tropical Berry,1,
10,Dunes,6,g,5,80,3,5,Hot Pepper,1,
10,Dunes,6,g,5,80,3,5,Tropical Berry,2,
25,Dunes,6,g,6,20,3,5,Gloamgrass Root,1,
25,Dunes,6,g,6,20,3,5,Hot Pepper,1,
20,Dunes,6,g,6,20,3,5,Sap Plant,2,
20,Dunes,6,g,6,20,3,5,Tropical Berry,2,
10,Dunes,6,g,6,20,3,5,Sleep Herb,1,
25,Dunes,6,g,7,60,3,4,Might Seed,1,
25,Dunes,6,g,7,60,3,4,Bomberry,1,
20,Dunes,6,g,7,60,3,4,Needleberry,1,
15,Dunes,6,g,7,60,3,4,Huskberry,1,
15,Dunes,6,g,7,60,3,4,Paintberry,1,
30,Dunes,6,g,8,40,3,5,Might Seed,1,
30,Dunes,6,g,8,40,3,5,Bomberry,2,
25,Dunes,6,g,8,40,3,5,Bomberry,1,
15,Dunes,6,g,8,40,3,5,Paintberry,1,
20,Dunes,6,g,9,60,3,5,King Scarab,1,
15,Dunes,6,g,9,60,3,5,Shiny Beetle,2,
15,Dunes,6,g,9,60,3,5,Rare Scarab,1,
15,Dunes,6,g,9,60,3,5,Royal Rhino,1,
10,Dunes,6,g,9,60,3,5,Thunderbug,2,
10,Dunes,6,g,9,60,3,5,Stinkhopper,2,
10,Dunes,6,g,9,60,3,5,Emperor Hopper,1,
5,Dunes,6,g,9,60,3,5,Mega Fishing Fly,2,
30,Dunes,6,g,10,40,4,6,Emperor Hopper,1,
25,Dunes,6,g,10,40,4,6,King Scarab,1,
25,Dunes,6,g,10,40,4,6,Rare Scarab,1,
20,Dunes,6,g,10,40,4,6,Divine Rhino,1,
40,Dunes,7,low,1,,3,5,Tropical Berry,1,
30,Dunes,7,low,1,,3,5,Tropical Berry,2,
15,Dunes,7,low,1,,3,5,Sap Plant,1,
15,Dunes,7,low,1,,3,5,Felvine,1,
70,Dunes,7,low,2,,3,4,Paintberry,1,
25,Dunes,7,low,2,,3,4,Bomberry,1,
5,Dunes,7,low,2,,3,4,Insect Husk,1,
37,Dunes,7,low,3,,2,3,Iron Ore,1,
33,Dunes,7,low,3,,2,3,Earth Crystal,1,
20,Dunes,7,low,3,,2,3,Stone,1,
5,Dunes,7,low,3,,2,3,Machalite Ore,1,
5,Dunes,7,low,3,,2,3,Auristone Piece,1,
37,Dunes,7,low,4,,3,4,Iron Ore,1,
33,Dunes,7,low,4,,3,4,Earth Crystal,1,
20,Dunes,7,low,4,,3,4,Stone,1,
5,Dunes,7,low,4,,3,4,Machalite Ore,1,
5,Dunes,7,low,4,,3,4,Auristone Piece,1,
75,Dunes,7,low,5,,1,1,Honey,1,
15,Dunes,7,low,5,,1,1,Snakebee Larva,1,
10,Dunes,7,low,5,,1,1,Insect Husk,1,
25,Dunes,7,low,6,60,3,5,Fire Herb,1,
20,Dunes,7,low,6,60,3,5,Sleep Herb,1,
20,Dunes,7,low,6,60,3,5,Sap Plant,1,
15,Dunes,7,low,6,60,3,5,Tropical Berry,1,
10,Dunes,7,low,6,60,3,5,Hot Pepper,1,
10,Dunes,7,low,6,60,3,5,Tropical Berry,2,
25,Dunes,7,low,7,40,3,5,Gloamgrass Root,1,
25,Dunes,7,low,7,40,3,5,Hot Pepper,1,
20,Dunes,7,low,7,40,3,5,Sap Plant,2,
20,Dunes,7,low,7,40,3,5,Tropical Berry,2,
10,Dunes,7,low,7,40,3,5,Sleep Herb,1,
35,Dunes,7,low,8,80,2,3,Iron Ore,1,
35,Dunes,7,low,8,80,2,3,Earth Crystal,1,
10,Dunes,7,low,8,80,2,3,Iron Ore,2,
10,Dunes,7,low,8,80,2,3,Aquaglow Jewel,1,
5,Dunes,7,low,8,80,2,3,Machalite Ore,1,
5,Dunes,7,low,8,80,2,3,Auristone Piece,1,
35,Dunes,7,low,9,20,3,4,Earth Crystal,1,
20,Dunes,7,low,9,20,3,4,Iron Ore,1,
15,Dunes,7,low,9,20,3,4,Machalite Ore,1,
10,Dunes,7,low,9,20,3,4,Iron Ore,2,
10,Dunes,7,low,9,20,3,4,Aquaglow Jewel,1,
10,Dunes,7,low,9,20,3,4,Auristone Piece,1,
27,Dunes,7,low,10,60,3,5,Thunderbug,1,
20,Dunes,7,low,10,60,3,5,Flashbug,1,
18,Dunes,7,low,10,60,3,5,Bitterbug,1,
10,Dunes,7,low,10,60,3,5,Mega Fishing Fly,1,
10,Dunes,7,low,10,60,3,5,Stinkhopper,1,
10,Dunes,7,low,10,60,3,5,Royal Rhino,1,
5,Dunes,7,low,10,60,3,5,Shiny Beetle,1,
35,Dunes,7,low,11,30,4,6,Royal Rhino,1,
25,Dunes,7,low,11,30,4,6,Shiny Beetle,1,
20,Dunes,7,low,11,30,4,6,Thunderbug,1,
15,Dunes,7,low,11,30,4,6,Spider Web,1,
5,Dunes,7,low,11,30,4,6,Spider Web,2,
40,Dunes,7,high,1,,3,5,Tropical Berry,1,
30,Dunes,7,high,1,,3,5,Tropical Berry,2,
15,Dunes,7,high,1,,3,5,Sap Plant,1,
15,Dunes,7,high,1,,3,5,Felvine,1,
45,Dunes,7,high,2,,3,4,Paintberry,1,
35,Dunes,7,high,2,,3,4,Might Seed,1,
20,Dunes,7,high,2,,3,4,Bomberry,1,
25,Dunes,7,high,3,,2,3,Machalite Ore,1,
20,Dunes,7,high,3,,2,3,Earth Crystal,1,
15,Dunes,7,high,3,,2,3,Stone,2,
15,Dunes,7,high,3,,2,3,Auristone Piece,1,
10,Dunes,7,high,3,,2,3,Carbalite Ore,1,
10,Dunes,7,high,3,,2,3,Mystery Charm,1,
5,Dunes,7,high,3,,2,3,Auristone Chunk,1,
25,Dunes,7,high,4,,3,4,Machalite Ore,1,
20,Dunes,7,high,4,,3,4,Earth Crystal,1,
15,Dunes,7,high,4,,3,4,Stone,2,
15,Dunes,7,high,4,,3,4,Auristone Piece,1,
10,Dunes,7,high,4,,3,4,Carbalite Ore,1,
10,Dunes,7,high,4,,3,4,Mystery Charm,1,
5,Dunes,7,high,4,,3,4,Auristone Chunk,1,
75,Dunes,7,high,5,,1,1,Honey,1,
15,Dunes,7,high,5,,1,1,Snakebee Larva,1,
10,Dunes,7,high,5,,1,1,Insect Husk,1,
100,Dunes,7,high,6,,2,3,Burned Husk,1,
25,Dunes,7,high,7,60,3,5,Fire Herb,1,
20,Dunes,7,high,7,60,3,5,Sleep Herb,1,
20,Dunes,7,high,7,60,3,5,Sap Plant,1,
15,Dunes,7,high,7,60,3,5,Tropical Berry,1,
10,Dunes,7,high,7,60,3,5,Hot Pepper,1,
10,Dunes,7,high,7,60,3,5,Tropical Berry,2,
25,Dunes,7,high,8,40,3,5,Gloamgrass Root,1,
25,Dunes,7,high,8,40,3,5,Hot Pepper,1,
20,Dunes,7,high,8,40,3,5,Sap Plant,2,
20,Dunes,7,high,8,40,3,5,Tropical Berry,2,
10,Dunes,7,high,8,40,3,5,Sleep Herb,1,
35,Dunes,7,high,9,80,2,3,Machalite Ore,1,
30,Dunes,7,high,9,80,2,3,Carbalite Ore,1,
15,Dunes,7,high,9,80,2,3,Mystery Charm,1,
10,Dunes,7,high,9,80,2,3,Auristone Piece,1,
5,Dunes,7,high,9,80,2,3,Sunspire Jewel,1,
5,Dunes,7,high,9,80,2,3,Armor Sphere+,1,
15,Dunes,7,high,10,20,3,4,Bloodrun Jewel,1,
15,Dunes,7,high,10,20,3,4,Adv Armor Sphere,1,
15,Dunes,7,high,10,20,3,4,Mystery Charm,1,
15,Dunes,7,high,10,20,3,4,Shining Charm,1,
10,Dunes,7,high,10,20,3,4,Sunspire Jewel,1,
10,Dunes,7,high,10,20,3,4,Armor Sphere+,1,
10,Dunes,7,high,10,20,3,4,Auristone Chunk,1,
5,Dunes,7,high,10,20,3,4,Machalite Ore,1,
5,Dunes,7,high,10,20,3,4,Carbalite Ore,1,
15,Dunes,7,high,11,60,3,5,Bitterbug,1,
15,Dunes,7,high,11,60,3,5,Flashbug,1,
15,Dunes,7,high,11,60,3,5,Thunderbug,1,
15,Dunes,7,high,11,60,3,5,Hercudrome,1,
15,Dunes,7,high,11,60,3,5,King Scarab,1,
10,Dunes,7,high,11,60,3,5,Stinkhopper,1,
5,Dunes,7,high,11,60,3,5,Mega Fishing Fly,1,
5,Dunes,7,high,11,60,3,5,Shiny Beetle,1,
5,Dunes,7,high,11,60,3,5,Royal Rhino,1,
25,Dunes,7,high,12,30,4,6,Shiny Beetle,1,
20,Dunes,7,high,12,30,4,6,Thunderbug,1,
15,Dunes,7,high,12,30,4,6,Hercudrome,1,
15,Dunes,7,high,12,30,4,6,King Scarab,1,
15,Dunes,7,high,12,30,4,6,Divine Rhino,1,
10,Dunes,7,high,12,30,4,6,Spider Web,2,
40,Dunes,7,g,1,,3,5,Tropical Berry,1,
30,Dunes,7,g,1,,3,5,Tropical Berry,2,
15,Dunes,7,g,1,,3,5,Sap Plant,1,
15,Dunes,7,g,1,,3,5,Felvine,1,
45,Dunes,7,g,2,,3,4,Paintberry,1,
35,Dunes,7,g,2,,3,4,Might Seed,1,
20,Dunes,7,g,2,,3,4,Bomberry,1,
20,Dunes,7,g,3,,2,3,Carbalite Ore,1,
20,Dunes,7,g,3,,2,3,Eltalite Ore,1,
15,Dunes,7,g,3,,2,3,Fucium Ore,1,
15,Dunes,7,g,3,,2,3,Auristone Chunk,1,
10,Dunes,7,g,3,,2,3,Lightcrystal,2,
10,Dunes,7,g,3,,2,3,Shining Charm,1,
10,Dunes,7,g,3,,2,3,Auristone Piece,1,
20,Dunes,7,g,4,,3,4,Carbalite Ore,1,
20,Dunes,7,g,4,,3,4,Eltalite Ore,1,
15,Dunes,7,g,4,,3,4,Fucium Ore,1,
15,Dunes,7,g,4,,3,4,Auristone Chunk,1,
10,Dunes,7,g,4,,3,4,Lightcrystal,2,
10,Dunes,7,g,4,,3,4,Shining Charm,1,
10,Dunes,7,g,4,,3,4,Auristone Piece,1,
75,Dunes,7,g,5,,1,1,Honey,1,
15,Dunes,7,g,5,,1,1,Snakebee Larva,1,
10,Dunes,7,g,5,,1,1,Insect Husk,1,
100,Dunes,7,g,6,,2,3,Burned Husk,1,
25,Dunes,7,g,7,60,3,5,Fire Herb,1,
20,Dunes,7,g,7,60,3,5,Sleep Herb,1,
20,Dunes,7,g,7,60,3,5,Sap Plant,1,
15,Dunes,7,g,7,60,3,5,Tropical Berry,1,
10,Dunes,7,g,7,60,3,5,Hot Pepper,1,
10,Dunes,7,g,7,60,3,5,Tropical Berry,2,
25,Dunes,7,g,8,40,3,5,Gloamgrass Root,1,
25,Dunes,7,g,8,40,3,5,Hot Pepper,1,
20,Dunes,7,g,8,40,3,5,Sap Plant,2,
20,Dunes,7,g,8,40,3,5,Tropical Berry,2,
10,Dunes,7,g,8,40,3,5,Sleep Herb,1,
25,Dunes,7,g,9,80,2,3,Carbalite Ore,1,
15,Dunes,7,g,9,80,2,3,Eltalite Ore,1,
15,Dunes,7,g,9,80,2,3,Fucium Ore,1,
15,Dunes,7,g,9,80,2,3,Lazurite Jewel,1,
15,Dunes,7,g,9,80,2,3,Shining Charm,1,
10,Dunes,7,g,9,80,2,3,Auristone Piece,1,
5,Dunes,7,g,9,80,2,3,Hard Armor Sphere,1,
20,Dunes,7,g,10,20,3,4,Heavy Armor Sphere,1,
15,Dunes,7,g,10,20,3,4,Novacrystal,1,
15,Dunes,7,g,10,20,3,4,Adamant Orb,1,
15,Dunes,7,g,10,20,3,4,Timeworn Charm,1,
10,Dunes,7,g,10,20,3,4,Eltalite Ore,1,
10,Dunes,7,g,10,20,3,4,Lazurite Jewel,1,
10,Dunes,7,g,10,20,3,4,Auristone Chunk,1,
5,Dunes,7,g,10,20,3,4,Carbalite Ore,1,
20,Dunes,7,g,11,60,3,5,King Scarab,1,
15,Dunes,7,g,11,60,3,5,Shiny Beetle,2,
15,Dunes,7,g,11,60,3,5,Rare Scarab,1,
15,Dunes,7,g,11,60,3,5,Royal Rhino,1,
10,Dunes,7,g,11,60,3,5,Thunderbug,2,
10,Dunes,7,g,11,60,3,5,Stinkhopper,2,
10,Dunes,7,g,11,60,3,5,Emperor Hopper,1,
5,Dunes,7,g,11,60,3,5,Mega Fishing Fly,2,
30,Dunes,7,g,12,30,4,6,Emperor Hopper,1,
25,Dunes,7,g,12,30,4,6,King Scarab,1,
25,Dunes,7,g,12,30,4,6,Rare Scarab,1,
20,Dunes,7,g,12,30,4,6,Divine Rhino,1,
45,Dunes,8,low,1,,3,5,Ice Crystal,1,
25,Dunes,8,low,1,,3,5,Iron Ore,1,
25,Dunes,8,low,1,,3,5,Earth Crystal,1,
5,Dunes,8,low,1,,3,5,Auristone Piece,1,
95,Dunes,8,low,2,,,,Meteor Chunk,1,∞
5,Dunes,8,low,2,,,,Whetstone,1,∞
25,Dunes,8,low,3,60,3,5,Fire Herb,1,
20,Dunes,8,low,3,60,3,5,Sleep Herb,1,
20,Dunes,8,low,3,60,3,5,Sap Plant,1,
15,Dunes,8,low,3,60,3,5,Tropical Berry,1,
10,Dunes,8,low,3,60,3,5,Hot Pepper,1,
10,Dunes,8,low,3,60,3,5,Tropical Berry,2,
25,Dunes,8,low,4,40,3,5,Gloamgrass Root,1,
25,Dunes,8,low,4,40,3,5,Hot Pepper,1,
20,Dunes,8,low,4,40,3,5,Sap Plant,2,
20,Dunes,8,low,4,40,3,5,Tropical Berry,2,
10,Dunes,8,low,4,40,3,5,Sleep Herb,1,
35,Dunes,8,low,5,70,3,5,Iron Ore,1,
30,Dunes,8,low,5,70,3,5,Earth Crystal,1,
25,Dunes,8,low,5,70,3,5,Ice Crystal,1,
5,Dunes,8,low,5,70,3,5,Machalite Ore,1,
5,Dunes,8,low,5,70,3,5,Auristone Piece,1,
60,Dunes,8,low,6,30,3,5,Ice Crystal,1,
15,Dunes,8,low,6,30,3,5,Iron Ore,1,
10,Dunes,8,low,6,30,3,5,Earth Crystal,1,
10,Dunes,8,low,6,30,3,5,Machalite Ore,1,
5,Dunes,8,low,6,30,3,5,Auristone Piece,1,
30,Dunes,8,low,7,60,3,4,Blue Mushroom,1,
30,Dunes,8,low,7,60,3,4,Mopeshroom,1,
30,Dunes,8,low,7,60,3,4,Exciteshroom,1,
10,Dunes,8,low,7,60,3,4,Blue Mushroom,2,
30,Dunes,8,low,8,40,3,4,Mopeshroom,1,
30,Dunes,8,low,8,40,3,4,Exciteshroom,1,
20,Dunes,8,low,8,40,3,4,Mopeshroom,2,
20,Dunes,8,low,8,40,3,4,Exciteshroom,2,
45,Dunes,8,high,1,,3,5,Ice Crystal,1,
35,Dunes,8,high,1,,3,5,Machalite Ore,1,
10,Dunes,8,high,1,,3,5,Auristone Piece,1,
5,Dunes,8,high,1,,3,5,Earth Crystal,1,
5,Dunes,8,high,1,,3,5,Auristone Chunk,1,
95,Dunes,8,high,2,,,,Meteor Chunk,1,∞
5,Dunes,8,high,2,,,,Whetstone,1,∞
25,Dunes,8,high,3,60,3,5,Fire Herb,1,
20,Dunes,8,high,3,60,3,5,Sleep Herb,1,
20,Dunes,8,high,3,60,3,5,Sap Plant,1,
15,Dunes,8,high,3,60,3,5,Tropical Berry,1,
10,Dunes,8,high,3,60,3,5,Hot Pepper,1,
10,Dunes,8,high,3,60,3,5,Tropical Berry,2,
25,Dunes,8,high,4,40,3,5,Gloamgrass Root,1,
25,Dunes,8,high,4,40,3,5,Hot Pepper,1,
20,Dunes,8,high,4,40,3,5,Sap Plant,2,
20,Dunes,8,high,4,40,3,5,Tropical Berry,2,
10,Dunes,8,high,4,40,3,5,Sleep Herb,1,
50,Dunes,8,high,5,70,3,5,Ice Crystal,1,
15,Dunes,8,high,5,70,3,5,Earth Crystal,1,
15,Dunes,8,high,5,70,3,5,Machalite Ore,1,
15,Dunes,8,high,5,70,3,5,Mystery Charm,1,
5,Dunes,8,high,5,70,3,5,Auristone Piece,1,
30,Dunes,8,high,6,30,3,5,Ice Crystal,1,
25,Dunes,8,high,6,30,3,5,Machalite Ore,1,
20,Dunes,8,high,6,30,3,5,Mystery Charm,1,
10,Dunes,8,high,6,30,3,5,Earth Crystal,1,
10,Dunes,8,high,6,30,3,5,Shining Charm,1,
5,Dunes,8,high,6,30,3,5,Auristone Chunk,1,
30,Dunes,8,high,7,60,3,4,Blue Mushroom,1,
30,Dunes,8,high,7,60,3,4,Mopeshroom,1,
30,Dunes,8,high,7,60,3,4,Exciteshroom,1,
10,Dunes,8,high,7,60,3,4,Blue Mushroom,2,
30,Dunes,8,high,8,40,3,4,Mopeshroom,1,
30,Dunes,8,high,8,40,3,4,Exciteshroom,1,
20,Dunes,8,high,8,40,3,4,Mopeshroom,2,
20,Dunes,8,high,8,40,3,4,Exciteshroom,2,
35,Dunes,8,g,1,,3,5,Carbalite Ore,1,
30,Dunes,8,g,1,,3,5,Ice Crystal,1,
20,Dunes,8,g,1,,3,5,Eltalite Ore,1,
10,Dunes,8,g,1,,3,5,Auristone Chunk,1,
5,Dunes,8,g,1,,3,5,Auristone Piece,1,
95,Dunes,8,g,2,,,,Meteor Chunk,1,∞
5,Dunes,8,g,2,,,,Whetstone,1,∞
25,Dunes,8,g,3,60,3,5,Fire Herb,1,
20,Dunes,8,g,3,60,3,5,Sleep Herb,1,
20,Dunes,8,g,3,60,3,5,Sap Plant,1,
15,Dunes,8,g,3,60,3,5,Tropical Berry,1,
10,Dunes,8,g,3,60,3,5,Hot Pepper,1,
10,Dunes,8,g,3,60,3,5,Tropical Berry,2,
25,Dunes,8,g,4,40,3,5,Gloamgrass Root,1,
25,Dunes,8,g,4,40,3,5,Hot Pepper,1,
20,Dunes,8,g,4,40,3,5,Sap Plant,2,
20,Dunes,8,g,4,40,3,5,Tropical Berry,2,
10,Dunes,8,g,4,40,3,5,Sleep Herb,1,
50,Dunes,8,g,5,70,3,5,Ice Crystal,2,
15,Dunes,8,g,5,70,3,5,Lightcrystal,1,
15,Dunes,8,g,5,70,3,5,Eltalite Ore,1,
15,Dunes,8,g,5,70,3,5,Shining Charm,1,
5,Dunes,8,g,5,70,3,5,Auristone Piece,1,
30,Dunes,8,g,6,30,3,5,Ice Crystal,2,
25,Dunes,8,g,6,30,3,5,Eltalite Ore,1,
20,Dunes,8,g,6,30,3,5,Novacrystal,1,
10,Dunes,8,g,6,30,3,5,Lightcrystal,1,
10,Dunes,8,g,6,30,3,5,Timeworn Charm,1,
5,Dunes,8,g,6,30,3,5,Auristone Chunk,1,
30,Dunes,8,g,7,60,3,4,Blue Mushroom,1,
30,Dunes,8,g,7,60,3,4,Mopeshroom,1,
30,Dunes,8,g,7,60,3,4,Exciteshroom,1,
10,Dunes,8,g,7,60,3,4,Blue Mushroom,2,
30,Dunes,8,g,8,40,3,4,Mopeshroom,1,
30,Dunes,8,g,8,40,3,4,Exciteshroom,1,
20,Dunes,8,g,8,40,3,4,Mopeshroom,2,
20,Dunes,8,g,8,40,3,4,Exciteshroom,2,
40,Dunes,9,low,1,,3,5,Mopeshroom,1,
40,Dunes,9,low,1,,3,5,Exciteshroom,1,
20,Dunes,9,low,1,,3,5,Blue Mushroom,1,
38,Dunes,9,low,2,,4,6,Carpenterbug,1,
24,Dunes,9,low,2,,4,6,Royal Rhino,1,
18,Dunes,9,low,2,,4,6,Flashbug,1,
10,Dunes,9,low,2,,4,6,Spider Web,1,
10,Dunes,9,low,2,,4,6,Shiny Beetle,1,
30,Dunes,9,low,3,55,3,4,Blue Mushroom,1,
30,Dunes,9,low,3,55,3,4,Mopeshroom,1,
30,Dunes,9,low,3,55,3,4,Exciteshroom,1,
10,Dunes,9,low,3,55,3,4,Blue Mushroom,2,
30,Dunes,9,low,4,45,3,4,Mopeshroom,1,
30,Dunes,9,low,4,45,3,4,Exciteshroom,1,
20,Dunes,9,low,4,45,3,4,Mopeshroom,2,
20,Dunes,9,low,4,45,3,4,Exciteshroom,2,
70,Dunes,9,low,5,70,3,4,Honey,1,
25,Dunes,9,low,5,70,3,4,Snakebee Larva,1,
5,Dunes,9,low,5,70,3,4,Insect Husk,1,
65,Dunes,9,low,6,30,3,4,Honey,1,
20,Dunes,9,low,6,30,3,4,Snakebee Larva,1,
15,Dunes,9,low,6,30,3,4,Honey,2,
40,Dunes,9,low,7,60,3,4,Mystery Bone,1,
25,Dunes,9,low,7,60,3,4,Bone Husk,1,
15,Dunes,9,low,7,60,3,4,Fossilized Bone,1,
10,Dunes,9,low,7,60,3,4,Bone Husk,2,
10,Dunes,9,low,7,60,3,4,Unknown Skull,1,
30,Dunes,9,low,8,40,3,4,Fossilized Bone,1,
20,Dunes,9,low,8,40,3,4,Bone Husk,2,
20,Dunes,9,low,8,40,3,4,Fossilized Bone,2,
15,Dunes,9,low,8,40,3,4,Mystery Bone,2,
15,Dunes,9,low,8,40,3,4,Unknown Skull,1,
100,Dunes,9,low,9,,,,Sushifish,1,Sushifish Bait
100,Dunes,9,low,10,,,,Scatterfish,1,Burst Bait
100,Dunes,9,low,11,,,,Small Goldenfish,1,Mega Fishing Fly
30,Dunes,9,low,12,,,,Scatterfish,1,
19,Dunes,9,low,12,,,,Sushifish,1,
19,Dunes,9,low,12,,,,Sleepyfish,1,
19,Dunes,9,low,12,,,,Small Goldenfish,1,
8,Dunes,9,low,12,,,,Glutton Tuna,1,
5,Dunes,9,low,12,,,,Whetfish,1,
40,Dunes,9,high,1,,3,5,Mopeshroom,1,
40,Dunes,9,high,1,,3,5,Exciteshroom,1,
20,Dunes,9,high,1,,3,5,Blue Mushroom,1,
20,Dunes,9,high,2,,4,6,Flashbug,1,
20,Dunes,9,high,2,,4,6,Carpenterbug,1,
15,Dunes,9,high,2,,4,6,Hercudrome,1,
15,Dunes,9,high,2,,4,6,King Scarab,1,
15,Dunes,9,high,2,,4,6,Royal Rhino,1,
5,Dunes,9,high,2,,4,6,Spider Web,1,
5,Dunes,9,high,2,,4,6,Shiny Beetle,1,
5,Dunes,9,high,2,,4,6,Divine Rhino,1,
30,Dunes,9,high,3,55,3,4,Blue Mushroom,1,
30,Dunes,9,high,3,55,3,4,Mopeshroom,1,
30,Dunes,9,high,3,55,3,4,Exciteshroom,1,
10,Dunes,9,high,3,55,3,4,Blue Mushroom,2,
30,Dunes,9,high,4,45,3,4,Mopeshroom,1,
30,Dunes,9,high,4,45,3,4,Exciteshroom,1,
20,Dunes,9,high,4,45,3,4,Mopeshroom,2,
20,Dunes,9,high,4,45,3,4,Exciteshroom,2,
70,Dunes,9,high,5,70,3,4,Honey,1,
25,Dunes,9,high,5,70,3,4,Snakebee Larva,1,
5,Dunes,9,high,5,70,3,4,Insect Husk,1,
65,Dunes,9,high,6,30,3,4,Honey,1,
20,Dunes,9,high,6,30,3,4,Snakebee Larva,1,
15,Dunes,9,high,6,30,3,4,Honey,2,
40,Dunes,9,high,7,60,3,4,Mystery Bone,1,
25,Dunes,9,high,7,60,3,4,Bone Husk,1,
15,Dunes,9,high,7,60,3,4,Fossilized Bone,1,
10,Dunes,9,high,7,60,3,4,Bone Husk,2,
10,Dunes,9,high,7,60,3,4,Unknown Skull,1,
30,Dunes,9,high,8,40,3,4,Fossilized Bone,1,
20,Dunes,9,high,8,40,3,4,Bone Husk,2,
20,Dunes,9,high,8,40,3,4,Fossilized Bone,2,
15,Dunes,9,high,8,40,3,4,Mystery Bone,2,
15,Dunes,9,high,8,40,3,4,Unknown Skull,1,
100,Dunes,9,high,9,,,,Sushifish,1,Sushifish Bait
100,Dunes,9,high,10,,,,Scatterfish,1,Burst Bait
100,Dunes,9,high,11,,,,Goldenfish,1,Goldenfish Bait
60,Dunes,9,high,12,,,,Small Goldenfish,1,Mega Fishing Fly
25,Dunes,9,high,12,,,,Goldenfish,1,Mega Fishing Fly
15,Dunes,9,high,12,,,,Silverfish,1,Mega Fishing Fly
23,Dunes,9,high,13,,,,Scatterfish,1,
15,Dunes,9,high,13,,,,Sushifish,1,
15,Dunes,9,high,13,,,,Sleepyfish,1,
15,Dunes,9,high,13,,,,Small Goldenfish,1,
7,Dunes,9,high,13,,,,Glutton Tuna,1,
7,Dunes,9,high,13,,,,Gastronome Tuna,1,
7,Dunes,9,high,13,,,,Goldenfish,1,
5,Dunes,9,high,13,,,,Guardfish,1,
3,Dunes,9,high,13,,,,Whetfish,1,
3,Dunes,9,high,13,,,,Silverfish,1,
40,Dunes,9,g,1,,3,5,Mopeshroom,1,
40,Dunes,9,g,1,,3,5,Exciteshroom,1,
20,Dunes,9,g,1,,3,5,Blue Mushroom,1,
20,Dunes,9,g,2,,4,6,King Scarab,1,
20,Dunes,9,g,2,,4,6,Rare Scarab,1,
15,Dunes,9,g,2,,4,6,Shiny Beetle,2,
15,Dunes,9,g,2,,4,6,Royal Rhino,1,
15,Dunes,9,g,2,,4,6,Divine Rhino,1,
10,Dunes,9,g,2,,4,6,Emperor Hopper,1,
5,Dunes,9,g,2,,4,6,Spider Web,2,
30,Dunes,9,g,3,55,3,4,Blue Mushroom,1,
30,Dunes,9,g,3,55,3,4,Mopeshroom,1,
30,Dunes,9,g,3,55,3,4,Exciteshroom,1,
10,Dunes,9,g,3,55,3,4,Blue Mushroom,2,
30,Dunes,9,g,4,45,3,4,Mopeshroom,1,
30,Dunes,9,g,4,45,3,4,Exciteshroom,1,
20,Dunes,9,g,4,45,3,4,Mopeshroom,2,
20,Dunes,9,g,4,45,3,4,Exciteshroom,2,
70,Dunes,9,g,5,70,3,4,Honey,1,
25,Dunes,9,g,5,70,3,4,Snakebee Larva,1,
5,Dunes,9,g,5,70,3,4,Insect Husk,1,
65,Dunes,9,g,6,30,3,4,Honey,1,
20,Dunes,9,g,6,30,3,4,Snakebee Larva,1,
15,Dunes,9,g,6,30,3,4,Honey,2,
30,Dunes,9,g,7,60,3,4,Mystery Bone,2,
25,Dunes,9,g,7,60,3,4,Dragonbone Relic,1,
20,Dunes,9,g,7,60,3,4,Unknown Skull,1,
15,Dunes,9,g,7,60,3,4,Fossilized Bone,2,
10,Dunes,9,g,7,60,3,4,Bone Husk,3,
30,Dunes,9,g,8,40,3,4,Dragonbone Artifact,1,
20,Dunes,9,g,8,40,3,4,Dragonbone Relic,1,
20,Dunes,9,g,8,40,3,4,Fossilized Bone,3,
15,Dunes,9,g,8,40,3,4,Mystery Bone,2,
15,Dunes,9,g,8,40,3,4,Unknown Skull,2,
100,Dunes,9,g,9,,,,Sushifish,1,Sushifish Bait
100,Dunes,9,g,10,,,,Scatterfish,1,Burst Bait
50,Dunes,9,g,11,,,,Guardfish,1,Goldenfish Bait
50,Dunes,9,g,11,,,,Goldenfish,1,Goldenfish Bait
35,Dunes,9,g,12,,,,Small Goldenfish,1,Mega Fishing Fly
25,Dunes,9,g,12,,,,Guardfish,1,Mega Fishing Fly
25,Dunes,9,g,12,,,,Goldenfish,1,Mega Fishing Fly
15,Dunes,9,g,12,,,,Silverfish,1,Mega Fishing Fly
23,Dunes,9,g,13,,,,Scatterfish,1,
15,Dunes,9,g,13,,,,Sushifish,1,
15,Dunes,9,g,13,,,,Sleepyfish,1,
15,Dunes,9,g,13,,,,Small Goldenfish,1,
7,Dunes,9,g,13,,,,Glutton Tuna,1,
7,Dunes,9,g,13,,,,Gastronome Tuna,1,
7,Dunes,9,g,13,,,,Goldenfish,1,
5,Dunes,9,g,13,,,,Guardfish,1,
3,Dunes,9,g,13,,,,Whetfish,1,
3,Dunes,9,g,13,,,,Silverfish,1,
35,Dunes,10,low,1,,4,5,Herb,1,
25,Dunes,10,low,1,,4,5,Fire Herb,1,
15,Dunes,10,low,1,,4,5,Felvine,1,
15,Dunes,10,low,1,,4,5,Hot Pepper,1,
10,Dunes,10,low,1,,4,5,Spider Web,1,
35,Dunes,10,low,2,,2,3,Earth Crystal,1,
25,Dunes,10,low,2,,2,3,Iron Ore,1,
15,Dunes,10,low,2,,2,3,Machalite Ore,1,
15,Dunes,10,low,2,,2,3,Aquaglow Jewel,1,
10,Dunes,10,low,2,,2,3,Auristone Piece,1,
35,Dunes,10,low,3,,3,4,Herb,1,
25,Dunes,10,low,3,,3,4,Fire Herb,1,
15,Dunes,10,low,3,,3,4,Felvine,1,
15,Dunes,10,low,3,,3,4,Hot Pepper,1,
10,Dunes,10,low,3,,3,4,Spider Web,1,
25,Dunes,10,low,4,60,3,5,Fire Herb,1,
20,Dunes,10,low,4,60,3,5,Sleep Herb,1,
20,Dunes,10,low,4,60,3,5,Sap Plant,1,
15,Dunes,10,low,4,60,3,5,Tropical Berry,1,
10,Dunes,10,low,4,60,3,5,Hot Pepper,1,
10,Dunes,10,low,4,60,3,5,Tropical Berry,2,
25,Dunes,10,low,5,40,3,5,Gloamgrass Root,1,
25,Dunes,10,low,5,40,3,5,Hot Pepper,1,
20,Dunes,10,low,5,40,3,5,Sap Plant,2,
20,Dunes,10,low,5,40,3,5,Tropical Berry,2,
10,Dunes,10,low,5,40,3,5,Sleep Herb,1,
35,Dunes,10,low,6,70,3,4,Iron Ore,1,
35,Dunes,10,low,6,70,3,4,Earth Crystal,1,
10,Dunes,10,low,6,70,3,4,Iron Ore,2,
10,Dunes,10,low,6,70,3,4,Aquaglow Jewel,1,
5,Dunes,10,low,6,70,3,4,Machalite Ore,1,
5,Dunes,10,low,6,70,3,4,Auristone Piece,1,
35,Dunes,10,low,7,30,3,4,Earth Crystal,1,
20,Dunes,10,low,7,30,3,4,Iron Ore,1,
15,Dunes,10,low,7,30,3,4,Machalite Ore,1,
10,Dunes,10,low,7,30,3,4,Iron Ore,2,
10,Dunes,10,low,7,30,3,4,Aquaglow Jewel,1,
10,Dunes,10,low,7,30,3,4,Auristone Piece,1,
35,Dunes,10,high,1,,4,5,Herb,1,
25,Dunes,10,high,1,,4,5,Fire Herb,1,
15,Dunes,10,high,1,,4,5,Felvine,1,
15,Dunes,10,high,1,,4,5,Hot Pepper,1,
10,Dunes,10,high,1,,4,5,Spider Web,1,
12,Dunes,10,high,2,,2,3,Sunspire Jewel,1,
12,Dunes,10,high,2,,2,3,Bloodrun Jewel,1,
12,Dunes,10,high,2,,2,3,Armor Sphere+,1,
12,Dunes,10,high,2,,2,3,Adv Armor Sphere,1,
12,Dunes,10,high,2,,2,3,Mystery Charm,1,
12,Dunes,10,high,2,,2,3,Shining Charm,1,
10,Dunes,10,high,2,,2,3,Auristone Piece,1,
5,Dunes,10,high,2,,2,3,Machalite Ore,1,
5,Dunes,10,high,2,,2,3,Carbalite Ore,1,
5,Dunes,10,high,2,,2,3,Auristone Chunk,1,
3,Dunes,10,high,2,,2,3,Rustshard,1,
35,Dunes,10,high,3,,3,4,Herb,1,
25,Dunes,10,high,3,,3,4,Fire Herb,1,
15,Dunes,10,high,3,,3,4,Felvine,1,
15,Dunes,10,high,3,,3,4,Hot Pepper,1,
10,Dunes,10,high,3,,3,4,Spider Web,1,
25,Dunes,10,high,4,60,3,5,Fire Herb,1,
20,Dunes,10,high,4,60,3,5,Sleep Herb,1,
20,Dunes,10,high,4,60,3,5,Sap Plant,1,
15,Dunes,10,high,4,60,3,5,Tropical Berry,1,
10,Dunes,10,high,4,60,3,5,Hot Pepper,1,
10,Dunes,10,high,4,60,3,5,Tropical Berry,2,
25,Dunes,10,high,5,40,3,5,Gloamgrass Root,1,
25,Dunes,10,high,5,40,3,5,Hot Pepper,1,
20,Dunes,10,high,5,40,3,5,Sap Plant,2,
20,Dunes,10,high,5,40,3,5,Tropical Berry,2,
10,Dunes,10,high,5,40,3,5,Sleep Herb,1,
35,Dunes,10,high,6,70,3,4,Machalite Ore,1,
30,Dunes,10,high,6,70,3,4,Carbalite Ore,1,
15,Dunes,10,high,6,70,3,4,Mystery Charm,1,
10,Dunes,10,high,6,70,3,4,Auristone Piece,1,
5,Dunes,10,high,6,70,3,4,Sunspire Jewel,1,
5,Dunes,10,high,6,70,3,4,Armor Sphere+,1,
15,Dunes,10,high,7,30,3,4,Bloodrun Jewel,1,
15,Dunes,10,high,7,30,3,4,Adv Armor Sphere,1,
15,Dunes,10,high,7,30,3,4,Mystery Charm,1,
15,Dunes,10,high,7,30,3,4,Shining Charm,1,
10,Dunes,10,high,7,30,3,4,Sunspire Jewel,1,
10,Dunes,10,high,7,30,3,4,Armor Sphere+,1,
10,Dunes,10,high,7,30,3,4,Auristone Chunk,1,
5,Dunes,10,high,7,30,3,4,Machalite Ore,1,
5,Dunes,10,high,7,30,3,4,Carbalite Ore,1,
35,Dunes,10,g,1,,4,5,Herb,1,
25,Dunes,10,g,1,,4,5,Fire Herb,1,
15,Dunes,10,g,1,,4,5,Felvine,1,
15,Dunes,10,g,1,,4,5,Hot Pepper,1,
10,Dunes,10,g,1,,4,5,Spider Web,1,
14,Dunes,10,g,2,,2,3,Adamant Orb,1,
14,Dunes,10,g,2,,2,3,Hard Armor Sphere,1,
12,Dunes,10,g,2,,2,3,Shining Charm,1,
12,Dunes,10,g,2,,2,3,Timeworn Charm,1,
10,Dunes,10,g,2,,2,3,Novacrystal,1,
10,Dunes,10,g,2,,2,3,Lazurite Jewel,1,
10,Dunes,10,g,2,,2,3,Heavy Armor Sphere,1,
5,Dunes,10,g,2,,2,3,Carbalite Ore,1,
5,Dunes,10,g,2,,2,3,Eltalite Ore,1,
5,Dunes,10,g,2,,2,3,Auristone Chunk,1,
3,Dunes,10,g,2,,2,3,Ancient Shard,1,
35,Dunes,10,g,3,,3,4,Herb,1,
25,Dunes,10,g,3,,3,4,Fire Herb,1,
15,Dunes,10,g,3,,3,4,Felvine,1,
15,Dunes,10,g,3,,3,4,Hot Pepper,1,
10,Dunes,10,g,3,,3,4,Spider Web,1,
25,Dunes,10,g,4,60,3,5,Fire Herb,1,
20,Dunes,10,g,4,60,3,5,Sleep Herb,1,
20,Dunes,10,g,4,60,3,5,Sap Plant,1,
15,Dunes,10,g,4,60,3,5,Tropical Berry,1,
10,Dunes,10,g,4,60,3,5,Hot Pepper,1,
10,Dunes,10,g,4,60,3,5,Tropical Berry,2,
25,Dunes,10,g,5,40,3,5,Gloamgrass Root,1,
25,Dunes,10,g,5,40,3,5,Hot Pepper,1,
20,Dunes,10,g,5,40,3,5,Sap Plant,2,
20,Dunes,10,g,5,40,3,5,Tropical Berry,2,
10,Dunes,10,g,5,40,3,5,Sleep Herb,1,
25,Dunes,10,g,6,70,3,4,Carbalite Ore,1,
15,Dunes,10,g,6,70,3,4,Eltalite Ore,1,
15,Dunes,10,g,6,70,3,4,Fucium Ore,1,
15,Dunes,10,g,6,70,3,4,Lazurite Jewel,1,
15,Dunes,10,g,6,70,3,4,Shining Charm,1,
10,Dunes,10,g,6,70,3,4,Auristone Piece,1,
5,Dunes,10,g,6,70,3,4,Hard Armor Sphere,1,
20,Dunes,10,g,7,30,3,4,Heavy Armor Sphere,1,
15,Dunes,10,g,7,30,3,4,Novacrystal,1,
15,Dunes,10,g,7,30,3,4,Adamant Orb,1,
15,Dunes,10,g,7,30,3,4,Timeworn Charm,1,
10,Dunes,10,g,7,30,3,4,Eltalite Ore,1,
10,Dunes,10,g,7,30,3,4,Lazurite Jewel,1,
10,Dunes,10,g,7,30,3,4,Auristone Chunk,1,
5,Dunes,10,g,7,30,3,4,Carbalite Ore,1,
40,Dunes,11,low,1,,3,5,Tropical Berry,1,
30,Dunes,11,low,1,,3,5,Tropical Berry,2,
15,Dunes,11,low,1,,3,5,Sap Plant,1,
15,Dunes,11,low,1,,3,5,Felvine,1,
38,Dunes,11,low,2,,4,6,Carpenterbug,1,
24,Dunes,11,low,2,,4,6,Royal Rhino,1,
18,Dunes,11,low,2,,4,6,Flashbug,1,
10,Dunes,11,low,2,,4,6,Spider Web,1,
10,Dunes,11,low,2,,4,6,Shiny Beetle,1,
40,Dunes,11,low,3,,3,5,Huskberry,2,
35,Dunes,11,low,3,,3,5,Needleberry,2,
25,Dunes,11,low,3,,3,5,Lagniapple,1,
30,Dunes,11,low,4,,2,3,Mystery Charm,1,
25,Dunes,11,low,4,,2,3,Gloamgrass Root,1,
25,Dunes,11,low,4,,2,3,Adv Armor Sphere,1,
20,Dunes,11,low,4,,2,3,Shining Charm,1,
25,Dunes,11,low,5,,2,3,Bloodrun Jewel,1,
20,Dunes,11,low,5,,2,3,Lightcrystal,1,
20,Dunes,11,low,5,,2,3,Novacrystal,1,
20,Dunes,11,low,5,,2,3,Shining Charm,1,
15,Dunes,11,low,5,,2,3,Rustshard,1,
30,Dunes,11,low,6,,4,5,Godbug,1,
30,Dunes,11,low,6,,4,5,Shiny Beetle,1,
30,Dunes,11,low,6,,4,5,King Scarab,1,
10,Dunes,11,low,6,,4,5,Divine Rhino,1,
70,Dunes,11,low,7,60,3,4,Honey,1,
25,Dunes,11,low,7,60,3,4,Snakebee Larva,1,
5,Dunes,11,low,7,60,3,4,Insect Husk,1,
65,Dunes,11,low,8,40,3,4,Honey,1,
20,Dunes,11,low,8,40,3,4,Snakebee Larva,1,
15,Dunes,11,low,8,40,3,4,Honey,2,
40,Dunes,11,high,1,,3,5,Tropical Berry,1,
30,Dunes,11,high,1,,3,5,Tropical Berry,2,
15,Dunes,11,high,1,,3,5,Sap Plant,1,
15,Dunes,11,high,1,,3,5,Felvine,1,
20,Dunes,11,high,2,,4,6,Flashbug,1,
20,Dunes,11,high,2,,4,6,Carpenterbug,1,
15,Dunes,11,high,2,,4,6,Hercudrome,1,
15,Dunes,11,high,2,,4,6,King Scarab,1,
15,Dunes,11,high,2,,4,6,Royal Rhino,1,
5,Dunes,11,high,2,,4,6,Spider Web,1,
5,Dunes,11,high,2,,4,6,Shiny Beetle,1,
5,Dunes,11,high,2,,4,6,Divine Rhino,1,
50,Dunes,11,high,3,,3,5,Lagniapple,1,
25,Dunes,11,high,3,,3,5,Big Lagniapple,1,
13,Dunes,11,high,3,,3,5,Huskberry,2,
12,Dunes,11,high,3,,3,5,Needleberry,2,
30,Dunes,11,high,4,,2,3,Mystery Charm,1,
25,Dunes,11,high,4,,2,3,Gloamgrass Root,1,
25,Dunes,11,high,4,,2,3,Adv Armor Sphere,1,
20,Dunes,11,high,4,,2,3,Shining Charm,1,
25,Dunes,11,high,5,,2,3,Bloodrun Jewel,1,
20,Dunes,11,high,5,,2,3,Lightcrystal,1,
20,Dunes,11,high,5,,2,3,Novacrystal,1,
20,Dunes,11,high,5,,2,3,Shining Charm,1,
15,Dunes,11,high,5,,2,3,Rustshard,1,
30,Dunes,11,high,6,,4,5,Godbug,1,
30,Dunes,11,high,6,,4,5,Shiny Beetle,1,
30,Dunes,11,high,6,,4,5,King Scarab,1,
10,Dunes,11,high,6,,4,5,Divine Rhino,1,
70,Dunes,11,high,7,60,3,4,Honey,1,
25,Dunes,11,high,7,60,3,4,Snakebee Larva,1,
5,Dunes,11,high,7,60,3,4,Insect Husk,1,
65,Dunes,11,high,8,40,3,4,Honey,1,
20,Dunes,11,high,8,40,3,4,Snakebee Larva,1,
15,Dunes,11,high,8,40,3,4,Honey,2,
40,Dunes,11,g,1,,3,5,Tropical Berry,1,
30,Dunes,11,g,1,,3,5,Tropical Berry,2,
15,Dunes,11,g,1,,3,5,Sap Plant,1,
15,Dunes,11,g,1,,3,5,Felvine,1,
20,Dunes,11,g,2,,4,6,King Scarab,1,
20,Dunes,11,g,2,,4,6,Rare Scarab,1,
15,Dunes,11,g,2,,4,6,Shiny Beetle,2,
15,Dunes,11,g,2,,4,6,Royal Rhino,1,
15,Dunes,11,g,2,,4,6,Divine Rhino,1,
10,Dunes,11,g,2,,4,6,Emperor Hopper,1,
5,Dunes,11,g,2,,4,6,Spider Web,2,
50,Dunes,11,g,3,,3,5,Big Lagniapple,1,
25,Dunes,11,g,3,,3,5,Huge Lagniapple,1,
13,Dunes,11,g,3,,3,5,Huskberry,2,
12,Dunes,11,g,3,,3,5,Needleberry,2,
30,Dunes,11,g,4,,2,3,Shining Charm,2,
25,Dunes,11,g,4,,2,3,Gloamgrass Root,2,
25,Dunes,11,g,4,,2,3,Heavy Armor Sphere,1,
20,Dunes,11,g,4,,2,3,Timeworn Charm,1,
25,Dunes,11,g,5,,2,3,Adamant Orb,1,
20,Dunes,11,g,5,,2,3,Novacrystal,1,
20,Dunes,11,g,5,,2,3,Purecrystal,1,
20,Dunes,11,g,5,,2,3,Timeworn Charm,1,
15,Dunes,11,g,5,,2,3,Ancient Shard,1,
30,Dunes,11,g,6,,4,5,King Scarab,1,
30,Dunes,11,g,6,,4,5,Rare Scarab,1,
30,Dunes,11,g,6,,4,5,Emperor Hopper,1,
10,Dunes,11,g,6,,4,5,Divine Rhino,1,
70,Dunes,11,g,7,60,3,4,Honey,1,
25,Dunes,11,g,7,60,3,4,Snakebee Larva,1,
5,Dunes,11,g,7,60,3,4,Insect Husk,1,
65,Dunes,11,g,8,40,3,4,Honey,1,
20,Dunes,11,g,8,40,3,4,Snakebee Larva,1,
15,Dunes,11,g,8,40,3,4,Honey,2,
55,D. Island,1,low,1,,6,8,Whetstone,1,
25,D. Island,1,low,1,,6,8,Stone,1,
20,D. Island,1,low,1,,6,8,Stone,2,
85,D. Island,1,low,2,,3,5,Herb,1,
10,D. Island,1,low,2,,3,5,Felvine,1,
5,D. Island,1,low,2,,3,5,Insect Husk,1,
45,D. Island,1,low,3,,4,6,Godbug,1,
20,D. Island,1,low,3,,4,6,Thunderbug,1,
20,D. Island,1,low,3,,4,6,Stinkhopper,1,
15,D. Island,1,low,3,,4,6,Bitterbug,1,
85,D. Island,1,low,4,,1,1,Honey,1,
10,D. Island,1,low,4,,1,1,Snakebee Larva,1,
5,D. Island,1,low,4,,1,1,Insect Husk,1,
30,D. Island,1,low,5,80,3,5,Iron Ore,1,
20,D. Island,1,low,5,80,3,5,Earth Crystal,1,
15,D. Island,1,low,5,80,3,5,Aquaglow Jewel,1,
15,D. Island,1,low,5,80,3,5,Auristone Piece,1,
10,D. Island,1,low,5,80,3,5,Bealite Ore,1,
5,D. Island,1,low,5,80,3,5,Machalite Ore,1,
5,D. Island,1,low,5,80,3,5,Armor Sphere,1,
25,D. Island,1,low,6,20,3,5,Aquaglow Jewel,1,
15,D. Island,1,low,6,20,3,5,Iron Ore,1,
15,D. Island,1,low,6,20,3,5,Earth Crystal,1,
15,D. Island,1,low,6,20,3,5,Bealite Ore,1,
10,D. Island,1,low,6,20,3,5,Machalite Ore,1,
10,D. Island,1,low,6,20,3,5,Sunspire Jewel,1,
10,D. Island,1,low,6,20,3,5,Armor Sphere,1,
25,D. Island,1,low,7,80,3,5,Herb,1,
20,D. Island,1,low,7,80,3,5,Ivy,1,
20,D. Island,1,low,7,80,3,5,Sap Plant,1,
20,D. Island,1,low,7,80,3,5,Felvine,1,
15,D. Island,1,low,7,80,3,5,Antidote Herb,1,
25,D. Island,1,low,8,20,3,5,Antidote Herb,1,
25,D. Island,1,low,8,20,3,5,Ivy,1,
25,D. Island,1,low,8,20,3,5,Sap Plant,1,
15,D. Island,1,low,8,20,3,5,Herb,1,
10,D. Island,1,low,8,20,3,5,Felvine,1,
55,D. Island,1,high,1,,6,8,Whetstone,1,
30,D. Island,1,high,1,,6,8,Stone,2,
15,D. Island,1,high,1,,6,8,Stone,1,
90,D. Island,1,high,2,,3,5,Herb,1,
10,D. Island,1,high,2,,3,5,Felvine,1,
30,D. Island,1,high,3,,4,6,Godbug,1,
20,D. Island,1,high,3,,4,6,Thunderbug,1,
20,D. Island,1,high,3,,4,6,Stinkhopper,1,
15,D. Island,1,high,3,,4,6,Hercudrome,1,
10,D. Island,1,high,3,,4,6,Rare Scarab,1,
5,D. Island,1,high,3,,4,6,Bitterbug,1,
85,D. Island,1,high,4,,1,1,Honey,1,
15,D. Island,1,high,4,,1,1,Snakebee Larva,1,
100,D. Island,1,high,5,,2,3,Burned Husk,1,
15,D. Island,1,high,6,80,3,5,Armor Sphere+,1,
15,D. Island,1,high,6,80,3,5,Auristone Piece,1,
10,D. Island,1,high,6,80,3,5,Iron Ore,1,
10,D. Island,1,high,6,80,3,5,Earth Crystal,1,
10,D. Island,1,high,6,80,3,5,Machalite Ore,1,
10,D. Island,1,high,6,80,3,5,Dragonite Ore,1,
10,D. Island,1,high,6,80,3,5,Mystery Charm,1,
5,D. Island,1,high,6,80,3,5,Bealite Ore,1,
5,D. Island,1,high,6,80,3,5,Carbalite Ore,1,
5,D. Island,1,high,6,80,3,5,Aquaglow Jewel,1,
5,D. Island,1,high,6,80,3,5,Sunspire Jewel,1,
20,D. Island,1,high,7,20,3,5,Bloodrun Jewel,1,
10,D. Island,1,high,7,20,3,5,Machalite Ore,1,
10,D. Island,1,high,7,20,3,5,Bealite Ore,1,
10,D. Island,1,high,7,20,3,5,Dragonite Ore,1,
10,D. Island,1,high,7,20,3,5,Carbalite Ore,1,
10,D. Island,1,high,7,20,3,5,Sunspire Jewel,1,
10,D. Island,1,high,7,20,3,5,Adv Armor Sphere,1,
10,D. Island,1,high,7,20,3,5,Shining Charm,1,
10,D. Island,1,high,7,20,3,5,Auristone Chunk,1,
25,D. Island,1,high,8,80,3,5,Herb,1,
20,D. Island,1,high,8,80,3,5,Ivy,1,
20,D. Island,1,high,8,80,3,5,Sap Plant,1,
20,D. Island,1,high,8,80,3,5,Felvine,1,
15,D. Island,1,high,8,80,3,5,Antidote Herb,1,
25,D. Island,1,high,9,20,3,5,Antidote Herb,1,
25,D. Island,1,high,9,20,3,5,Ivy,1,
25,D. Island,1,high,9,20,3,5,Sap Plant,1,
15,D. Island,1,high,9,20,3,5,Herb,1,
10,D. Island,1,high,9,20,3,5,Felvine,1,
55,D. Island,1,g,1,,6,8,Whetstone,1,
30,D. Island,1,g,1,,6,8,Stone,2,
15,D. Island,1,g,1,,6,8,Stone,1,
90,D. Island,1,g,2,,3,5,Herb,1,
10,D. Island,1,g,2,,3,5,Felvine,1,
0,D. Island,1,g,2,,3,5,Insect Husk,1,
25,D. Island,1,g,3,,4,6,Emperor Hopper,1,
20,D. Island,1,g,3,,4,6,Stinkhopper,2,
15,D. Island,1,g,3,,4,6,Godbug,2,
15,D. Island,1,g,3,,4,6,Hercudrome,2,
15,D. Island,1,g,3,,4,6,Flutterfly,1,
10,D. Island,1,g,3,,4,6,Rare Scarab,1,
85,D. Island,1,g,4,,1,1,Honey,1,
15,D. Island,1,g,4,,1,1,Snakebee Larva,1,
0,D. Island,1,g,4,,1,1,Insect Husk,1,
100,D. Island,1,g,5,,2,3,Burned Husk,1,
15,D. Island,1,g,6,80,3,5,Carbalite Ore,1,
15,D. Island,1,g,6,80,3,5,Eltalite Ore,1,
15,D. Island,1,g,6,80,3,5,Hard Armor Sphere,1,
10,D. Island,1,g,6,80,3,5,Meldspar Ore,1,
10,D. Island,1,g,6,80,3,5,Bloodrun Jewel,1,
10,D. Island,1,g,6,80,3,5,Lazurite Jewel,1,
10,D. Island,1,g,6,80,3,5,Shining Charm,1,
10,D. Island,1,g,6,80,3,5,Auristone Piece,1,
5,D. Island,1,g,6,80,3,5,Bealite Ore,2,
20,D. Island,1,g,7,20,3,5,Meldspar Ore,1,
20,D. Island,1,g,7,20,3,5,Adamant Orb,1,
20,D. Island,1,g,7,20,3,5,Timeworn Charm,1,
10,D. Island,1,g,7,20,3,5,Carbalite Ore,1,
10,D. Island,1,g,7,20,3,5,Lazurite Jewel,1,
10,D. Island,1,g,7,20,3,5,Heavy Armor Sphere,1,
10,D. Island,1,g,7,20,3,5,Auristone Chunk,1,
25,D. Island,1,g,8,80,3,5,Herb,1,
20,D. Island,1,g,8,80,3,5,Ivy,1,
20,D. Island,1,g,8,80,3,5,Sap Plant,1,
20,D. Island,1,g,8,80,3,5,Felvine,1,
15,D. Island,1,g,8,80,3,5,Antidote Herb,1,
25,D. Island,1,g,9,20,3,5,Antidote Herb,1,
25,D. Island,1,g,9,20,3,5,Ivy,1,
25,D. Island,1,g,9,20,3,5,Sap Plant,1,
15,D. Island,1,g,9,20,3,5,Herb,1,
10,D. Island,1,g,9,20,3,5,Felvine,1,
85,D. Island,2,low,1,,3,5,Honey,1,
10,D. Island,2,low,1,,3,5,Snakebee Larva,1,
5,D. Island,2,low,1,,3,5,Insect Husk,1,
35,D. Island,2,low,2,,3,5,Unique Mushroom,1,
30,D. Island,2,low,2,,3,5,Exciteshroom,1,
25,D. Island,2,low,2,,3,5,Mopeshroom,1,
10,D. Island,2,low,2,,3,5,Dragon Toadstool,1,
65,D. Island,2,low,3,,4,6,Power Jelly,1,
25,D. Island,2,low,3,,4,6,Water Ambrosia,1,
10,D. Island,2,low,3,,4,6,Larval Extract,1,
85,D. Island,2,low,4,,1,1,Honey,1,
10,D. Island,2,low,4,,1,1,Snakebee Larva,1,
5,D. Island,2,low,4,,1,1,Insect Husk,1,
30,D. Island,2,low,5,70,3,5,Bitterbug,1,
30,D. Island,2,low,5,70,3,5,Flashbug,1,
15,D. Island,2,low,5,70,3,5,Silver Cricket,1,
12,D. Island,2,low,5,70,3,5,Thunderbug,1,
8,D. Island,2,low,5,70,3,5,Mega Fishing Fly,1,
5,D. Island,2,low,5,70,3,5,Carpenterbug,1,
30,D. Island,2,low,6,30,4,6,Godbug,1,
20,D. Island,2,low,6,30,4,6,Silver Cricket,1,
15,D. Island,2,low,6,30,4,6,Stinkhopper,1,
10,D. Island,2,low,6,30,4,6,Mega Fishing Fly,1,
10,D. Island,2,low,6,30,4,6,Bitterbug,1,
10,D. Island,2,low,6,30,4,6,Flashbug,1,
5,D. Island,2,low,6,30,4,6,Carpenterbug,1,
25,D. Island,2,low,7,80,3,5,Huskberry,2,
25,D. Island,2,low,7,80,3,5,Needleberry,2,
20,D. Island,2,low,7,80,3,5,Paintberry,1,
20,D. Island,2,low,7,80,3,5,Nulberry,1,
10,D. Island,2,low,7,80,3,5,Might Seed,1,
20,D. Island,2,low,8,20,3,5,Huskberry,3,
20,D. Island,2,low,8,20,3,5,Paintberry,1,
20,D. Island,2,low,8,20,3,5,Might Seed,1,
20,D. Island,2,low,8,20,3,5,Nulberry,1,
20,D. Island,2,low,8,20,3,5,Needleberry,3,
35,D. Island,2,low,9,80,3,5,Blue Mushroom,1,
25,D. Island,2,low,9,80,3,5,Unique Mushroom,1,
15,D. Island,2,low,9,80,3,5,Exciteshroom,1,
15,D. Island,2,low,9,80,3,5,Unique Mushroom,2,
10,D. Island,2,low,9,80,3,5,Mopeshroom,1,
30,D. Island,2,low,10,20,4,6,Exciteshroom,1,
25,D. Island,2,low,10,20,4,6,Mopeshroom,1,
20,D. Island,2,low,10,20,4,6,Unique Mushroom,1,
15,D. Island,2,low,10,20,4,6,Unique Mushroom,2,
10,D. Island,2,low,10,20,4,6,Dragon Toadstool,1,
85,D. Island,2,high,1,,3,5,Honey,1,
15,D. Island,2,high,1,,3,5,Snakebee Larva,1,
30,D. Island,2,high,2,,3,5,Exciteshroom,1,
25,D. Island,2,high,2,,3,5,Mopeshroom,1,
25,D. Island,2,high,2,,3,5,Dragon Toadstool,1,
15,D. Island,2,high,2,,3,5,Choice Mushroom,1,
5,D. Island,2,high,2,,3,5,Unique Mushroom,1,
55,D. Island,2,high,3,,4,6,Power Jelly,1,
25,D. Island,2,high,3,,4,6,Water Ambrosia,1,
10,D. Island,2,high,3,,4,6,Larval Extract,1,
10,D. Island,2,high,3,,4,6,Paralarval Extract,1,
85,D. Island,2,high,4,,1,1,Honey,1,
15,D. Island,2,high,4,,1,1,Snakebee Larva,1,
100,D. Island,2,high,5,,2,3,Burned Husk,1,
20,D. Island,2,high,6,70,3,5,Thunderbug,1,
20,D. Island,2,high,6,70,3,5,Rare Scarab,1,
15,D. Island,2,high,6,70,3,5,Bitterbug,1,
15,D. Island,2,high,6,70,3,5,Flashbug,1,
10,D. Island,2,high,6,70,3,5,Carpenterbug,1,
10,D. Island,2,high,6,70,3,5,Silver Cricket,1,
5,D. Island,2,high,6,70,3,5,Hercudrome,1,
5,D. Island,2,high,6,70,3,5,King Scarab,1,
25,D. Island,2,high,7,30,4,6,Godbug,1,
15,D. Island,2,high,7,30,4,6,Stinkhopper,1,
10,D. Island,2,high,7,30,4,6,Bitterbug,1,
10,D. Island,2,high,7,30,4,6,Flashbug,1,
10,D. Island,2,high,7,30,4,6,Hercudrome,1,
10,D. Island,2,high,7,30,4,6,King Scarab,1,
10,D. Island,2,high,7,30,4,6,Gold Cricket,1,
5,D. Island,2,high,7,30,4,6,Carpenterbug,1,
5,D. Island,2,high,7,30,4,6,Rare Scarab,1,
25,D. Island,2,high,8,80,3,5,Huskberry,2,
25,D. Island,2,high,8,80,3,5,Needleberry,2,
20,D. Island,2,high,8,80,3,5,Paintberry,1,
20,D. Island,2,high,8,80,3,5,Nulberry,1,
10,D. Island,2,high,8,80,3,5,Might Seed,1,
20,D. Island,2,high,9,20,3,5,Huskberry,3,
20,D. Island,2,high,9,20,3,5,Paintberry,1,
20,D. Island,2,high,9,20,3,5,Might Seed,1,
20,D. Island,2,high,9,20,3,5,Nulberry,1,
20,D. Island,2,high,9,20,3,5,Needleberry,3,
35,D. Island,2,high,10,80,3,5,Blue Mushroom,1,
20,D. Island,2,high,10,80,3,5,Unique Mushroom,1,
15,D. Island,2,high,10,80,3,5,Exciteshroom,1,
10,D. Island,2,high,10,80,3,5,Mopeshroom,1,
10,D. Island,2,high,10,80,3,5,Choice Mushroom,1,
5,D. Island,2,high,10,80,3,5,Dragon Toadstool,1,
5,D. Island,2,high,10,80,3,5,Unique Mushroom,2,
30,D. Island,2,high,11,20,4,6,Exciteshroom,1,
25,D. Island,2,high,11,20,4,6,Mopeshroom,1,
20,D. Island,2,high,11,20,4,6,Dragon Toadstool,1,
15,D. Island,2,high,11,20,4,6,Choice Mushroom,1,
10,D. Island,2,high,11,20,4,6,Unique Mushroom,2,
85,D. Island,2,g,1,,3,5,Honey,1,
15,D. Island,2,g,1,,3,5,Snakebee Larva,1,
0,D. Island,2,g,1,,3,5,Insect Husk,1,
30,D. Island,2,g,2,,3,5,Exciteshroom,1,
25,D. Island,2,g,2,,3,5,Mopeshroom,1,
25,D. Island,2,g,2,,3,5,Dragon Toadstool,1,
15,D. Island,2,g,2,,3,5,Choice Mushroom,1,
5,D. Island,2,g,2,,3,5,Unique Mushroom,1,
50,D. Island,2,g,3,,4,6,Power Jelly,1,
20,D. Island,2,g,3,,4,6,Water Ambrosia,1,
15,D. Island,2,g,3,,4,6,Larval Extract,1,
15,D. Island,2,g,3,,4,6,Paralarval Extract,1,
85,D. Island,2,g,4,,1,1,Honey,1,
15,D. Island,2,g,4,,1,1,Snakebee Larva,1,
0,D. Island,2,g,4,,1,1,Insect Husk,1,
100,D. Island,2,g,5,,2,3,Burned Husk,1,
20,D. Island,2,g,6,70,3,5,Rare Scarab,1,
20,D. Island,2,g,6,70,3,5,Flutterfly,1,
15,D. Island,2,g,6,70,3,5,King Scarab,1,
15,D. Island,2,g,6,70,3,5,Emperor Hopper,1,
10,D. Island,2,g,6,70,3,5,Carpenterbug,2,
10,D. Island,2,g,6,70,3,5,Silver Cricket,1,
5,D. Island,2,g,6,70,3,5,Stinkhopper,2,
5,D. Island,2,g,6,70,3,5,Hercudrome,2,
25,D. Island,2,g,7,30,4,6,Emperor Hopper,1,
25,D. Island,2,g,7,30,4,6,Flutterfly,1,
20,D. Island,2,g,7,30,4,6,Rare Scarab,1,
15,D. Island,2,g,7,30,4,6,King Scarab,1,
15,D. Island,2,g,7,30,4,6,Gold Cricket,1,
25,D. Island,2,g,8,80,3,5,Huskberry,2,
25,D. Island,2,g,8,80,3,5,Needleberry,2,
20,D. Island,2,g,8,80,3,5,Paintberry,1,
20,D. Island,2,g,8,80,3,5,Nulberry,1,
10,D. Island,2,g,8,80,3,5,Might Seed,1,
20,D. Island,2,g,9,20,3,5,Huskberry,3,
20,D. Island,2,g,9,20,3,5,Paintberry,1,
20,D. Island,2,g,9,20,3,5,Might Seed,1,
20,D. Island,2,g,9,20,3,5,Nulberry,1,
20,D. Island,2,g,9,20,3,5,Needleberry,3,
35,D. Island,2,g,10,80,3,5,Blue Mushroom,1,
20,D. Island,2,g,10,80,3,5,Unique Mushroom,1,
15,D. Island,2,g,10,80,3,5,Exciteshroom,1,
10,D. Island,2,g,10,80,3,5,Mopeshroom,1,
10,D. Island,2,g,10,80,3,5,Choice Mushroom,1,
5,D. Island,2,g,10,80,3,5,Dragon Toadstool,1,
5,D. Island,2,g,10,80,3,5,Unique Mushroom,2,
30,D. Island,2,g,11,20,4,6,Exciteshroom,1,
25,D. Island,2,g,11,20,4,6,Mopeshroom,1,
20,D. Island,2,g,11,20,4,6,Dragon Toadstool,1,
15,D. Island,2,g,11,20,4,6,Choice Mushroom,1,
10,D. Island,2,g,11,20,4,6,Unique Mushroom,2,
35,D. Island,3,low,1,,3,5,Unique Mushroom,1,
30,D. Island,3,low,1,,3,5,Exciteshroom,1,
25,D. Island,3,low,1,,3,5,Mopeshroom,1,
10,D. Island,3,low,1,,3,5,Dragon Toadstool,1,
85,D. Island,3,low,2,,3,5,Honey,1,
10,D. Island,3,low,2,,3,5,Snakebee Larva,1,
5,D. Island,3,low,2,,3,5,Insect Husk,1,
85,D. Island,3,low,3,,1,1,Honey,1,
10,D. Island,3,low,3,,1,1,Snakebee Larva,1,
5,D. Island,3,low,3,,1,1,Insect Husk,1,
85,D. Island,3,low,4,80,3,5,Honey,1,
10,D. Island,3,low,4,80,3,5,Snakebee Larva,1,
5,D. Island,3,low,4,80,3,5,Insect Husk,1,
45,D. Island,3,low,5,20,3,5,Honey,1,
35,D. Island,3,low,5,20,3,5,Honey,2,
20,D. Island,3,low,5,20,3,5,Snakebee Larva,1,
35,D. Island,3,low,6,80,3,5,Blue Mushroom,1,
25,D. Island,3,low,6,80,3,5,Unique Mushroom,1,
15,D. Island,3,low,6,80,3,5,Exciteshroom,1,
15,D. Island,3,low,6,80,3,5,Unique Mushroom,2,
10,D. Island,3,low,6,80,3,5,Mopeshroom,1,
30,D. Island,3,low,7,20,4,6,Exciteshroom,1,
25,D. Island,3,low,7,20,4,6,Mopeshroom,1,
20,D. Island,3,low,7,20,4,6,Unique Mushroom,1,
15,D. Island,3,low,7,20,4,6,Unique Mushroom,2,
10,D. Island,3,low,7,20,4,6,Dragon Toadstool,1,
30,D. Island,3,low,8,70,3,5,Bitterbug,1,
30,D. Island,3,low,8,70,3,5,Flashbug,1,
15,D. Island,3,low,8,70,3,5,Silver Cricket,1,
12,D. Island,3,low,8,70,3,5,Thunderbug,1,
8,D. Island,3,low,8,70,3,5,Mega Fishing Fly,1,
5,D. Island,3,low,8,70,3,5,Carpenterbug,1,
30,D. Island,3,low,9,30,4,6,Godbug,1,
20,D. Island,3,low,9,30,4,6,Silver Cricket,1,
15,D. Island,3,low,9,30,4,6,Stinkhopper,1,
10,D. Island,3,low,9,30,4,6,Mega Fishing Fly,1,
10,D. Island,3,low,9,30,4,6,Bitterbug,1,
10,D. Island,3,low,9,30,4,6,Flashbug,1,
5,D. Island,3,low,9,30,4,6,Carpenterbug,1,
30,D. Island,3,high,1,,3,5,Exciteshroom,1,
25,D. Island,3,high,1,,3,5,Mopeshroom,1,
25,D. Island,3,high,1,,3,5,Dragon Toadstool,1,
15,D. Island,3,high,1,,3,5,Choice Mushroom,1,
5,D. Island,3,high,1,,3,5,Unique Mushroom,1,
85,D. Island,3,high,2,,3,5,Honey,1,
15,D. Island,3,high,2,,3,5,Snakebee Larva,1,
85,D. Island,3,high,3,,1,1,Honey,1,
15,D. Island,3,high,3,,1,1,Snakebee Larva,1,
100,D. Island,3,high,4,,2,3,Burned Husk,1,
85,D. Island,3,high,5,80,3,5,Honey,1,
15,D. Island,3,high,5,80,3,5,Snakebee Larva,1,
45,D. Island,3,high,6,20,3,5,Honey,1,
35,D. Island,3,high,6,20,3,5,Honey,2,
20,D. Island,3,high,6,20,3,5,Snakebee Larva,1,
35,D. Island,3,high,7,80,3,5,Blue Mushroom,1,
20,D. Island,3,high,7,80,3,5,Unique Mushroom,1,
15,D. Island,3,high,7,80,3,5,Exciteshroom,1,
10,D. Island,3,high,7,80,3,5,Mopeshroom,1,
10,D. Island,3,high,7,80,3,5,Choice Mushroom,1,
5,D. Island,3,high,7,80,3,5,Dragon Toadstool,1,
5,D. Island,3,high,7,80,3,5,Unique Mushroom,2,
30,D. Island,3,high,8,20,4,6,Exciteshroom,1,
25,D. Island,3,high,8,20,4,6,Mopeshroom,1,
20,D. Island,3,high,8,20,4,6,Dragon Toadstool,1,
15,D. Island,3,high,8,20,4,6,Choice Mushroom,1,
10,D. Island,3,high,8,20,4,6,Unique Mushroom,2,
20,D. Island,3,high,9,70,3,5,Thunderbug,1,
20,D. Island,3,high,9,70,3,5,Rare Scarab,1,
15,D. Island,3,high,9,70,3,5,Bitterbug,1,
15,D. Island,3,high,9,70,3,5,Flashbug,1,
10,D. Island,3,high,9,70,3,5,Carpenterbug,1,
10,D. Island,3,high,9,70,3,5,Silver Cricket,1,
5,D. Island,3,high,9,70,3,5,Hercudrome,1,
5,D. Island,3,high,9,70,3,5,King Scarab,1,
25,D. Island,3,high,10,30,4,6,Godbug,1,
15,D. Island,3,high,10,30,4,6,Stinkhopper,1,
10,D. Island,3,high,10,30,4,6,Bitterbug,1,
10,D. Island,3,high,10,30,4,6,Flashbug,1,
10,D. Island,3,high,10,30,4,6,Hercudrome,1,
10,D. Island,3,high,10,30,4,6,King Scarab,1,
10,D. Island,3,high,10,30,4,6,Gold Cricket,1,
5,D. Island,3,high,10,30,4,6,Carpenterbug,1,
5,D. Island,3,high,10,30,4,6,Rare Scarab,1,
30,D. Island,3,g,1,,3,5,Exciteshroom,1,
25,D. Island,3,g,1,,3,5,Mopeshroom,1,
25,D. Island,3,g,1,,3,5,Dragon Toadstool,1,
15,D. Island,3,g,1,,3,5,Choice Mushroom,1,
5,D. Island,3,g,1,,3,5,Unique Mushroom,1,
85,D. Island,3,g,2,,3,5,Honey,1,
15,D. Island,3,g,2,,3,5,Snakebee Larva,1,
0,D. Island,3,g,2,,3,5,Insect Husk,1,
85,D. Island,3,g,3,,1,1,Honey,1,
15,D. Island,3,g,3,,1,1,Snakebee Larva,1,
0,D. Island,3,g,3,,1,1,Insect Husk,1,
100,D. Island,3,g,4,,2,3,Burned Husk,1,
85,D. Island,3,g,5,80,3,5,Honey,1,
15,D. Island,3,g,5,80,3,5,Snakebee Larva,1,
0,D. Island,3,g,5,80,3,5,Insect Husk,1,
45,D. Island,3,g,6,20,3,5,Honey,1,
35,D. Island,3,g,6,20,3,5,Honey,2,
20,D. Island,3,g,6,20,3,5,Snakebee Larva,1,
35,D. Island,3,g,7,80,3,5,Blue Mushroom,1,
20,D. Island,3,g,7,80,3,5,Unique Mushroom,1,
15,D. Island,3,g,7,80,3,5,Exciteshroom,1,
10,D. Island,3,g,7,80,3,5,Mopeshroom,1,
10,D. Island,3,g,7,80,3,5,Choice Mushroom,1,
5,D. Island,3,g,7,80,3,5,Dragon Toadstool,1,
5,D. Island,3,g,7,80,3,5,Unique Mushroom,2,
30,D. Island,3,g,8,20,4,6,Exciteshroom,1,
25,D. Island,3,g,8,20,4,6,Mopeshroom,1,
20,D. Island,3,g,8,20,4,6,Dragon Toadstool,1,
15,D. Island,3,g,8,20,4,6,Choice Mushroom,1,
10,D. Island,3,g,8,20,4,6,Unique Mushroom,2,
20,D. Island,3,g,9,70,3,5,Rare Scarab,1,
20,D. Island,3,g,9,70,3,5,Flutterfly,1,
15,D. Island,3,g,9,70,3,5,King Scarab,1,
15,D. Island,3,g,9,70,3,5,Emperor Hopper,1,
10,D. Island,3,g,9,70,3,5,Carpenterbug,2,
10,D. Island,3,g,9,70,3,5,Silver Cricket,1,
5,D. Island,3,g,9,70,3,5,Stinkhopper,2,
5,D. Island,3,g,9,70,3,5,Hercudrome,2,
25,D. Island,3,g,10,30,4,6,Emperor Hopper,1,
25,D. Island,3,g,10,30,4,6,Flutterfly,1,
20,D. Island,3,g,10,30,4,6,Rare Scarab,1,
15,D. Island,3,g,10,30,4,6,King Scarab,1,
15,D. Island,3,g,10,30,4,6,Gold Cricket,1,
30,D. Island,4,low,1,,4,6,Carpenterbug,1,
25,D. Island,4,low,1,,4,6,Bitterbug,1,
20,D. Island,4,low,1,,4,6,Silver Cricket,1,
15,D. Island,4,low,1,,4,6,Flashbug,1,
10,D. Island,4,low,1,,4,6,Mega Fishing Fly,1,
60,D. Island,4,low,2,,6,8,Small Barrel,1,
35,D. Island,4,low,2,,6,8,Large Barrel,1,
5,D. Island,4,low,2,,6,8,Felvine,1,
25,D. Island,4,low,3,,3,5,Aquaglow Jewel,1,
20,D. Island,4,low,3,,3,5,Bealite Ore,1,
15,D. Island,4,low,3,,3,5,Earth Crystal,1,
15,D. Island,4,low,3,,3,5,Mystery Charm,1,
10,D. Island,4,low,3,,3,5,Machalite Ore,1,
10,D. Island,4,low,3,,3,5,Armor Sphere,1,
5,D. Island,4,low,3,,3,5,Sunspire Jewel,1,
25,D. Island,4,low,4,,3,5,Iron Ore,1,
25,D. Island,4,low,4,,3,5,Earth Crystal,1,
20,D. Island,4,low,4,,3,5,Aquaglow Jewel,1,
15,D. Island,4,low,4,,3,5,Bealite Ore,1,
10,D. Island,4,low,4,,3,5,Auristone Piece,1,
5,D. Island,4,low,4,,3,5,Machalite Ore,1,
40,D. Island,4,low,5,,3,5,Huskberry,2,
35,D. Island,4,low,5,,3,5,Needleberry,2,
25,D. Island,4,low,5,,3,5,Lagniapple,1,
30,D. Island,4,low,6,80,3,5,Iron Ore,1,
20,D. Island,4,low,6,80,3,5,Earth Crystal,1,
15,D. Island,4,low,6,80,3,5,Aquaglow Jewel,1,
15,D. Island,4,low,6,80,3,5,Auristone Piece,1,
10,D. Island,4,low,6,80,3,5,Bealite Ore,1,
5,D. Island,4,low,6,80,3,5,Machalite Ore,1,
5,D. Island,4,low,6,80,3,5,Armor Sphere,1,
25,D. Island,4,low,7,20,3,5,Aquaglow Jewel,1,
15,D. Island,4,low,7,20,3,5,Iron Ore,1,
15,D. Island,4,low,7,20,3,5,Earth Crystal,1,
15,D. Island,4,low,7,20,3,5,Bealite Ore,1,
10,D. Island,4,low,7,20,3,5,Machalite Ore,1,
10,D. Island,4,low,7,20,3,5,Sunspire Jewel,1,
10,D. Island,4,low,7,20,3,5,Armor Sphere,1,
30,D. Island,4,low,8,80,3,5,Iron Ore,1,
20,D. Island,4,low,8,80,3,5,Earth Crystal,1,
15,D. Island,4,low,8,80,3,5,Bealite Ore,1,
15,D. Island,4,low,8,80,3,5,Auristone Piece,1,
10,D. Island,4,low,8,80,3,5,Aquaglow Jewel,1,
10,D. Island,4,low,8,80,3,5,Mystery Charm,1,
25,D. Island,4,low,9,20,3,5,Bealite Ore,1,
20,D. Island,4,low,9,20,3,5,Aquaglow Jewel,1,
20,D. Island,4,low,9,20,3,5,Mystery Charm,1,
15,D. Island,4,low,9,20,3,5,Iron Ore,1,
10,D. Island,4,low,9,20,3,5,Earth Crystal,1,
10,D. Island,4,low,9,20,3,5,Sunspire Jewel,1,
20,D. Island,4,high,1,,4,6,Carpenterbug,1,
15,D. Island,4,high,1,,4,6,Flashbug,1,
15,D. Island,4,high,1,,4,6,King Scarab,1,
15,D. Island,4,high,1,,4,6,Silver Cricket,1,
10,D. Island,4,high,1,,4,6,Bitterbug,1,
10,D. Island,4,high,1,,4,6,Rare Scarab,1,
10,D. Island,4,high,1,,4,6,Gold Cricket,1,
5,D. Island,4,high,1,,4,6,Mega Fishing Fly,1,
60,D. Island,4,high,2,,6,8,Small Barrel,1,
35,D. Island,4,high,2,,6,8,Large Barrel,1,
5,D. Island,4,high,2,,6,8,Felvine,1,
15,D. Island,4,high,3,,3,5,Dragonite Ore,1,
15,D. Island,4,high,3,,3,5,Sunspire Jewel,1,
15,D. Island,4,high,3,,3,5,Bloodrun Jewel,1,
12,D. Island,4,high,3,,3,5,Machalite Ore,1,
10,D. Island,4,high,3,,3,5,Bealite Ore,1,
10,D. Island,4,high,3,,3,5,Fucium Ore,1,
10,D. Island,4,high,3,,3,5,Shining Charm,1,
5,D. Island,4,high,3,,3,5,Carbalite Ore,1,
5,D. Island,4,high,3,,3,5,Adv Armor Sphere,1,
3,D. Island,4,high,3,,3,5,Rustshard,1,
15,D. Island,4,high,4,,3,5,Bealite Ore,1,
10,D. Island,4,high,4,,3,5,Iron Ore,1,
10,D. Island,4,high,4,,3,5,Earth Crystal,1,
10,D. Island,4,high,4,,3,5,Machalite Ore,1,
10,D. Island,4,high,4,,3,5,Dragonite Ore,1,
10,D. Island,4,high,4,,3,5,Aquaglow Jewel,1,
10,D. Island,4,high,4,,3,5,Auristone Piece,1,
5,D. Island,4,high,4,,3,5,Carbalite Ore,1,
5,D. Island,4,high,4,,3,5,Armor Sphere+,1,
5,D. Island,4,high,4,,3,5,Mystery Charm,1,
5,D. Island,4,high,4,,3,5,Shining Charm,1,
5,D. Island,4,high,4,,3,5,Auristone Chunk,1,
50,D. Island,4,high,5,,3,5,Lagniapple,1,
25,D. Island,4,high,5,,3,5,Big Lagniapple,1,
13,D. Island,4,high,5,,3,5,Huskberry,2,
12,D. Island,4,high,5,,3,5,Needleberry,2,
15,D. Island,4,high,6,80,3,5,Armor Sphere+,1,
15,D. Island,4,high,6,80,3,5,Auristone Piece,1,
10,D. Island,4,high,6,80,3,5,Iron Ore,1,
10,D. Island,4,high,6,80,3,5,Earth Crystal,1,
10,D. Island,4,high,6,80,3,5,Machalite Ore,1,
10,D. Island,4,high,6,80,3,5,Dragonite Ore,1,
10,D. Island,4,high,6,80,3,5,Mystery Charm,1,
5,D. Island,4,high,6,80,3,5,Bealite Ore,1,
5,D. Island,4,high,6,80,3,5,Carbalite Ore,1,
5,D. Island,4,high,6,80,3,5,Aquaglow Jewel,1,
5,D. Island,4,high,6,80,3,5,Sunspire Jewel,1,
20,D. Island,4,high,7,20,3,5,Bloodrun Jewel,1,
10,D. Island,4,high,7,20,3,5,Machalite Ore,1,
10,D. Island,4,high,7,20,3,5,Bealite Ore,1,
10,D. Island,4,high,7,20,3,5,Dragonite Ore,1,
10,D. Island,4,high,7,20,3,5,Carbalite Ore,1,
10,D. Island,4,high,7,20,3,5,Sunspire Jewel,1,
10,D. Island,4,high,7,20,3,5,Adv Armor Sphere,1,
10,D. Island,4,high,7,20,3,5,Shining Charm,1,
10,D. Island,4,high,7,20,3,5,Auristone Chunk,1,
25,D. Island,4,high,8,80,3,5,Bealite Ore,1,
15,D. Island,4,high,8,80,3,5,Dragonite Ore,1,
15,D. Island,4,high,8,80,3,5,Auristone Piece,1,
10,D. Island,4,high,8,80,3,5,Fucium Ore,1,
10,D. Island,4,high,8,80,3,5,Mystery Charm,1,
5,D. Island,4,high,8,80,3,5,Iron Ore,1,
5,D. Island,4,high,8,80,3,5,Earth Crystal,1,
5,D. Island,4,high,8,80,3,5,Aquaglow Jewel,1,
5,D. Island,4,high,8,80,3,5,Sunspire Jewel,1,
5,D. Island,4,high,8,80,3,5,Armor Sphere+,1,
15,D. Island,4,high,9,20,3,5,Bealite Ore,1,
15,D. Island,4,high,9,20,3,5,Fucium Ore,1,
15,D. Island,4,high,9,20,3,5,Bloodrun Jewel,1,
15,D. Island,4,high,9,20,3,5,Shining Charm,1,
10,D. Island,4,high,9,20,3,5,Dragonite Ore,1,
10,D. Island,4,high,9,20,3,5,Sunspire Jewel,1,
10,D. Island,4,high,9,20,3,5,Adv Armor Sphere,1,
10,D. Island,4,high,9,20,3,5,Auristone Chunk,1,
20,D. Island,4,g,1,,4,6,Carpenterbug,2,
15,D. Island,4,g,1,,4,6,King Scarab,1,
15,D. Island,4,g,1,,4,6,Flutterfly,1,
15,D. Island,4,g,1,,4,6,Silver Cricket,1,
10,D. Island,4,g,1,,4,6,Rare Scarab,1,
10,D. Island,4,g,1,,4,6,Emperor Hopper,1,
10,D. Island,4,g,1,,4,6,Gold Cricket,1,
5,D. Island,4,g,1,,4,6,Mega Fishing Fly,2,
60,D. Island,4,g,2,,6,8,Small Barrel,1,
35,D. Island,4,g,2,,6,8,Large Barrel,1,
5,D. Island,4,g,2,,6,8,Felvine,1,
15,D. Island,4,g,3,,3,5,Meldspar Ore,1,
15,D. Island,4,g,3,,3,5,Lazurite Jewel,1,
15,D. Island,4,g,3,,3,5,Adamant Orb,1,
12,D. Island,4,g,3,,3,5,Eltalite Ore,1,
10,D. Island,4,g,3,,3,5,Bealite Ore,2,
10,D. Island,4,g,3,,3,5,Fucium Ore,1,
10,D. Island,4,g,3,,3,5,Timeworn Charm,1,
5,D. Island,4,g,3,,3,5,Carbalite Ore,1,
5,D. Island,4,g,3,,3,5,Heavy Armor Sphere,1,
3,D. Island,4,g,3,,3,5,Ancient Shard,1,
20,D. Island,4,g,4,,3,5,Carbalite Ore,1,
15,D. Island,4,g,4,,3,5,Eltalite Ore,1,
15,D. Island,4,g,4,,3,5,Fucium Ore,1,
10,D. Island,4,g,4,,3,5,Bealite Ore,2,
10,D. Island,4,g,4,,3,5,Auristone Chunk,1,
5,D. Island,4,g,4,,3,5,Meldspar Ore,1,
5,D. Island,4,g,4,,3,5,Bloodrun Jewel,1,
5,D. Island,4,g,4,,3,5,Hard Armor Sphere,1,
5,D. Island,4,g,4,,3,5,Shining Charm,1,
5,D. Island,4,g,4,,3,5,Timeworn Charm,1,
5,D. Island,4,g,4,,3,5,Auristone Piece,1,
50,D. Island,4,g,5,,3,5,Big Lagniapple,1,
25,D. Island,4,g,5,,3,5,Huge Lagniapple,1,
13,D. Island,4,g,5,,3,5,Huskberry,2,
12,D. Island,4,g,5,,3,5,Needleberry,2,
15,D. Island,4,g,6,80,3,5,Carbalite Ore,1,
15,D. Island,4,g,6,80,3,5,Eltalite Ore,1,
15,D. Island,4,g,6,80,3,5,Hard Armor Sphere,1,
10,D. Island,4,g,6,80,3,5,Meldspar Ore,1,
10,D. Island,4,g,6,80,3,5,Bloodrun Jewel,1,
10,D. Island,4,g,6,80,3,5,Lazurite Jewel,1,
10,D. Island,4,g,6,80,3,5,Shining Charm,1,
10,D. Island,4,g,6,80,3,5,Auristone Piece,1,
5,D. Island,4,g,6,80,3,5,Bealite Ore,2,
20,D. Island,4,g,7,20,3,5,Meldspar Ore,1,
20,D. Island,4,g,7,20,3,5,Adamant Orb,1,
20,D. Island,4,g,7,20,3,5,Timeworn Charm,1,
10,D. Island,4,g,7,20,3,5,Carbalite Ore,1,
10,D. Island,4,g,7,20,3,5,Lazurite Jewel,1,
10,D. Island,4,g,7,20,3,5,Heavy Armor Sphere,1,
10,D. Island,4,g,7,20,3,5,Auristone Chunk,1,
20,D. Island,4,g,8,80,3,5,Eltalite Ore,1,
15,D. Island,4,g,8,80,3,5,Auristone Piece,1,
10,D. Island,4,g,8,80,3,5,Bealite Ore,2,
10,D. Island,4,g,8,80,3,5,Meldspar Ore,1,
10,D. Island,4,g,8,80,3,5,Fucium Ore,1,
10,D. Island,4,g,8,80,3,5,Bloodrun Jewel,1,
10,D. Island,4,g,8,80,3,5,Hard Armor Sphere,1,
10,D. Island,4,g,8,80,3,5,Shining Charm,1,
5,D. Island,4,g,8,80,3,5,Lazurite Jewel,1,
15,D. Island,4,g,9,20,3,5,Meldspar Ore,1,
15,D. Island,4,g,9,20,3,5,Fucium Ore,1,
15,D. Island,4,g,9,20,3,5,Adamant Orb,1,
15,D. Island,4,g,9,20,3,5,Timeworn Charm,1,
10,D. Island,4,g,9,20,3,5,Eltalite Ore,1,
10,D. Island,4,g,9,20,3,5,Lazurite Jewel,1,
10,D. Island,4,g,9,20,3,5,Heavy Armor Sphere,1,
10,D. Island,4,g,9,20,3,5,Auristone Chunk,1,
75,D. Island,5,low,1,,3,5,Spider Web,1,
20,D. Island,5,low,1,,3,5,Insect Husk,1,
5,D. Island,5,low,1,,3,5,Mega Fishing Fly,1,
35,D. Island,5,low,2,,3,5,Huskberry,2,
20,D. Island,5,low,2,,3,5,Nulberry,1,
20,D. Island,5,low,2,,3,5,Needleberry,2,
15,D. Island,5,low,2,,3,5,Huskberry,4,
10,D. Island,5,low,2,,3,5,Needleberry,4,
30,D. Island,5,low,3,,3,4,Carpenterbug,1,
25,D. Island,5,low,3,,3,4,Bitterbug,1,
20,D. Island,5,low,3,,3,4,Silver Cricket,1,
15,D. Island,5,low,3,,3,4,Flashbug,1,
10,D. Island,5,low,3,,3,4,Mega Fishing Fly,1,
85,D. Island,5,low,4,,1,1,Honey,1,
10,D. Island,5,low,4,,1,1,Snakebee Larva,1,
5,D. Island,5,low,4,,1,1,Insect Husk,1,
30,D. Island,5,low,5,70,3,5,Bitterbug,1,
30,D. Island,5,low,5,70,3,5,Flashbug,1,
15,D. Island,5,low,5,70,3,5,Silver Cricket,1,
12,D. Island,5,low,5,70,3,5,Thunderbug,1,
8,D. Island,5,low,5,70,3,5,Mega Fishing Fly,1,
5,D. Island,5,low,5,70,3,5,Carpenterbug,1,
30,D. Island,5,low,6,30,4,6,Godbug,1,
20,D. Island,5,low,6,30,4,6,Silver Cricket,1,
15,D. Island,5,low,6,30,4,6,Stinkhopper,1,
10,D. Island,5,low,6,30,4,6,Mega Fishing Fly,1,
10,D. Island,5,low,6,30,4,6,Bitterbug,1,
10,D. Island,5,low,6,30,4,6,Flashbug,1,
5,D. Island,5,low,6,30,4,6,Carpenterbug,1,
45,D. Island,5,low,7,80,2,4,Bone Husk,1,
35,D. Island,5,low,7,80,2,4,Mystery Bone,1,
10,D. Island,5,low,7,80,2,4,Monster Bone S,1,
10,D. Island,5,low,7,80,2,4,Unknown Skull,1,
30,D. Island,5,low,8,20,2,4,Monster Bone S,1,
30,D. Island,5,low,8,20,2,4,Unknown Skull,1,
20,D. Island,5,low,8,20,2,4,Bone Husk,1,
20,D. Island,5,low,8,20,2,4,Mystery Bone,1,
70,D. Island,5,low,9,80,3,5,Power Jelly,1,
25,D. Island,5,low,9,80,3,5,Water Ambrosia,1,
5,D. Island,5,low,9,80,3,5,Larval Extract,1,
45,D. Island,5,low,10,20,3,5,Power Jelly,1,
40,D. Island,5,low,10,20,3,5,Water Ambrosia,1,
15,D. Island,5,low,10,20,3,5,Larval Extract,1,
75,D. Island,5,high,1,,3,5,Spider Web,1,
25,D. Island,5,high,1,,3,5,Mega Fishing Fly,1,
35,D. Island,5,high,2,,3,5,Huskberry,2,
20,D. Island,5,high,2,,3,5,Nulberry,1,
20,D. Island,5,high,2,,3,5,Needleberry,2,
15,D. Island,5,high,2,,3,5,Huskberry,4,
10,D. Island,5,high,2,,3,5,Needleberry,4,
20,D. Island,5,high,3,,3,4,Carpenterbug,1,
15,D. Island,5,high,3,,3,4,Flashbug,1,
15,D. Island,5,high,3,,3,4,King Scarab,1,
15,D. Island,5,high,3,,3,4,Silver Cricket,1,
10,D. Island,5,high,3,,3,4,Bitterbug,1,
10,D. Island,5,high,3,,3,4,Rare Scarab,1,
10,D. Island,5,high,3,,3,4,Gold Cricket,1,
5,D. Island,5,high,3,,3,4,Mega Fishing Fly,1,
85,D. Island,5,high,4,,1,1,Honey,1,
15,D. Island,5,high,4,,1,1,Snakebee Larva,1,
100,D. Island,5,high,5,,2,3,Burned Husk,1,
20,D. Island,5,high,6,70,3,5,Thunderbug,1,
20,D. Island,5,high,6,70,3,5,Rare Scarab,1,
15,D. Island,5,high,6,70,3,5,Bitterbug,1,
15,D. Island,5,high,6,70,3,5,Flashbug,1,
10,D. Island,5,high,6,70,3,5,Carpenterbug,1,
10,D. Island,5,high,6,70,3,5,Silver Cricket,1,
5,D. Island,5,high,6,70,3,5,Hercudrome,1,
5,D. Island,5,high,6,70,3,5,King Scarab,1,
25,D. Island,5,high,7,30,4,6,Godbug,1,
15,D. Island,5,high,7,30,4,6,Stinkhopper,1,
10,D. Island,5,high,7,30,4,6,Bitterbug,1,
10,D. Island,5,high,7,30,4,6,Flashbug,1,
10,D. Island,5,high,7,30,4,6,Hercudrome,1,
10,D. Island,5,high,7,30,4,6,King Scarab,1,
10,D. Island,5,high,7,30,4,6,Gold Cricket,1,
5,D. Island,5,high,7,30,4,6,Carpenterbug,1,
5,D. Island,5,high,7,30,4,6,Rare Scarab,1,
45,D. Island,5,high,8,80,2,4,Bone Husk,1,
35,D. Island,5,high,8,80,2,4,Mystery Bone,1,
10,D. Island,5,high,8,80,2,4,Monster Bone S,1,
10,D. Island,5,high,8,80,2,4,Unknown Skull,1,
30,D. Island,5,high,9,20,2,4,Monster Bone S,1,
30,D. Island,5,high,9,20,2,4,Unknown Skull,1,
20,D. Island,5,high,9,20,2,4,Bone Husk,1,
20,D. Island,5,high,9,20,2,4,Mystery Bone,1,
70,D. Island,5,high,10,80,3,5,Power Jelly,1,
25,D. Island,5,high,10,80,3,5,Water Ambrosia,1,
5,D. Island,5,high,10,80,3,5,Larval Extract,1,
35,D. Island,5,high,11,20,3,5,Water Ambrosia,1,
25,D. Island,5,high,11,20,3,5,Larval Extract,1,
25,D. Island,5,high,11,20,3,5,Paralarval Extract,1,
15,D. Island,5,high,11,20,3,5,Power Jelly,1,
75,D. Island,5,g,1,,3,5,Spider Web,1,
25,D. Island,5,g,1,,3,5,Mega Fishing Fly,1,
0,D. Island,5,g,1,,3,5,Insect Husk,1,
35,D. Island,5,g,2,,3,5,Huskberry,2,
20,D. Island,5,g,2,,3,5,Nulberry,1,
20,D. Island,5,g,2,,3,5,Needleberry,2,
15,D. Island,5,g,2,,3,5,Huskberry,4,
10,D. Island,5,g,2,,3,5,Needleberry,4,
20,D. Island,5,g,3,,3,4,Carpenterbug,2,
15,D. Island,5,g,3,,3,4,King Scarab,1,
15,D. Island,5,g,3,,3,4,Flutterfly,1,
15,D. Island,5,g,3,,3,4,Silver Cricket,1,
10,D. Island,5,g,3,,3,4,Rare Scarab,1,
10,D. Island,5,g,3,,3,4,Emperor Hopper,1,
10,D. Island,5,g,3,,3,4,Gold Cricket,1,
5,D. Island,5,g,3,,3,4,Mega Fishing Fly,2,
85,D. Island,5,g,4,,1,1,Honey,1,
15,D. Island,5,g,4,,1,1,Snakebee Larva,1,
0,D. Island,5,g,4,,1,1,Insect Husk,1,
100,D. Island,5,g,5,,2,3,Burned Husk,1,
20,D. Island,5,g,6,70,3,5,Rare Scarab,1,
20,D. Island,5,g,6,70,3,5,Flutterfly,1,
15,D. Island,5,g,6,70,3,5,King Scarab,1,
15,D. Island,5,g,6,70,3,5,Emperor Hopper,1,
10,D. Island,5,g,6,70,3,5,Carpenterbug,2,
10,D. Island,5,g,6,70,3,5,Silver Cricket,1,
5,D. Island,5,g,6,70,3,5,Stinkhopper,2,
5,D. Island,5,g,6,70,3,5,Hercudrome,2,
25,D. Island,5,g,7,30,4,6,Emperor Hopper,1,
25,D. Island,5,g,7,30,4,6,Flutterfly,1,
20,D. Island,5,g,7,30,4,6,Rare Scarab,1,
15,D. Island,5,g,7,30,4,6,King Scarab,1,
15,D. Island,5,g,7,30,4,6,Gold Cricket,1,
25,D. Island,5,g,8,80,2,4,Bone Husk,1,
20,D. Island,5,g,8,80,2,4,Mystery Bone,1,
15,D. Island,5,g,8,80,2,4,Monster Bone S,1,
15,D. Island,5,g,8,80,2,4,Huge Unknown Skull,1,
15,D. Island,5,g,8,80,2,4,Dragonbone Relic,1,
10,D. Island,5,g,8,80,2,4,Unknown Skull,1,
30,D. Island,5,g,9,20,2,4,Monster Bone M,1,
30,D. Island,5,g,9,20,2,4,Huge Unknown Skull,1,
20,D. Island,5,g,9,20,2,4,Bone Husk,1,
20,D. Island,5,g,9,20,2,4,Dragonbone Relic,1,
50,D. Island,5,g,10,80,3,5,Power Jelly,1,
25,D. Island,5,g,10,80,3,5,Larval Extract,1,
25,D. Island,5,g,10,80,3,5,Water Ambrosia,1,
35,D. Island,5,g,11,20,3,5,Paralarval Extract,1,
25,D. Island,5,g,11,20,3,5,Larval Extract,1,
20,D. Island,5,g,11,20,3,5,Power Jelly,2,
20,D. Island,5,g,11,20,3,5,Water Ambrosia,2,
25,D. Island,6,low,1,,3,5,Iron Ore,1,
25,D. Island,6,low,1,,3,5,Earth Crystal,1,
20,D. Island,6,low,1,,3,5,Aquaglow Jewel,1,
15,D. Island,6,low,1,,3,5,Bealite Ore,1,
10,D. Island,6,low,1,,3,5,Auristone Piece,1,
5,D. Island,6,low,1,,3,5,Machalite Ore,1,
50,D. Island,6,low,2,,3,5,Bone Husk,1,
40,D. Island,6,low,2,,3,5,Mystery Bone,1,
5,D. Island,6,low,2,,3,5,Monster Bone S,1,
5,D. Island,6,low,2,,3,5,Unknown Skull,1,
30,D. Island,6,low,3,,4,6,Blue Mushroom,1,
20,D. Island,6,low,3,,4,6,Mopeshroom,1,
20,D. Island,6,low,3,,4,6,Unique Mushroom,1,
15,D. Island,6,low,3,,4,6,Blue Mushroom,2,
15,D. Island,6,low,3,,4,6,Unique Mushroom,2,
45,D. Island,6,low,4,80,2,4,Bone Husk,1,
35,D. Island,6,low,4,80,2,4,Mystery Bone,1,
10,D. Island,6,low,4,80,2,4,Monster Bone S,1,
10,D. Island,6,low,4,80,2,4,Unknown Skull,1,
30,D. Island,6,low,5,20,2,4,Monster Bone S,1,
30,D. Island,6,low,5,20,2,4,Unknown Skull,1,
20,D. Island,6,low,5,20,2,4,Bone Husk,1,
20,D. Island,6,low,5,20,2,4,Mystery Bone,1,
15,D. Island,6,high,1,,3,5,Bealite Ore,1,
10,D. Island,6,high,1,,3,5,Iron Ore,1,
10,D. Island,6,high,1,,3,5,Earth Crystal,1,
10,D. Island,6,high,1,,3,5,Machalite Ore,1,
10,D. Island,6,high,1,,3,5,Dragonite Ore,1,
10,D. Island,6,high,1,,3,5,Aquaglow Jewel,1,
10,D. Island,6,high,1,,3,5,Auristone Piece,1,
5,D. Island,6,high,1,,3,5,Carbalite Ore,1,
5,D. Island,6,high,1,,3,5,Armor Sphere+,1,
5,D. Island,6,high,1,,3,5,Mystery Charm,1,
5,D. Island,6,high,1,,3,5,Shining Charm,1,
5,D. Island,6,high,1,,3,5,Auristone Chunk,1,
50,D. Island,6,high,2,,3,5,Bone Husk,1,
40,D. Island,6,high,2,,3,5,Mystery Bone,1,
5,D. Island,6,high,2,,3,5,Monster Bone S,1,
5,D. Island,6,high,2,,3,5,Unknown Skull,1,
30,D. Island,6,high,3,,4,6,Blue Mushroom,1,
20,D. Island,6,high,3,,4,6,Mopeshroom,1,
15,D. Island,6,high,3,,4,6,Blue Mushroom,2,
15,D. Island,6,high,3,,4,6,Unique Mushroom,1,
10,D. Island,6,high,3,,4,6,Choice Mushroom,1,
5,D. Island,6,high,3,,4,6,Dragon Toadstool,1,
5,D. Island,6,high,3,,4,6,Unique Mushroom,2,
45,D. Island,6,high,4,80,2,4,Bone Husk,1,
35,D. Island,6,high,4,80,2,4,Mystery Bone,1,
10,D. Island,6,high,4,80,2,4,Monster Bone S,1,
10,D. Island,6,high,4,80,2,4,Unknown Skull,1,
30,D. Island,6,high,5,20,2,4,Monster Bone S,1,
30,D. Island,6,high,5,20,2,4,Unknown Skull,1,
20,D. Island,6,high,5,20,2,4,Bone Husk,1,
20,D. Island,6,high,5,20,2,4,Mystery Bone,1,
20,D. Island,6,g,1,,3,5,Carbalite Ore,1,
15,D. Island,6,g,1,,3,5,Eltalite Ore,1,
15,D. Island,6,g,1,,3,5,Fucium Ore,1,
10,D. Island,6,g,1,,3,5,Bealite Ore,2,
10,D. Island,6,g,1,,3,5,Auristone Chunk,1,
5,D. Island,6,g,1,,3,5,Meldspar Ore,1,
5,D. Island,6,g,1,,3,5,Bloodrun Jewel,1,
5,D. Island,6,g,1,,3,5,Hard Armor Sphere,1,
5,D. Island,6,g,1,,3,5,Shining Charm,1,
5,D. Island,6,g,1,,3,5,Timeworn Charm,1,
5,D. Island,6,g,1,,3,5,Auristone Piece,1,
25,D. Island,6,g,2,,3,5,Huge Unknown Skull,1,
15,D. Island,6,g,2,,3,5,Bone Husk,1,
15,D. Island,6,g,2,,3,5,Mystery Bone,1,
15,D. Island,6,g,2,,3,5,Unknown Skull,1,
15,D. Island,6,g,2,,3,5,Dragonbone Relic,1,
10,D. Island,6,g,2,,3,5,Monster Bone S,1,
5,D. Island,6,g,2,,3,5,Monster Bone M,1,
30,D. Island,6,g,3,,4,6,Blue Mushroom,1,
20,D. Island,6,g,3,,4,6,Mopeshroom,1,
15,D. Island,6,g,3,,4,6,Blue Mushroom,2,
15,D. Island,6,g,3,,4,6,Unique Mushroom,1,
10,D. Island,6,g,3,,4,6,Choice Mushroom,1,
5,D. Island,6,g,3,,4,6,Dragon Toadstool,1,
5,D. Island,6,g,3,,4,6,Unique Mushroom,2,
25,D. Island,6,g,4,80,2,4,Bone Husk,1,
20,D. Island,6,g,4,80,2,4,Mystery Bone,1,
15,D. Island,6,g,4,80,2,4,Monster Bone S,1,
15,D. Island,6,g,4,80,2,4,Huge Unknown Skull,1,
15,D. Island,6,g,4,80,2,4,Dragonbone Relic,1,
10,D. Island,6,g,4,80,2,4,Unknown Skull,1,
30,D. Island,6,g,5,20,2,4,Monster Bone M,1,
30,D. Island,6,g,5,20,2,4,Huge Unknown Skull,1,
20,D. Island,6,g,5,20,2,4,Bone Husk,1,
20,D. Island,6,g,5,20,2,4,Dragonbone Relic,1,
30,D. Island,7,low,1,,4,6,Blue Mushroom,1,
20,D. Island,7,low,1,,4,6,Mopeshroom,1,
20,D. Island,7,low,1,,4,6,Unique Mushroom,1,
15,D. Island,7,low,1,,4,6,Blue Mushroom,2,
15,D. Island,7,low,1,,4,6,Unique Mushroom,2,
55,D. Island,7,low,2,,3,5,Whetstone,1,
25,D. Island,7,low,2,,3,5,Stone,1,
20,D. Island,7,low,2,,3,5,Stone,2,
30,D. Island,7,low,3,,4,6,Herb,1,
30,D. Island,7,low,3,,4,6,Ivy,1,
20,D. Island,7,low,3,,4,6,Sap Plant,1,
10,D. Island,7,low,3,,4,6,Antidote Herb,1,
10,D. Island,7,low,3,,4,6,Might Seed,1,
25,D. Island,7,low,4,,3,5,Iron Ore,1,
25,D. Island,7,low,4,,3,5,Earth Crystal,1,
20,D. Island,7,low,4,,3,5,Aquaglow Jewel,1,
15,D. Island,7,low,4,,3,5,Bealite Ore,1,
10,D. Island,7,low,4,,3,5,Auristone Piece,1,
5,D. Island,7,low,4,,3,5,Machalite Ore,1,
30,D. Island,7,low,5,,2,3,Shining Charm,1,
30,D. Island,7,low,5,,2,3,Unknown Skull,1,
25,D. Island,7,low,5,,2,3,Timeworn Charm,1,
15,D. Island,7,low,5,,2,3,Mystery Charm,1,
30,D. Island,7,low,6,,2,3,Shining Charm,1,
25,D. Island,7,low,6,,2,3,Rustshard,1,
15,D. Island,7,low,6,,2,3,Adv Armor Sphere,1,
15,D. Island,7,low,6,,2,3,Timeworn Charm,1,
15,D. Island,7,low,6,,2,3,Auristone Chunk,1,
30,D. Island,7,low,7,,4,5,Hercudrome,1,
30,D. Island,7,low,7,,4,5,King Scarab,1,
25,D. Island,7,low,7,,4,5,Silver Cricket,1,
15,D. Island,7,low,7,,4,5,Gold Cricket,1,
30,D. Island,7,low,8,80,3,5,Iron Ore,1,
20,D. Island,7,low,8,80,3,5,Earth Crystal,1,
15,D. Island,7,low,8,80,3,5,Bealite Ore,1,
15,D. Island,7,low,8,80,3,5,Auristone Piece,1,
10,D. Island,7,low,8,80,3,5,Aquaglow Jewel,1,
10,D. Island,7,low,8,80,3,5,Mystery Charm,1,
25,D. Island,7,low,9,20,3,5,Bealite Ore,1,
20,D. Island,7,low,9,20,3,5,Aquaglow Jewel,1,
20,D. Island,7,low,9,20,3,5,Mystery Charm,1,
15,D. Island,7,low,9,20,3,5,Iron Ore,1,
10,D. Island,7,low,9,20,3,5,Earth Crystal,1,
10,D. Island,7,low,9,20,3,5,Sunspire Jewel,1,
30,D. Island,7,high,1,,4,6,Blue Mushroom,1,
20,D. Island,7,high,1,,4,6,Mopeshroom,1,
15,D. Island,7,high,1,,4,6,Blue Mushroom,2,
15,D. Island,7,high,1,,4,6,Unique Mushroom,1,
10,D. Island,7,high,1,,4,6,Choice Mushroom,1,
5,D. Island,7,high,1,,4,6,Dragon Toadstool,1,
5,D. Island,7,high,1,,4,6,Unique Mushroom,2,
55,D. Island,7,high,2,,3,5,Whetstone,1,
30,D. Island,7,high,2,,3,5,Stone,2,
15,D. Island,7,high,2,,3,5,Stone,1,
30,D. Island,7,high,3,,4,6,Herb,1,
30,D. Island,7,high,3,,4,6,Ivy,1,
20,D. Island,7,high,3,,4,6,Sap Plant,1,
10,D. Island,7,high,3,,4,6,Antidote Herb,1,
10,D. Island,7,high,3,,4,6,Might Seed,1,
15,D. Island,7,high,4,,3,5,Bealite Ore,1,
10,D. Island,7,high,4,,3,5,Iron Ore,1,
10,D. Island,7,high,4,,3,5,Earth Crystal,1,
10,D. Island,7,high,4,,3,5,Machalite Ore,1,
10,D. Island,7,high,4,,3,5,Dragonite Ore,1,
10,D. Island,7,high,4,,3,5,Aquaglow Jewel,1,
10,D. Island,7,high,4,,3,5,Auristone Piece,1,
5,D. Island,7,high,4,,3,5,Carbalite Ore,1,
5,D. Island,7,high,4,,3,5,Armor Sphere+,1,
5,D. Island,7,high,4,,3,5,Mystery Charm,1,
5,D. Island,7,high,4,,3,5,Shining Charm,1,
5,D. Island,7,high,4,,3,5,Auristone Chunk,1,
30,D. Island,7,high,5,,2,3,Shining Charm,1,
30,D. Island,7,high,5,,2,3,Unknown Skull,1,
25,D. Island,7,high,5,,2,3,Timeworn Charm,1,
15,D. Island,7,high,5,,2,3,Mystery Charm,1,
30,D. Island,7,high,6,,2,3,Shining Charm,1,
25,D. Island,7,high,6,,2,3,Rustshard,1,
15,D. Island,7,high,6,,2,3,Adv Armor Sphere,1,
15,D. Island,7,high,6,,2,3,Timeworn Charm,1,
15,D. Island,7,high,6,,2,3,Auristone Chunk,1,
30,D. Island,7,high,7,,4,5,Hercudrome,1,
30,D. Island,7,high,7,,4,5,King Scarab,1,
25,D. Island,7,high,7,,4,5,Silver Cricket,1,
15,D. Island,7,high,7,,4,5,Gold Cricket,1,
25,D. Island,7,high,8,80,3,5,Bealite Ore,1,
15,D. Island,7,high,8,80,3,5,Dragonite Ore,1,
15,D. Island,7,high,8,80,3,5,Auristone Piece,1,
10,D. Island,7,high,8,80,3,5,Fucium Ore,1,
10,D. Island,7,high,8,80,3,5,Mystery Charm,1,
5,D. Island,7,high,8,80,3,5,Iron Ore,1,
5,D. Island,7,high,8,80,3,5,Earth Crystal,1,
5,D. Island,7,high,8,80,3,5,Aquaglow Jewel,1,
5,D. Island,7,high,8,80,3,5,Sunspire Jewel,1,
5,D. Island,7,high,8,80,3,5,Armor Sphere+,1,
15,D. Island,7,high,9,20,3,5,Bealite Ore,1,
15,D. Island,7,high,9,20,3,5,Fucium Ore,1,
15,D. Island,7,high,9,20,3,5,Bloodrun Jewel,1,
15,D. Island,7,high,9,20,3,5,Shining Charm,1,
10,D. Island,7,high,9,20,3,5,Dragonite Ore,1,
10,D. Island,7,high,9,20,3,5,Sunspire Jewel,1,
10,D. Island,7,high,9,20,3,5,Adv Armor Sphere,1,
10,D. Island,7,high,9,20,3,5,Auristone Chunk,1,
30,D. Island,7,g,1,,4,6,Blue Mushroom,1,
20,D. Island,7,g,1,,4,6,Mopeshroom,1,
15,D. Island,7,g,1,,4,6,Blue Mushroom,2,
15,D. Island,7,g,1,,4,6,Unique Mushroom,1,
10,D. Island,7,g,1,,4,6,Choice Mushroom,1,
5,D. Island,7,g,1,,4,6,Dragon Toadstool,1,
5,D. Island,7,g,1,,4,6,Unique Mushroom,2,
55,D. Island,7,g,2,,3,5,Whetstone,1,
30,D. Island,7,g,2,,3,5,Stone,2,
15,D. Island,7,g,2,,3,5,Stone,1,
30,D. Island,7,g,3,,4,6,Herb,1,
30,D. Island,7,g,3,,4,6,Ivy,1,
20,D. Island,7,g,3,,4,6,Sap Plant,1,
10,D. Island,7,g,3,,4,6,Antidote Herb,1,
10,D. Island,7,g,3,,4,6,Might Seed,1,
20,D. Island,7,g,4,,3,5,Carbalite Ore,1,
15,D. Island,7,g,4,,3,5,Eltalite Ore,1,
15,D. Island,7,g,4,,3,5,Fucium Ore,1,
10,D. Island,7,g,4,,3,5,Bealite Ore,2,
10,D. Island,7,g,4,,3,5,Auristone Chunk,1,
5,D. Island,7,g,4,,3,5,Meldspar Ore,1,
5,D. Island,7,g,4,,3,5,Bloodrun Jewel,1,
5,D. Island,7,g,4,,3,5,Hard Armor Sphere,1,
5,D. Island,7,g,4,,3,5,Shining Charm,1,
5,D. Island,7,g,4,,3,5,Timeworn Charm,1,
5,D. Island,7,g,4,,3,5,Auristone Piece,1,
30,D. Island,7,g,5,,2,3,Timeworn Charm,1,
30,D. Island,7,g,5,,2,3,Huge Unknown Skull,1,
25,D. Island,7,g,5,,2,3,Enduring Charm,1,
15,D. Island,7,g,5,,2,3,Shining Charm,1,
30,D. Island,7,g,6,,2,3,Timeworn Charm,1,
25,D. Island,7,g,6,,2,3,Ancient Shard,1,
15,D. Island,7,g,6,,2,3,Heavy Armor Sphere,1,
15,D. Island,7,g,6,,2,3,Enduring Charm,1,
15,D. Island,7,g,6,,2,3,Auristone Chunk,1,
30,D. Island,7,g,7,,4,5,King Scarab,1,
30,D. Island,7,g,7,,4,5,Emperor Hopper,1,
25,D. Island,7,g,7,,4,5,Flutterfly,1,
15,D. Island,7,g,7,,4,5,Gold Cricket,1,
20,D. Island,7,g,8,80,3,5,Eltalite Ore,1,
15,D. Island,7,g,8,80,3,5,Auristone Piece,1,
10,D. Island,7,g,8,80,3,5,Bealite Ore,2,
10,D. Island,7,g,8,80,3,5,Meldspar Ore,1,
10,D. Island,7,g,8,80,3,5,Fucium Ore,1,
10,D. Island,7,g,8,80,3,5,Bloodrun Jewel,1,
10,D. Island,7,g,8,80,3,5,Hard Armor Sphere,1,
10,D. Island,7,g,8,80,3,5,Shining Charm,1,
5,D. Island,7,g,8,80,3,5,Lazurite Jewel,1,
15,D. Island,7,g,9,20,3,5,Meldspar Ore,1,
15,D. Island,7,g,9,20,3,5,Fucium Ore,1,
15,D. Island,7,g,9,20,3,5,Adamant Orb,1,
15,D. Island,7,g,9,20,3,5,Timeworn Charm,1,
10,D. Island,7,g,9,20,3,5,Eltalite Ore,1,
10,D. Island,7,g,9,20,3,5,Lazurite Jewel,1,
10,D. Island,7,g,9,20,3,5,Heavy Armor Sphere,1,
10,D. Island,7,g,9,20,3,5,Auristone Chunk,1,
85,D. Island,8,low,1,,,,Wyvern Egg,1,∞
15,D. Island,8,low,1,,,,Bone Husk,1,∞
55,D. Island,8,low,2,,6,8,Dung,1,
40,D. Island,8,low,2,,6,8,Dung,2,
5,D. Island,8,low,2,,6,8,Monster Bone S,1,
50,D. Island,8,low,3,,3,5,Bone Husk,1,
40,D. Island,8,low,3,,3,5,Mystery Bone,1,
5,D. Island,8,low,3,,3,5,Monster Bone S,1,
5,D. Island,8,low,3,,3,5,Unknown Skull,1,
85,D. Island,8,low,4,,1,1,Honey,1,
10,D. Island,8,low,4,,1,1,Snakebee Larva,1,
5,D. Island,8,low,4,,1,1,Insect Husk,1,
45,D. Island,8,low,5,80,2,4,Bone Husk,1,
35,D. Island,8,low,5,80,2,4,Mystery Bone,1,
10,D. Island,8,low,5,80,2,4,Monster Bone S,1,
10,D. Island,8,low,5,80,2,4,Unknown Skull,1,
30,D. Island,8,low,6,20,2,4,Monster Bone S,1,
30,D. Island,8,low,6,20,2,4,Unknown Skull,1,
20,D. Island,8,low,6,20,2,4,Bone Husk,1,
20,D. Island,8,low,6,20,2,4,Mystery Bone,1,
30,D. Island,8,low,7,80,3,5,Iron Ore,1,
20,D. Island,8,low,7,80,3,5,Earth Crystal,1,
15,D. Island,8,low,7,80,3,5,Aquaglow Jewel,1,
15,D. Island,8,low,7,80,3,5,Auristone Piece,1,
10,D. Island,8,low,7,80,3,5,Bealite Ore,1,
5,D. Island,8,low,7,80,3,5,Machalite Ore,1,
5,D. Island,8,low,7,80,3,5,Armor Sphere,1,
25,D. Island,8,low,8,20,3,5,Aquaglow Jewel,1,
15,D. Island,8,low,8,20,3,5,Iron Ore,1,
15,D. Island,8,low,8,20,3,5,Earth Crystal,1,
15,D. Island,8,low,8,20,3,5,Bealite Ore,1,
10,D. Island,8,low,8,20,3,5,Machalite Ore,1,
10,D. Island,8,low,8,20,3,5,Sunspire Jewel,1,
10,D. Island,8,low,8,20,3,5,Armor Sphere,1,
85,D. Island,8,high,1,,,,Wyvern Egg,1,∞
15,D. Island,8,high,1,,,,Bone Husk,1,∞
55,D. Island,8,high,2,,6,8,Dung,2,
40,D. Island,8,high,2,,6,8,Dung,1,
5,D. Island,8,high,2,,6,8,Monster Bone S,1,
50,D. Island,8,high,3,,3,5,Bone Husk,1,
40,D. Island,8,high,3,,3,5,Mystery Bone,1,
5,D. Island,8,high,3,,3,5,Monster Bone S,1,
5,D. Island,8,high,3,,3,5,Unknown Skull,1,
85,D. Island,8,high,4,,1,1,Honey,1,
15,D. Island,8,high,4,,1,1,Snakebee Larva,1,
100,D. Island,8,high,5,,2,3,Burned Husk,1,
45,D. Island,8,high,6,80,2,4,Bone Husk,1,
35,D. Island,8,high,6,80,2,4,Mystery Bone,1,
10,D. Island,8,high,6,80,2,4,Monster Bone S,1,
10,D. Island,8,high,6,80,2,4,Unknown Skull,1,
30,D. Island,8,high,7,20,2,4,Monster Bone S,1,
30,D. Island,8,high,7,20,2,4,Unknown Skull,1,
20,D. Island,8,high,7,20,2,4,Bone Husk,1,
20,D. Island,8,high,7,20,2,4,Mystery Bone,1,
15,D. Island,8,high,8,80,3,5,Armor Sphere+,1,
15,D. Island,8,high,8,80,3,5,Auristone Piece,1,
10,D. Island,8,high,8,80,3,5,Iron Ore,1,
10,D. Island,8,high,8,80,3,5,Earth Crystal,1,
10,D. Island,8,high,8,80,3,5,Machalite Ore,1,
10,D. Island,8,high,8,80,3,5,Dragonite Ore,1,
10,D. Island,8,high,8,80,3,5,Mystery Charm,1,
5,D. Island,8,high,8,80,3,5,Bealite Ore,1,
5,D. Island,8,high,8,80,3,5,Carbalite Ore,1,
5,D. Island,8,high,8,80,3,5,Aquaglow Jewel,1,
5,D. Island,8,high,8,80,3,5,Sunspire Jewel,1,
20,D. Island,8,high,9,20,3,5,Bloodrun Jewel,1,
10,D. Island,8,high,9,20,3,5,Machalite Ore,1,
10,D. Island,8,high,9,20,3,5,Bealite Ore,1,
10,D. Island,8,high,9,20,3,5,Dragonite Ore,1,
10,D. Island,8,high,9,20,3,5,Carbalite Ore,1,
10,D. Island,8,high,9,20,3,5,Sunspire Jewel,1,
10,D. Island,8,high,9,20,3,5,Adv Armor Sphere,1,
10,D. Island,8,high,9,20,3,5,Shining Charm,1,
10,D. Island,8,high,9,20,3,5,Auristone Chunk,1,
85,D. Island,8,g,1,,,,Wyvern Egg,1,∞
15,D. Island,8,g,1,,,,Bone Husk,1,∞
55,D. Island,8,g,2,,6,8,Dung,2,
40,D. Island,8,g,2,,6,8,Dung,1,
5,D. Island,8,g,2,,6,8,Monster Bone S,1,
25,D. Island,8,g,3,,3,5,Huge Unknown Skull,1,
15,D. Island,8,g,3,,3,5,Bone Husk,1,
15,D. Island,8,g,3,,3,5,Mystery Bone,1,
15,D. Island,8,g,3,,3,5,Unknown Skull,1,
15,D. Island,8,g,3,,3,5,Dragonbone Relic,1,
10,D. Island,8,g,3,,3,5,Monster Bone S,1,
5,D. Island,8,g,3,,3,5,Monster Bone M,1,
85,D. Island,8,g,4,,1,1,Honey,1,
15,D. Island,8,g,4,,1,1,Snakebee Larva,1,
0,D. Island,8,g,4,,1,1,Insect Husk,1,
100,D. Island,8,g,5,,2,3,Burned Husk,1,
25,D. Island,8,g,6,80,2,4,Bone Husk,1,
20,D. Island,8,g,6,80,2,4,Mystery Bone,1,
15,D. Island,8,g,6,80,2,4,Monster Bone S,1,
15,D. Island,8,g,6,80,2,4,Huge Unknown Skull,1,
15,D. Island,8,g,6,80,2,4,Dragonbone Relic,1,
10,D. Island,8,g,6,80,2,4,Unknown Skull,1,
30,D. Island,8,g,7,20,2,4,Monster Bone M,1,
30,D. Island,8,g,7,20,2,4,Huge Unknown Skull,1,
20,D. Island,8,g,7,20,2,4,Bone Husk,1,
20,D. Island,8,g,7,20,2,4,Dragonbone Relic,1,
15,D. Island,8,g,8,80,3,5,Carbalite Ore,1,
15,D. Island,8,g,8,80,3,5,Eltalite Ore,1,
15,D. Island,8,g,8,80,3,5,Hard Armor Sphere,1,
10,D. Island,8,g,8,80,3,5,Meldspar Ore,1,
10,D. Island,8,g,8,80,3,5,Bloodrun Jewel,1,
10,D. Island,8,g,8,80,3,5,Lazurite Jewel,1,
10,D. Island,8,g,8,80,3,5,Shining Charm,1,
10,D. Island,8,g,8,80,3,5,Auristone Piece,1,
5,D. Island,8,g,8,80,3,5,Bealite Ore,2,
20,D. Island,8,g,9,20,3,5,Meldspar Ore,1,
20,D. Island,8,g,9,20,3,5,Adamant Orb,1,
20,D. Island,8,g,9,20,3,5,Timeworn Charm,1,
10,D. Island,8,g,9,20,3,5,Carbalite Ore,1,
10,D. Island,8,g,9,20,3,5,Lazurite Jewel,1,
10,D. Island,8,g,9,20,3,5,Heavy Armor Sphere,1,
10,D. Island,8,g,9,20,3,5,Auristone Chunk,1,
75,D. Island,9,low,1,,3,5,Spider Web,1,
20,D. Island,9,low,1,,3,5,Insect Husk,1,
5,D. Island,9,low,1,,3,5,Mega Fishing Fly,1,
55,D. Island,9,low,2,,3,5,Paintberry,1,
35,D. Island,9,low,2,,3,5,Nulberry,1,
10,D. Island,9,low,2,,3,5,Might Seed,1,
25,D. Island,9,low,3,80,3,5,Huskberry,2,
25,D. Island,9,low,3,80,3,5,Needleberry,2,
20,D. Island,9,low,3,80,3,5,Paintberry,1,
20,D. Island,9,low,3,80,3,5,Nulberry,1,
10,D. Island,9,low,3,80,3,5,Might Seed,1,
20,D. Island,9,low,4,20,3,5,Huskberry,3,
20,D. Island,9,low,4,20,3,5,Paintberry,1,
20,D. Island,9,low,4,20,3,5,Might Seed,1,
20,D. Island,9,low,4,20,3,5,Nulberry,1,
20,D. Island,9,low,4,20,3,5,Needleberry,3,
25,D. Island,9,low,5,80,3,5,Herb,1,
20,D. Island,9,low,5,80,3,5,Ivy,1,
20,D. Island,9,low,5,80,3,5,Sap Plant,1,
20,D. Island,9,low,5,80,3,5,Felvine,1,
15,D. Island,9,low,5,80,3,5,Antidote Herb,1,
25,D. Island,9,low,6,20,3,5,Antidote Herb,1,
25,D. Island,9,low,6,20,3,5,Ivy,1,
25,D. Island,9,low,6,20,3,5,Sap Plant,1,
15,D. Island,9,low,6,20,3,5,Herb,1,
10,D. Island,9,low,6,20,3,5,Felvine,1,
75,D. Island,9,high,1,,3,5,Spider Web,1,
25,D. Island,9,high,1,,3,5,Mega Fishing Fly,1,
55,D. Island,9,high,2,,3,5,Paintberry,1,
35,D. Island,9,high,2,,3,5,Nulberry,1,
10,D. Island,9,high,2,,3,5,Might Seed,1,
25,D. Island,9,high,3,80,3,5,Huskberry,2,
25,D. Island,9,high,3,80,3,5,Needleberry,2,
20,D. Island,9,high,3,80,3,5,Paintberry,1,
20,D. Island,9,high,3,80,3,5,Nulberry,1,
10,D. Island,9,high,3,80,3,5,Might Seed,1,
20,D. Island,9,high,4,20,3,5,Huskberry,3,
20,D. Island,9,high,4,20,3,5,Paintberry,1,
20,D. Island,9,high,4,20,3,5,Might Seed,1,
20,D. Island,9,high,4,20,3,5,Nulberry,1,
20,D. Island,9,high,4,20,3,5,Needleberry,3,
25,D. Island,9,high,5,80,3,5,Herb,1,
20,D. Island,9,high,5,80,3,5,Ivy,1,
20,D. Island,9,high,5,80,3,5,Sap Plant,1,
20,D. Island,9,high,5,80,3,5,Felvine,1,
15,D. Island,9,high,5,80,3,5,Antidote Herb,1,
25,D. Island,9,high,6,20,3,5,Antidote Herb,1,
25,D. Island,9,high,6,20,3,5,Ivy,1,
25,D. Island,9,high,6,20,3,5,Sap Plant,1,
15,D. Island,9,high,6,20,3,5,Herb,1,
10,D. Island,9,high,6,20,3,5,Felvine,1,
75,D. Island,9,g,1,,3,5,Spider Web,1,
25,D. Island,9,g,1,,3,5,Mega Fishing Fly,1,
0,D. Island,9,g,1,,3,5,Insect Husk,1,
55,D. Island,9,g,2,,3,5,Paintberry,1,
35,D. Island,9,g,2,,3,5,Nulberry,1,
10,D. Island,9,g,2,,3,5,Might Seed,1,
25,D. Island,9,g,3,80,3,5,Huskberry,2,
25,D. Island,9,g,3,80,3,5,Needleberry,2,
20,D. Island,9,g,3,80,3,5,Paintberry,1,
20,D. Island,9,g,3,80,3,5,Nulberry,1,
10,D. Island,9,g,3,80,3,5,Might Seed,1,
20,D. Island,9,g,4,20,3,5,Huskberry,3,
20,D. Island,9,g,4,20,3,5,Paintberry,1,
20,D. Island,9,g,4,20,3,5,Might Seed,1,
20,D. Island,9,g,4,20,3,5,Nulberry,1,
20,D. Island,9,g,4,20,3,5,Needleberry,3,
25,D. Island,9,g,5,80,3,5,Herb,1,
20,D. Island,9,g,5,80,3,5,Ivy,1,
20,D. Island,9,g,5,80,3,5,Sap Plant,1,
20,D. Island,9,g,5,80,3,5,Felvine,1,
15,D. Island,9,g,5,80,3,5,Antidote Herb,1,
25,D. Island,9,g,6,20,3,5,Antidote Herb,1,
25,D. Island,9,g,6,20,3,5,Ivy,1,
25,D. Island,9,g,6,20,3,5,Sap Plant,1,
15,D. Island,9,g,6,20,3,5,Herb,1,
10,D. Island,9,g,6,20,3,5,Felvine,1,
85,D. Island,10,low,1,,,,Wyvern Egg,1,∞
15,D. Island,10,low,1,,,,Bone Husk,1,∞
80,D. Island,10,low,2,,,,Worm,1,∞
15,D. Island,10,low,2,,,,Frog,1,∞
5,D. Island,10,low,2,,,,Stone,1,∞
25,D. Island,10,low,3,,3,5,Aquaglow Jewel,1,
20,D. Island,10,low,3,,3,5,Bealite Ore,1,
15,D. Island,10,low,3,,3,5,Earth Crystal,1,
15,D. Island,10,low,3,,3,5,Mystery Charm,1,
10,D. Island,10,low,3,,3,5,Machalite Ore,1,
10,D. Island,10,low,3,,3,5,Armor Sphere,1,
5,D. Island,10,low,3,,3,5,Sunspire Jewel,1,
85,D. Island,10,low,4,,1,1,Honey,1,
10,D. Island,10,low,4,,1,1,Snakebee Larva,1,
5,D. Island,10,low,4,,1,1,Insect Husk,1,
30,D. Island,10,low,5,30,3,5,Bitterbug,1,
30,D. Island,10,low,5,30,3,5,Flashbug,1,
15,D. Island,10,low,5,30,3,5,Silver Cricket,1,
12,D. Island,10,low,5,30,3,5,Thunderbug,1,
8,D. Island,10,low,5,30,3,5,Mega Fishing Fly,1,
5,D. Island,10,low,5,30,3,5,Carpenterbug,1,
30,D. Island,10,low,6,70,4,6,Godbug,1,
20,D. Island,10,low,6,70,4,6,Silver Cricket,1,
15,D. Island,10,low,6,70,4,6,Stinkhopper,1,
10,D. Island,10,low,6,70,4,6,Mega Fishing Fly,1,
10,D. Island,10,low,6,70,4,6,Bitterbug,1,
10,D. Island,10,low,6,70,4,6,Flashbug,1,
5,D. Island,10,low,6,70,4,6,Carpenterbug,1,
45,D. Island,10,low,7,80,2,4,Bone Husk,1,
35,D. Island,10,low,7,80,2,4,Mystery Bone,1,
10,D. Island,10,low,7,80,2,4,Monster Bone S,1,
10,D. Island,10,low,7,80,2,4,Unknown Skull,1,
30,D. Island,10,low,8,20,2,4,Monster Bone S,1,
30,D. Island,10,low,8,20,2,4,Unknown Skull,1,
20,D. Island,10,low,8,20,2,4,Bone Husk,1,
20,D. Island,10,low,8,20,2,4,Mystery Bone,1,
100,D. Island,10,low,9,,,,Bomb Arowana,1,Burst Bait
100,D. Island,10,low,10,,,,Goldenfish,1,Goldenfish Bait
75,D. Island,10,low,11,,,,Small Goldenfish,1,Mega Fishing Fly
25,D. Island,10,low,11,,,,Goldenfish,1,Mega Fishing Fly
30,D. Island,10,low,12,,,,Bomb Arowana,1,
18,D. Island,10,low,12,,,,Whetfish,1,
18,D. Island,10,low,12,,,,Pin Tuna,1,
18,D. Island,10,low,12,,,,Popfish,1,
8,D. Island,10,low,12,,,,Small Goldenfish,1,
8,D. Island,10,low,12,,,,Goldenfish,1,
85,D. Island,10,high,1,,,,Wyvern Egg,1,∞
15,D. Island,10,high,1,,,,Bone Husk,1,∞
80,D. Island,10,high,2,,,,Worm,1,∞
15,D. Island,10,high,2,,,,Frog,1,∞
5,D. Island,10,high,2,,,,Stone,1,∞
15,D. Island,10,high,3,,3,5,Dragonite Ore,1,
15,D. Island,10,high,3,,3,5,Sunspire Jewel,1,
15,D. Island,10,high,3,,3,5,Bloodrun Jewel,1,
12,D. Island,10,high,3,,3,5,Machalite Ore,1,
10,D. Island,10,high,3,,3,5,Bealite Ore,1,
10,D. Island,10,high,3,,3,5,Fucium Ore,1,
10,D. Island,10,high,3,,3,5,Shining Charm,1,
5,D. Island,10,high,3,,3,5,Carbalite Ore,1,
5,D. Island,10,high,3,,3,5,Adv Armor Sphere,1,
3,D. Island,10,high,3,,3,5,Rustshard,1,
85,D. Island,10,high,4,,1,1,Honey,1,
15,D. Island,10,high,4,,1,1,Snakebee Larva,1,
100,D. Island,10,high,5,,2,3,Burned Husk,1,
20,D. Island,10,high,6,30,3,5,Thunderbug,1,
20,D. Island,10,high,6,30,3,5,Rare Scarab,1,
15,D. Island,10,high,6,30,3,5,Bitterbug,1,
15,D. Island,10,high,6,30,3,5,Flashbug,1,
10,D. Island,10,high,6,30,3,5,Carpenterbug,1,
10,D. Island,10,high,6,30,3,5,Silver Cricket,1,
5,D. Island,10,high,6,30,3,5,Hercudrome,1,
5,D. Island,10,high,6,30,3,5,King Scarab,1,
25,D. Island,10,high,7,70,4,6,Godbug,1,
15,D. Island,10,high,7,70,4,6,Stinkhopper,1,
10,D. Island,10,high,7,70,4,6,Bitterbug,1,
10,D. Island,10,high,7,70,4,6,Flashbug,1,
10,D. Island,10,high,7,70,4,6,Hercudrome,1,
10,D. Island,10,high,7,70,4,6,King Scarab,1,
10,D. Island,10,high,7,70,4,6,Gold Cricket,1,
5,D. Island,10,high,7,70,4,6,Carpenterbug,1,
5,D. Island,10,high,7,70,4,6,Rare Scarab,1,
45,D. Island,10,high,8,80,2,4,Bone Husk,1,
35,D. Island,10,high,8,80,2,4,Mystery Bone,1,
10,D. Island,10,high,8,80,2,4,Monster Bone S,1,
10,D. Island,10,high,8,80,2,4,Unknown Skull,1,
30,D. Island,10,high,9,20,2,4,Monster Bone S,1,
30,D. Island,10,high,9,20,2,4,Unknown Skull,1,
20,D. Island,10,high,9,20,2,4,Bone Husk,1,
20,D. Island,10,high,9,20,2,4,Mystery Bone,1,
100,D. Island,10,high,10,,,,Bomb Arowana,1,Burst Bait
100,D. Island,10,high,11,,,,Goldenfish,1,Goldenfish Bait
60,D. Island,10,high,12,,,,Small Goldenfish,1,Mega Fishing Fly
25,D. Island,10,high,12,,,,Goldenfish,1,Mega Fishing Fly
15,D. Island,10,high,12,,,,Silverfish,1,Mega Fishing Fly
25,D. Island,10,high,13,,,,Bomb Arowana,1,
15,D. Island,10,high,13,,,,Whetfish,1,
15,D. Island,10,high,13,,,,Pin Tuna,1,
15,D. Island,10,high,13,,,,Popfish,1,
15,D. Island,10,high,13,,,,Ancient Fish,1,
5,D. Island,10,high,13,,,,Small Goldenfish,1,
5,D. Island,10,high,13,,,,Goldenfish,1,
5,D. Island,10,high,13,,,,Silverfish,1,
85,D. Island,10,g,1,,,,Wyvern Egg,1,∞
15,D. Island,10,g,1,,,,Bone Husk,1,∞
80,D. Island,10,g,2,,,,Worm,1,∞
15,D. Island,10,g,2,,,,Frog,1,∞
5,D. Island,10,g,2,,,,Stone,1,∞
15,D. Island,10,g,3,,3,5,Meldspar Ore,1,
15,D. Island,10,g,3,,3,5,Lazurite Jewel,1,
15,D. Island,10,g,3,,3,5,Adamant Orb,1,
12,D. Island,10,g,3,,3,5,Eltalite Ore,1,
10,D. Island,10,g,3,,3,5,Bealite Ore,2,
10,D. Island,10,g,3,,3,5,Fucium Ore,1,
10,D. Island,10,g,3,,3,5,Timeworn Charm,1,
5,D. Island,10,g,3,,3,5,Carbalite Ore,1,
5,D. Island,10,g,3,,3,5,Heavy Armor Sphere,1,
3,D. Island,10,g,3,,3,5,Ancient Shard,1,
85,D. Island,10,g,4,,1,1,Honey,1,
15,D. Island,10,g,4,,1,1,Snakebee Larva,1,
0,D. Island,10,g,4,,1,1,Insect Husk,1,
100,D. Island,10,g,5,,2,3,Burned Husk,1,
20,D. Island,10,g,6,30,3,5,Rare Scarab,1,
20,D. Island,10,g,6,30,3,5,Flutterfly,1,
15,D. Island,10,g,6,30,3,5,King Scarab,1,
15,D. Island,10,g,6,30,3,5,Emperor Hopper,1,
10,D. Island,10,g,6,30,3,5,Carpenterbug,2,
10,D. Island,10,g,6,30,3,5,Silver Cricket,1,
5,D. Island,10,g,6,30,3,5,Stinkhopper,2,
5,D. Island,10,g,6,30,3,5,Hercudrome,2,
25,D. Island,10,g,7,70,4,6,Emperor Hopper,1,
25,D. Island,10,g,7,70,4,6,Flutterfly,1,
20,D. Island,10,g,7,70,4,6,Rare Scarab,1,
15,D. Island,10,g,7,70,4,6,King Scarab,1,
15,D. Island,10,g,7,70,4,6,Gold Cricket,1,
25,D. Island,10,g,8,80,2,4,Bone Husk,1,
20,D. Island,10,g,8,80,2,4,Mystery Bone,1,
15,D. Island,10,g,8,80,2,4,Monster Bone S,1,
15,D. Island,10,g,8,80,2,4,Huge Unknown Skull,1,
15,D. Island,10,g,8,80,2,4,Dragonbone Relic,1,
10,D. Island,10,g,8,80,2,4,Unknown Skull,1,
30,D. Island,10,g,9,20,2,4,Monster Bone M,1,
30,D. Island,10,g,9,20,2,4,Huge Unknown Skull,1,
20,D. Island,10,g,9,20,2,4,Bone Husk,1,
20,D. Island,10,g,9,20,2,4,Dragonbone Relic,1,
100,D. Island,10,g,10,,,,Bomb Arowana,1,Burst Bait
100,D. Island,10,g,11,,,,Goldenfish,1,Goldenfish Bait
60,D. Island,10,g,12,,,,Small Goldenfish,1,Mega Fishing Fly
25,D. Island,10,g,12,,,,Goldenfish,1,Mega Fishing Fly
15,D. Island,10,g,12,,,,Silverfish,1,Mega Fishing Fly
25,D. Island,10,g,13,,,,Bomb Arowana,1,
15,D. Island,10,g,13,,,,Whetfish,1,
15,D. Island,10,g,13,,,,Pin Tuna,1,
15,D. Island,10,g,13,,,,Popfish,1,
15,D. Island,10,g,13,,,,Ancient Fish,1,
5,D. Island,10,g,13,,,,Small Goldenfish,1,
5,D. Island,10,g,13,,,,Goldenfish,1,
5,D. Island,10,g,13,,,,Silverfish,1,
50,Marshlands,1,low,1,,4,6,Small Barrel,1,
30,Marshlands,1,low,1,,4,6,Large Barrel,1,
20,Marshlands,1,low,1,,4,6,Felvine,1,
47,Marshlands,1,low,2,,4,6,Old Pickaxe,1,
20,Marshlands,1,low,2,,4,6,Throwing Knife,1,
18,Marshlands,1,low,2,,4,6,Gunpowder,1,
10,Marshlands,1,low,2,,4,6,Barrel Lid,1,
5,Marshlands,1,low,2,,4,6,Unknown Skull,1,
70,Marshlands,1,low,3,,4,6,Spider Web,1,
20,Marshlands,1,low,3,,4,6,Insect Husk,1,
10,Marshlands,1,low,3,,4,6,Stone,1,
35,Marshlands,1,low,4,,4,6,Bitterbug,1,
25,Marshlands,1,low,4,,4,6,Carpenterbug,1,
15,Marshlands,1,low,4,,4,6,Shiny Beetle,1,
15,Marshlands,1,low,4,,4,6,Royal Rhino,1,
10,Marshlands,1,low,4,,4,6,Flashbug,1,
40,Marshlands,1,low,5,,3,5,Huskberry,2,
35,Marshlands,1,low,5,,3,5,Bomberry,2,
25,Marshlands,1,low,5,,3,5,Lagniapple,1,
20,Marshlands,1,low,6,,1,1,Blue Mushroom,1,
20,Marshlands,1,low,6,,1,1,Toadstool,1,
20,Marshlands,1,low,6,,1,1,Unique Mushroom,1,
15,Marshlands,1,low,6,,1,1,Blue Mushroom,2,
15,Marshlands,1,low,6,,1,1,Unique Mushroom,2,
10,Marshlands,1,low,6,,1,1,Exciteshroom,1,
35,Marshlands,1,low,7,70,3,5,Flashbug,1,
35,Marshlands,1,low,7,70,3,5,Carpenterbug,1,
20,Marshlands,1,low,7,70,3,5,Thunderbug,1,
10,Marshlands,1,low,7,70,3,5,Royal Rhino,1,
40,Marshlands,1,low,8,30,3,5,Godbug,1,
25,Marshlands,1,low,8,30,3,5,Royal Rhino,1,
15,Marshlands,1,low,8,30,3,5,Thunderbug,1,
15,Marshlands,1,low,8,30,3,5,Carpenterbug,1,
5,Marshlands,1,low,8,30,3,5,Flashbug,1,
35,Marshlands,1,low,9,70,3,5,Bitterbug,1,
30,Marshlands,1,low,9,70,3,5,Shiny Beetle,1,
25,Marshlands,1,low,9,70,3,5,Flashbug,1,
10,Marshlands,1,low,9,70,3,5,Royal Rhino,1,
30,Marshlands,1,low,10,30,3,5,Royal Rhino,1,
25,Marshlands,1,low,10,30,3,5,Shiny Beetle,1,
20,Marshlands,1,low,10,30,3,5,Godbug,1,
15,Marshlands,1,low,10,30,3,5,Thunderbug,1,
10,Marshlands,1,low,10,30,3,5,Bitterbug,1,
45,Marshlands,1,high,1,,4,6,Small Barrel,1,
30,Marshlands,1,high,1,,4,6,Large Barrel,1,
15,Marshlands,1,high,1,,4,6,Felvine,1,
10,Marshlands,1,high,1,,4,6,Felyne Fur Ruby,1,
27,Marshlands,1,high,2,,4,6,Old Pickaxe,1,
20,Marshlands,1,high,2,,4,6,Throwing Knife,1,
20,Marshlands,1,high,2,,4,6,Barrel Lid,1,
18,Marshlands,1,high,2,,4,6,Gunpowder,1,
15,Marshlands,1,high,2,,4,6,Felyne Fur Ruby,1,
70,Marshlands,1,high,3,,4,6,Spider Web,1,
20,Marshlands,1,high,3,,4,6,Insect Husk,1,
10,Marshlands,1,high,3,,4,6,Stone,1,
25,Marshlands,1,high,4,,4,6,Hercudrome,1,
15,Marshlands,1,high,4,,4,6,Bitterbug,1,
15,Marshlands,1,high,4,,4,6,Shiny Beetle,1,
15,Marshlands,1,high,4,,4,6,Rare Scarab,1,
15,Marshlands,1,high,4,,4,6,Royal Rhino,1,
10,Marshlands,1,high,4,,4,6,Flashbug,1,
5,Marshlands,1,high,4,,4,6,Divine Rhino,1,
50,Marshlands,1,high,5,,3,5,Lagniapple,1,
25,Marshlands,1,high,5,,3,5,Big Lagniapple,1,
13,Marshlands,1,high,5,,3,5,Huskberry,2,
12,Marshlands,1,high,5,,3,5,Bomberry,2,
20,Marshlands,1,high,6,,1,1,Blue Mushroom,1,
20,Marshlands,1,high,6,,1,1,Toadstool,1,
20,Marshlands,1,high,6,,1,1,Unique Mushroom,2,
15,Marshlands,1,high,6,,1,1,Blue Mushroom,2,
15,Marshlands,1,high,6,,1,1,Choice Mushroom,1,
10,Marshlands,1,high,6,,1,1,Exciteshroom,1,
100,Marshlands,1,high,7,,2,3,Burned Husk,1,
35,Marshlands,1,high,8,70,3,5,Flashbug,1,
35,Marshlands,1,high,8,70,3,5,Hercudrome,1,
20,Marshlands,1,high,8,70,3,5,Thunderbug,1,
10,Marshlands,1,high,8,70,3,5,Royal Rhino,1,
40,Marshlands,1,high,9,30,3,5,Godbug,1,
20,Marshlands,1,high,9,30,3,5,Royal Rhino,1,
15,Marshlands,1,high,9,30,3,5,Thunderbug,1,
15,Marshlands,1,high,9,30,3,5,Hercudrome,1,
5,Marshlands,1,high,9,30,3,5,Flashbug,1,
5,Marshlands,1,high,9,30,3,5,Divine Rhino,1,
35,Marshlands,1,high,10,70,3,5,Bitterbug,1,
30,Marshlands,1,high,10,70,3,5,Shiny Beetle,1,
25,Marshlands,1,high,10,70,3,5,Flashbug,1,
10,Marshlands,1,high,10,70,3,5,Royal Rhino,1,
25,Marshlands,1,high,11,30,3,5,Shiny Beetle,1,
25,Marshlands,1,high,11,30,3,5,Royal Rhino,1,
20,Marshlands,1,high,11,30,3,5,Godbug,1,
15,Marshlands,1,high,11,30,3,5,Thunderbug,1,
10,Marshlands,1,high,11,30,3,5,Bitterbug,1,
5,Marshlands,1,high,11,30,3,5,Divine Rhino,1,
45,Marshlands,1,g,1,,4,6,Small Barrel,1,
30,Marshlands,1,g,1,,4,6,Large Barrel,1,
15,Marshlands,1,g,1,,4,6,Felvine,1,
10,Marshlands,1,g,1,,4,6,Felyne Fur Ruby,1,
27,Marshlands,1,g,2,,4,6,Old Pickaxe,1,
20,Marshlands,1,g,2,,4,6,Throwing Knife,1,
20,Marshlands,1,g,2,,4,6,Barrel Lid,1,
18,Marshlands,1,g,2,,4,6,Gunpowder,1,
15,Marshlands,1,g,2,,4,6,Felyne Fur Ruby,1,
70,Marshlands,1,g,3,,4,6,Spider Web,1,
20,Marshlands,1,g,3,,4,6,Insect Husk,1,
10,Marshlands,1,g,3,,4,6,Stone,1,
25,Marshlands,1,g,4,,4,6,Rare Scarab,1,
20,Marshlands,1,g,4,,4,6,Flutterfly,1,
15,Marshlands,1,g,4,,4,6,Shiny Beetle,2,
15,Marshlands,1,g,4,,4,6,Hercudrome,2,
15,Marshlands,1,g,4,,4,6,Divine Rhino,1,
5,Marshlands,1,g,4,,4,6,Bitterbug,2,
5,Marshlands,1,g,4,,4,6,Royal Rhino,1,
50,Marshlands,1,g,5,,3,5,Big Lagniapple,1,
25,Marshlands,1,g,5,,3,5,Huge Lagniapple,1,
13,Marshlands,1,g,5,,3,5,Huskberry,2,
12,Marshlands,1,g,5,,3,5,Bomberry,2,
20,Marshlands,1,g,6,,1,1,Blue Mushroom,1,
20,Marshlands,1,g,6,,1,1,Toadstool,1,
20,Marshlands,1,g,6,,1,1,Unique Mushroom,2,
15,Marshlands,1,g,6,,1,1,Blue Mushroom,2,
15,Marshlands,1,g,6,,1,1,Choice Mushroom,1,
10,Marshlands,1,g,6,,1,1,Exciteshroom,1,
100,Marshlands,1,g,7,,2,3,Burned Husk,1,
30,Marshlands,1,g,8,70,3,5,Rare Scarab,1,
20,Marshlands,1,g,8,70,3,5,Thunderbug,2,
20,Marshlands,1,g,8,70,3,5,King Scarab,1,
20,Marshlands,1,g,8,70,3,5,Royal Rhino,1,
10,Marshlands,1,g,8,70,3,5,Emperor Hopper,1,
30,Marshlands,1,g,9,30,3,5,Emperor Hopper,1,
25,Marshlands,1,g,9,30,3,5,King Scarab,1,
25,Marshlands,1,g,9,30,3,5,Rare Scarab,1,
20,Marshlands,1,g,9,30,3,5,Divine Rhino,1,
30,Marshlands,1,g,10,70,3,5,Shiny Beetle,2,
30,Marshlands,1,g,10,70,3,5,Rare Scarab,1,
15,Marshlands,1,g,10,70,3,5,Bitterbug,2,
15,Marshlands,1,g,10,70,3,5,Royal Rhino,1,
10,Marshlands,1,g,10,70,3,5,Flutterfly,1,
35,Marshlands,1,g,11,30,3,5,Rare Scarab,1,
35,Marshlands,1,g,11,30,3,5,Flutterfly,1,
30,Marshlands,1,g,11,30,3,5,Divine Rhino,1,
70,Marshlands,2,low,1,,4,6,Spider Web,1,
20,Marshlands,2,low,1,,4,6,Insect Husk,1,
10,Marshlands,2,low,1,,4,6,Stone,1,
40,Marshlands,2,low,2,,3,5,Herb,1,
20,Marshlands,2,low,2,,3,5,Antidote Herb,1,
20,Marshlands,2,low,2,,3,5,Sleep Herb,1,
20,Marshlands,2,low,2,,3,5,Felvine,1,
20,Marshlands,2,low,3,,1,1,Blue Mushroom,1,
20,Marshlands,2,low,3,,1,1,Toadstool,1,
20,Marshlands,2,low,3,,1,1,Unique Mushroom,1,
15,Marshlands,2,low,3,,1,1,Blue Mushroom,2,
15,Marshlands,2,low,3,,1,1,Unique Mushroom,2,
10,Marshlands,2,low,3,,1,1,Exciteshroom,1,
30,Marshlands,2,low,4,80,3,5,Antidote Herb,1,
30,Marshlands,2,low,4,80,3,5,Hot Pepper,1,
25,Marshlands,2,low,4,80,3,5,Herb,1,
15,Marshlands,2,low,4,80,3,5,Sleep Herb,1,
25,Marshlands,2,low,5,20,3,5,Antidote Herb,1,
25,Marshlands,2,low,5,20,3,5,Sleep Herb,1,
25,Marshlands,2,low,5,20,3,5,Gloamgrass Root,1,
25,Marshlands,2,low,5,20,3,5,Hot Pepper,1,
20,Marshlands,2,low,6,80,3,5,Blue Mushroom,1,
20,Marshlands,2,low,6,80,3,5,Unique Mushroom,2,
15,Marshlands,2,low,6,80,3,5,Nitroshroom,1,
15,Marshlands,2,low,6,80,3,5,Parashroom,1,
15,Marshlands,2,low,6,80,3,5,Toadstool,1,
15,Marshlands,2,low,6,80,3,5,Unique Mushroom,1,
20,Marshlands,2,low,7,20,4,6,Nitroshroom,1,
20,Marshlands,2,low,7,20,4,6,Parashroom,1,
20,Marshlands,2,low,7,20,4,6,Toadstool,1,
20,Marshlands,2,low,7,20,4,6,Exciteshroom,1,
15,Marshlands,2,low,7,20,4,6,Unique Mushroom,2,
5,Marshlands,2,low,7,20,4,6,Unique Mushroom,1,
35,Marshlands,2,low,8,70,3,5,Flashbug,1,
35,Marshlands,2,low,8,70,3,5,Carpenterbug,1,
20,Marshlands,2,low,8,70,3,5,Thunderbug,1,
10,Marshlands,2,low,8,70,3,5,Royal Rhino,1,
40,Marshlands,2,low,9,30,4,6,Godbug,1,
25,Marshlands,2,low,9,30,4,6,Royal Rhino,1,
15,Marshlands,2,low,9,30,4,6,Thunderbug,1,
15,Marshlands,2,low,9,30,4,6,Carpenterbug,1,
5,Marshlands,2,low,9,30,4,6,Flashbug,1,
70,Marshlands,2,high,1,,4,6,Spider Web,1,
20,Marshlands,2,high,1,,4,6,Insect Husk,1,
10,Marshlands,2,high,1,,4,6,Stone,1,
40,Marshlands,2,high,2,,3,5,Herb,1,
20,Marshlands,2,high,2,,3,5,Antidote Herb,1,
20,Marshlands,2,high,2,,3,5,Sleep Herb,1,
20,Marshlands,2,high,2,,3,5,Felvine,1,
20,Marshlands,2,high,3,,1,1,Blue Mushroom,1,
20,Marshlands,2,high,3,,1,1,Toadstool,1,
20,Marshlands,2,high,3,,1,1,Unique Mushroom,2,
15,Marshlands,2,high,3,,1,1,Blue Mushroom,2,
15,Marshlands,2,high,3,,1,1,Choice Mushroom,1,
10,Marshlands,2,high,3,,1,1,Exciteshroom,1,
100,Marshlands,2,high,4,,2,3,Burned Husk,1,
25,Marshlands,2,high,5,80,3,5,Antidote Herb,1,
25,Marshlands,2,high,5,80,3,5,Hot Pepper,1,
20,Marshlands,2,high,5,80,3,5,Herb,1,
20,Marshlands,2,high,5,80,3,5,Gloamgrass Root,1,
10,Marshlands,2,high,5,80,3,5,Sleep Herb,1,
25,Marshlands,2,high,6,20,3,5,Antidote Herb,1,
25,Marshlands,2,high,6,20,3,5,Sleep Herb,1,
25,Marshlands,2,high,6,20,3,5,Gloamgrass Root,1,
25,Marshlands,2,high,6,20,3,5,Hot Pepper,1,
25,Marshlands,2,high,7,80,3,5,Blue Mushroom,1,
20,Marshlands,2,high,7,80,3,5,Nitroshroom,1,
20,Marshlands,2,high,7,80,3,5,Parashroom,1,
20,Marshlands,2,high,7,80,3,5,Toadstool,1,
10,Marshlands,2,high,7,80,3,5,Unique Mushroom,2,
5,Marshlands,2,high,7,80,3,5,Choice Mushroom,1,
20,Marshlands,2,high,8,20,4,6,Nitroshroom,1,
20,Marshlands,2,high,8,20,4,6,Parashroom,1,
20,Marshlands,2,high,8,20,4,6,Toadstool,1,
20,Marshlands,2,high,8,20,4,6,Exciteshroom,1,
10,Marshlands,2,high,8,20,4,6,Unique Mushroom,2,
10,Marshlands,2,high,8,20,4,6,Choice Mushroom,1,
35,Marshlands,2,high,9,70,3,5,Flashbug,1,
35,Marshlands,2,high,9,70,3,5,Hercudrome,1,
20,Marshlands,2,high,9,70,3,5,Thunderbug,1,
10,Marshlands,2,high,9,70,3,5,Royal Rhino,1,
40,Marshlands,2,high,10,30,4,6,Godbug,1,
20,Marshlands,2,high,10,30,4,6,Royal Rhino,1,
15,Marshlands,2,high,10,30,4,6,Thunderbug,1,
15,Marshlands,2,high,10,30,4,6,Hercudrome,1,
5,Marshlands,2,high,10,30,4,6,Flashbug,1,
5,Marshlands,2,high,10,30,4,6,Divine Rhino,1,
70,Marshlands,2,g,1,,4,6,Spider Web,1,
20,Marshlands,2,g,1,,4,6,Insect Husk,1,
10,Marshlands,2,g,1,,4,6,Stone,1,
40,Marshlands,2,g,2,,3,5,Herb,1,
20,Marshlands,2,g,2,,3,5,Antidote Herb,1,
20,Marshlands,2,g,2,,3,5,Sleep Herb,1,
20,Marshlands,2,g,2,,3,5,Felvine,1,
20,Marshlands,2,g,3,,1,1,Blue Mushroom,1,
20,Marshlands,2,g,3,,1,1,Toadstool,1,
20,Marshlands,2,g,3,,1,1,Unique Mushroom,2,
15,Marshlands,2,g,3,,1,1,Blue Mushroom,2,
15,Marshlands,2,g,3,,1,1,Choice Mushroom,1,
10,Marshlands,2,g,3,,1,1,Exciteshroom,1,
100,Marshlands,2,g,4,,2,3,Burned Husk,1,
25,Marshlands,2,g,5,80,3,5,Antidote Herb,1,
25,Marshlands,2,g,5,80,3,5,Hot Pepper,1,
20,Marshlands,2,g,5,80,3,5,Herb,1,
20,Marshlands,2,g,5,80,3,5,Gloamgrass Root,1,
10,Marshlands,2,g,5,80,3,5,Sleep Herb,1,
25,Marshlands,2,g,6,20,3,5,Antidote Herb,1,
25,Marshlands,2,g,6,20,3,5,Sleep Herb,1,
25,Marshlands,2,g,6,20,3,5,Gloamgrass Root,1,
25,Marshlands,2,g,6,20,3,5,Hot Pepper,1,
25,Marshlands,2,g,7,80,3,5,Blue Mushroom,1,
20,Marshlands,2,g,7,80,3,5,Nitroshroom,1,
20,Marshlands,2,g,7,80,3,5,Parashroom,1,
20,Marshlands,2,g,7,80,3,5,Toadstool,1,
10,Marshlands,2,g,7,80,3,5,Unique Mushroom,2,
5,Marshlands,2,g,7,80,3,5,Choice Mushroom,1,
20,Marshlands,2,g,8,20,4,6,Nitroshroom,1,
20,Marshlands,2,g,8,20,4,6,Parashroom,1,
20,Marshlands,2,g,8,20,4,6,Toadstool,1,
20,Marshlands,2,g,8,20,4,6,Exciteshroom,1,
10,Marshlands,2,g,8,20,4,6,Unique Mushroom,2,
10,Marshlands,2,g,8,20,4,6,Choice Mushroom,1,
30,Marshlands,2,g,9,70,3,5,Rare Scarab,1,
20,Marshlands,2,g,9,70,3,5,Thunderbug,2,
20,Marshlands,2,g,9,70,3,5,King Scarab,1,
20,Marshlands,2,g,9,70,3,5,Royal Rhino,1,
10,Marshlands,2,g,9,70,3,5,Emperor Hopper,1,
30,Marshlands,2,g,10,30,4,6,Emperor Hopper,1,
25,Marshlands,2,g,10,30,4,6,King Scarab,1,
25,Marshlands,2,g,10,30,4,6,Rare Scarab,1,
20,Marshlands,2,g,10,30,4,6,Divine Rhino,1,
25,Marshlands,3,low,1,,4,6,Iron Ore,1,
15,Marshlands,3,low,1,,4,6,Earth Crystal,1,
15,Marshlands,3,low,1,,4,6,Machalite Ore,1,
15,Marshlands,3,low,1,,4,6,Disc Stone,1,
15,Marshlands,3,low,1,,4,6,Aquaglow Jewel,1,
15,Marshlands,3,low,1,,4,6,Auristone Piece,1,
30,Marshlands,3,low,2,80,3,5,Antidote Herb,1,
30,Marshlands,3,low,2,80,3,5,Hot Pepper,1,
25,Marshlands,3,low,2,80,3,5,Herb,1,
15,Marshlands,3,low,2,80,3,5,Sleep Herb,1,
25,Marshlands,3,low,3,20,4,6,Antidote Herb,1,
25,Marshlands,3,low,3,20,4,6,Sleep Herb,1,
25,Marshlands,3,low,3,20,4,6,Gloamgrass Root,1,
25,Marshlands,3,low,3,20,4,6,Hot Pepper,1,
30,Marshlands,3,low,4,,3,5,Herb,1,
20,Marshlands,3,low,4,,3,5,Antidote Herb,1,
20,Marshlands,3,low,4,,3,5,Sleep Herb,1,
20,Marshlands,3,low,4,,3,5,Felvine,1,
10,Marshlands,3,low,4,,3,5,Hot Pepper,1,
25,Marshlands,3,low,5,80,4,6,Iron Ore,1,
25,Marshlands,3,low,5,80,4,6,Earth Crystal,1,
25,Marshlands,3,low,5,80,4,6,Ice Crystal,1,
15,Marshlands,3,low,5,80,4,6,Auristone Piece,1,
5,Marshlands,3,low,5,80,4,6,Whetstone,1,
5,Marshlands,3,low,5,80,4,6,Machalite Ore,1,
35,Marshlands,3,low,6,20,4,6,Earth Crystal,1,
35,Marshlands,3,low,6,20,4,6,Ice Crystal,1,
20,Marshlands,3,low,6,20,4,6,Machalite Ore,1,
10,Marshlands,3,low,6,20,4,6,Lightcrystal,1,
100,Marshlands,3,low,7,,,,Sushifish,1,Sushifish Bait
100,Marshlands,3,low,8,,,,Goldenfish,1,Goldenfish Bait
75,Marshlands,3,low,9,,,,Small Goldenfish,1,Mega Fishing Fly
25,Marshlands,3,low,9,,,,Goldenfish,1,Mega Fishing Fly
34,Marshlands,3,low,10,,,,Bomb Arowana,1,Burst Bait
33,Marshlands,3,low,10,,,,Scatterfish,1,Burst Bait
33,Marshlands,3,low,10,,,,Burst Arowana,1,Burst Bait
25,Marshlands,3,low,11,,,,Pin Tuna,1,
10,Marshlands,3,low,11,,,,Sleepyfish,1,
10,Marshlands,3,low,11,,,,Popfish,1,
10,Marshlands,3,low,11,,,,Scatterfish,1,
10,Marshlands,3,low,11,,,,Burst Arowana,1,
10,Marshlands,3,low,11,,,,Bomb Arowana,1,
10,Marshlands,3,low,11,,,,Small Goldenfish,1,
5,Marshlands,3,low,11,,,,Sushifish,1,
5,Marshlands,3,low,11,,,,Glutton Tuna,1,
5,Marshlands,3,low,11,,,,Goldenfish,1,
15,Marshlands,3,high,1,,4,6,Machalite Ore,1,
12,Marshlands,3,high,1,,4,6,Dragonite Ore,1,
10,Marshlands,3,high,1,,4,6,Iron Ore,1,
10,Marshlands,3,high,1,,4,6,Earth Crystal,1,
10,Marshlands,3,high,1,,4,6,Disc Stone,1,
10,Marshlands,3,high,1,,4,6,Carbalite Ore,1,
10,Marshlands,3,high,1,,4,6,Sunspire Jewel,1,
10,Marshlands,3,high,1,,4,6,Auristone Piece,1,
5,Marshlands,3,high,1,,4,6,Bloodrun Jewel,1,
5,Marshlands,3,high,1,,4,6,Auristone Chunk,1,
3,Marshlands,3,high,1,,4,6,Rustshard,1,
25,Marshlands,3,high,2,80,3,5,Antidote Herb,1,
25,Marshlands,3,high,2,80,3,5,Hot Pepper,1,
20,Marshlands,3,high,2,80,3,5,Herb,1,
20,Marshlands,3,high,2,80,3,5,Gloamgrass Root,1,
10,Marshlands,3,high,2,80,3,5,Sleep Herb,1,
25,Marshlands,3,high,3,20,4,6,Antidote Herb,1,
25,Marshlands,3,high,3,20,4,6,Sleep Herb,1,
25,Marshlands,3,high,3,20,4,6,Gloamgrass Root,1,
25,Marshlands,3,high,3,20,4,6,Hot Pepper,1,
30,Marshlands,3,high,4,,3,5,Herb,1,
20,Marshlands,3,high,4,,3,5,Antidote Herb,1,
20,Marshlands,3,high,4,,3,5,Sleep Herb,1,
20,Marshlands,3,high,4,,3,5,Felvine,1,
10,Marshlands,3,high,4,,3,5,Hot Pepper,1,
20,Marshlands,3,high,5,80,4,6,Machalite Ore,1,
15,Marshlands,3,high,5,80,4,6,Earth Crystal,1,
15,Marshlands,3,high,5,80,4,6,Ice Crystal,1,
10,Marshlands,3,high,5,80,4,6,Iron Ore,1,
10,Marshlands,3,high,5,80,4,6,Carbalite Ore,1,
10,Marshlands,3,high,5,80,4,6,Sunspire Jewel,1,
5,Marshlands,3,high,5,80,4,6,Lightcrystal,1,
5,Marshlands,3,high,5,80,4,6,Dragonite Ore,1,
5,Marshlands,3,high,5,80,4,6,Bloodrun Jewel,1,
5,Marshlands,3,high,5,80,4,6,Auristone Piece,1,
20,Marshlands,3,high,6,20,4,6,Carbalite Ore,1,
20,Marshlands,3,high,6,20,4,6,Lazurite Jewel,1,
20,Marshlands,3,high,6,20,4,6,Auristone Chunk,1,
15,Marshlands,3,high,6,20,4,6,Novacrystal,1,
10,Marshlands,3,high,6,20,4,6,Machalite Ore,1,
10,Marshlands,3,high,6,20,4,6,Bloodrun Jewel,1,
5,Marshlands,3,high,6,20,4,6,Dragonite Ore,1,
100,Marshlands,3,high,7,,,,Sushifish,1,Sushifish Bait
100,Marshlands,3,high,8,,,,Goldenfish,1,Goldenfish Bait
60,Marshlands,3,high,9,,,,Small Goldenfish,1,Mega Fishing Fly
25,Marshlands,3,high,9,,,,Goldenfish,1,Mega Fishing Fly
15,Marshlands,3,high,9,,,,Silverfish,1,Mega Fishing Fly
34,Marshlands,3,high,10,,,,Bomb Arowana,1,Burst Bait
33,Marshlands,3,high,10,,,,Scatterfish,1,Burst Bait
33,Marshlands,3,high,10,,,,Burst Arowana,1,Burst Bait
20,Marshlands,3,high,11,,,,Pin Tuna,1,
11,Marshlands,3,high,11,,,,Popfish,1,
11,Marshlands,3,high,11,,,,Scatterfish,1,
11,Marshlands,3,high,11,,,,Burst Arowana,1,
11,Marshlands,3,high,11,,,,Bomb Arowana,1,
10,Marshlands,3,high,11,,,,Small Goldenfish,1,
6,Marshlands,3,high,11,,,,Sleepyfish,1,
6,Marshlands,3,high,11,,,,Ancient Fish,1,
6,Marshlands,3,high,11,,,,Goldenfish,1,
5,Marshlands,3,high,11,,,,Sushifish,1,
3,Marshlands,3,high,11,,,,Silverfish,1,
25,Marshlands,3,g,1,,4,6,Eltalite Ore,1,
15,Marshlands,3,g,1,,4,6,Lightcrystal,2,
15,Marshlands,3,g,1,,4,6,Meldspar Ore,1,
10,Marshlands,3,g,1,,4,6,Disc Stone,2,
10,Marshlands,3,g,1,,4,6,Lazurite Jewel,1,
10,Marshlands,3,g,1,,4,6,Auristone Piece,1,
7,Marshlands,3,g,1,,4,6,Auristone Chunk,1,
5,Marshlands,3,g,1,,4,6,Adamant Orb,1,
3,Marshlands,3,g,1,,4,6,Ancient Shard,1,
25,Marshlands,3,g,2,80,3,5,Antidote Herb,1,
25,Marshlands,3,g,2,80,3,5,Hot Pepper,1,
20,Marshlands,3,g,2,80,3,5,Herb,1,
20,Marshlands,3,g,2,80,3,5,Gloamgrass Root,1,
10,Marshlands,3,g,2,80,3,5,Sleep Herb,1,
25,Marshlands,3,g,3,20,4,6,Antidote Herb,1,
25,Marshlands,3,g,3,20,4,6,Sleep Herb,1,
25,Marshlands,3,g,3,20,4,6,Gloamgrass Root,1,
25,Marshlands,3,g,3,20,4,6,Hot Pepper,1,
30,Marshlands,3,g,4,,3,5,Herb,1,
20,Marshlands,3,g,4,,3,5,Antidote Herb,1,
20,Marshlands,3,g,4,,3,5,Sleep Herb,1,
20,Marshlands,3,g,4,,3,5,Felvine,1,
10,Marshlands,3,g,4,,3,5,Hot Pepper,1,
25,Marshlands,3,g,5,80,4,6,Eltalite Ore,1,
20,Marshlands,3,g,5,80,4,6,Lightcrystal,1,
15,Marshlands,3,g,5,80,4,6,Ice Crystal,1,
10,Marshlands,3,g,5,80,4,6,Meldspar Ore,1,
10,Marshlands,3,g,5,80,4,6,Novacrystal,1,
10,Marshlands,3,g,5,80,4,6,Lazurite Jewel,1,
5,Marshlands,3,g,5,80,4,6,Adamant Orb,1,
5,Marshlands,3,g,5,80,4,6,Auristone Piece,1,
20,Marshlands,3,g,6,20,4,6,Eltalite Ore,1,
20,Marshlands,3,g,6,20,4,6,Meldspar Ore,1,
20,Marshlands,3,g,6,20,4,6,Sovereign Orb,1,
15,Marshlands,3,g,6,20,4,6,Purecrystal,1,
10,Marshlands,3,g,6,20,4,6,Adamant Orb,1,
10,Marshlands,3,g,6,20,4,6,Auristone Chunk,1,
5,Marshlands,3,g,6,20,4,6,Novacrystal,1,
100,Marshlands,3,g,7,,,,Sushifish,1,Sushifish Bait
100,Marshlands,3,g,8,,,,Goldenfish,1,Goldenfish Bait
60,Marshlands,3,g,9,,,,Small Goldenfish,1,Mega Fishing Fly
25,Marshlands,3,g,9,,,,Goldenfish,1,Mega Fishing Fly
15,Marshlands,3,g,9,,,,Silverfish,1,Mega Fishing Fly
34,Marshlands,3,g,10,,,,Bomb Arowana,1,Burst Bait
33,Marshlands,3,g,10,,,,Scatterfish,1,Burst Bait
33,Marshlands,3,g,10,,,,Burst Arowana,1,Burst Bait
20,Marshlands,3,g,11,,,,Pin Tuna,1,
11,Marshlands,3,g,11,,,,Popfish,1,
11,Marshlands,3,g,11,,,,Scatterfish,1,
11,Marshlands,3,g,11,,,,Burst Arowana,1,
11,Marshlands,3,g,11,,,,Bomb Arowana,1,
10,Marshlands,3,g,11,,,,Small Goldenfish,1,
6,Marshlands,3,g,11,,,,Sleepyfish,1,
6,Marshlands,3,g,11,,,,Ancient Fish,1,
6,Marshlands,3,g,11,,,,Goldenfish,1,
5,Marshlands,3,g,11,,,,Sushifish,1,
3,Marshlands,3,g,11,,,,Silverfish,1,
20,Marshlands,4,low,1,,4,6,Blue Mushroom,1,
20,Marshlands,4,low,1,,4,6,Toadstool,1,
20,Marshlands,4,low,1,,4,6,Unique Mushroom,1,
15,Marshlands,4,low,1,,4,6,Blue Mushroom,2,
15,Marshlands,4,low,1,,4,6,Unique Mushroom,2,
10,Marshlands,4,low,1,,4,6,Exciteshroom,1,
20,Marshlands,4,low,2,,1,1,Blue Mushroom,1,
20,Marshlands,4,low,2,,1,1,Toadstool,1,
20,Marshlands,4,low,2,,1,1,Unique Mushroom,1,
15,Marshlands,4,low,2,,1,1,Blue Mushroom,2,
15,Marshlands,4,low,2,,1,1,Unique Mushroom,2,
10,Marshlands,4,low,2,,1,1,Exciteshroom,1,
30,Marshlands,4,low,3,80,3,5,Antidote Herb,1,
30,Marshlands,4,low,3,80,3,5,Hot Pepper,1,
25,Marshlands,4,low,3,80,3,5,Herb,1,
15,Marshlands,4,low,3,80,3,5,Sleep Herb,1,
25,Marshlands,4,low,4,20,3,5,Antidote Herb,1,
25,Marshlands,4,low,4,20,3,5,Sleep Herb,1,
25,Marshlands,4,low,4,20,3,5,Gloamgrass Root,1,
25,Marshlands,4,low,4,20,3,5,Hot Pepper,1,
20,Marshlands,4,low,5,80,3,5,Blue Mushroom,1,
20,Marshlands,4,low,5,80,3,5,Unique Mushroom,2,
15,Marshlands,4,low,5,80,3,5,Nitroshroom,1,
15,Marshlands,4,low,5,80,3,5,Parashroom,1,
15,Marshlands,4,low,5,80,3,5,Toadstool,1,
15,Marshlands,4,low,5,80,3,5,Unique Mushroom,1,
20,Marshlands,4,low,6,20,4,6,Nitroshroom,1,
20,Marshlands,4,low,6,20,4,6,Parashroom,1,
20,Marshlands,4,low,6,20,4,6,Toadstool,1,
20,Marshlands,4,low,6,20,4,6,Exciteshroom,1,
15,Marshlands,4,low,6,20,4,6,Unique Mushroom,2,
5,Marshlands,4,low,6,20,4,6,Unique Mushroom,1,
20,Marshlands,4,low,7,80,3,5,Blue Mushroom,1,
20,Marshlands,4,low,7,80,3,5,Unique Mushroom,2,
15,Marshlands,4,low,7,80,3,5,Nitroshroom,1,
15,Marshlands,4,low,7,80,3,5,Parashroom,1,
15,Marshlands,4,low,7,80,3,5,Toadstool,1,
15,Marshlands,4,low,7,80,3,5,Unique Mushroom,1,
20,Marshlands,4,low,8,20,3,5,Nitroshroom,1,
20,Marshlands,4,low,8,20,3,5,Parashroom,1,
20,Marshlands,4,low,8,20,3,5,Toadstool,1,
20,Marshlands,4,low,8,20,3,5,Exciteshroom,1,
15,Marshlands,4,low,8,20,3,5,Unique Mushroom,2,
5,Marshlands,4,low,8,20,3,5,Unique Mushroom,1,
20,Marshlands,4,high,1,,4,6,Blue Mushroom,1,
20,Marshlands,4,high,1,,4,6,Toadstool,1,
20,Marshlands,4,high,1,,4,6,Unique Mushroom,2,
15,Marshlands,4,high,1,,4,6,Blue Mushroom,2,
15,Marshlands,4,high,1,,4,6,Choice Mushroom,1,
10,Marshlands,4,high,1,,4,6,Exciteshroom,1,
20,Marshlands,4,high,2,,1,1,Blue Mushroom,1,
20,Marshlands,4,high,2,,1,1,Toadstool,1,
20,Marshlands,4,high,2,,1,1,Unique Mushroom,2,
15,Marshlands,4,high,2,,1,1,Blue Mushroom,2,
15,Marshlands,4,high,2,,1,1,Choice Mushroom,1,
10,Marshlands,4,high,2,,1,1,Exciteshroom,1,
100,Marshlands,4,high,3,,2,3,Burned Husk,1,
25,Marshlands,4,high,4,80,3,5,Antidote Herb,1,
25,Marshlands,4,high,4,80,3,5,Hot Pepper,1,
20,Marshlands,4,high,4,80,3,5,Herb,1,
20,Marshlands,4,high,4,80,3,5,Gloamgrass Root,1,
10,Marshlands,4,high,4,80,3,5,Sleep Herb,1,
25,Marshlands,4,high,5,20,3,5,Antidote Herb,1,
25,Marshlands,4,high,5,20,3,5,Sleep Herb,1,
25,Marshlands,4,high,5,20,3,5,Gloamgrass Root,1,
25,Marshlands,4,high,5,20,3,5,Hot Pepper,1,
25,Marshlands,4,high,6,80,3,5,Blue Mushroom,1,
20,Marshlands,4,high,6,80,3,5,Nitroshroom,1,
20,Marshlands,4,high,6,80,3,5,Parashroom,1,
20,Marshlands,4,high,6,80,3,5,Toadstool,1,
10,Marshlands,4,high,6,80,3,5,Unique Mushroom,2,
5,Marshlands,4,high,6,80,3,5,Choice Mushroom,1,
20,Marshlands,4,high,7,20,4,6,Nitroshroom,1,
20,Marshlands,4,high,7,20,4,6,Parashroom,1,
20,Marshlands,4,high,7,20,4,6,Toadstool,1,
20,Marshlands,4,high,7,20,4,6,Exciteshroom,1,
10,Marshlands,4,high,7,20,4,6,Unique Mushroom,2,
10,Marshlands,4,high,7,20,4,6,Choice Mushroom,1,
25,Marshlands,4,high,8,80,3,5,Blue Mushroom,1,
20,Marshlands,4,high,8,80,3,5,Nitroshroom,1,
20,Marshlands,4,high,8,80,3,5,Parashroom,1,
20,Marshlands,4,high,8,80,3,5,Toadstool,1,
10,Marshlands,4,high,8,80,3,5,Unique Mushroom,2,
5,Marshlands,4,high,8,80,3,5,Choice Mushroom,1,
20,Marshlands,4,high,9,20,3,5,Nitroshroom,1,
20,Marshlands,4,high,9,20,3,5,Parashroom,1,
20,Marshlands,4,high,9,20,3,5,Toadstool,1,
20,Marshlands,4,high,9,20,3,5,Exciteshroom,1,
10,Marshlands,4,high,9,20,3,5,Unique Mushroom,2,
10,Marshlands,4,high,9,20,3,5,Choice Mushroom,1,
20,Marshlands,4,g,1,,4,6,Blue Mushroom,1,
20,Marshlands,4,g,1,,4,6,Toadstool,1,
20,Marshlands,4,g,1,,4,6,Unique Mushroom,2,
15,Marshlands,4,g,1,,4,6,Blue Mushroom,2,
15,Marshlands,4,g,1,,4,6,Choice Mushroom,1,
10,Marshlands,4,g,1,,4,6,Exciteshroom,1,
20,Marshlands,4,g,2,,1,1,Blue Mushroom,1,
20,Marshlands,4,g,2,,1,1,Toadstool,1,
20,Marshlands,4,g,2,,1,1,Unique Mushroom,2,
15,Marshlands,4,g,2,,1,1,Blue Mushroom,2,
15,Marshlands,4,g,2,,1,1,Choice Mushroom,1,
10,Marshlands,4,g,2,,1,1,Exciteshroom,1,
100,Marshlands,4,g,3,,2,3,Burned Husk,1,
25,Marshlands,4,g,4,80,3,5,Antidote Herb,1,
25,Marshlands,4,g,4,80,3,5,Hot Pepper,1,
20,Marshlands,4,g,4,80,3,5,Herb,1,
20,Marshlands,4,g,4,80,3,5,Gloamgrass Root,1,
10,Marshlands,4,g,4,80,3,5,Sleep Herb,1,
25,Marshlands,4,g,5,20,3,5,Antidote Herb,1,
25,Marshlands,4,g,5,20,3,5,Sleep Herb,1,
25,Marshlands,4,g,5,20,3,5,Gloamgrass Root,1,
25,Marshlands,4,g,5,20,3,5,Hot Pepper,1,
25,Marshlands,4,g,6,80,3,5,Blue Mushroom,1,
20,Marshlands,4,g,6,80,3,5,Nitroshroom,1,
20,Marshlands,4,g,6,80,3,5,Parashroom,1,
20,Marshlands,4,g,6,80,3,5,Toadstool,1,
10,Marshlands,4,g,6,80,3,5,Unique Mushroom,2,
5,Marshlands,4,g,6,80,3,5,Choice Mushroom,1,
20,Marshlands,4,g,7,20,4,6,Nitroshroom,1,
20,Marshlands,4,g,7,20,4,6,Parashroom,1,
20,Marshlands,4,g,7,20,4,6,Toadstool,1,
20,Marshlands,4,g,7,20,4,6,Exciteshroom,1,
10,Marshlands,4,g,7,20,4,6,Unique Mushroom,2,
10,Marshlands,4,g,7,20,4,6,Choice Mushroom,1,
25,Marshlands,4,g,8,80,3,5,Blue Mushroom,1,
20,Marshlands,4,g,8,80,3,5,Nitroshroom,1,
20,Marshlands,4,g,8,80,3,5,Parashroom,1,
20,Marshlands,4,g,8,80,3,5,Toadstool,1,
10,Marshlands,4,g,8,80,3,5,Unique Mushroom,2,
5,Marshlands,4,g,8,80,3,5,Choice Mushroom,1,
20,Marshlands,4,g,9,20,3,5,Nitroshroom,1,
20,Marshlands,4,g,9,20,3,5,Parashroom,1,
20,Marshlands,4,g,9,20,3,5,Toadstool,1,
20,Marshlands,4,g,9,20,3,5,Exciteshroom,1,
10,Marshlands,4,g,9,20,3,5,Unique Mushroom,2,
10,Marshlands,4,g,9,20,3,5,Choice Mushroom,1,
40,Marshlands,5,low,1,,3,5,Hot Pepper,1,
20,Marshlands,5,low,1,,3,5,Antidote Herb,1,
20,Marshlands,5,low,1,,3,5,Sleep Herb,1,
20,Marshlands,5,low,1,,3,5,Gloamgrass Root,1,
30,Marshlands,5,low,2,,4,6,Nitroshroom,1,
30,Marshlands,5,low,2,,4,6,Parashroom,1,
20,Marshlands,5,low,2,,4,6,Unique Mushroom,2,
10,Marshlands,5,low,2,,4,6,Exciteshroom,1,
10,Marshlands,5,low,2,,4,6,Unique Mushroom,1,
20,Marshlands,5,low,3,,1,1,Blue Mushroom,1,
20,Marshlands,5,low,3,,1,1,Toadstool,1,
20,Marshlands,5,low,3,,1,1,Unique Mushroom,1,
15,Marshlands,5,low,3,,1,1,Blue Mushroom,2,
15,Marshlands,5,low,3,,1,1,Unique Mushroom,2,
10,Marshlands,5,low,3,,1,1,Exciteshroom,1,
20,Marshlands,5,low,4,80,3,5,Blue Mushroom,1,
20,Marshlands,5,low,4,80,3,5,Unique Mushroom,2,
15,Marshlands,5,low,4,80,3,5,Nitroshroom,1,
15,Marshlands,5,low,4,80,3,5,Parashroom,1,
15,Marshlands,5,low,4,80,3,5,Toadstool,1,
15,Marshlands,5,low,4,80,3,5,Unique Mushroom,1,
20,Marshlands,5,low,5,20,4,6,Nitroshroom,1,
20,Marshlands,5,low,5,20,4,6,Parashroom,1,
20,Marshlands,5,low,5,20,4,6,Toadstool,1,
20,Marshlands,5,low,5,20,4,6,Exciteshroom,1,
15,Marshlands,5,low,5,20,4,6,Unique Mushroom,2,
5,Marshlands,5,low,5,20,4,6,Unique Mushroom,1,
20,Marshlands,5,low,6,80,3,5,Blue Mushroom,1,
20,Marshlands,5,low,6,80,3,5,Unique Mushroom,2,
15,Marshlands,5,low,6,80,3,5,Nitroshroom,1,
15,Marshlands,5,low,6,80,3,5,Parashroom,1,
15,Marshlands,5,low,6,80,3,5,Toadstool,1,
15,Marshlands,5,low,6,80,3,5,Unique Mushroom,1,
20,Marshlands,5,low,7,20,3,5,Nitroshroom,1,
20,Marshlands,5,low,7,20,3,5,Parashroom,1,
20,Marshlands,5,low,7,20,3,5,Toadstool,1,
20,Marshlands,5,low,7,20,3,5,Exciteshroom,1,
15,Marshlands,5,low,7,20,3,5,Unique Mushroom,2,
5,Marshlands,5,low,7,20,3,5,Unique Mushroom,1,
35,Marshlands,5,high,1,,3,5,Hot Pepper,1,
25,Marshlands,5,high,1,,3,5,Gloamgrass Root,1,
20,Marshlands,5,high,1,,3,5,Antidote Herb,1,
20,Marshlands,5,high,1,,3,5,Sleep Herb,1,
30,Marshlands,5,high,2,,4,6,Nitroshroom,1,
30,Marshlands,5,high,2,,4,6,Parashroom,1,
20,Marshlands,5,high,2,,4,6,Unique Mushroom,1,
10,Marshlands,5,high,2,,4,6,Exciteshroom,1,
10,Marshlands,5,high,2,,4,6,Choice Mushroom,1,
20,Marshlands,5,high,3,,1,1,Blue Mushroom,1,
20,Marshlands,5,high,3,,1,1,Toadstool,1,
20,Marshlands,5,high,3,,1,1,Unique Mushroom,2,
15,Marshlands,5,high,3,,1,1,Blue Mushroom,2,
15,Marshlands,5,high,3,,1,1,Choice Mushroom,1,
10,Marshlands,5,high,3,,1,1,Exciteshroom,1,
100,Marshlands,5,high,4,,2,3,Burned Husk,1,
25,Marshlands,5,high,5,80,3,5,Blue Mushroom,1,
20,Marshlands,5,high,5,80,3,5,Nitroshroom,1,
20,Marshlands,5,high,5,80,3,5,Parashroom,1,
20,Marshlands,5,high,5,80,3,5,Toadstool,1,
10,Marshlands,5,high,5,80,3,5,Unique Mushroom,2,
5,Marshlands,5,high,5,80,3,5,Choice Mushroom,1,
20,Marshlands,5,high,6,20,4,6,Nitroshroom,1,
20,Marshlands,5,high,6,20,4,6,Parashroom,1,
20,Marshlands,5,high,6,20,4,6,Toadstool,1,
20,Marshlands,5,high,6,20,4,6,Exciteshroom,1,
10,Marshlands,5,high,6,20,4,6,Unique Mushroom,2,
10,Marshlands,5,high,6,20,4,6,Choice Mushroom,1,
25,Marshlands,5,high,7,80,3,5,Blue Mushroom,1,
20,Marshlands,5,high,7,80,3,5,Nitroshroom,1,
20,Marshlands,5,high,7,80,3,5,Parashroom,1,
20,Marshlands,5,high,7,80,3,5,Toadstool,1,
10,Marshlands,5,high,7,80,3,5,Unique Mushroom,2,
5,Marshlands,5,high,7,80,3,5,Choice Mushroom,1,
20,Marshlands,5,high,8,20,3,5,Nitroshroom,1,
20,Marshlands,5,high,8,20,3,5,Parashroom,1,
20,Marshlands,5,high,8,20,3,5,Toadstool,1,
20,Marshlands,5,high,8,20,3,5,Exciteshroom,1,
10,Marshlands,5,high,8,20,3,5,Unique Mushroom,2,
10,Marshlands,5,high,8,20,3,5,Choice Mushroom,1,
35,Marshlands,5,g,1,,3,5,Hot Pepper,1,
25,Marshlands,5,g,1,,3,5,Gloamgrass Root,1,
20,Marshlands,5,g,1,,3,5,Antidote Herb,1,
20,Marshlands,5,g,1,,3,5,Sleep Herb,1,
30,Marshlands,5,g,2,,4,6,Nitroshroom,1,
30,Marshlands,5,g,2,,4,6,Parashroom,1,
20,Marshlands,5,g,2,,4,6,Unique Mushroom,1,
10,Marshlands,5,g,2,,4,6,Exciteshroom,1,
10,Marshlands,5,g,2,,4,6,Choice Mushroom,1,
20,Marshlands,5,g,3,,1,1,Blue Mushroom,1,
20,Marshlands,5,g,3,,1,1,Toadstool,1,
20,Marshlands,5,g,3,,1,1,Unique Mushroom,2,
15,Marshlands,5,g,3,,1,1,Blue Mushroom,2,
15,Marshlands,5,g,3,,1,1,Choice Mushroom,1,
10,Marshlands,5,g,3,,1,1,Exciteshroom,1,
100,Marshlands,5,g,4,,2,3,Burned Husk,1,
25,Marshlands,5,g,5,80,3,5,Blue Mushroom,1,
20,Marshlands,5,g,5,80,3,5,Nitroshroom,1,
20,Marshlands,5,g,5,80,3,5,Parashroom,1,
20,Marshlands,5,g,5,80,3,5,Toadstool,1,
10,Marshlands,5,g,5,80,3,5,Unique Mushroom,2,
5,Marshlands,5,g,5,80,3,5,Choice Mushroom,1,
20,Marshlands,5,g,6,20,4,6,Nitroshroom,1,
20,Marshlands,5,g,6,20,4,6,Parashroom,1,
20,Marshlands,5,g,6,20,4,6,Toadstool,1,
20,Marshlands,5,g,6,20,4,6,Exciteshroom,1,
10,Marshlands,5,g,6,20,4,6,Unique Mushroom,2,
10,Marshlands,5,g,6,20,4,6,Choice Mushroom,1,
25,Marshlands,5,g,7,80,3,5,Blue Mushroom,1,
20,Marshlands,5,g,7,80,3,5,Nitroshroom,1,
20,Marshlands,5,g,7,80,3,5,Parashroom,1,
20,Marshlands,5,g,7,80,3,5,Toadstool,1,
10,Marshlands,5,g,7,80,3,5,Unique Mushroom,2,
5,Marshlands,5,g,7,80,3,5,Choice Mushroom,1,
20,Marshlands,5,g,8,20,3,5,Nitroshroom,1,
20,Marshlands,5,g,8,20,3,5,Parashroom,1,
20,Marshlands,5,g,8,20,3,5,Toadstool,1,
20,Marshlands,5,g,8,20,3,5,Exciteshroom,1,
10,Marshlands,5,g,8,20,3,5,Unique Mushroom,2,
10,Marshlands,5,g,8,20,3,5,Choice Mushroom,1,
20,Marshlands,6,low,1,,4,6,Blue Mushroom,1,
20,Marshlands,6,low,1,,4,6,Toadstool,1,
20,Marshlands,6,low,1,,4,6,Unique Mushroom,1,
15,Marshlands,6,low,1,,4,6,Blue Mushroom,2,
15,Marshlands,6,low,1,,4,6,Unique Mushroom,2,
10,Marshlands,6,low,1,,4,6,Exciteshroom,1,
45,Marshlands,6,low,2,,4,6,Godbug,1,
15,Marshlands,6,low,2,,4,6,Thunderbug,1,
15,Marshlands,6,low,2,,4,6,Shiny Beetle,1,
15,Marshlands,6,low,2,,4,6,Royal Rhino,1,
10,Marshlands,6,low,2,,4,6,Bitterbug,1,
20,Marshlands,6,low,3,,1,1,Blue Mushroom,1,
20,Marshlands,6,low,3,,1,1,Toadstool,1,
20,Marshlands,6,low,3,,1,1,Unique Mushroom,1,
15,Marshlands,6,low,3,,1,1,Blue Mushroom,2,
15,Marshlands,6,low,3,,1,1,Unique Mushroom,2,
10,Marshlands,6,low,3,,1,1,Exciteshroom,1,
30,Marshlands,6,low,4,80,3,5,Antidote Herb,1,
30,Marshlands,6,low,4,80,3,5,Hot Pepper,1,
25,Marshlands,6,low,4,80,3,5,Herb,1,
15,Marshlands,6,low,4,80,3,5,Sleep Herb,1,
25,Marshlands,6,low,5,20,3,5,Antidote Herb,1,
25,Marshlands,6,low,5,20,3,5,Sleep Herb,1,
25,Marshlands,6,low,5,20,3,5,Gloamgrass Root,1,
25,Marshlands,6,low,5,20,3,5,Hot Pepper,1,
20,Marshlands,6,low,6,80,3,5,Blue Mushroom,1,
20,Marshlands,6,low,6,80,3,5,Unique Mushroom,2,
15,Marshlands,6,low,6,80,3,5,Nitroshroom,1,
15,Marshlands,6,low,6,80,3,5,Parashroom,1,
15,Marshlands,6,low,6,80,3,5,Toadstool,1,
15,Marshlands,6,low,6,80,3,5,Unique Mushroom,1,
20,Marshlands,6,low,7,20,4,6,Nitroshroom,1,
20,Marshlands,6,low,7,20,4,6,Parashroom,1,
20,Marshlands,6,low,7,20,4,6,Toadstool,1,
20,Marshlands,6,low,7,20,4,6,Exciteshroom,1,
15,Marshlands,6,low,7,20,4,6,Unique Mushroom,2,
5,Marshlands,6,low,7,20,4,6,Unique Mushroom,1,
30,Marshlands,6,low,8,,3,5,Herb,1,
20,Marshlands,6,low,8,,3,5,Antidote Herb,1,
20,Marshlands,6,low,8,,3,5,Sleep Herb,1,
20,Marshlands,6,low,8,,3,5,Felvine,1,
10,Marshlands,6,low,8,,3,5,Hot Pepper,1,
35,Marshlands,6,low,9,70,3,5,Bitterbug,1,
30,Marshlands,6,low,9,70,3,5,Shiny Beetle,1,
25,Marshlands,6,low,9,70,3,5,Flashbug,1,
10,Marshlands,6,low,9,70,3,5,Royal Rhino,1,
30,Marshlands,6,low,10,30,3,5,Royal Rhino,1,
25,Marshlands,6,low,10,30,3,5,Shiny Beetle,1,
20,Marshlands,6,low,10,30,3,5,Godbug,1,
15,Marshlands,6,low,10,30,3,5,Thunderbug,1,
10,Marshlands,6,low,10,30,3,5,Bitterbug,1,
20,Marshlands,6,high,1,,4,6,Blue Mushroom,1,
20,Marshlands,6,high,1,,4,6,Toadstool,1,
20,Marshlands,6,high,1,,4,6,Unique Mushroom,2,
15,Marshlands,6,high,1,,4,6,Blue Mushroom,2,
15,Marshlands,6,high,1,,4,6,Choice Mushroom,1,
10,Marshlands,6,high,1,,4,6,Exciteshroom,1,
40,Marshlands,6,high,2,,4,6,Godbug,1,
15,Marshlands,6,high,2,,4,6,Shiny Beetle,1,
15,Marshlands,6,high,2,,4,6,King Scarab,1,
10,Marshlands,6,high,2,,4,6,Thunderbug,1,
10,Marshlands,6,high,2,,4,6,Royal Rhino,1,
5,Marshlands,6,high,2,,4,6,Bitterbug,1,
5,Marshlands,6,high,2,,4,6,Divine Rhino,1,
20,Marshlands,6,high,3,,1,1,Blue Mushroom,1,
20,Marshlands,6,high,3,,1,1,Toadstool,1,
20,Marshlands,6,high,3,,1,1,Unique Mushroom,2,
15,Marshlands,6,high,3,,1,1,Blue Mushroom,2,
15,Marshlands,6,high,3,,1,1,Choice Mushroom,1,
10,Marshlands,6,high,3,,1,1,Exciteshroom,1,
100,Marshlands,6,high,4,,2,3,Burned Husk,1,
25,Marshlands,6,high,5,80,3,5,Antidote Herb,1,
25,Marshlands,6,high,5,80,3,5,Hot Pepper,1,
20,Marshlands,6,high,5,80,3,5,Herb,1,
20,Marshlands,6,high,5,80,3,5,Gloamgrass Root,1,
10,Marshlands,6,high,5,80,3,5,Sleep Herb,1,
25,Marshlands,6,high,6,20,3,5,Antidote Herb,1,
25,Marshlands,6,high,6,20,3,5,Sleep Herb,1,
25,Marshlands,6,high,6,20,3,5,Gloamgrass Root,1,
25,Marshlands,6,high,6,20,3,5,Hot Pepper,1,
25,Marshlands,6,high,7,80,3,5,Blue Mushroom,1,
20,Marshlands,6,high,7,80,3,5,Nitroshroom,1,
20,Marshlands,6,high,7,80,3,5,Parashroom,1,
20,Marshlands,6,high,7,80,3,5,Toadstool,1,
10,Marshlands,6,high,7,80,3,5,Unique Mushroom,2,
5,Marshlands,6,high,7,80,3,5,Choice Mushroom,1,
20,Marshlands,6,high,8,20,4,6,Nitroshroom,1,
20,Marshlands,6,high,8,20,4,6,Parashroom,1,
20,Marshlands,6,high,8,20,4,6,Toadstool,1,
20,Marshlands,6,high,8,20,4,6,Exciteshroom,1,
10,Marshlands,6,high,8,20,4,6,Unique Mushroom,2,
10,Marshlands,6,high,8,20,4,6,Choice Mushroom,1,
30,Marshlands,6,high,9,,3,5,Herb,1,
20,Marshlands,6,high,9,,3,5,Antidote Herb,1,
20,Marshlands,6,high,9,,3,5,Sleep Herb,1,
20,Marshlands,6,high,9,,3,5,Felvine,1,
10,Marshlands,6,high,9,,3,5,Hot Pepper,1,
35,Marshlands,6,high,10,70,3,5,Bitterbug,1,
30,Marshlands,6,high,10,70,3,5,Shiny Beetle,1,
25,Marshlands,6,high,10,70,3,5,Flashbug,1,
10,Marshlands,6,high,10,70,3,5,Royal Rhino,1,
25,Marshlands,6,high,11,30,3,5,Shiny Beetle,1,
25,Marshlands,6,high,11,30,3,5,Royal Rhino,1,
20,Marshlands,6,high,11,30,3,5,Godbug,1,
15,Marshlands,6,high,11,30,3,5,Thunderbug,1,
10,Marshlands,6,high,11,30,3,5,Bitterbug,1,
5,Marshlands,6,high,11,30,3,5,Divine Rhino,1,
20,Marshlands,6,g,1,,4,6,Blue Mushroom,1,
20,Marshlands,6,g,1,,4,6,Toadstool,1,
20,Marshlands,6,g,1,,4,6,Unique Mushroom,2,
15,Marshlands,6,g,1,,4,6,Blue Mushroom,2,
15,Marshlands,6,g,1,,4,6,Choice Mushroom,1,
10,Marshlands,6,g,1,,4,6,Exciteshroom,1,
20,Marshlands,6,g,2,,4,6,King Scarab,1,
20,Marshlands,6,g,2,,4,6,Emperor Hopper,1,
15,Marshlands,6,g,2,,4,6,Godbug,2,
15,Marshlands,6,g,2,,4,6,Shiny Beetle,2,
10,Marshlands,6,g,2,,4,6,Thunderbug,2,
10,Marshlands,6,g,2,,4,6,Royal Rhino,1,
10,Marshlands,6,g,2,,4,6,Divine Rhino,1,
20,Marshlands,6,g,3,,1,1,Blue Mushroom,1,
20,Marshlands,6,g,3,,1,1,Toadstool,1,
20,Marshlands,6,g,3,,1,1,Unique Mushroom,2,
15,Marshlands,6,g,3,,1,1,Blue Mushroom,2,
15,Marshlands,6,g,3,,1,1,Choice Mushroom,1,
10,Marshlands,6,g,3,,1,1,Exciteshroom,1,
100,Marshlands,6,g,4,,2,3,Burned Husk,1,
25,Marshlands,6,g,5,80,3,5,Antidote Herb,1,
25,Marshlands,6,g,5,80,3,5,Hot Pepper,1,
20,Marshlands,6,g,5,80,3,5,Herb,1,
20,Marshlands,6,g,5,80,3,5,Gloamgrass Root,1,
10,Marshlands,6,g,5,80,3,5,Sleep Herb,1,
25,Marshlands,6,g,6,20,3,5,Antidote Herb,1,
25,Marshlands,6,g,6,20,3,5,Sleep Herb,1,
25,Marshlands,6,g,6,20,3,5,Gloamgrass Root,1,
25,Marshlands,6,g,6,20,3,5,Hot Pepper,1,
25,Marshlands,6,g,7,80,3,5,Blue Mushroom,1,
20,Marshlands,6,g,7,80,3,5,Nitroshroom,1,
20,Marshlands,6,g,7,80,3,5,Parashroom,1,
20,Marshlands,6,g,7,80,3,5,Toadstool,1,
10,Marshlands,6,g,7,80,3,5,Unique Mushroom,2,
5,Marshlands,6,g,7,80,3,5,Choice Mushroom,1,
20,Marshlands,6,g,8,20,4,6,Nitroshroom,1,
20,Marshlands,6,g,8,20,4,6,Parashroom,1,
20,Marshlands,6,g,8,20,4,6,Toadstool,1,
20,Marshlands,6,g,8,20,4,6,Exciteshroom,1,
10,Marshlands,6,g,8,20,4,6,Unique Mushroom,2,
10,Marshlands,6,g,8,20,4,6,Choice Mushroom,1,
30,Marshlands,6,g,9,,3,5,Herb,1,
20,Marshlands,6,g,9,,3,5,Antidote Herb,1,
20,Marshlands,6,g,9,,3,5,Sleep Herb,1,
20,Marshlands,6,g,9,,3,5,Felvine,1,
10,Marshlands,6,g,9,,3,5,Hot Pepper,1,
30,Marshlands,6,g,10,70,3,5,Shiny Beetle,2,
30,Marshlands,6,g,10,70,3,5,Rare Scarab,1,
15,Marshlands,6,g,10,70,3,5,Bitterbug,2,
15,Marshlands,6,g,10,70,3,5,Royal Rhino,1,
10,Marshlands,6,g,10,70,3,5,Flutterfly,1,
35,Marshlands,6,g,11,30,3,5,Rare Scarab,1,
35,Marshlands,6,g,11,30,3,5,Flutterfly,1,
30,Marshlands,6,g,11,30,3,5,Divine Rhino,1,
30,Marshlands,7,low,1,,4,6,Earth Crystal,1,
30,Marshlands,7,low,1,,4,6,Aquaglow Jewel,1,
25,Marshlands,7,low,1,,4,6,Ice Crystal,1,
10,Marshlands,7,low,1,,4,6,Mystery Charm,1,
5,Marshlands,7,low,1,,4,6,Lightcrystal,1,
40,Marshlands,7,low,2,,4,6,Khezu Whelp,1,
30,Marshlands,7,low,2,,4,6,Insect Husk,1,
25,Marshlands,7,low,2,,4,6,Stone,1,
5,Marshlands,7,low,2,,4,6,Pale Extract,1,
25,Marshlands,7,low,3,80,4,6,Iron Ore,1,
25,Marshlands,7,low,3,80,4,6,Earth Crystal,1,
25,Marshlands,7,low,3,80,4,6,Ice Crystal,1,
15,Marshlands,7,low,3,80,4,6,Auristone Piece,1,
5,Marshlands,7,low,3,80,4,6,Whetstone,1,
5,Marshlands,7,low,3,80,4,6,Machalite Ore,1,
35,Marshlands,7,low,4,20,4,6,Earth Crystal,1,
35,Marshlands,7,low,4,20,4,6,Ice Crystal,1,
20,Marshlands,7,low,4,20,4,6,Machalite Ore,1,
10,Marshlands,7,low,4,20,4,6,Lightcrystal,1,
30,Marshlands,7,low,5,80,4,6,Huskberry,1,
25,Marshlands,7,low,5,80,4,6,Scatternut,1,
25,Marshlands,7,low,5,80,4,6,Bomberry,1,
20,Marshlands,7,low,5,80,4,6,Huskberry,2,
30,Marshlands,7,low,6,20,4,6,Scatternut,1,
30,Marshlands,7,low,6,20,4,6,Bomberry,1,
25,Marshlands,7,low,6,20,4,6,Huskberry,3,
15,Marshlands,7,low,6,20,4,6,Huskberry,4,
25,Marshlands,7,low,7,80,4,6,Disc Stone,1,
25,Marshlands,7,low,7,80,4,6,Aquaglow Jewel,1,
20,Marshlands,7,low,7,80,4,6,Auristone Piece,1,
15,Marshlands,7,low,7,80,4,6,Mystery Charm,1,
10,Marshlands,7,low,7,80,4,6,Armor Sphere,1,
5,Marshlands,7,low,7,80,4,6,Stone,1,
25,Marshlands,7,low,8,20,4,6,Disc Stone,1,
25,Marshlands,7,low,8,20,4,6,Aquaglow Jewel,1,
20,Marshlands,7,low,8,20,4,6,Armor Sphere,1,
20,Marshlands,7,low,8,20,4,6,Mystery Charm,1,
10,Marshlands,7,low,8,20,4,6,Sunspire Jewel,1,
70,Marshlands,7,low,9,80,3,5,Speed Jelly,1,
25,Marshlands,7,low,9,80,3,5,Thunder Ambrosia,1,
5,Marshlands,7,low,9,80,3,5,Larval Extract,1,
45,Marshlands,7,low,10,20,3,5,Speed Jelly,1,
40,Marshlands,7,low,10,20,3,5,Thunder Ambrosia,1,
15,Marshlands,7,low,10,20,3,5,Larval Extract,1,
15,Marshlands,7,high,1,,4,6,Lightcrystal,1,
15,Marshlands,7,high,1,,4,6,Dragonite Ore,1,
15,Marshlands,7,high,1,,4,6,Sunspire Jewel,1,
10,Marshlands,7,high,1,,4,6,Earth Crystal,1,
10,Marshlands,7,high,1,,4,6,Ice Crystal,1,
10,Marshlands,7,high,1,,4,6,Fucium Ore,1,
10,Marshlands,7,high,1,,4,6,Mystery Charm,1,
10,Marshlands,7,high,1,,4,6,Shining Charm,1,
5,Marshlands,7,high,1,,4,6,Novacrystal,1,
40,Marshlands,7,high,2,,4,6,Khezu Whelp,1,
30,Marshlands,7,high,2,,4,6,Insect Husk,1,
25,Marshlands,7,high,2,,4,6,Stone,1,
5,Marshlands,7,high,2,,4,6,Pale Extract,1,
20,Marshlands,7,high,3,80,4,6,Machalite Ore,1,
15,Marshlands,7,high,3,80,4,6,Earth Crystal,1,
15,Marshlands,7,high,3,80,4,6,Ice Crystal,1,
10,Marshlands,7,high,3,80,4,6,Iron Ore,1,
10,Marshlands,7,high,3,80,4,6,Carbalite Ore,1,
10,Marshlands,7,high,3,80,4,6,Sunspire Jewel,1,
5,Marshlands,7,high,3,80,4,6,Lightcrystal,1,
5,Marshlands,7,high,3,80,4,6,Dragonite Ore,1,
5,Marshlands,7,high,3,80,4,6,Bloodrun Jewel,1,
5,Marshlands,7,high,3,80,4,6,Auristone Piece,1,
20,Marshlands,7,high,4,20,4,6,Carbalite Ore,1,
20,Marshlands,7,high,4,20,4,6,Lazurite Jewel,1,
20,Marshlands,7,high,4,20,4,6,Auristone Chunk,1,
15,Marshlands,7,high,4,20,4,6,Novacrystal,1,
10,Marshlands,7,high,4,20,4,6,Machalite Ore,1,
10,Marshlands,7,high,4,20,4,6,Bloodrun Jewel,1,
5,Marshlands,7,high,4,20,4,6,Dragonite Ore,1,
30,Marshlands,7,high,5,80,4,6,Huskberry,1,
25,Marshlands,7,high,5,80,4,6,Scatternut,1,
25,Marshlands,7,high,5,80,4,6,Bomberry,1,
20,Marshlands,7,high,5,80,4,6,Huskberry,2,
30,Marshlands,7,high,6,20,4,6,Scatternut,1,
30,Marshlands,7,high,6,20,4,6,Bomberry,1,
25,Marshlands,7,high,6,20,4,6,Huskberry,3,
15,Marshlands,7,high,6,20,4,6,Huskberry,4,
20,Marshlands,7,high,7,80,4,6,Dragonite Ore,1,
15,Marshlands,7,high,7,80,4,6,Disc Stone,1,
15,Marshlands,7,high,7,80,4,6,Mystery Charm,1,
10,Marshlands,7,high,7,80,4,6,Lightcrystal,1,
10,Marshlands,7,high,7,80,4,6,Fucium Ore,1,
10,Marshlands,7,high,7,80,4,6,Sunspire Jewel,1,
10,Marshlands,7,high,7,80,4,6,Shining Charm,1,
5,Marshlands,7,high,7,80,4,6,Bloodrun Jewel,1,
5,Marshlands,7,high,7,80,4,6,Auristone Piece,1,
20,Marshlands,7,high,8,20,4,6,Fucium Ore,1,
20,Marshlands,7,high,8,20,4,6,Hard Armor Sphere,1,
15,Marshlands,7,high,8,20,4,6,Shining Charm,1,
15,Marshlands,7,high,8,20,4,6,Auristone Chunk,1,
10,Marshlands,7,high,8,20,4,6,Novacrystal,1,
10,Marshlands,7,high,8,20,4,6,Lazurite Jewel,1,
5,Marshlands,7,high,8,20,4,6,Dragonite Ore,1,
5,Marshlands,7,high,8,20,4,6,Bloodrun Jewel,1,
70,Marshlands,7,high,9,80,3,5,Speed Jelly,1,
25,Marshlands,7,high,9,80,3,5,Thunder Ambrosia,1,
5,Marshlands,7,high,9,80,3,5,Larval Extract,1,
35,Marshlands,7,high,10,20,3,5,Thunder Ambrosia,1,
25,Marshlands,7,high,10,20,3,5,Larval Extract,1,
25,Marshlands,7,high,10,20,3,5,Paralarval Extract,1,
15,Marshlands,7,high,10,20,3,5,Speed Jelly,1,
15,Marshlands,7,g,1,,4,6,Lightcrystal,1,
15,Marshlands,7,g,1,,4,6,Eltalite Ore,1,
15,Marshlands,7,g,1,,4,6,Novacrystal,1,
15,Marshlands,7,g,1,,4,6,Lazurite Jewel,1,
10,Marshlands,7,g,1,,4,6,Fucium Ore,1,
10,Marshlands,7,g,1,,4,6,Shining Charm,1,
10,Marshlands,7,g,1,,4,6,Timeworn Charm,1,
5,Marshlands,7,g,1,,4,6,Ice Crystal,2,
5,Marshlands,7,g,1,,4,6,Purecrystal,1,
40,Marshlands,7,g,2,,4,6,Khezu Whelp,1,
30,Marshlands,7,g,2,,4,6,Insect Husk,1,
25,Marshlands,7,g,2,,4,6,Stone,1,
5,Marshlands,7,g,2,,4,6,Pale Extract,1,
25,Marshlands,7,g,3,80,4,6,Eltalite Ore,1,
20,Marshlands,7,g,3,80,4,6,Lightcrystal,1,
15,Marshlands,7,g,3,80,4,6,Ice Crystal,1,
10,Marshlands,7,g,3,80,4,6,Meldspar Ore,1,
10,Marshlands,7,g,3,80,4,6,Novacrystal,1,
10,Marshlands,7,g,3,80,4,6,Lazurite Jewel,1,
5,Marshlands,7,g,3,80,4,6,Adamant Orb,1,
5,Marshlands,7,g,3,80,4,6,Auristone Piece,1,
20,Marshlands,7,g,4,20,4,6,Eltalite Ore,1,
20,Marshlands,7,g,4,20,4,6,Meldspar Ore,1,
20,Marshlands,7,g,4,20,4,6,Sovereign Orb,1,
15,Marshlands,7,g,4,20,4,6,Purecrystal,1,
10,Marshlands,7,g,4,20,4,6,Adamant Orb,1,
10,Marshlands,7,g,4,20,4,6,Auristone Chunk,1,
5,Marshlands,7,g,4,20,4,6,Novacrystal,1,
30,Marshlands,7,g,5,80,4,6,Huskberry,1,
25,Marshlands,7,g,5,80,4,6,Scatternut,1,
25,Marshlands,7,g,5,80,4,6,Bomberry,1,
20,Marshlands,7,g,5,80,4,6,Huskberry,2,
30,Marshlands,7,g,6,20,4,6,Scatternut,1,
30,Marshlands,7,g,6,20,4,6,Bomberry,1,
25,Marshlands,7,g,6,20,4,6,Huskberry,3,
15,Marshlands,7,g,6,20,4,6,Huskberry,4,
20,Marshlands,7,g,7,80,4,6,Eltalite Ore,1,
15,Marshlands,7,g,7,80,4,6,Disc Stone,2,
15,Marshlands,7,g,7,80,4,6,Shining Charm,1,
10,Marshlands,7,g,7,80,4,6,Lightcrystal,1,
10,Marshlands,7,g,7,80,4,6,Fucium Ore,1,
10,Marshlands,7,g,7,80,4,6,Lazurite Jewel,1,
10,Marshlands,7,g,7,80,4,6,Timeworn Charm,1,
5,Marshlands,7,g,7,80,4,6,Adamant Orb,1,
5,Marshlands,7,g,7,80,4,6,Auristone Piece,1,
20,Marshlands,7,g,8,20,4,6,Meldspar Ore,1,
20,Marshlands,7,g,8,20,4,6,King Armor Sphere,1,
15,Marshlands,7,g,8,20,4,6,Timeworn Charm,1,
10,Marshlands,7,g,8,20,4,6,Eltalite Ore,1,
10,Marshlands,7,g,8,20,4,6,Purecrystal,1,
10,Marshlands,7,g,8,20,4,6,Sovereign Orb,1,
10,Marshlands,7,g,8,20,4,6,Auristone Chunk,1,
5,Marshlands,7,g,8,20,4,6,Adamant Orb,1,
50,Marshlands,7,g,9,80,3,5,Speed Jelly,1,
25,Marshlands,7,g,9,80,3,5,Larval Extract,1,
25,Marshlands,7,g,9,80,3,5,Thunder Ambrosia,1,
35,Marshlands,7,g,10,20,3,5,Paralarval Extract,1,
25,Marshlands,7,g,10,20,3,5,Larval Extract,1,
20,Marshlands,7,g,10,20,3,5,Speed Jelly,2,
20,Marshlands,7,g,10,20,3,5,Thunder Ambrosia,2,
30,Marshlands,8,low,1,,4,6,Huskberry,1,
30,Marshlands,8,low,1,,4,6,Scatternut,1,
30,Marshlands,8,low,1,,4,6,Bomberry,1,
10,Marshlands,8,low,1,,4,6,Huskberry,2,
65,Marshlands,8,low,2,,4,6,Speed Jelly,1,
25,Marshlands,8,low,2,,4,6,Thunder Ambrosia,1,
10,Marshlands,8,low,2,,4,6,Larval Extract,1,
35,Marshlands,8,low,3,,4,6,Bitterbug,1,
25,Marshlands,8,low,3,,4,6,Carpenterbug,1,
15,Marshlands,8,low,3,,4,6,Shiny Beetle,1,
15,Marshlands,8,low,3,,4,6,Royal Rhino,1,
10,Marshlands,8,low,3,,4,6,Flashbug,1,
30,Marshlands,8,low,4,80,4,6,Huskberry,1,
25,Marshlands,8,low,4,80,4,6,Scatternut,1,
25,Marshlands,8,low,4,80,4,6,Bomberry,1,
20,Marshlands,8,low,4,80,4,6,Huskberry,2,
30,Marshlands,8,low,5,20,4,6,Scatternut,1,
30,Marshlands,8,low,5,20,4,6,Bomberry,1,
25,Marshlands,8,low,5,20,4,6,Huskberry,3,
15,Marshlands,8,low,5,20,4,6,Huskberry,4,
35,Marshlands,8,low,6,70,3,5,Flashbug,1,
35,Marshlands,8,low,6,70,3,5,Carpenterbug,1,
20,Marshlands,8,low,6,70,3,5,Thunderbug,1,
10,Marshlands,8,low,6,70,3,5,Royal Rhino,1,
40,Marshlands,8,low,7,30,3,5,Godbug,1,
25,Marshlands,8,low,7,30,3,5,Royal Rhino,1,
15,Marshlands,8,low,7,30,3,5,Thunderbug,1,
15,Marshlands,8,low,7,30,3,5,Carpenterbug,1,
5,Marshlands,8,low,7,30,3,5,Flashbug,1,
35,Marshlands,8,low,8,70,3,5,Bitterbug,1,
30,Marshlands,8,low,8,70,3,5,Shiny Beetle,1,
25,Marshlands,8,low,8,70,3,5,Flashbug,1,
10,Marshlands,8,low,8,70,3,5,Royal Rhino,1,
30,Marshlands,8,low,9,30,3,5,Royal Rhino,1,
25,Marshlands,8,low,9,30,3,5,Shiny Beetle,1,
20,Marshlands,8,low,9,30,3,5,Godbug,1,
15,Marshlands,8,low,9,30,3,5,Thunderbug,1,
10,Marshlands,8,low,9,30,3,5,Bitterbug,1,
30,Marshlands,8,high,1,,4,6,Huskberry,1,
30,Marshlands,8,high,1,,4,6,Scatternut,1,
30,Marshlands,8,high,1,,4,6,Bomberry,1,
10,Marshlands,8,high,1,,4,6,Huskberry,2,
55,Marshlands,8,high,2,,4,6,Speed Jelly,1,
25,Marshlands,8,high,2,,4,6,Thunder Ambrosia,1,
10,Marshlands,8,high,2,,4,6,Larval Extract,1,
10,Marshlands,8,high,2,,4,6,Paralarval Extract,1,
25,Marshlands,8,high,3,,4,6,Hercudrome,1,
15,Marshlands,8,high,3,,4,6,Bitterbug,1,
15,Marshlands,8,high,3,,4,6,Shiny Beetle,1,
15,Marshlands,8,high,3,,4,6,Rare Scarab,1,
15,Marshlands,8,high,3,,4,6,Royal Rhino,1,
10,Marshlands,8,high,3,,4,6,Flashbug,1,
5,Marshlands,8,high,3,,4,6,Divine Rhino,1,
30,Marshlands,8,high,4,80,4,6,Huskberry,1,
25,Marshlands,8,high,4,80,4,6,Scatternut,1,
25,Marshlands,8,high,4,80,4,6,Bomberry,1,
20,Marshlands,8,high,4,80,4,6,Huskberry,2,
30,Marshlands,8,high,5,20,4,6,Scatternut,1,
30,Marshlands,8,high,5,20,4,6,Bomberry,1,
25,Marshlands,8,high,5,20,4,6,Huskberry,3,
15,Marshlands,8,high,5,20,4,6,Huskberry,4,
35,Marshlands,8,high,6,70,3,5,Flashbug,1,
35,Marshlands,8,high,6,70,3,5,Hercudrome,1,
20,Marshlands,8,high,6,70,3,5,Thunderbug,1,
10,Marshlands,8,high,6,70,3,5,Royal Rhino,1,
40,Marshlands,8,high,7,30,3,5,Godbug,1,
20,Marshlands,8,high,7,30,3,5,Royal Rhino,1,
15,Marshlands,8,high,7,30,3,5,Thunderbug,1,
15,Marshlands,8,high,7,30,3,5,Hercudrome,1,
5,Marshlands,8,high,7,30,3,5,Flashbug,1,
5,Marshlands,8,high,7,30,3,5,Divine Rhino,1,
35,Marshlands,8,high,8,70,3,5,Bitterbug,1,
30,Marshlands,8,high,8,70,3,5,Shiny Beetle,1,
25,Marshlands,8,high,8,70,3,5,Flashbug,1,
10,Marshlands,8,high,8,70,3,5,Royal Rhino,1,
25,Marshlands,8,high,9,30,3,5,Shiny Beetle,1,
25,Marshlands,8,high,9,30,3,5,Royal Rhino,1,
20,Marshlands,8,high,9,30,3,5,Godbug,1,
15,Marshlands,8,high,9,30,3,5,Thunderbug,1,
10,Marshlands,8,high,9,30,3,5,Bitterbug,1,
5,Marshlands,8,high,9,30,3,5,Divine Rhino,1,
30,Marshlands,8,g,1,,4,6,Huskberry,1,
30,Marshlands,8,g,1,,4,6,Scatternut,1,
30,Marshlands,8,g,1,,4,6,Bomberry,1,
10,Marshlands,8,g,1,,4,6,Huskberry,2,
50,Marshlands,8,g,2,,4,6,Speed Jelly,1,
20,Marshlands,8,g,2,,4,6,Thunder Ambrosia,1,
15,Marshlands,8,g,2,,4,6,Larval Extract,1,
15,Marshlands,8,g,2,,4,6,Paralarval Extract,1,
25,Marshlands,8,g,3,,4,6,Rare Scarab,1,
20,Marshlands,8,g,3,,4,6,Flutterfly,1,
15,Marshlands,8,g,3,,4,6,Shiny Beetle,2,
15,Marshlands,8,g,3,,4,6,Hercudrome,2,
15,Marshlands,8,g,3,,4,6,Divine Rhino,1,
5,Marshlands,8,g,3,,4,6,Bitterbug,2,
5,Marshlands,8,g,3,,4,6,Royal Rhino,1,
30,Marshlands,8,g,4,80,4,6,Huskberry,1,
25,Marshlands,8,g,4,80,4,6,Scatternut,1,
25,Marshlands,8,g,4,80,4,6,Bomberry,1,
20,Marshlands,8,g,4,80,4,6,Huskberry,2,
30,Marshlands,8,g,5,20,4,6,Scatternut,1,
30,Marshlands,8,g,5,20,4,6,Bomberry,1,
25,Marshlands,8,g,5,20,4,6,Huskberry,3,
15,Marshlands,8,g,5,20,4,6,Huskberry,4,
30,Marshlands,8,g,6,70,3,5,Rare Scarab,1,
20,Marshlands,8,g,6,70,3,5,Thunderbug,2,
20,Marshlands,8,g,6,70,3,5,King Scarab,1,
20,Marshlands,8,g,6,70,3,5,Royal Rhino,1,
10,Marshlands,8,g,6,70,3,5,Emperor Hopper,1,
30,Marshlands,8,g,7,30,3,5,Emperor Hopper,1,
25,Marshlands,8,g,7,30,3,5,King Scarab,1,
25,Marshlands,8,g,7,30,3,5,Rare Scarab,1,
20,Marshlands,8,g,7,30,3,5,Divine Rhino,1,
30,Marshlands,8,g,8,70,3,5,Shiny Beetle,2,
30,Marshlands,8,g,8,70,3,5,Rare Scarab,1,
15,Marshlands,8,g,8,70,3,5,Bitterbug,2,
15,Marshlands,8,g,8,70,3,5,Royal Rhino,1,
10,Marshlands,8,g,8,70,3,5,Flutterfly,1,
35,Marshlands,8,g,9,30,3,5,Rare Scarab,1,
35,Marshlands,8,g,9,30,3,5,Flutterfly,1,
30,Marshlands,8,g,9,30,3,5,Divine Rhino,1,
85,Marshlands,9,low,1,,,,Sootstone Ore,1,∞
10,Marshlands,9,low,1,,,,Stone,1,∞
5,Marshlands,9,low,1,,,,Whetstone,1,∞
85,Marshlands,9,low,2,,,,Worm,1,∞
10,Marshlands,9,low,2,,,,Insect Husk,1,∞
5,Marshlands,9,low,2,,,,Stone,1,∞
35,Marshlands,9,low,3,,4,6,Disc Stone,1,
30,Marshlands,9,low,3,,4,6,Auristone Piece,1,
20,Marshlands,9,low,3,,4,6,Ice Crystal,1,
10,Marshlands,9,low,3,,4,6,Armor Sphere,1,
5,Marshlands,9,low,3,,4,6,Sunspire Jewel,1,
75,Marshlands,9,low,4,,8,10,Whetstone,1,
15,Marshlands,9,low,4,,8,10,Stone,1,
10,Marshlands,9,low,4,,8,10,Stone,2,
30,Marshlands,9,low,5,,3,5,Herb,1,
20,Marshlands,9,low,5,,3,5,Antidote Herb,1,
20,Marshlands,9,low,5,,3,5,Sleep Herb,1,
20,Marshlands,9,low,5,,3,5,Felvine,1,
10,Marshlands,9,low,5,,3,5,Hot Pepper,1,
25,Marshlands,9,low,6,80,4,6,Disc Stone,1,
25,Marshlands,9,low,6,80,4,6,Aquaglow Jewel,1,
20,Marshlands,9,low,6,80,4,6,Auristone Piece,1,
15,Marshlands,9,low,6,80,4,6,Mystery Charm,1,
10,Marshlands,9,low,6,80,4,6,Armor Sphere,1,
5,Marshlands,9,low,6,80,4,6,Stone,1,
25,Marshlands,9,low,7,20,4,6,Disc Stone,1,
25,Marshlands,9,low,7,20,4,6,Aquaglow Jewel,1,
20,Marshlands,9,low,7,20,4,6,Armor Sphere,1,
20,Marshlands,9,low,7,20,4,6,Mystery Charm,1,
10,Marshlands,9,low,7,20,4,6,Sunspire Jewel,1,
85,Marshlands,9,high,1,,,,Quartz Ore,1,∞
10,Marshlands,9,high,1,,,,Stone,1,∞
5,Marshlands,9,high,1,,,,Whetstone,1,∞
85,Marshlands,9,high,2,,,,Worm,1,∞
10,Marshlands,9,high,2,,,,Insect Husk,1,∞
5,Marshlands,9,high,2,,,,Stone,1,∞
15,Marshlands,9,high,3,,4,6,Lazurite Jewel,1,
10,Marshlands,9,high,3,,4,6,Machalite Ore,1,
10,Marshlands,9,high,3,,4,6,Disc Stone,1,
10,Marshlands,9,high,3,,4,6,Ice Crystal,1,
10,Marshlands,9,high,3,,4,6,Dragonite Ore,1,
10,Marshlands,9,high,3,,4,6,Bloodrun Jewel,1,
10,Marshlands,9,high,3,,4,6,Hard Armor Sphere,1,
10,Marshlands,9,high,3,,4,6,Auristone Piece,1,
10,Marshlands,9,high,3,,4,6,Auristone Chunk,1,
5,Marshlands,9,high,3,,4,6,Sunspire Jewel,1,
75,Marshlands,9,high,4,,8,10,Whetstone,1,
20,Marshlands,9,high,4,,8,10,Stone,2,
5,Marshlands,9,high,4,,8,10,Stone,1,
30,Marshlands,9,high,5,,3,5,Herb,1,
20,Marshlands,9,high,5,,3,5,Antidote Herb,1,
20,Marshlands,9,high,5,,3,5,Sleep Herb,1,
20,Marshlands,9,high,5,,3,5,Felvine,1,
10,Marshlands,9,high,5,,3,5,Hot Pepper,1,
20,Marshlands,9,high,6,80,4,6,Dragonite Ore,1,
15,Marshlands,9,high,6,80,4,6,Disc Stone,1,
15,Marshlands,9,high,6,80,4,6,Mystery Charm,1,
10,Marshlands,9,high,6,80,4,6,Lightcrystal,1,
10,Marshlands,9,high,6,80,4,6,Fucium Ore,1,
10,Marshlands,9,high,6,80,4,6,Sunspire Jewel,1,
10,Marshlands,9,high,6,80,4,6,Shining Charm,1,
5,Marshlands,9,high,6,80,4,6,Bloodrun Jewel,1,
5,Marshlands,9,high,6,80,4,6,Auristone Piece,1,
20,Marshlands,9,high,7,20,4,6,Fucium Ore,1,
20,Marshlands,9,high,7,20,4,6,Hard Armor Sphere,1,
15,Marshlands,9,high,7,20,4,6,Shining Charm,1,
15,Marshlands,9,high,7,20,4,6,Auristone Chunk,1,
10,Marshlands,9,high,7,20,4,6,Novacrystal,1,
10,Marshlands,9,high,7,20,4,6,Lazurite Jewel,1,
5,Marshlands,9,high,7,20,4,6,Dragonite Ore,1,
5,Marshlands,9,high,7,20,4,6,Bloodrun Jewel,1,
85,Marshlands,9,g,1,,,,Quartz Ore,1,∞
10,Marshlands,9,g,1,,,,Stone,1,∞
5,Marshlands,9,g,1,,,,Whetstone,1,∞
85,Marshlands,9,g,2,,,,Worm,1,∞
10,Marshlands,9,g,2,,,,Insect Husk,1,∞
5,Marshlands,9,g,2,,,,Stone,1,∞
15,Marshlands,9,g,3,,4,6,Eltalite Ore,1,
15,Marshlands,9,g,3,,4,6,Sovereign Orb,1,
10,Marshlands,9,g,3,,4,6,Disc Stone,1,
10,Marshlands,9,g,3,,4,6,Lightcrystal,1,
10,Marshlands,9,g,3,,4,6,Adamant Orb,1,
10,Marshlands,9,g,3,,4,6,King Armor Sphere,1,
10,Marshlands,9,g,3,,4,6,Auristone Piece,1,
10,Marshlands,9,g,3,,4,6,Auristone Chunk,1,
5,Marshlands,9,g,3,,4,6,Ice Crystal,2,
5,Marshlands,9,g,3,,4,6,Lazurite Jewel,1,
75,Marshlands,9,g,4,,8,10,Whetstone,1,
20,Marshlands,9,g,4,,8,10,Stone,2,
5,Marshlands,9,g,4,,8,10,Stone,1,
30,Marshlands,9,g,5,,3,5,Herb,1,
20,Marshlands,9,g,5,,3,5,Antidote Herb,1,
20,Marshlands,9,g,5,,3,5,Sleep Herb,1,
20,Marshlands,9,g,5,,3,5,Felvine,1,
10,Marshlands,9,g,5,,3,5,Hot Pepper,1,
20,Marshlands,9,g,6,80,4,6,Eltalite Ore,1,
15,Marshlands,9,g,6,80,4,6,Disc Stone,2,
15,Marshlands,9,g,6,80,4,6,Shining Charm,1,
10,Marshlands,9,g,6,80,4,6,Lightcrystal,1,
10,Marshlands,9,g,6,80,4,6,Fucium Ore,1,
10,Marshlands,9,g,6,80,4,6,Lazurite Jewel,1,
10,Marshlands,9,g,6,80,4,6,Timeworn Charm,1,
5,Marshlands,9,g,6,80,4,6,Adamant Orb,1,
5,Marshlands,9,g,6,80,4,6,Auristone Piece,1,
20,Marshlands,9,g,7,20,4,6,Meldspar Ore,1,
20,Marshlands,9,g,7,20,4,6,King Armor Sphere,1,
15,Marshlands,9,g,7,20,4,6,Timeworn Charm,1,
10,Marshlands,9,g,7,20,4,6,Eltalite Ore,1,
10,Marshlands,9,g,7,20,4,6,Purecrystal,1,
10,Marshlands,9,g,7,20,4,6,Sovereign Orb,1,
10,Marshlands,9,g,7,20,4,6,Auristone Chunk,1,
5,Marshlands,9,g,7,20,4,6,Adamant Orb,1,
30,Marshlands,10,low,1,,3,4,Felyne Fur Ruby,1,
25,Marshlands,10,low,1,,3,4,Exciteshroom,1,
25,Marshlands,10,low,1,,3,4,Choice Mushroom,1,
20,Marshlands,10,low,1,,3,4,Nitroshroom,1,
30,Marshlands,10,low,2,,2,3,Novacrystal,1,
30,Marshlands,10,low,2,,2,3,Shining Charm,1,
25,Marshlands,10,low,2,,2,3,Timeworn Charm,1,
15,Marshlands,10,low,2,,2,3,Mystery Charm,1,
30,Marshlands,10,low,3,,3,4,Hercudrome,1,
30,Marshlands,10,low,3,,3,4,King Scarab,1,
25,Marshlands,10,low,3,,3,4,Royal Rhino,1,
15,Marshlands,10,low,3,,3,4,Divine Rhino,1,
30,Marshlands,10,low,4,,2,3,Shining Charm,1,
25,Marshlands,10,low,4,,2,3,Rustshard,1,
15,Marshlands,10,low,4,,2,3,Hard Armor Sphere,1,
15,Marshlands,10,low,4,,2,3,Timeworn Charm,1,
15,Marshlands,10,low,4,,2,3,Auristone Chunk,1,
30,Marshlands,10,high,1,,3,4,Felyne Fur Ruby,1,
25,Marshlands,10,high,1,,3,4,Exciteshroom,1,
25,Marshlands,10,high,1,,3,4,Choice Mushroom,1,
20,Marshlands,10,high,1,,3,4,Nitroshroom,1,
30,Marshlands,10,high,2,,2,3,Novacrystal,1,
30,Marshlands,10,high,2,,2,3,Shining Charm,1,
25,Marshlands,10,high,2,,2,3,Timeworn Charm,1,
15,Marshlands,10,high,2,,2,3,Mystery Charm,1,
30,Marshlands,10,high,3,,3,4,Hercudrome,1,
30,Marshlands,10,high,3,,3,4,King Scarab,1,
25,Marshlands,10,high,3,,3,4,Royal Rhino,1,
15,Marshlands,10,high,3,,3,4,Divine Rhino,1,
30,Marshlands,10,high,4,,2,3,Shining Charm,1,
25,Marshlands,10,high,4,,2,3,Rustshard,1,
15,Marshlands,10,high,4,,2,3,Hard Armor Sphere,1,
15,Marshlands,10,high,4,,2,3,Timeworn Charm,1,
15,Marshlands,10,high,4,,2,3,Auristone Chunk,1,
30,Marshlands,10,g,1,,3,4,Felyne Fur Ruby,1,
25,Marshlands,10,g,1,,3,4,Exciteshroom,1,
25,Marshlands,10,g,1,,3,4,Choice Mushroom,1,
20,Marshlands,10,g,1,,3,4,Nitroshroom,1,
30,Marshlands,10,g,2,,2,3,Purecrystal,1,
30,Marshlands,10,g,2,,2,3,Timeworn Charm,1,
25,Marshlands,10,g,2,,2,3,Enduring Charm,1,
15,Marshlands,10,g,2,,2,3,Shining Charm,1,
30,Marshlands,10,g,3,,3,4,King Scarab,1,
30,Marshlands,10,g,3,,3,4,Flutterfly,1,
25,Marshlands,10,g,3,,3,4,Emperor Hopper,1,
15,Marshlands,10,g,3,,3,4,Divine Rhino,1,
30,Marshlands,10,g,4,,2,3,Timeworn Charm,1,
25,Marshlands,10,g,4,,2,3,Ancient Shard,1,
15,Marshlands,10,g,4,,2,3,King Armor Sphere,1,
15,Marshlands,10,g,4,,2,3,Enduring Charm,1,
15,Marshlands,10,g,4,,2,3,Auristone Chunk,1,
25,Volcano,1,low,1,,3,5,Earth Crystal,1,
20,Volcano,1,low,1,,3,5,Coal,1,
15,Volcano,1,low,1,,3,5,Iron Ore,1,
15,Volcano,1,low,1,,3,5,Machalite Ore,1,
15,Volcano,1,low,1,,3,5,Disc Stone,1,
5,Volcano,1,low,1,,3,5,Firestone,1,
5,Volcano,1,low,1,,3,5,Mystery Charm,1,
25,Volcano,1,low,2,,3,5,Flashbug,1,
25,Volcano,1,low,2,,3,5,Shiny Beetle,1,
20,Volcano,1,low,2,,3,5,Worm,1,
20,Volcano,1,low,2,,3,5,Carpenterbug,1,
10,Volcano,1,low,2,,3,5,Royal Rhino,1,
30,Volcano,1,low,3,,3,5,Fire Herb,1,
30,Volcano,1,low,3,,3,5,Hot Pepper,1,
30,Volcano,1,low,3,,3,5,Tropical Berry,1,
10,Volcano,1,low,3,,3,5,Sap Plant,1,
25,Volcano,1,low,4,,1,1,Earth Crystal,1,
20,Volcano,1,low,4,,1,1,Coal,1,
15,Volcano,1,low,4,,1,1,Iron Ore,1,
15,Volcano,1,low,4,,1,1,Machalite Ore,1,
15,Volcano,1,low,4,,1,1,Disc Stone,1,
5,Volcano,1,low,4,,1,1,Firestone,1,
5,Volcano,1,low,4,,1,1,Mystery Charm,1,
30,Volcano,1,low,5,80,3,5,Bomberry,1,
20,Volcano,1,low,5,80,3,5,Huskberry,2,
20,Volcano,1,low,5,80,3,5,Needleberry,2,
15,Volcano,1,low,5,80,3,5,Might Seed,1,
15,Volcano,1,low,5,80,3,5,Adamant Seed,1,
25,Volcano,1,low,6,20,3,5,Might Seed,1,
25,Volcano,1,low,6,20,3,5,Adamant Seed,1,
20,Volcano,1,low,6,20,3,5,Bomberry,1,
15,Volcano,1,low,6,20,3,5,Huskberry,3,
15,Volcano,1,low,6,20,3,5,Needleberry,3,
70,Volcano,1,low,7,70,4,6,Dragon Ambrosia,1,
30,Volcano,1,low,7,70,4,6,Heavy Jelly,1,
35,Volcano,1,low,8,30,4,6,Dragon Ambrosia,1,
30,Volcano,1,low,8,30,4,6,Dragon Ambrosia,2,
20,Volcano,1,low,8,30,4,6,Heavy Jelly,1,
15,Volcano,1,low,8,30,4,6,Larval Extract,1,
15,Volcano,1,high,1,,3,5,Machalite Ore,1,
15,Volcano,1,high,1,,3,5,Disc Stone,1,
15,Volcano,1,high,1,,3,5,Coal,1,
10,Volcano,1,high,1,,3,5,Iron Ore,1,
10,Volcano,1,high,1,,3,5,Earth Crystal,1,
10,Volcano,1,high,1,,3,5,Carbalite Ore,1,
5,Volcano,1,high,1,,3,5,Firestone,1,
5,Volcano,1,high,1,,3,5,Hard Armor Sphere,1,
5,Volcano,1,high,1,,3,5,Mystery Charm,1,
5,Volcano,1,high,1,,3,5,Shining Charm,1,
5,Volcano,1,high,1,,3,5,Volatile Coal,1,
30,Volcano,1,high,2,,3,5,Flashbug,1,
25,Volcano,1,high,2,,3,5,Shiny Beetle,1,
16,Volcano,1,high,2,,3,5,Worm,1,
15,Volcano,1,high,2,,3,5,King Scarab,1,
10,Volcano,1,high,2,,3,5,Royal Rhino,1,
2,Volcano,1,high,2,,3,5,Rare Scarab,1,
2,Volcano,1,high,2,,3,5,Divine Rhino,1,
30,Volcano,1,high,3,,3,5,Fire Herb,1,
30,Volcano,1,high,3,,3,5,Hot Pepper,1,
30,Volcano,1,high,3,,3,5,Tropical Berry,1,
10,Volcano,1,high,3,,3,5,Sap Plant,1,
15,Volcano,1,high,4,,1,1,Machalite Ore,1,
15,Volcano,1,high,4,,1,1,Disc Stone,1,
15,Volcano,1,high,4,,1,1,Coal,1,
10,Volcano,1,high,4,,1,1,Iron Ore,1,
10,Volcano,1,high,4,,1,1,Earth Crystal,1,
10,Volcano,1,high,4,,1,1,Carbalite Ore,1,
5,Volcano,1,high,4,,1,1,Firestone,1,
5,Volcano,1,high,4,,1,1,Hard Armor Sphere,1,
5,Volcano,1,high,4,,1,1,Mystery Charm,1,
5,Volcano,1,high,4,,1,1,Shining Charm,1,
5,Volcano,1,high,4,,1,1,Volatile Coal,1,
100,Volcano,1,high,5,,2,3,Burned Husk,1,
30,Volcano,1,high,6,80,3,5,Bomberry,1,
20,Volcano,1,high,6,80,3,5,Huskberry,2,
20,Volcano,1,high,6,80,3,5,Needleberry,2,
15,Volcano,1,high,6,80,3,5,Might Seed,1,
15,Volcano,1,high,6,80,3,5,Adamant Seed,1,
25,Volcano,1,high,7,20,3,5,Might Seed,1,
25,Volcano,1,high,7,20,3,5,Adamant Seed,1,
20,Volcano,1,high,7,20,3,5,Bomberry,1,
15,Volcano,1,high,7,20,3,5,Huskberry,3,
15,Volcano,1,high,7,20,3,5,Needleberry,3,
70,Volcano,1,high,8,70,4,6,Dragon Ambrosia,1,
30,Volcano,1,high,8,70,4,6,Heavy Jelly,1,
30,Volcano,1,high,9,30,4,6,Dragon Ambrosia,1,
25,Volcano,1,high,9,30,4,6,Dragon Ambrosia,2,
15,Volcano,1,high,9,30,4,6,Larval Extract,1,
15,Volcano,1,high,9,30,4,6,Paralarval Extract,1,
15,Volcano,1,high,9,30,4,6,Heavy Jelly,1,
20,Volcano,1,g,1,,3,5,Eltalite Ore,1,
15,Volcano,1,g,1,,3,5,Firestone,2,
10,Volcano,1,g,1,,3,5,Earth Crystal,3,
10,Volcano,1,g,1,,3,5,Disc Stone,2,
10,Volcano,1,g,1,,3,5,Firecell Stone,1,
10,Volcano,1,g,1,,3,5,Coal,2,
5,Volcano,1,g,1,,3,5,Allfire Stone,1,
5,Volcano,1,g,1,,3,5,King Armor Sphere,1,
5,Volcano,1,g,1,,3,5,Shining Charm,1,
5,Volcano,1,g,1,,3,5,Timeworn Charm,1,
5,Volcano,1,g,1,,3,5,Volatile Coal,1,
25,Volcano,1,g,2,,3,5,Shiny Beetle,2,
15,Volcano,1,g,2,,3,5,King Scarab,1,
15,Volcano,1,g,2,,3,5,Rare Scarab,1,
15,Volcano,1,g,2,,3,5,Emperor Hopper,1,
10,Volcano,1,g,2,,3,5,Worm,2,
10,Volcano,1,g,2,,3,5,Royal Rhino,1,
10,Volcano,1,g,2,,3,5,Divine Rhino,1,
30,Volcano,1,g,3,,3,5,Fire Herb,1,
30,Volcano,1,g,3,,3,5,Hot Pepper,1,
30,Volcano,1,g,3,,3,5,Tropical Berry,1,
10,Volcano,1,g,3,,3,5,Sap Plant,1,
20,Volcano,1,g,4,,1,1,Eltalite Ore,1,
15,Volcano,1,g,4,,1,1,Firestone,2,
10,Volcano,1,g,4,,1,1,Earth Crystal,3,
10,Volcano,1,g,4,,1,1,Disc Stone,2,
10,Volcano,1,g,4,,1,1,Firecell Stone,1,
10,Volcano,1,g,4,,1,1,Coal,2,
5,Volcano,1,g,4,,1,1,Allfire Stone,1,
5,Volcano,1,g,4,,1,1,King Armor Sphere,1,
5,Volcano,1,g,4,,1,1,Shining Charm,1,
5,Volcano,1,g,4,,1,1,Timeworn Charm,1,
5,Volcano,1,g,4,,1,1,Volatile Coal,1,
100,Volcano,1,g,5,,2,3,Burned Husk,1,
30,Volcano,1,g,6,80,3,5,Bomberry,1,
20,Volcano,1,g,6,80,3,5,Huskberry,2,
20,Volcano,1,g,6,80,3,5,Needleberry,2,
15,Volcano,1,g,6,80,3,5,Might Seed,1,
15,Volcano,1,g,6,80,3,5,Adamant Seed,1,
25,Volcano,1,g,7,20,3,5,Might Seed,1,
25,Volcano,1,g,7,20,3,5,Adamant Seed,1,
20,Volcano,1,g,7,20,3,5,Bomberry,1,
15,Volcano,1,g,7,20,3,5,Huskberry,3,
15,Volcano,1,g,7,20,3,5,Needleberry,3,
50,Volcano,1,g,8,70,4,6,Dragon Ambrosia,1,
25,Volcano,1,g,8,70,4,6,Larval Extract,1,
25,Volcano,1,g,8,70,4,6,Heavy Jelly,1,
25,Volcano,1,g,9,30,4,6,Dragon Ambrosia,1,
25,Volcano,1,g,9,30,4,6,Dragon Ambrosia,2,
20,Volcano,1,g,9,30,4,6,Larval Extract,1,
20,Volcano,1,g,9,30,4,6,Paralarval Extract,1,
10,Volcano,1,g,9,30,4,6,Heavy Jelly,2,
25,Volcano,2,low,1,,3,5,Earth Crystal,1,
20,Volcano,2,low,1,,3,5,Disc Stone,1,
20,Volcano,2,low,1,,3,5,Coal,1,
15,Volcano,2,low,1,,3,5,Dragonite Ore,1,
10,Volcano,2,low,1,,3,5,Sunspire Jewel,1,
5,Volcano,2,low,1,,3,5,Firestone,1,
5,Volcano,2,low,1,,3,5,Aquaglow Jewel,1,
25,Volcano,2,low,2,,3,5,Iron Ore,1,
20,Volcano,2,low,2,,3,5,Machalite Ore,1,
15,Volcano,2,low,2,,3,5,Armor Sphere,1,
15,Volcano,2,low,2,,3,5,Coal,2,
10,Volcano,2,low,2,,3,5,Coal,1,
5,Volcano,2,low,2,,3,5,Firestone,1,
5,Volcano,2,low,2,,3,5,Armor Sphere+,1,
5,Volcano,2,low,2,,3,5,Mystery Charm,1,
40,Volcano,2,low,3,,3,5,Godbug,1,
20,Volcano,2,low,3,,3,5,Thunderbug,1,
15,Volcano,2,low,3,,3,5,Carpenterbug,1,
10,Volcano,2,low,3,,3,5,Hercudrome,1,
10,Volcano,2,low,3,,3,5,Royal Rhino,1,
5,Volcano,2,low,3,,3,5,Worm,1,
25,Volcano,2,low,4,,1,1,Earth Crystal,1,
20,Volcano,2,low,4,,1,1,Coal,1,
15,Volcano,2,low,4,,1,1,Iron Ore,1,
15,Volcano,2,low,4,,1,1,Machalite Ore,1,
15,Volcano,2,low,4,,1,1,Disc Stone,1,
5,Volcano,2,low,4,,1,1,Firestone,1,
5,Volcano,2,low,4,,1,1,Mystery Charm,1,
45,Volcano,2,low,5,80,3,5,Carpenterbug,1,
25,Volcano,2,low,5,80,3,5,Worm,1,
10,Volcano,2,low,5,80,3,5,Shiny Beetle,1,
10,Volcano,2,low,5,80,3,5,Hercudrome,1,
10,Volcano,2,low,5,80,3,5,Royal Rhino,1,
25,Volcano,2,low,6,20,3,5,Shiny Beetle,1,
25,Volcano,2,low,6,20,3,5,Hercudrome,1,
20,Volcano,2,low,6,20,3,5,Royal Rhino,1,
15,Volcano,2,low,6,20,3,5,Godbug,1,
15,Volcano,2,low,6,20,3,5,Carpenterbug,1,
30,Volcano,2,low,7,80,3,5,Fire Herb,1,
30,Volcano,2,low,7,80,3,5,Hot Pepper,1,
30,Volcano,2,low,7,80,3,5,Tropical Berry,1,
10,Volcano,2,low,7,80,3,5,Sap Plant,1,
25,Volcano,2,low,8,20,3,5,Fire Herb,1,
25,Volcano,2,low,8,20,3,5,Sap Plant,1,
25,Volcano,2,low,8,20,3,5,Hot Pepper,1,
25,Volcano,2,low,8,20,3,5,Tropical Berry,1,
15,Volcano,2,high,1,,3,5,Dragonite Ore,1,
15,Volcano,2,high,1,,3,5,Carbalite Ore,1,
10,Volcano,2,high,1,,3,5,Earth Crystal,1,
10,Volcano,2,high,1,,3,5,Disc Stone,1,
10,Volcano,2,high,1,,3,5,Fucium Ore,1,
10,Volcano,2,high,1,,3,5,Bloodrun Jewel,1,
10,Volcano,2,high,1,,3,5,Coal,1,
5,Volcano,2,high,1,,3,5,Firestone,1,
5,Volcano,2,high,1,,3,5,Firecell Stone,1,
5,Volcano,2,high,1,,3,5,Lazurite Jewel,1,
5,Volcano,2,high,1,,3,5,Volatile Coal,1,
20,Volcano,2,high,2,,3,5,Machalite Ore,1,
15,Volcano,2,high,2,,3,5,Coal,2,
10,Volcano,2,high,2,,3,5,Iron Ore,1,
10,Volcano,2,high,2,,3,5,Carbalite Ore,1,
10,Volcano,2,high,2,,3,5,Firecell Stone,1,
10,Volcano,2,high,2,,3,5,Shining Charm,1,
10,Volcano,2,high,2,,3,5,Timeworn Charm,1,
5,Volcano,2,high,2,,3,5,Firestone,1,
5,Volcano,2,high,2,,3,5,Mystery Charm,1,
5,Volcano,2,high,2,,3,5,Volatile Coal,1,
30,Volcano,2,high,3,,3,5,Godbug,1,
20,Volcano,2,high,3,,3,5,Thunderbug,1,
20,Volcano,2,high,3,,3,5,King Scarab,1,
10,Volcano,2,high,3,,3,5,Hercudrome,1,
10,Volcano,2,high,3,,3,5,Royal Rhino,1,
6,Volcano,2,high,3,,3,5,Worm,1,
2,Volcano,2,high,3,,3,5,Rare Scarab,1,
2,Volcano,2,high,3,,3,5,Divine Rhino,1,
15,Volcano,2,high,4,,1,1,Machalite Ore,1,
15,Volcano,2,high,4,,1,1,Disc Stone,1,
15,Volcano,2,high,4,,1,1,Coal,1,
10,Volcano,2,high,4,,1,1,Iron Ore,1,
10,Volcano,2,high,4,,1,1,Earth Crystal,1,
10,Volcano,2,high,4,,1,1,Carbalite Ore,1,
5,Volcano,2,high,4,,1,1,Firestone,1,
5,Volcano,2,high,4,,1,1,Hard Armor Sphere,1,
5,Volcano,2,high,4,,1,1,Mystery Charm,1,
5,Volcano,2,high,4,,1,1,Shining Charm,1,
5,Volcano,2,high,4,,1,1,Volatile Coal,1,
100,Volcano,2,high,5,,2,3,Burned Husk,1,
45,Volcano,2,high,6,80,3,5,King Scarab,1,
25,Volcano,2,high,6,80,3,5,Worm,1,
10,Volcano,2,high,6,80,3,5,Shiny Beetle,1,
10,Volcano,2,high,6,80,3,5,Hercudrome,1,
10,Volcano,2,high,6,80,3,5,Royal Rhino,1,
25,Volcano,2,high,7,20,3,5,Shiny Beetle,1,
25,Volcano,2,high,7,20,3,5,Hercudrome,1,
15,Volcano,2,high,7,20,3,5,King Scarab,1,
10,Volcano,2,high,7,20,3,5,Rare Scarab,1,
10,Volcano,2,high,7,20,3,5,Royal Rhino,1,
10,Volcano,2,high,7,20,3,5,Divine Rhino,1,
5,Volcano,2,high,7,20,3,5,Godbug,1,
30,Volcano,2,high,8,80,3,5,Fire Herb,1,
30,Volcano,2,high,8,80,3,5,Hot Pepper,1,
30,Volcano,2,high,8,80,3,5,Tropical Berry,1,
10,Volcano,2,high,8,80,3,5,Sap Plant,1,
25,Volcano,2,high,9,20,3,5,Fire Herb,1,
25,Volcano,2,high,9,20,3,5,Sap Plant,1,
25,Volcano,2,high,9,20,3,5,Hot Pepper,1,
25,Volcano,2,high,9,20,3,5,Tropical Berry,1,
20,Volcano,2,g,1,,3,5,Fucium Ore,1,
15,Volcano,2,g,1,,3,5,Eltalite Ore,1,
10,Volcano,2,g,1,,3,5,Disc Stone,2,
10,Volcano,2,g,1,,3,5,Firecell Stone,1,
10,Volcano,2,g,1,,3,5,Adamant Orb,1,
10,Volcano,2,g,1,,3,5,Coal,2,
5,Volcano,2,g,1,,3,5,Firestone,2,
5,Volcano,2,g,1,,3,5,Allfire Stone,1,
5,Volcano,2,g,1,,3,5,Meldspar Ore,1,
5,Volcano,2,g,1,,3,5,Sovereign Orb,1,
5,Volcano,2,g,1,,3,5,Volatile Coal,1,
15,Volcano,2,g,2,,3,5,Firecell Stone,1,
15,Volcano,2,g,2,,3,5,Enduring Charm,1,
15,Volcano,2,g,2,,3,5,Coal,2,
10,Volcano,2,g,2,,3,5,Firestone,2,
10,Volcano,2,g,2,,3,5,Allfire Stone,1,
10,Volcano,2,g,2,,3,5,Fucium Ore,1,
10,Volcano,2,g,2,,3,5,Timeworn Charm,1,
5,Volcano,2,g,2,,3,5,Earth Crystal,3,
5,Volcano,2,g,2,,3,5,Meldspar Ore,1,
5,Volcano,2,g,2,,3,5,Volatile Coal,1,
20,Volcano,2,g,3,,3,5,Thunderbug,2,
20,Volcano,2,g,3,,3,5,King Scarab,1,
15,Volcano,2,g,3,,3,5,Rare Scarab,1,
15,Volcano,2,g,3,,3,5,Divine Rhino,1,
10,Volcano,2,g,3,,3,5,Hercudrome,2,
10,Volcano,2,g,3,,3,5,Royal Rhino,1,
5,Volcano,2,g,3,,3,5,Worm,2,
5,Volcano,2,g,3,,3,5,Flutterfly,1,
20,Volcano,2,g,4,,1,1,Eltalite Ore,1,
15,Volcano,2,g,4,,1,1,Firestone,2,
10,Volcano,2,g,4,,1,1,Earth Crystal,3,
10,Volcano,2,g,4,,1,1,Disc Stone,2,
10,Volcano,2,g,4,,1,1,Firecell Stone,1,
10,Volcano,2,g,4,,1,1,Coal,2,
5,Volcano,2,g,4,,1,1,Allfire Stone,1,
5,Volcano,2,g,4,,1,1,King Armor Sphere,1,
5,Volcano,2,g,4,,1,1,Shining Charm,1,
5,Volcano,2,g,4,,1,1,Timeworn Charm,1,
5,Volcano,2,g,4,,1,1,Volatile Coal,1,
100,Volcano,2,g,5,,2,3,Burned Husk,1,
45,Volcano,2,g,6,80,3,5,King Scarab,1,
15,Volcano,2,g,6,80,3,5,Emperor Hopper,1,
10,Volcano,2,g,6,80,3,5,Worm,2,
10,Volcano,2,g,6,80,3,5,Shiny Beetle,2,
10,Volcano,2,g,6,80,3,5,Hercudrome,2,
10,Volcano,2,g,6,80,3,5,Royal Rhino,1,
30,Volcano,2,g,7,20,3,5,Emperor Hopper,1,
25,Volcano,2,g,7,20,3,5,King Scarab,1,
20,Volcano,2,g,7,20,3,5,Rare Scarab,1,
15,Volcano,2,g,7,20,3,5,Divine Rhino,1,
10,Volcano,2,g,7,20,3,5,Royal Rhino,1,
30,Volcano,2,g,8,80,3,5,Fire Herb,1,
30,Volcano,2,g,8,80,3,5,Hot Pepper,1,
30,Volcano,2,g,8,80,3,5,Tropical Berry,1,
10,Volcano,2,g,8,80,3,5,Sap Plant,1,
25,Volcano,2,g,9,20,3,5,Fire Herb,1,
25,Volcano,2,g,9,20,3,5,Sap Plant,1,
25,Volcano,2,g,9,20,3,5,Hot Pepper,1,
25,Volcano,2,g,9,20,3,5,Tropical Berry,1,
60,Volcano,3,low,1,,2,4,Whetstone,1,
30,Volcano,3,low,1,,2,4,Stone,1,
10,Volcano,3,low,1,,2,4,Stone,2,
20,Volcano,3,low,2,,3,5,Huskberry,3,
20,Volcano,3,low,2,,3,5,Might Seed,1,
20,Volcano,3,low,2,,3,5,Adamant Seed,1,
20,Volcano,3,low,2,,3,5,Needleberry,3,
20,Volcano,3,low,2,,3,5,Bomberry,1,
30,Volcano,3,low,3,80,3,5,Coal,1,
15,Volcano,3,low,3,80,3,5,Earth Crystal,1,
15,Volcano,3,low,3,80,3,5,Machalite Ore,1,
15,Volcano,3,low,3,80,3,5,Dragonite Ore,1,
15,Volcano,3,low,3,80,3,5,Armor Sphere,1,
5,Volcano,3,low,3,80,3,5,Firestone,1,
5,Volcano,3,low,3,80,3,5,Mystery Charm,1,
20,Volcano,3,low,4,20,3,5,Dragonite Ore,1,
20,Volcano,3,low,4,20,3,5,Coal,2,
15,Volcano,3,low,4,20,3,5,Firestone,1,
15,Volcano,3,low,4,20,3,5,Armor Sphere,1,
15,Volcano,3,low,4,20,3,5,Mystery Charm,1,
10,Volcano,3,low,4,20,3,5,Armor Sphere+,1,
5,Volcano,3,low,4,20,3,5,Machalite Ore,1,
30,Volcano,3,low,5,80,3,5,Fire Herb,1,
30,Volcano,3,low,5,80,3,5,Hot Pepper,1,
30,Volcano,3,low,5,80,3,5,Tropical Berry,1,
10,Volcano,3,low,5,80,3,5,Sap Plant,1,
25,Volcano,3,low,6,20,3,5,Fire Herb,1,
25,Volcano,3,low,6,20,3,5,Sap Plant,1,
25,Volcano,3,low,6,20,3,5,Hot Pepper,1,
25,Volcano,3,low,6,20,3,5,Tropical Berry,1,
70,Volcano,3,low,7,70,4,6,Dragon Ambrosia,1,
30,Volcano,3,low,7,70,4,6,Heavy Jelly,1,
35,Volcano,3,low,8,30,4,6,Dragon Ambrosia,1,
30,Volcano,3,low,8,30,4,6,Dragon Ambrosia,2,
20,Volcano,3,low,8,30,4,6,Heavy Jelly,1,
15,Volcano,3,low,8,30,4,6,Larval Extract,1,
60,Volcano,3,high,1,,2,4,Whetstone,1,
30,Volcano,3,high,1,,2,4,Stone,2,
10,Volcano,3,high,1,,2,4,Stone,1,
20,Volcano,3,high,2,,3,5,Huskberry,3,
20,Volcano,3,high,2,,3,5,Might Seed,1,
20,Volcano,3,high,2,,3,5,Adamant Seed,1,
20,Volcano,3,high,2,,3,5,Needleberry,3,
20,Volcano,3,high,2,,3,5,Bomberry,1,
20,Volcano,3,high,3,80,3,5,Dragonite Ore,1,
15,Volcano,3,high,3,80,3,5,Machalite Ore,1,
15,Volcano,3,high,3,80,3,5,Coal,2,
10,Volcano,3,high,3,80,3,5,Earth Crystal,1,
10,Volcano,3,high,3,80,3,5,Carbalite Ore,1,
10,Volcano,3,high,3,80,3,5,Hard Armor Sphere,1,
5,Volcano,3,high,3,80,3,5,Firestone,1,
5,Volcano,3,high,3,80,3,5,Fucium Ore,1,
5,Volcano,3,high,3,80,3,5,Mystery Charm,1,
5,Volcano,3,high,3,80,3,5,Shining Charm,1,
20,Volcano,3,high,4,20,3,5,Hard Armor Sphere,1,
15,Volcano,3,high,4,20,3,5,Dragonite Ore,1,
15,Volcano,3,high,4,20,3,5,Firecell Stone,1,
15,Volcano,3,high,4,20,3,5,Timeworn Charm,1,
10,Volcano,3,high,4,20,3,5,Firestone,1,
10,Volcano,3,high,4,20,3,5,Fucium Ore,1,
10,Volcano,3,high,4,20,3,5,Shining Charm,1,
5,Volcano,3,high,4,20,3,5,Machalite Ore,1,
30,Volcano,3,high,5,80,3,5,Fire Herb,1,
30,Volcano,3,high,5,80,3,5,Hot Pepper,1,
30,Volcano,3,high,5,80,3,5,Tropical Berry,1,
10,Volcano,3,high,5,80,3,5,Sap Plant,1,
25,Volcano,3,high,6,20,3,5,Fire Herb,1,
25,Volcano,3,high,6,20,3,5,Sap Plant,1,
25,Volcano,3,high,6,20,3,5,Hot Pepper,1,
25,Volcano,3,high,6,20,3,5,Tropical Berry,1,
70,Volcano,3,high,7,70,4,6,Dragon Ambrosia,1,
30,Volcano,3,high,7,70,4,6,Heavy Jelly,1,
30,Volcano,3,high,8,30,4,6,Dragon Ambrosia,1,
25,Volcano,3,high,8,30,4,6,Dragon Ambrosia,2,
15,Volcano,3,high,8,30,4,6,Larval Extract,1,
15,Volcano,3,high,8,30,4,6,Paralarval Extract,1,
15,Volcano,3,high,8,30,4,6,Heavy Jelly,1,
60,Volcano,3,g,1,,2,4,Whetstone,1,
30,Volcano,3,g,1,,2,4,Stone,2,
10,Volcano,3,g,1,,2,4,Stone,1,
20,Volcano,3,g,2,,3,5,Huskberry,3,
20,Volcano,3,g,2,,3,5,Might Seed,1,
20,Volcano,3,g,2,,3,5,Adamant Seed,1,
20,Volcano,3,g,2,,3,5,Needleberry,3,
20,Volcano,3,g,2,,3,5,Bomberry,1,
15,Volcano,3,g,3,80,3,5,Fucium Ore,1,
15,Volcano,3,g,3,80,3,5,Timeworn Charm,1,
15,Volcano,3,g,3,80,3,5,Coal,3,
10,Volcano,3,g,3,80,3,5,Firestone,2,
10,Volcano,3,g,3,80,3,5,Eltalite Ore,1,
10,Volcano,3,g,3,80,3,5,Meldspar Ore,1,
10,Volcano,3,g,3,80,3,5,Firecell Stone,1,
10,Volcano,3,g,3,80,3,5,King Armor Sphere,1,
5,Volcano,3,g,3,80,3,5,Shining Charm,1,
25,Volcano,3,g,4,20,3,5,King Armor Sphere,1,
15,Volcano,3,g,4,20,3,5,Allfire Stone,1,
15,Volcano,3,g,4,20,3,5,Meldspar Ore,1,
15,Volcano,3,g,4,20,3,5,Enduring Charm,1,
10,Volcano,3,g,4,20,3,5,Firecell Stone,1,
10,Volcano,3,g,4,20,3,5,Timeworn Charm,1,
5,Volcano,3,g,4,20,3,5,Firestone,2,
5,Volcano,3,g,4,20,3,5,Fucium Ore,1,
30,Volcano,3,g,5,80,3,5,Fire Herb,1,
30,Volcano,3,g,5,80,3,5,Hot Pepper,1,
30,Volcano,3,g,5,80,3,5,Tropical Berry,1,
10,Volcano,3,g,5,80,3,5,Sap Plant,1,
25,Volcano,3,g,6,20,3,5,Fire Herb,1,
25,Volcano,3,g,6,20,3,5,Sap Plant,1,
25,Volcano,3,g,6,20,3,5,Hot Pepper,1,
25,Volcano,3,g,6,20,3,5,Tropical Berry,1,
50,Volcano,3,g,7,70,4,6,Dragon Ambrosia,1,
25,Volcano,3,g,7,70,4,6,Larval Extract,1,
25,Volcano,3,g,7,70,4,6,Heavy Jelly,1,
25,Volcano,3,g,8,30,4,6,Dragon Ambrosia,1,
25,Volcano,3,g,8,30,4,6,Dragon Ambrosia,2,
20,Volcano,3,g,8,30,4,6,Larval Extract,1,
20,Volcano,3,g,8,30,4,6,Paralarval Extract,1,
10,Volcano,3,g,8,30,4,6,Heavy Jelly,2,
60,Volcano,4,low,1,,2,4,Whetstone,1,
30,Volcano,4,low,1,,2,4,Stone,1,
10,Volcano,4,low,1,,2,4,Stone,2,
25,Volcano,4,low,2,,3,5,Earth Crystal,1,
20,Volcano,4,low,2,,3,5,Disc Stone,1,
20,Volcano,4,low,2,,3,5,Coal,1,
15,Volcano,4,low,2,,3,5,Dragonite Ore,1,
10,Volcano,4,low,2,,3,5,Sunspire Jewel,1,
5,Volcano,4,low,2,,3,5,Firestone,1,
5,Volcano,4,low,2,,3,5,Aquaglow Jewel,1,
20,Volcano,4,low,3,,3,5,Huskberry,3,
20,Volcano,4,low,3,,3,5,Might Seed,1,
20,Volcano,4,low,3,,3,5,Adamant Seed,1,
20,Volcano,4,low,3,,3,5,Needleberry,3,
20,Volcano,4,low,3,,3,5,Bomberry,1,
30,Volcano,4,low,4,80,3,5,Coal,1,
25,Volcano,4,low,4,80,3,5,Disc Stone,1,
15,Volcano,4,low,4,80,3,5,Sunspire Jewel,1,
10,Volcano,4,low,4,80,3,5,Iron Ore,1,
10,Volcano,4,low,4,80,3,5,Aquaglow Jewel,1,
5,Volcano,4,low,4,80,3,5,Firestone,1,
5,Volcano,4,low,4,80,3,5,Mystery Charm,1,
25,Volcano,4,low,5,20,3,5,Coal,2,
20,Volcano,4,low,5,20,3,5,Firestone,1,
15,Volcano,4,low,5,20,3,5,Disc Stone,1,
15,Volcano,4,low,5,20,3,5,Sunspire Jewel,1,
15,Volcano,4,low,5,20,3,5,Mystery Charm,1,
10,Volcano,4,low,5,20,3,5,Aquaglow Jewel,1,
30,Volcano,4,low,6,80,3,5,Fire Herb,1,
30,Volcano,4,low,6,80,3,5,Hot Pepper,1,
30,Volcano,4,low,6,80,3,5,Tropical Berry,1,
10,Volcano,4,low,6,80,3,5,Sap Plant,1,
25,Volcano,4,low,7,20,3,5,Fire Herb,1,
25,Volcano,4,low,7,20,3,5,Sap Plant,1,
25,Volcano,4,low,7,20,3,5,Hot Pepper,1,
25,Volcano,4,low,7,20,3,5,Tropical Berry,1,
60,Volcano,4,high,1,,2,4,Whetstone,1,
30,Volcano,4,high,1,,2,4,Stone,2,
10,Volcano,4,high,1,,2,4,Stone,1,
15,Volcano,4,high,2,,3,5,Dragonite Ore,1,
15,Volcano,4,high,2,,3,5,Carbalite Ore,1,
10,Volcano,4,high,2,,3,5,Earth Crystal,1,
10,Volcano,4,high,2,,3,5,Disc Stone,1,
10,Volcano,4,high,2,,3,5,Fucium Ore,1,
10,Volcano,4,high,2,,3,5,Bloodrun Jewel,1,
10,Volcano,4,high,2,,3,5,Coal,1,
5,Volcano,4,high,2,,3,5,Firestone,1,
5,Volcano,4,high,2,,3,5,Firecell Stone,1,
5,Volcano,4,high,2,,3,5,Lazurite Jewel,1,
5,Volcano,4,high,2,,3,5,Volatile Coal,1,
20,Volcano,4,high,3,,3,5,Huskberry,3,
20,Volcano,4,high,3,,3,5,Might Seed,1,
20,Volcano,4,high,3,,3,5,Adamant Seed,1,
20,Volcano,4,high,3,,3,5,Needleberry,3,
20,Volcano,4,high,3,,3,5,Bomberry,1,
25,Volcano,4,high,4,80,3,5,Bloodrun Jewel,1,
15,Volcano,4,high,4,80,3,5,Coal,2,
10,Volcano,4,high,4,80,3,5,Iron Ore,1,
10,Volcano,4,high,4,80,3,5,Disc Stone,1,
10,Volcano,4,high,4,80,3,5,Carbalite Ore,1,
5,Volcano,4,high,4,80,3,5,Firestone,1,
5,Volcano,4,high,4,80,3,5,Fucium Ore,1,
5,Volcano,4,high,4,80,3,5,Firecell Stone,1,
5,Volcano,4,high,4,80,3,5,Mystery Charm,1,
5,Volcano,4,high,4,80,3,5,Shining Charm,1,
5,Volcano,4,high,4,80,3,5,Volatile Coal,1,
20,Volcano,4,high,5,20,3,5,Firecell Stone,1,
20,Volcano,4,high,5,20,3,5,Timeworn Charm,1,
15,Volcano,4,high,5,20,3,5,Lazurite Jewel,1,
15,Volcano,4,high,5,20,3,5,Volatile Coal,1,
10,Volcano,4,high,5,20,3,5,Carbalite Ore,1,
10,Volcano,4,high,5,20,3,5,Fucium Ore,1,
10,Volcano,4,high,5,20,3,5,Bloodrun Jewel,1,
30,Volcano,4,high,6,80,3,5,Fire Herb,1,
30,Volcano,4,high,6,80,3,5,Hot Pepper,1,
30,Volcano,4,high,6,80,3,5,Tropical Berry,1,
10,Volcano,4,high,6,80,3,5,Sap Plant,1,
25,Volcano,4,high,7,20,3,5,Fire Herb,1,
25,Volcano,4,high,7,20,3,5,Sap Plant,1,
25,Volcano,4,high,7,20,3,5,Hot Pepper,1,
25,Volcano,4,high,7,20,3,5,Tropical Berry,1,
60,Volcano,4,g,1,,2,4,Whetstone,1,
30,Volcano,4,g,1,,2,4,Stone,2,
10,Volcano,4,g,1,,2,4,Stone,1,
20,Volcano,4,g,2,,3,5,Fucium Ore,1,
15,Volcano,4,g,2,,3,5,Eltalite Ore,1,
10,Volcano,4,g,2,,3,5,Disc Stone,2,
10,Volcano,4,g,2,,3,5,Firecell Stone,1,
10,Volcano,4,g,2,,3,5,Adamant Orb,1,
10,Volcano,4,g,2,,3,5,Coal,2,
5,Volcano,4,g,2,,3,5,Firestone,2,
5,Volcano,4,g,2,,3,5,Allfire Stone,1,
5,Volcano,4,g,2,,3,5,Meldspar Ore,1,
5,Volcano,4,g,2,,3,5,Sovereign Orb,1,
5,Volcano,4,g,2,,3,5,Volatile Coal,1,
20,Volcano,4,g,3,,3,5,Huskberry,3,
20,Volcano,4,g,3,,3,5,Might Seed,1,
20,Volcano,4,g,3,,3,5,Adamant Seed,1,
20,Volcano,4,g,3,,3,5,Needleberry,3,
20,Volcano,4,g,3,,3,5,Bomberry,1,
25,Volcano,4,g,4,80,3,5,Adamant Orb,1,
15,Volcano,4,g,4,80,3,5,Coal,2,
10,Volcano,4,g,4,80,3,5,Eltalite Ore,1,
10,Volcano,4,g,4,80,3,5,Meldspar Ore,1,
10,Volcano,4,g,4,80,3,5,Fucium Ore,1,
5,Volcano,4,g,4,80,3,5,Earth Crystal,3,
5,Volcano,4,g,4,80,3,5,Firestone,2,
5,Volcano,4,g,4,80,3,5,Firecell Stone,1,
5,Volcano,4,g,4,80,3,5,Shining Charm,1,
5,Volcano,4,g,4,80,3,5,Timeworn Charm,1,
5,Volcano,4,g,4,80,3,5,Volatile Coal,1,
20,Volcano,4,g,5,20,3,5,Allfire Stone,1,
20,Volcano,4,g,5,20,3,5,Enduring Charm,1,
15,Volcano,4,g,5,20,3,5,Eltalite Ore,1,
15,Volcano,4,g,5,20,3,5,Meldspar Ore,1,
10,Volcano,4,g,5,20,3,5,Adamant Orb,1,
10,Volcano,4,g,5,20,3,5,Sovereign Orb,1,
10,Volcano,4,g,5,20,3,5,Volatile Coal,1,
30,Volcano,4,g,6,80,3,5,Fire Herb,1,
30,Volcano,4,g,6,80,3,5,Hot Pepper,1,
30,Volcano,4,g,6,80,3,5,Tropical Berry,1,
10,Volcano,4,g,6,80,3,5,Sap Plant,1,
25,Volcano,4,g,7,20,3,5,Fire Herb,1,
25,Volcano,4,g,7,20,3,5,Sap Plant,1,
25,Volcano,4,g,7,20,3,5,Hot Pepper,1,
25,Volcano,4,g,7,20,3,5,Tropical Berry,1,
25,Volcano,5,low,1,,3,5,Earth Crystal,1,
20,Volcano,5,low,1,,3,5,Coal,1,
15,Volcano,5,low,1,,3,5,Iron Ore,1,
15,Volcano,5,low,1,,3,5,Machalite Ore,1,
15,Volcano,5,low,1,,3,5,Disc Stone,1,
5,Volcano,5,low,1,,3,5,Firestone,1,
5,Volcano,5,low,1,,3,5,Mystery Charm,1,
30,Volcano,5,low,2,80,3,5,Coal,1,
15,Volcano,5,low,2,80,3,5,Earth Crystal,1,
15,Volcano,5,low,2,80,3,5,Machalite Ore,1,
15,Volcano,5,low,2,80,3,5,Dragonite Ore,1,
15,Volcano,5,low,2,80,3,5,Armor Sphere,1,
5,Volcano,5,low,2,80,3,5,Firestone,1,
5,Volcano,5,low,2,80,3,5,Mystery Charm,1,
20,Volcano,5,low,3,20,3,5,Dragonite Ore,1,
20,Volcano,5,low,3,20,3,5,Coal,2,
15,Volcano,5,low,3,20,3,5,Firestone,1,
15,Volcano,5,low,3,20,3,5,Armor Sphere,1,
15,Volcano,5,low,3,20,3,5,Mystery Charm,1,
10,Volcano,5,low,3,20,3,5,Armor Sphere+,1,
5,Volcano,5,low,3,20,3,5,Machalite Ore,1,
30,Volcano,5,low,4,80,3,5,Fire Herb,1,
30,Volcano,5,low,4,80,3,5,Hot Pepper,1,
30,Volcano,5,low,4,80,3,5,Tropical Berry,1,
10,Volcano,5,low,4,80,3,5,Sap Plant,1,
25,Volcano,5,low,5,20,3,5,Fire Herb,1,
25,Volcano,5,low,5,20,3,5,Sap Plant,1,
25,Volcano,5,low,5,20,3,5,Hot Pepper,1,
25,Volcano,5,low,5,20,3,5,Tropical Berry,1,
30,Volcano,5,low,6,80,3,5,Bomberry,1,
20,Volcano,5,low,6,80,3,5,Huskberry,2,
20,Volcano,5,low,6,80,3,5,Needleberry,2,
15,Volcano,5,low,6,80,3,5,Might Seed,1,
15,Volcano,5,low,6,80,3,5,Adamant Seed,1,
25,Volcano,5,low,7,20,3,5,Might Seed,1,
25,Volcano,5,low,7,20,3,5,Adamant Seed,1,
20,Volcano,5,low,7,20,3,5,Bomberry,1,
15,Volcano,5,low,7,20,3,5,Huskberry,3,
15,Volcano,5,low,7,20,3,5,Needleberry,3,
15,Volcano,5,high,1,,3,5,Machalite Ore,1,
15,Volcano,5,high,1,,3,5,Disc Stone,1,
15,Volcano,5,high,1,,3,5,Coal,1,
10,Volcano,5,high,1,,3,5,Iron Ore,1,
10,Volcano,5,high,1,,3,5,Earth Crystal,1,
10,Volcano,5,high,1,,3,5,Carbalite Ore,1,
5,Volcano,5,high,1,,3,5,Firestone,1,
5,Volcano,5,high,1,,3,5,Hard Armor Sphere,1,
5,Volcano,5,high,1,,3,5,Mystery Charm,1,
5,Volcano,5,high,1,,3,5,Shining Charm,1,
5,Volcano,5,high,1,,3,5,Volatile Coal,1,
20,Volcano,5,high,2,80,3,5,Dragonite Ore,1,
15,Volcano,5,high,2,80,3,5,Machalite Ore,1,
15,Volcano,5,high,2,80,3,5,Coal,2,
10,Volcano,5,high,2,80,3,5,Earth Crystal,1,
10,Volcano,5,high,2,80,3,5,Carbalite Ore,1,
10,Volcano,5,high,2,80,3,5,Hard Armor Sphere,1,
5,Volcano,5,high,2,80,3,5,Firestone,1,
5,Volcano,5,high,2,80,3,5,Fucium Ore,1,
5,Volcano,5,high,2,80,3,5,Mystery Charm,1,
5,Volcano,5,high,2,80,3,5,Shining Charm,1,
20,Volcano,5,high,3,20,3,5,Hard Armor Sphere,1,
15,Volcano,5,high,3,20,3,5,Dragonite Ore,1,
15,Volcano,5,high,3,20,3,5,Firecell Stone,1,
15,Volcano,5,high,3,20,3,5,Timeworn Charm,1,
10,Volcano,5,high,3,20,3,5,Firestone,1,
10,Volcano,5,high,3,20,3,5,Fucium Ore,1,
10,Volcano,5,high,3,20,3,5,Shining Charm,1,
5,Volcano,5,high,3,20,3,5,Machalite Ore,1,
30,Volcano,5,high,4,80,3,5,Fire Herb,1,
30,Volcano,5,high,4,80,3,5,Hot Pepper,1,
30,Volcano,5,high,4,80,3,5,Tropical Berry,1,
10,Volcano,5,high,4,80,3,5,Sap Plant,1,
25,Volcano,5,high,5,20,3,5,Fire Herb,1,
25,Volcano,5,high,5,20,3,5,Sap Plant,1,
25,Volcano,5,high,5,20,3,5,Hot Pepper,1,
25,Volcano,5,high,5,20,3,5,Tropical Berry,1,
30,Volcano,5,high,6,80,3,5,Bomberry,1,
20,Volcano,5,high,6,80,3,5,Huskberry,2,
20,Volcano,5,high,6,80,3,5,Needleberry,2,
15,Volcano,5,high,6,80,3,5,Might Seed,1,
15,Volcano,5,high,6,80,3,5,Adamant Seed,1,
25,Volcano,5,high,7,20,3,5,Might Seed,1,
25,Volcano,5,high,7,20,3,5,Adamant Seed,1,
20,Volcano,5,high,7,20,3,5,Bomberry,1,
15,Volcano,5,high,7,20,3,5,Huskberry,3,
15,Volcano,5,high,7,20,3,5,Needleberry,3,
20,Volcano,5,g,1,,3,5,Eltalite Ore,1,
15,Volcano,5,g,1,,3,5,Firestone,2,
10,Volcano,5,g,1,,3,5,Earth Crystal,3,
10,Volcano,5,g,1,,3,5,Disc Stone,2,
10,Volcano,5,g,1,,3,5,Firecell Stone,1,
10,Volcano,5,g,1,,3,5,Coal,2,
5,Volcano,5,g,1,,3,5,Allfire Stone,1,
5,Volcano,5,g,1,,3,5,King Armor Sphere,1,
5,Volcano,5,g,1,,3,5,Shining Charm,1,
5,Volcano,5,g,1,,3,5,Timeworn Charm,1,
5,Volcano,5,g,1,,3,5,Volatile Coal,1,
15,Volcano,5,g,2,80,3,5,Fucium Ore,1,
15,Volcano,5,g,2,80,3,5,Timeworn Charm,1,
15,Volcano,5,g,2,80,3,5,Coal,3,
10,Volcano,5,g,2,80,3,5,Firestone,2,
10,Volcano,5,g,2,80,3,5,Eltalite Ore,1,
10,Volcano,5,g,2,80,3,5,Meldspar Ore,1,
10,Volcano,5,g,2,80,3,5,Firecell Stone,1,
10,Volcano,5,g,2,80,3,5,King Armor Sphere,1,
5,Volcano,5,g,2,80,3,5,Shining Charm,1,
25,Volcano,5,g,3,20,3,5,King Armor Sphere,1,
15,Volcano,5,g,3,20,3,5,Allfire Stone,1,
15,Volcano,5,g,3,20,3,5,Meldspar Ore,1,
15,Volcano,5,g,3,20,3,5,Enduring Charm,1,
10,Volcano,5,g,3,20,3,5,Firecell Stone,1,
10,Volcano,5,g,3,20,3,5,Timeworn Charm,1,
5,Volcano,5,g,3,20,3,5,Firestone,2,
5,Volcano,5,g,3,20,3,5,Fucium Ore,1,
30,Volcano,5,g,4,80,3,5,Fire Herb,1,
30,Volcano,5,g,4,80,3,5,Hot Pepper,1,
30,Volcano,5,g,4,80,3,5,Tropical Berry,1,
10,Volcano,5,g,4,80,3,5,Sap Plant,1,
25,Volcano,5,g,5,20,3,5,Fire Herb,1,
25,Volcano,5,g,5,20,3,5,Sap Plant,1,
25,Volcano,5,g,5,20,3,5,Hot Pepper,1,
25,Volcano,5,g,5,20,3,5,Tropical Berry,1,
30,Volcano,5,g,6,80,3,5,Bomberry,1,
20,Volcano,5,g,6,80,3,5,Huskberry,2,
20,Volcano,5,g,6,80,3,5,Needleberry,2,
15,Volcano,5,g,6,80,3,5,Might Seed,1,
15,Volcano,5,g,6,80,3,5,Adamant Seed,1,
25,Volcano,5,g,7,20,3,5,Might Seed,1,
25,Volcano,5,g,7,20,3,5,Adamant Seed,1,
20,Volcano,5,g,7,20,3,5,Bomberry,1,
15,Volcano,5,g,7,20,3,5,Huskberry,3,
15,Volcano,5,g,7,20,3,5,Needleberry,3,
75,Volcano,6,low,1,,,,Powderstone,1,∞
15,Volcano,6,low,1,,,,Stone,1,∞
10,Volcano,6,low,1,,,,Stone,2,∞
55,Volcano,6,low,2,,3,5,Dragonfell Berry,1,
30,Volcano,6,low,2,,3,5,Dragon Toadstool,1,
15,Volcano,6,low,2,,3,5,Insect Husk,2,
25,Volcano,6,low,3,,4,6,Earth Crystal,1,
25,Volcano,6,low,3,,4,6,Machalite Ore,1,
25,Volcano,6,low,3,,4,6,Disc Stone,1,
15,Volcano,6,low,3,,4,6,Mystery Charm,1,
10,Volcano,6,low,3,,4,6,Rustshard,1,
55,Volcano,6,low,4,,3,5,Bone Husk,1,
30,Volcano,6,low,4,,3,5,Mystery Bone,1,
15,Volcano,6,low,4,,3,5,Unknown Skull,1,
30,Volcano,6,low,5,80,3,5,Coal,1,
25,Volcano,6,low,5,80,3,5,Disc Stone,1,
15,Volcano,6,low,5,80,3,5,Sunspire Jewel,1,
10,Volcano,6,low,5,80,3,5,Iron Ore,1,
10,Volcano,6,low,5,80,3,5,Aquaglow Jewel,1,
5,Volcano,6,low,5,80,3,5,Firestone,1,
5,Volcano,6,low,5,80,3,5,Mystery Charm,1,
25,Volcano,6,low,6,20,3,5,Coal,2,
20,Volcano,6,low,6,20,3,5,Firestone,1,
15,Volcano,6,low,6,20,3,5,Disc Stone,1,
15,Volcano,6,low,6,20,3,5,Sunspire Jewel,1,
15,Volcano,6,low,6,20,3,5,Mystery Charm,1,
10,Volcano,6,low,6,20,3,5,Aquaglow Jewel,1,
75,Volcano,6,high,1,,,,Powderstone,1,∞
20,Volcano,6,high,1,,,,Stone,2,∞
5,Volcano,6,high,1,,,,Stone,1,∞
55,Volcano,6,high,2,,3,5,Dragonfell Berry,1,
45,Volcano,6,high,2,,3,5,Dragon Toadstool,1,
20,Volcano,6,high,3,,4,6,Dragonite Ore,1,
15,Volcano,6,high,3,,4,6,Hard Armor Sphere,1,
15,Volcano,6,high,3,,4,6,Shining Charm,1,
15,Volcano,6,high,3,,4,6,Timeworn Charm,1,
10,Volcano,6,high,3,,4,6,Machalite Ore,1,
10,Volcano,6,high,3,,4,6,Ancient Shard,1,
5,Volcano,6,high,3,,4,6,Earth Crystal,1,
5,Volcano,6,high,3,,4,6,Disc Stone,1,
5,Volcano,6,high,3,,4,6,Mystery Charm,1,
55,Volcano,6,high,4,,3,5,Bone Husk,1,
30,Volcano,6,high,4,,3,5,Mystery Bone,1,
15,Volcano,6,high,4,,3,5,Unknown Skull,1,
25,Volcano,6,high,5,80,3,5,Bloodrun Jewel,1,
15,Volcano,6,high,5,80,3,5,Coal,2,
10,Volcano,6,high,5,80,3,5,Iron Ore,1,
10,Volcano,6,high,5,80,3,5,Disc Stone,1,
10,Volcano,6,high,5,80,3,5,Carbalite Ore,1,
5,Volcano,6,high,5,80,3,5,Firestone,1,
5,Volcano,6,high,5,80,3,5,Fucium Ore,1,
5,Volcano,6,high,5,80,3,5,Firecell Stone,1,
5,Volcano,6,high,5,80,3,5,Mystery Charm,1,
5,Volcano,6,high,5,80,3,5,Shining Charm,1,
5,Volcano,6,high,5,80,3,5,Volatile Coal,1,
20,Volcano,6,high,6,20,3,5,Firecell Stone,1,
20,Volcano,6,high,6,20,3,5,Timeworn Charm,1,
15,Volcano,6,high,6,20,3,5,Lazurite Jewel,1,
15,Volcano,6,high,6,20,3,5,Volatile Coal,1,
10,Volcano,6,high,6,20,3,5,Carbalite Ore,1,
10,Volcano,6,high,6,20,3,5,Fucium Ore,1,
10,Volcano,6,high,6,20,3,5,Bloodrun Jewel,1,
75,Volcano,6,g,1,,,,Powderstone,1,∞
20,Volcano,6,g,1,,,,Stone,2,∞
5,Volcano,6,g,1,,,,Stone,1,∞
55,Volcano,6,g,2,,3,5,Dragonfell Berry,1,
45,Volcano,6,g,2,,3,5,Dragon Toadstool,1,
20,Volcano,6,g,3,,4,6,Meldspar Ore,1,
20,Volcano,6,g,3,,4,6,King Armor Sphere,1,
20,Volcano,6,g,3,,4,6,Enduring Charm,1,
15,Volcano,6,g,3,,4,6,Eltalite Ore,1,
15,Volcano,6,g,3,,4,6,Timeworn Charm,1,
10,Volcano,6,g,3,,4,6,Ancient Shard,1,
40,Volcano,6,g,4,,3,5,Bone Husk,1,
30,Volcano,6,g,4,,3,5,Mystery Bone,1,
15,Volcano,6,g,4,,3,5,Unknown Skull,1,
15,Volcano,6,g,4,,3,5,Huge Unknown Skull,1,
25,Volcano,6,g,5,80,3,5,Adamant Orb,1,
15,Volcano,6,g,5,80,3,5,Coal,2,
10,Volcano,6,g,5,80,3,5,Eltalite Ore,1,
10,Volcano,6,g,5,80,3,5,Meldspar Ore,1,
10,Volcano,6,g,5,80,3,5,Fucium Ore,1,
5,Volcano,6,g,5,80,3,5,Earth Crystal,3,
5,Volcano,6,g,5,80,3,5,Firestone,2,
5,Volcano,6,g,5,80,3,5,Firecell Stone,1,
5,Volcano,6,g,5,80,3,5,Shining Charm,1,
5,Volcano,6,g,5,80,3,5,Timeworn Charm,1,
5,Volcano,6,g,5,80,3,5,Volatile Coal,1,
20,Volcano,6,g,6,20,3,5,Allfire Stone,1,
20,Volcano,6,g,6,20,3,5,Enduring Charm,1,
15,Volcano,6,g,6,20,3,5,Eltalite Ore,1,
15,Volcano,6,g,6,20,3,5,Meldspar Ore,1,
10,Volcano,6,g,6,20,3,5,Adamant Orb,1,
10,Volcano,6,g,6,20,3,5,Sovereign Orb,1,
10,Volcano,6,g,6,20,3,5,Volatile Coal,1,
60,Volcano,7,low,1,,2,4,Whetstone,1,
30,Volcano,7,low,1,,2,4,Stone,1,
10,Volcano,7,low,1,,2,4,Stone,2,
30,Volcano,7,low,2,,3,5,Fire Herb,1,
30,Volcano,7,low,2,,3,5,Hot Pepper,1,
30,Volcano,7,low,2,,3,5,Tropical Berry,1,
10,Volcano,7,low,2,,3,5,Sap Plant,1,
35,Volcano,7,low,3,,4,6,Heavy Jelly,1,
35,Volcano,7,low,3,,4,6,Dragon Ambrosia,1,
20,Volcano,7,low,3,,4,6,Dragon Ambrosia,2,
10,Volcano,7,low,3,,4,6,Larval Extract,1,
25,Volcano,7,low,4,,1,1,Earth Crystal,1,
20,Volcano,7,low,4,,1,1,Coal,1,
15,Volcano,7,low,4,,1,1,Iron Ore,1,
15,Volcano,7,low,4,,1,1,Machalite Ore,1,
15,Volcano,7,low,4,,1,1,Disc Stone,1,
5,Volcano,7,low,4,,1,1,Firestone,1,
5,Volcano,7,low,4,,1,1,Mystery Charm,1,
30,Volcano,7,low,5,80,3,5,Bomberry,1,
20,Volcano,7,low,5,80,3,5,Huskberry,2,
20,Volcano,7,low,5,80,3,5,Needleberry,2,
15,Volcano,7,low,5,80,3,5,Might Seed,1,
15,Volcano,7,low,5,80,3,5,Adamant Seed,1,
25,Volcano,7,low,6,20,3,5,Might Seed,1,
25,Volcano,7,low,6,20,3,5,Adamant Seed,1,
20,Volcano,7,low,6,20,3,5,Bomberry,1,
15,Volcano,7,low,6,20,3,5,Huskberry,3,
15,Volcano,7,low,6,20,3,5,Needleberry,3,
40,Volcano,7,low,7,,3,5,Dragonfell Berry,1,
30,Volcano,7,low,7,,3,5,Might Seed,1,
30,Volcano,7,low,7,,3,5,Adamant Seed,1,
30,Volcano,7,low,8,80,3,5,Godbug,1,
20,Volcano,7,low,8,80,3,5,Worm,1,
20,Volcano,7,low,8,80,3,5,Flashbug,1,
20,Volcano,7,low,8,80,3,5,Thunderbug,1,
10,Volcano,7,low,8,80,3,5,Royal Rhino,1,
30,Volcano,7,low,9,20,3,5,Flashbug,1,
30,Volcano,7,low,9,20,3,5,Thunderbug,1,
30,Volcano,7,low,9,20,3,5,Royal Rhino,1,
10,Volcano,7,low,9,20,3,5,Godbug,1,
60,Volcano,7,high,1,,2,4,Whetstone,1,
30,Volcano,7,high,1,,2,4,Stone,2,
10,Volcano,7,high,1,,2,4,Stone,1,
30,Volcano,7,high,2,,3,5,Fire Herb,1,
30,Volcano,7,high,2,,3,5,Hot Pepper,1,
30,Volcano,7,high,2,,3,5,Tropical Berry,1,
10,Volcano,7,high,2,,3,5,Sap Plant,1,
30,Volcano,7,high,3,,4,6,Heavy Jelly,1,
30,Volcano,7,high,3,,4,6,Dragon Ambrosia,1,
20,Volcano,7,high,3,,4,6,Dragon Ambrosia,2,
10,Volcano,7,high,3,,4,6,Larval Extract,1,
10,Volcano,7,high,3,,4,6,Paralarval Extract,1,
15,Volcano,7,high,4,,1,1,Machalite Ore,1,
15,Volcano,7,high,4,,1,1,Disc Stone,1,
15,Volcano,7,high,4,,1,1,Coal,1,
10,Volcano,7,high,4,,1,1,Iron Ore,1,
10,Volcano,7,high,4,,1,1,Earth Crystal,1,
10,Volcano,7,high,4,,1,1,Carbalite Ore,1,
5,Volcano,7,high,4,,1,1,Firestone,1,
5,Volcano,7,high,4,,1,1,Hard Armor Sphere,1,
5,Volcano,7,high,4,,1,1,Mystery Charm,1,
5,Volcano,7,high,4,,1,1,Shining Charm,1,
5,Volcano,7,high,4,,1,1,Volatile Coal,1,
100,Volcano,7,high,5,,2,3,Burned Husk,1,
30,Volcano,7,high,6,80,3,5,Bomberry,1,
20,Volcano,7,high,6,80,3,5,Huskberry,2,
20,Volcano,7,high,6,80,3,5,Needleberry,2,
15,Volcano,7,high,6,80,3,5,Might Seed,1,
15,Volcano,7,high,6,80,3,5,Adamant Seed,1,
25,Volcano,7,high,7,20,3,5,Might Seed,1,
25,Volcano,7,high,7,20,3,5,Adamant Seed,1,
20,Volcano,7,high,7,20,3,5,Bomberry,1,
15,Volcano,7,high,7,20,3,5,Huskberry,3,
15,Volcano,7,high,7,20,3,5,Needleberry,3,
40,Volcano,7,high,8,,3,5,Dragonfell Berry,1,
30,Volcano,7,high,8,,3,5,Might Seed,1,
30,Volcano,7,high,8,,3,5,Adamant Seed,1,
35,Volcano,7,high,9,80,3,5,Flashbug,1,
20,Volcano,7,high,9,80,3,5,Worm,1,
20,Volcano,7,high,9,80,3,5,Thunderbug,1,
15,Volcano,7,high,9,80,3,5,Godbug,1,
10,Volcano,7,high,9,80,3,5,Royal Rhino,1,
30,Volcano,7,high,10,20,3,5,Flashbug,1,
20,Volcano,7,high,10,20,3,5,Royal Rhino,1,
15,Volcano,7,high,10,20,3,5,Thunderbug,1,
15,Volcano,7,high,10,20,3,5,Rare Scarab,1,
15,Volcano,7,high,10,20,3,5,Divine Rhino,1,
5,Volcano,7,high,10,20,3,5,Godbug,1,
60,Volcano,7,g,1,,2,4,Whetstone,1,
30,Volcano,7,g,1,,2,4,Stone,2,
10,Volcano,7,g,1,,2,4,Stone,1,
30,Volcano,7,g,2,,3,5,Fire Herb,1,
30,Volcano,7,g,2,,3,5,Hot Pepper,1,
30,Volcano,7,g,2,,3,5,Tropical Berry,1,
10,Volcano,7,g,2,,3,5,Sap Plant,1,
30,Volcano,7,g,3,,4,6,Heavy Jelly,1,
20,Volcano,7,g,3,,4,6,Larval Extract,1,
20,Volcano,7,g,3,,4,6,Paralarval Extract,1,
15,Volcano,7,g,3,,4,6,Dragon Ambrosia,1,
15,Volcano,7,g,3,,4,6,Dragon Ambrosia,2,
20,Volcano,7,g,4,,1,1,Eltalite Ore,1,
15,Volcano,7,g,4,,1,1,Firestone,2,
10,Volcano,7,g,4,,1,1,Earth Crystal,3,
10,Volcano,7,g,4,,1,1,Disc Stone,2,
10,Volcano,7,g,4,,1,1,Firecell Stone,1,
10,Volcano,7,g,4,,1,1,Coal,2,
5,Volcano,7,g,4,,1,1,Allfire Stone,1,
5,Volcano,7,g,4,,1,1,King Armor Sphere,1,
5,Volcano,7,g,4,,1,1,Shining Charm,1,
5,Volcano,7,g,4,,1,1,Timeworn Charm,1,
5,Volcano,7,g,4,,1,1,Volatile Coal,1,
100,Volcano,7,g,5,,2,3,Burned Husk,1,
30,Volcano,7,g,6,80,3,5,Bomberry,1,
20,Volcano,7,g,6,80,3,5,Huskberry,2,
20,Volcano,7,g,6,80,3,5,Needleberry,2,
15,Volcano,7,g,6,80,3,5,Might Seed,1,
15,Volcano,7,g,6,80,3,5,Adamant Seed,1,
25,Volcano,7,g,7,20,3,5,Might Seed,1,
25,Volcano,7,g,7,20,3,5,Adamant Seed,1,
20,Volcano,7,g,7,20,3,5,Bomberry,1,
15,Volcano,7,g,7,20,3,5,Huskberry,3,
15,Volcano,7,g,7,20,3,5,Needleberry,3,
40,Volcano,7,g,8,,3,5,Dragonfell Berry,1,
30,Volcano,7,g,8,,3,5,Might Seed,1,
30,Volcano,7,g,8,,3,5,Adamant Seed,1,
30,Volcano,7,g,9,80,3,5,Royal Rhino,1,
20,Volcano,7,g,9,80,3,5,Worm,2,
20,Volcano,7,g,9,80,3,5,Thunderbug,2,
15,Volcano,7,g,9,80,3,5,Emperor Hopper,1,
15,Volcano,7,g,9,80,3,5,Flutterfly,1,
25,Volcano,7,g,10,20,3,5,Emperor Hopper,1,
25,Volcano,7,g,10,20,3,5,Flutterfly,1,
20,Volcano,7,g,10,20,3,5,Divine Rhino,1,
15,Volcano,7,g,10,20,3,5,Rare Scarab,1,
15,Volcano,7,g,10,20,3,5,Royal Rhino,1,
55,Volcano,8,low,1,,3,5,Dragonfell Berry,1,
30,Volcano,8,low,1,,3,5,Dragon Toadstool,1,
15,Volcano,8,low,1,,3,5,Insect Husk,2,
25,Volcano,8,low,2,,3,5,Earth Crystal,1,
20,Volcano,8,low,2,,3,5,Coal,1,
15,Volcano,8,low,2,,3,5,Iron Ore,1,
15,Volcano,8,low,2,,3,5,Machalite Ore,1,
15,Volcano,8,low,2,,3,5,Disc Stone,1,
5,Volcano,8,low,2,,3,5,Firestone,1,
5,Volcano,8,low,2,,3,5,Mystery Charm,1,
25,Volcano,8,low,3,,1,1,Earth Crystal,1,
20,Volcano,8,low,3,,1,1,Coal,1,
15,Volcano,8,low,3,,1,1,Iron Ore,1,
15,Volcano,8,low,3,,1,1,Machalite Ore,1,
15,Volcano,8,low,3,,1,1,Disc Stone,1,
5,Volcano,8,low,3,,1,1,Firestone,1,
5,Volcano,8,low,3,,1,1,Mystery Charm,1,
30,Volcano,8,low,4,80,3,5,Coal,1,
15,Volcano,8,low,4,80,3,5,Earth Crystal,1,
15,Volcano,8,low,4,80,3,5,Machalite Ore,1,
15,Volcano,8,low,4,80,3,5,Dragonite Ore,1,
15,Volcano,8,low,4,80,3,5,Armor Sphere,1,
5,Volcano,8,low,4,80,3,5,Firestone,1,
5,Volcano,8,low,4,80,3,5,Mystery Charm,1,
20,Volcano,8,low,5,20,3,5,Dragonite Ore,1,
20,Volcano,8,low,5,20,3,5,Coal,2,
15,Volcano,8,low,5,20,3,5,Firestone,1,
15,Volcano,8,low,5,20,3,5,Armor Sphere,1,
15,Volcano,8,low,5,20,3,5,Mystery Charm,1,
10,Volcano,8,low,5,20,3,5,Armor Sphere+,1,
5,Volcano,8,low,5,20,3,5,Machalite Ore,1,
30,Volcano,8,low,6,80,3,5,Coal,1,
25,Volcano,8,low,6,80,3,5,Disc Stone,1,
15,Volcano,8,low,6,80,3,5,Sunspire Jewel,1,
10,Volcano,8,low,6,80,3,5,Iron Ore,1,
10,Volcano,8,low,6,80,3,5,Aquaglow Jewel,1,
5,Volcano,8,low,6,80,3,5,Firestone,1,
5,Volcano,8,low,6,80,3,5,Mystery Charm,1,
25,Volcano,8,low,7,20,3,5,Coal,2,
20,Volcano,8,low,7,20,3,5,Firestone,1,
15,Volcano,8,low,7,20,3,5,Disc Stone,1,
15,Volcano,8,low,7,20,3,5,Sunspire Jewel,1,
15,Volcano,8,low,7,20,3,5,Mystery Charm,1,
10,Volcano,8,low,7,20,3,5,Aquaglow Jewel,1,
55,Volcano,8,high,1,,3,5,Dragonfell Berry,1,
45,Volcano,8,high,1,,3,5,Dragon Toadstool,1,
15,Volcano,8,high,2,,3,5,Machalite Ore,1,
15,Volcano,8,high,2,,3,5,Disc Stone,1,
15,Volcano,8,high,2,,3,5,Coal,1,
10,Volcano,8,high,2,,3,5,Iron Ore,1,
10,Volcano,8,high,2,,3,5,Earth Crystal,1,
10,Volcano,8,high,2,,3,5,Carbalite Ore,1,
5,Volcano,8,high,2,,3,5,Firestone,1,
5,Volcano,8,high,2,,3,5,Hard Armor Sphere,1,
5,Volcano,8,high,2,,3,5,Mystery Charm,1,
5,Volcano,8,high,2,,3,5,Shining Charm,1,
5,Volcano,8,high,2,,3,5,Volatile Coal,1,
15,Volcano,8,high,3,,1,1,Machalite Ore,1,
15,Volcano,8,high,3,,1,1,Disc Stone,1,
15,Volcano,8,high,3,,1,1,Coal,1,
10,Volcano,8,high,3,,1,1,Iron Ore,1,
10,Volcano,8,high,3,,1,1,Earth Crystal,1,
10,Volcano,8,high,3,,1,1,Carbalite Ore,1,
5,Volcano,8,high,3,,1,1,Firestone,1,
5,Volcano,8,high,3,,1,1,Hard Armor Sphere,1,
5,Volcano,8,high,3,,1,1,Mystery Charm,1,
5,Volcano,8,high,3,,1,1,Shining Charm,1,
5,Volcano,8,high,3,,1,1,Volatile Coal,1,
100,Volcano,8,high,4,,2,3,Burned Husk,1,
20,Volcano,8,high,5,80,3,5,Dragonite Ore,1,
15,Volcano,8,high,5,80,3,5,Machalite Ore,1,
15,Volcano,8,high,5,80,3,5,Coal,2,
10,Volcano,8,high,5,80,3,5,Earth Crystal,1,
10,Volcano,8,high,5,80,3,5,Carbalite Ore,1,
10,Volcano,8,high,5,80,3,5,Hard Armor Sphere,1,
5,Volcano,8,high,5,80,3,5,Firestone,1,
5,Volcano,8,high,5,80,3,5,Fucium Ore,1,
5,Volcano,8,high,5,80,3,5,Mystery Charm,1,
5,Volcano,8,high,5,80,3,5,Shining Charm,1,
20,Volcano,8,high,6,20,3,5,Hard Armor Sphere,1,
15,Volcano,8,high,6,20,3,5,Dragonite Ore,1,
15,Volcano,8,high,6,20,3,5,Firecell Stone,1,
15,Volcano,8,high,6,20,3,5,Timeworn Charm,1,
10,Volcano,8,high,6,20,3,5,Firestone,1,
10,Volcano,8,high,6,20,3,5,Fucium Ore,1,
10,Volcano,8,high,6,20,3,5,Shining Charm,1,
5,Volcano,8,high,6,20,3,5,Machalite Ore,1,
25,Volcano,8,high,7,80,3,5,Bloodrun Jewel,1,
15,Volcano,8,high,7,80,3,5,Coal,2,
10,Volcano,8,high,7,80,3,5,Iron Ore,1,
10,Volcano,8,high,7,80,3,5,Disc Stone,1,
10,Volcano,8,high,7,80,3,5,Carbalite Ore,1,
5,Volcano,8,high,7,80,3,5,Firestone,1,
5,Volcano,8,high,7,80,3,5,Fucium Ore,1,
5,Volcano,8,high,7,80,3,5,Firecell Stone,1,
5,Volcano,8,high,7,80,3,5,Mystery Charm,1,
5,Volcano,8,high,7,80,3,5,Shining Charm,1,
5,Volcano,8,high,7,80,3,5,Volatile Coal,1,
20,Volcano,8,high,8,20,3,5,Firecell Stone,1,
20,Volcano,8,high,8,20,3,5,Timeworn Charm,1,
15,Volcano,8,high,8,20,3,5,Lazurite Jewel,1,
15,Volcano,8,high,8,20,3,5,Volatile Coal,1,
10,Volcano,8,high,8,20,3,5,Carbalite Ore,1,
10,Volcano,8,high,8,20,3,5,Fucium Ore,1,
10,Volcano,8,high,8,20,3,5,Bloodrun Jewel,1,
55,Volcano,8,g,1,,3,5,Dragonfell Berry,1,
45,Volcano,8,g,1,,3,5,Dragon Toadstool,1,
20,Volcano,8,g,2,,3,5,Eltalite Ore,1,
15,Volcano,8,g,2,,3,5,Firestone,2,
10,Volcano,8,g,2,,3,5,Earth Crystal,3,
10,Volcano,8,g,2,,3,5,Disc Stone,2,
10,Volcano,8,g,2,,3,5,Firecell Stone,1,
10,Volcano,8,g,2,,3,5,Coal,2,
5,Volcano,8,g,2,,3,5,Allfire Stone,1,
5,Volcano,8,g,2,,3,5,King Armor Sphere,1,
5,Volcano,8,g,2,,3,5,Shining Charm,1,
5,Volcano,8,g,2,,3,5,Timeworn Charm,1,
5,Volcano,8,g,2,,3,5,Volatile Coal,1,
20,Volcano,8,g,3,,1,1,Eltalite Ore,1,
15,Volcano,8,g,3,,1,1,Firestone,2,
10,Volcano,8,g,3,,1,1,Earth Crystal,3,
10,Volcano,8,g,3,,1,1,Disc Stone,2,
10,Volcano,8,g,3,,1,1,Firecell Stone,1,
10,Volcano,8,g,3,,1,1,Coal,2,
5,Volcano,8,g,3,,1,1,Allfire Stone,1,
5,Volcano,8,g,3,,1,1,King Armor Sphere,1,
5,Volcano,8,g,3,,1,1,Shining Charm,1,
5,Volcano,8,g,3,,1,1,Timeworn Charm,1,
5,Volcano,8,g,3,,1,1,Volatile Coal,1,
100,Volcano,8,g,4,,2,3,Burned Husk,1,
15,Volcano,8,g,5,80,3,5,Fucium Ore,1,
15,Volcano,8,g,5,80,3,5,Timeworn Charm,1,
15,Volcano,8,g,5,80,3,5,Coal,3,
10,Volcano,8,g,5,80,3,5,Firestone,2,
10,Volcano,8,g,5,80,3,5,Eltalite Ore,1,
10,Volcano,8,g,5,80,3,5,Meldspar Ore,1,
10,Volcano,8,g,5,80,3,5,Firecell Stone,1,
10,Volcano,8,g,5,80,3,5,King Armor Sphere,1,
5,Volcano,8,g,5,80,3,5,Shining Charm,1,
25,Volcano,8,g,6,20,3,5,King Armor Sphere,1,
15,Volcano,8,g,6,20,3,5,Allfire Stone,1,
15,Volcano,8,g,6,20,3,5,Meldspar Ore,1,
15,Volcano,8,g,6,20,3,5,Enduring Charm,1,
10,Volcano,8,g,6,20,3,5,Firecell Stone,1,
10,Volcano,8,g,6,20,3,5,Timeworn Charm,1,
5,Volcano,8,g,6,20,3,5,Firestone,2,
5,Volcano,8,g,6,20,3,5,Fucium Ore,1,
25,Volcano,8,g,7,80,3,5,Adamant Orb,1,
15,Volcano,8,g,7,80,3,5,Coal,2,
10,Volcano,8,g,7,80,3,5,Eltalite Ore,1,
10,Volcano,8,g,7,80,3,5,Meldspar Ore,1,
10,Volcano,8,g,7,80,3,5,Fucium Ore,1,
5,Volcano,8,g,7,80,3,5,Earth Crystal,3,
5,Volcano,8,g,7,80,3,5,Firestone,2,
5,Volcano,8,g,7,80,3,5,Firecell Stone,1,
5,Volcano,8,g,7,80,3,5,Shining Charm,1,
5,Volcano,8,g,7,80,3,5,Timeworn Charm,1,
5,Volcano,8,g,7,80,3,5,Volatile Coal,1,
20,Volcano,8,g,8,20,3,5,Allfire Stone,1,
20,Volcano,8,g,8,20,3,5,Enduring Charm,1,
15,Volcano,8,g,8,20,3,5,Eltalite Ore,1,
15,Volcano,8,g,8,20,3,5,Meldspar Ore,1,
10,Volcano,8,g,8,20,3,5,Adamant Orb,1,
10,Volcano,8,g,8,20,3,5,Sovereign Orb,1,
10,Volcano,8,g,8,20,3,5,Volatile Coal,1,
25,Volcano,9,low,1,,3,5,Flashbug,1,
25,Volcano,9,low,1,,3,5,Shiny Beetle,1,
20,Volcano,9,low,1,,3,5,Worm,1,
20,Volcano,9,low,1,,3,5,Carpenterbug,1,
10,Volcano,9,low,1,,3,5,Royal Rhino,1,
60,Volcano,9,low,2,,2,4,Whetstone,1,
30,Volcano,9,low,2,,2,4,Stone,1,
10,Volcano,9,low,2,,2,4,Stone,2,
60,Volcano,9,low,3,,2,4,Whetstone,1,
30,Volcano,9,low,3,,2,4,Stone,1,
10,Volcano,9,low,3,,2,4,Stone,2,
55,Volcano,9,low,4,,3,5,Bone Husk,1,
30,Volcano,9,low,4,,3,5,Mystery Bone,1,
15,Volcano,9,low,4,,3,5,Unknown Skull,1,
25,Volcano,9,low,5,,1,1,Earth Crystal,1,
20,Volcano,9,low,5,,1,1,Coal,1,
15,Volcano,9,low,5,,1,1,Iron Ore,1,
15,Volcano,9,low,5,,1,1,Machalite Ore,1,
15,Volcano,9,low,5,,1,1,Disc Stone,1,
5,Volcano,9,low,5,,1,1,Firestone,1,
5,Volcano,9,low,5,,1,1,Mystery Charm,1,
30,Volcano,9,low,6,40,3,5,Coal,1,
25,Volcano,9,low,6,40,3,5,Disc Stone,1,
15,Volcano,9,low,6,40,3,5,Sunspire Jewel,1,
10,Volcano,9,low,6,40,3,5,Iron Ore,1,
10,Volcano,9,low,6,40,3,5,Aquaglow Jewel,1,
5,Volcano,9,low,6,40,3,5,Firestone,1,
5,Volcano,9,low,6,40,3,5,Mystery Charm,1,
25,Volcano,9,low,7,60,4,6,Coal,2,
20,Volcano,9,low,7,60,4,6,Firestone,1,
15,Volcano,9,low,7,60,4,6,Disc Stone,1,
15,Volcano,9,low,7,60,4,6,Sunspire Jewel,1,
15,Volcano,9,low,7,60,4,6,Mystery Charm,1,
10,Volcano,9,low,7,60,4,6,Aquaglow Jewel,1,
30,Volcano,9,high,1,,3,5,Flashbug,1,
25,Volcano,9,high,1,,3,5,Shiny Beetle,1,
16,Volcano,9,high,1,,3,5,Worm,1,
15,Volcano,9,high,1,,3,5,King Scarab,1,
10,Volcano,9,high,1,,3,5,Royal Rhino,1,
2,Volcano,9,high,1,,3,5,Rare Scarab,1,
2,Volcano,9,high,1,,3,5,Divine Rhino,1,
60,Volcano,9,high,2,,2,4,Whetstone,1,
30,Volcano,9,high,2,,2,4,Stone,2,
10,Volcano,9,high,2,,2,4,Stone,1,
60,Volcano,9,high,3,,2,4,Whetstone,1,
30,Volcano,9,high,3,,2,4,Stone,2,
10,Volcano,9,high,3,,2,4,Stone,1,
55,Volcano,9,high,4,,3,5,Bone Husk,1,
30,Volcano,9,high,4,,3,5,Mystery Bone,1,
15,Volcano,9,high,4,,3,5,Unknown Skull,1,
15,Volcano,9,high,5,,1,1,Machalite Ore,1,
15,Volcano,9,high,5,,1,1,Disc Stone,1,
15,Volcano,9,high,5,,1,1,Coal,1,
10,Volcano,9,high,5,,1,1,Iron Ore,1,
10,Volcano,9,high,5,,1,1,Earth Crystal,1,
10,Volcano,9,high,5,,1,1,Carbalite Ore,1,
5,Volcano,9,high,5,,1,1,Firestone,1,
5,Volcano,9,high,5,,1,1,Hard Armor Sphere,1,
5,Volcano,9,high,5,,1,1,Mystery Charm,1,
5,Volcano,9,high,5,,1,1,Shining Charm,1,
5,Volcano,9,high,5,,1,1,Volatile Coal,1,
100,Volcano,9,high,6,,2,3,Burned Husk,1,
25,Volcano,9,high,7,40,3,5,Bloodrun Jewel,1,
15,Volcano,9,high,7,40,3,5,Coal,2,
10,Volcano,9,high,7,40,3,5,Iron Ore,1,
10,Volcano,9,high,7,40,3,5,Disc Stone,1,
10,Volcano,9,high,7,40,3,5,Carbalite Ore,1,
5,Volcano,9,high,7,40,3,5,Firestone,1,
5,Volcano,9,high,7,40,3,5,Fucium Ore,1,
5,Volcano,9,high,7,40,3,5,Firecell Stone,1,
5,Volcano,9,high,7,40,3,5,Mystery Charm,1,
5,Volcano,9,high,7,40,3,5,Shining Charm,1,
5,Volcano,9,high,7,40,3,5,Volatile Coal,1,
20,Volcano,9,high,8,60,4,6,Firecell Stone,1,
20,Volcano,9,high,8,60,4,6,Timeworn Charm,1,
15,Volcano,9,high,8,60,4,6,Lazurite Jewel,1,
15,Volcano,9,high,8,60,4,6,Volatile Coal,1,
10,Volcano,9,high,8,60,4,6,Carbalite Ore,1,
10,Volcano,9,high,8,60,4,6,Fucium Ore,1,
10,Volcano,9,high,8,60,4,6,Bloodrun Jewel,1,
25,Volcano,9,g,1,,3,5,Shiny Beetle,2,
15,Volcano,9,g,1,,3,5,King Scarab,1,
15,Volcano,9,g,1,,3,5,Rare Scarab,1,
15,Volcano,9,g,1,,3,5,Emperor Hopper,1,
10,Volcano,9,g,1,,3,5,Worm,2,
10,Volcano,9,g,1,,3,5,Royal Rhino,1,
10,Volcano,9,g,1,,3,5,Divine Rhino,1,
60,Volcano,9,g,2,,2,4,Whetstone,1,
30,Volcano,9,g,2,,2,4,Stone,2,
10,Volcano,9,g,2,,2,4,Stone,1,
60,Volcano,9,g,3,,2,4,Whetstone,1,
30,Volcano,9,g,3,,2,4,Stone,2,
10,Volcano,9,g,3,,2,4,Stone,1,
40,Volcano,9,g,4,,3,5,Bone Husk,1,
30,Volcano,9,g,4,,3,5,Mystery Bone,1,
15,Volcano,9,g,4,,3,5,Unknown Skull,1,
15,Volcano,9,g,4,,3,5,Huge Unknown Skull,1,
20,Volcano,9,g,5,,1,1,Eltalite Ore,1,
15,Volcano,9,g,5,,1,1,Firestone,2,
10,Volcano,9,g,5,,1,1,Earth Crystal,3,
10,Volcano,9,g,5,,1,1,Disc Stone,2,
10,Volcano,9,g,5,,1,1,Firecell Stone,1,
10,Volcano,9,g,5,,1,1,Coal,2,
5,Volcano,9,g,5,,1,1,Allfire Stone,1,
5,Volcano,9,g,5,,1,1,King Armor Sphere,1,
5,Volcano,9,g,5,,1,1,Shining Charm,1,
5,Volcano,9,g,5,,1,1,Timeworn Charm,1,
5,Volcano,9,g,5,,1,1,Volatile Coal,1,
100,Volcano,9,g,6,,2,3,Burned Husk,1,
25,Volcano,9,g,7,40,3,5,Adamant Orb,1,
15,Volcano,9,g,7,40,3,5,Coal,2,
10,Volcano,9,g,7,40,3,5,Eltalite Ore,1,
10,Volcano,9,g,7,40,3,5,Meldspar Ore,1,
10,Volcano,9,g,7,40,3,5,Fucium Ore,1,
5,Volcano,9,g,7,40,3,5,Earth Crystal,3,
5,Volcano,9,g,7,40,3,5,Firestone,2,
5,Volcano,9,g,7,40,3,5,Firecell Stone,1,
5,Volcano,9,g,7,40,3,5,Shining Charm,1,
5,Volcano,9,g,7,40,3,5,Timeworn Charm,1,
5,Volcano,9,g,7,40,3,5,Volatile Coal,1,
20,Volcano,9,g,8,60,4,6,Allfire Stone,1,
20,Volcano,9,g,8,60,4,6,Enduring Charm,1,
15,Volcano,9,g,8,60,4,6,Eltalite Ore,1,
15,Volcano,9,g,8,60,4,6,Meldspar Ore,1,
10,Volcano,9,g,8,60,4,6,Adamant Orb,1,
10,Volcano,9,g,8,60,4,6,Sovereign Orb,1,
10,Volcano,9,g,8,60,4,6,Volatile Coal,1,
25,Volcano,10,low,1,,4,6,Iron Ore,1,
20,Volcano,10,low,1,,4,6,Machalite Ore,1,
15,Volcano,10,low,1,,4,6,Armor Sphere,1,
15,Volcano,10,low,1,,4,6,Coal,2,
10,Volcano,10,low,1,,4,6,Coal,1,
5,Volcano,10,low,1,,4,6,Firestone,1,
5,Volcano,10,low,1,,4,6,Armor Sphere+,1,
5,Volcano,10,low,1,,4,6,Mystery Charm,1,
40,Volcano,10,low,2,,3,5,Godbug,1,
20,Volcano,10,low,2,,3,5,Thunderbug,1,
15,Volcano,10,low,2,,3,5,Carpenterbug,1,
10,Volcano,10,low,2,,3,5,Hercudrome,1,
10,Volcano,10,low,2,,3,5,Royal Rhino,1,
5,Volcano,10,low,2,,3,5,Worm,1,
25,Volcano,10,low,3,,1,1,Earth Crystal,1,
20,Volcano,10,low,3,,1,1,Coal,1,
15,Volcano,10,low,3,,1,1,Iron Ore,1,
15,Volcano,10,low,3,,1,1,Machalite Ore,1,
15,Volcano,10,low,3,,1,1,Disc Stone,1,
5,Volcano,10,low,3,,1,1,Firestone,1,
5,Volcano,10,low,3,,1,1,Mystery Charm,1,
30,Volcano,10,low,4,80,3,5,Fire Herb,1,
30,Volcano,10,low,4,80,3,5,Hot Pepper,1,
30,Volcano,10,low,4,80,3,5,Tropical Berry,1,
10,Volcano,10,low,4,80,3,5,Sap Plant,1,
25,Volcano,10,low,5,20,3,5,Fire Herb,1,
25,Volcano,10,low,5,20,3,5,Sap Plant,1,
25,Volcano,10,low,5,20,3,5,Hot Pepper,1,
25,Volcano,10,low,5,20,3,5,Tropical Berry,1,
65,Volcano,10,low,6,80,3,5,Bone Husk,1,
25,Volcano,10,low,6,80,3,5,Mystery Bone,1,
10,Volcano,10,low,6,80,3,5,Unknown Skull,1,
45,Volcano,10,low,7,20,3,5,Mystery Bone,1,
30,Volcano,10,low,7,20,3,5,Unknown Skull,1,
25,Volcano,10,low,7,20,3,5,Bone Husk,1,
30,Volcano,10,low,8,40,3,5,Coal,1,
15,Volcano,10,low,8,40,3,5,Earth Crystal,1,
15,Volcano,10,low,8,40,3,5,Machalite Ore,1,
15,Volcano,10,low,8,40,3,5,Dragonite Ore,1,
15,Volcano,10,low,8,40,3,5,Armor Sphere,1,
5,Volcano,10,low,8,40,3,5,Firestone,1,
5,Volcano,10,low,8,40,3,5,Mystery Charm,1,
20,Volcano,10,low,9,60,4,6,Dragonite Ore,1,
20,Volcano,10,low,9,60,4,6,Coal,2,
15,Volcano,10,low,9,60,4,6,Firestone,1,
15,Volcano,10,low,9,60,4,6,Armor Sphere,1,
15,Volcano,10,low,9,60,4,6,Mystery Charm,1,
10,Volcano,10,low,9,60,4,6,Armor Sphere+,1,
5,Volcano,10,low,9,60,4,6,Machalite Ore,1,
20,Volcano,10,high,1,,4,6,Machalite Ore,1,
15,Volcano,10,high,1,,4,6,Coal,2,
10,Volcano,10,high,1,,4,6,Iron Ore,1,
10,Volcano,10,high,1,,4,6,Carbalite Ore,1,
10,Volcano,10,high,1,,4,6,Firecell Stone,1,
10,Volcano,10,high,1,,4,6,Shining Charm,1,
10,Volcano,10,high,1,,4,6,Timeworn Charm,1,
5,Volcano,10,high,1,,4,6,Firestone,1,
5,Volcano,10,high,1,,4,6,Mystery Charm,1,
5,Volcano,10,high,1,,4,6,Volatile Coal,1,
30,Volcano,10,high,2,,3,5,Godbug,1,
20,Volcano,10,high,2,,3,5,Thunderbug,1,
20,Volcano,10,high,2,,3,5,King Scarab,1,
10,Volcano,10,high,2,,3,5,Hercudrome,1,
10,Volcano,10,high,2,,3,5,Royal Rhino,1,
6,Volcano,10,high,2,,3,5,Worm,1,
2,Volcano,10,high,2,,3,5,Rare Scarab,1,
2,Volcano,10,high,2,,3,5,Divine Rhino,1,
15,Volcano,10,high,3,,1,1,Machalite Ore,1,
15,Volcano,10,high,3,,1,1,Disc Stone,1,
15,Volcano,10,high,3,,1,1,Coal,1,
10,Volcano,10,high,3,,1,1,Iron Ore,1,
10,Volcano,10,high,3,,1,1,Earth Crystal,1,
10,Volcano,10,high,3,,1,1,Carbalite Ore,1,
5,Volcano,10,high,3,,1,1,Firestone,1,
5,Volcano,10,high,3,,1,1,Hard Armor Sphere,1,
5,Volcano,10,high,3,,1,1,Mystery Charm,1,
5,Volcano,10,high,3,,1,1,Shining Charm,1,
5,Volcano,10,high,3,,1,1,Volatile Coal,1,
100,Volcano,10,high,4,,2,3,Burned Husk,1,
30,Volcano,10,high,5,80,3,5,Fire Herb,1,
30,Volcano,10,high,5,80,3,5,Hot Pepper,1,
30,Volcano,10,high,5,80,3,5,Tropical Berry,1,
10,Volcano,10,high,5,80,3,5,Sap Plant,1,
25,Volcano,10,high,6,20,3,5,Fire Herb,1,
25,Volcano,10,high,6,20,3,5,Sap Plant,1,
25,Volcano,10,high,6,20,3,5,Hot Pepper,1,
25,Volcano,10,high,6,20,3,5,Tropical Berry,1,
65,Volcano,10,high,7,80,3,5,Bone Husk,1,
25,Volcano,10,high,7,80,3,5,Mystery Bone,1,
10,Volcano,10,high,7,80,3,5,Unknown Skull,1,
45,Volcano,10,high,8,20,3,5,Mystery Bone,1,
30,Volcano,10,high,8,20,3,5,Unknown Skull,1,
25,Volcano,10,high,8,20,3,5,Bone Husk,1,
20,Volcano,10,high,9,40,3,5,Dragonite Ore,1,
15,Volcano,10,high,9,40,3,5,Machalite Ore,1,
15,Volcano,10,high,9,40,3,5,Coal,2,
10,Volcano,10,high,9,40,3,5,Earth Crystal,1,
10,Volcano,10,high,9,40,3,5,Carbalite Ore,1,
10,Volcano,10,high,9,40,3,5,Hard Armor Sphere,1,
5,Volcano,10,high,9,40,3,5,Firestone,1,
5,Volcano,10,high,9,40,3,5,Fucium Ore,1,
5,Volcano,10,high,9,40,3,5,Mystery Charm,1,
5,Volcano,10,high,9,40,3,5,Shining Charm,1,
20,Volcano,10,high,10,60,4,6,Hard Armor Sphere,1,
15,Volcano,10,high,10,60,4,6,Dragonite Ore,1,
15,Volcano,10,high,10,60,4,6,Firecell Stone,1,
15,Volcano,10,high,10,60,4,6,Timeworn Charm,1,
10,Volcano,10,high,10,60,4,6,Firestone,1,
10,Volcano,10,high,10,60,4,6,Fucium Ore,1,
10,Volcano,10,high,10,60,4,6,Shining Charm,1,
5,Volcano,10,high,10,60,4,6,Machalite Ore,1,
15,Volcano,10,g,1,,4,6,Firecell Stone,1,
15,Volcano,10,g,1,,4,6,Enduring Charm,1,
15,Volcano,10,g,1,,4,6,Coal,2,
10,Volcano,10,g,1,,4,6,Firestone,2,
10,Volcano,10,g,1,,4,6,Allfire Stone,1,
10,Volcano,10,g,1,,4,6,Fucium Ore,1,
10,Volcano,10,g,1,,4,6,Timeworn Charm,1,
5,Volcano,10,g,1,,4,6,Earth Crystal,3,
5,Volcano,10,g,1,,4,6,Meldspar Ore,1,
5,Volcano,10,g,1,,4,6,Volatile Coal,1,
20,Volcano,10,g,2,,3,5,Thunderbug,2,
20,Volcano,10,g,2,,3,5,King Scarab,1,
15,Volcano,10,g,2,,3,5,Rare Scarab,1,
15,Volcano,10,g,2,,3,5,Divine Rhino,1,
10,Volcano,10,g,2,,3,5,Hercudrome,2,
10,Volcano,10,g,2,,3,5,Royal Rhino,1,
5,Volcano,10,g,2,,3,5,Worm,2,
5,Volcano,10,g,2,,3,5,Flutterfly,1,
20,Volcano,10,g,3,,1,1,Eltalite Ore,1,
15,Volcano,10,g,3,,1,1,Firestone,2,
10,Volcano,10,g,3,,1,1,Earth Crystal,3,
10,Volcano,10,g,3,,1,1,Disc Stone,2,
10,Volcano,10,g,3,,1,1,Firecell Stone,1,
10,Volcano,10,g,3,,1,1,Coal,2,
5,Volcano,10,g,3,,1,1,Allfire Stone,1,
5,Volcano,10,g,3,,1,1,King Armor Sphere,1,
5,Volcano,10,g,3,,1,1,Shining Charm,1,
5,Volcano,10,g,3,,1,1,Timeworn Charm,1,
5,Volcano,10,g,3,,1,1,Volatile Coal,1,
100,Volcano,10,g,4,,2,3,Burned Husk,1,
30,Volcano,10,g,5,80,3,5,Fire Herb,1,
30,Volcano,10,g,5,80,3,5,Hot Pepper,1,
30,Volcano,10,g,5,80,3,5,Tropical Berry,1,
10,Volcano,10,g,5,80,3,5,Sap Plant,1,
25,Volcano,10,g,6,20,3,5,Fire Herb,1,
25,Volcano,10,g,6,20,3,5,Sap Plant,1,
25,Volcano,10,g,6,20,3,5,Hot Pepper,1,
25,Volcano,10,g,6,20,3,5,Tropical Berry,1,
45,Volcano,10,g,7,80,3,5,Bone Husk,2,
25,Volcano,10,g,7,80,3,5,Mystery Bone,1,
20,Volcano,10,g,7,80,3,5,Huge Unknown Skull,1,
10,Volcano,10,g,7,80,3,5,Unknown Skull,1,
45,Volcano,10,g,8,20,3,5,Huge Unknown Skull,1,
30,Volcano,10,g,8,20,3,5,Unknown Skull,1,
25,Volcano,10,g,8,20,3,5,Bone Husk,1,
15,Volcano,10,g,9,40,3,5,Fucium Ore,1,
15,Volcano,10,g,9,40,3,5,Timeworn Charm,1,
15,Volcano,10,g,9,40,3,5,Coal,3,
10,Volcano,10,g,9,40,3,5,Firestone,2,
10,Volcano,10,g,9,40,3,5,Eltalite Ore,1,
10,Volcano,10,g,9,40,3,5,Meldspar Ore,1,
10,Volcano,10,g,9,40,3,5,Firecell Stone,1,
10,Volcano,10,g,9,40,3,5,King Armor Sphere,1,
5,Volcano,10,g,9,40,3,5,Shining Charm,1,
25,Volcano,10,g,10,60,4,6,King Armor Sphere,1,
15,Volcano,10,g,10,60,4,6,Allfire Stone,1,
15,Volcano,10,g,10,60,4,6,Meldspar Ore,1,
15,Volcano,10,g,10,60,4,6,Enduring Charm,1,
10,Volcano,10,g,10,60,4,6,Firecell Stone,1,
10,Volcano,10,g,10,60,4,6,Timeworn Charm,1,
5,Volcano,10,g,10,60,4,6,Firestone,2,
5,Volcano,10,g,10,60,4,6,Fucium Ore,1,
70,Volcano,11,low,1,,3,4,Dragonfell Berry,1,
30,Volcano,11,low,1,,3,4,Dragon Toadstool,1,
20,Volcano,11,low,2,,2,3,Fucium Ore,1,
20,Volcano,11,low,2,,2,3,Firecell Stone,1,
20,Volcano,11,low,2,,2,3,Bloodrun Jewel,1,
20,Volcano,11,low,2,,2,3,Lazurite Jewel,1,
20,Volcano,11,low,2,,2,3,Hard Armor Sphere,1,
30,Volcano,11,low,3,,2,3,Timeworn Charm,1,
20,Volcano,11,low,3,,2,3,Shining Charm,1,
15,Volcano,11,low,3,,2,3,Firestone,1,
15,Volcano,11,low,3,,2,3,Firecell Stone,1,
10,Volcano,11,low,3,,2,3,Carbalite Ore,1,
10,Volcano,11,low,3,,2,3,Ancient Shard,1,
30,Volcano,11,low,4,,2,3,Dragonite Ore,1,
25,Volcano,11,low,4,,2,3,Timeworn Charm,1,
15,Volcano,11,low,4,,2,3,Fucium Ore,1,
10,Volcano,11,low,4,,2,3,Firestone,1,
10,Volcano,11,low,4,,2,3,Firecell Stone,1,
10,Volcano,11,low,4,,2,3,Ancient Shard,1,
70,Volcano,11,high,1,,3,4,Dragonfell Berry,1,
30,Volcano,11,high,1,,3,4,Dragon Toadstool,1,
20,Volcano,11,high,2,,2,3,Fucium Ore,1,
20,Volcano,11,high,2,,2,3,Firecell Stone,1,
20,Volcano,11,high,2,,2,3,Bloodrun Jewel,1,
20,Volcano,11,high,2,,2,3,Lazurite Jewel,1,
20,Volcano,11,high,2,,2,3,Hard Armor Sphere,1,
30,Volcano,11,high,3,,2,3,Timeworn Charm,1,
20,Volcano,11,high,3,,2,3,Shining Charm,1,
15,Volcano,11,high,3,,2,3,Firestone,1,
15,Volcano,11,high,3,,2,3,Firecell Stone,1,
10,Volcano,11,high,3,,2,3,Carbalite Ore,1,
10,Volcano,11,high,3,,2,3,Ancient Shard,1,
30,Volcano,11,high,4,,2,3,Dragonite Ore,1,
25,Volcano,11,high,4,,2,3,Timeworn Charm,1,
15,Volcano,11,high,4,,2,3,Fucium Ore,1,
10,Volcano,11,high,4,,2,3,Firestone,1,
10,Volcano,11,high,4,,2,3,Firecell Stone,1,
10,Volcano,11,high,4,,2,3,Ancient Shard,1,
70,Volcano,11,g,1,,3,4,Dragonfell Berry,1,
30,Volcano,11,g,1,,3,4,Dragon Toadstool,1,
20,Volcano,11,g,2,,2,3,Allfire Stone,1,
20,Volcano,11,g,2,,2,3,Meldspar Ore,1,
20,Volcano,11,g,2,,2,3,Adamant Orb,1,
20,Volcano,11,g,2,,2,3,Sovereign Orb,1,
20,Volcano,11,g,2,,2,3,Heavy Armor Sphere,1,
30,Volcano,11,g,3,,2,3,Enduring Charm,1,
20,Volcano,11,g,3,,2,3,Timeworn Charm,1,
15,Volcano,11,g,3,,2,3,Allfire Stone,1,
15,Volcano,11,g,3,,2,3,Firecell Stone,1,
10,Volcano,11,g,3,,2,3,Eltalite Ore,1,
10,Volcano,11,g,3,,2,3,Ancient Shard,1,
30,Volcano,11,g,4,,2,3,Eltalite Ore,1,
25,Volcano,11,g,4,,2,3,Enduring Charm,1,
15,Volcano,11,g,4,,2,3,Meldspar Ore,1,
10,Volcano,11,g,4,,2,3,Allfire Stone,1,
10,Volcano,11,g,4,,2,3,Firecell Stone,1,
10,Volcano,11,g,4,,2,3,Ancient Shard,1,
70,Arena,1,low,1,,2,3,First-aid Med+,1,
30,Arena,1,low,1,,2,3,First-aid Med,1,
50,Arena,1,low,2,,3,4,Ration,1,
50,Arena,1,low,2,,3,4,Mini Whetstone,1,
60,Arena,1,low,3,,2,3,EZ Flash Bomb,1,
40,Arena,1,low,3,,2,3,EZ Shock Trap,1,
60,Arena,1,low,4,,2,3,Barrel Bomb S,1,
40,Arena,1,low,4,,2,3,EZ Barrel Bomb L,1,
70,Arena,1,high,1,,2,3,First-aid Med+,1,
30,Arena,1,high,1,,2,3,First-aid Med,1,
50,Arena,1,high,2,,3,4,Ration,1,
50,Arena,1,high,2,,3,4,Mini Whetstone,1,
60,Arena,1,high,3,,2,3,EZ Flash Bomb,1,
40,Arena,1,high,3,,2,3,EZ Shock Trap,1,
60,Arena,1,high,4,,2,3,Barrel Bomb S,1,
40,Arena,1,high,4,,2,3,EZ Barrel Bomb L,1,
70,Arena,1,g,1,,2,3,First-aid Med+,1,
30,Arena,1,g,1,,2,3,First-aid Med,1,
50,Arena,1,g,2,,3,4,Ration,1,
50,Arena,1,g,2,,3,4,Mini Whetstone,1,
60,Arena,1,g,3,,2,3,EZ Flash Bomb,1,
40,Arena,1,g,3,,2,3,EZ Shock Trap,1,
60,Arena,1,g,4,,2,3,Barrel Bomb S,1,
40,Arena,1,g,4,,2,3,EZ Barrel Bomb L,1,
70,V. Slayground,1,low,1,,2,3,First-aid Med+,1,
30,V. Slayground,1,low,1,,2,3,First-aid Med,1,
50,V. Slayground,1,low,2,,3,4,Ration,1,
50,V. Slayground,1,low,2,,3,4,Mini Whetstone,1,
60,V. Slayground,1,low,3,,2,3,EZ Flash Bomb,1,
40,V. Slayground,1,low,3,,2,3,EZ Shock Trap,1,
60,V. Slayground,1,low,4,,2,3,Barrel Bomb S,1,
40,V. Slayground,1,low,4,,2,3,EZ Barrel Bomb L,1,
70,V. Slayground,1,high,1,,2,3,First-aid Med+,1,
30,V. Slayground,1,high,1,,2,3,First-aid Med,1,
50,V. Slayground,1,high,2,,3,4,Ration,1,
50,V. Slayground,1,high,2,,3,4,Mini Whetstone,1,
60,V. Slayground,1,high,3,,2,3,EZ Flash Bomb,1,
40,V. Slayground,1,high,3,,2,3,EZ Shock Trap,1,
60,V. Slayground,1,high,4,,2,3,Barrel Bomb S,1,
40,V. Slayground,1,high,4,,2,3,EZ Barrel Bomb L,1,
70,V. Slayground,1,g,1,,2,3,First-aid Med+,1,
30,V. Slayground,1,g,1,,2,3,First-aid Med,1,
50,V. Slayground,1,g,2,,3,4,Ration,1,
50,V. Slayground,1,g,2,,3,4,Mini Whetstone,1,
60,V. Slayground,1,g,3,,2,3,EZ Flash Bomb,1,
40,V. Slayground,1,g,3,,2,3,EZ Shock Trap,1,
60,V. Slayground,1,g,4,,2,3,Barrel Bomb S,1,
40,V. Slayground,1,g,4,,2,3,EZ Barrel Bomb L,1,
38,A. Steppe,1,low,1,,3,5,Unique Mushroom,1,
30,A. Steppe,1,low,1,,3,5,Blue Mushroom,1,
12,A. Steppe,1,low,1,,3,5,Blue Mushroom,2,
12,A. Steppe,1,low,1,,3,5,Exciteshroom,1,
8,A. Steppe,1,low,1,,3,5,Blue Mushroom,3,
55,A. Steppe,1,low,2,,3,5,Herb,1,
17,A. Steppe,1,low,2,,3,5,Felvine,1,
15,A. Steppe,1,low,2,,3,5,Herb,2,
13,A. Steppe,1,low,2,,3,5,Sap Plant,1,
87,A. Steppe,1,low,3,,3,5,Honey,1,
8,A. Steppe,1,low,3,,3,5,Snakebee Larva,1,
5,A. Steppe,1,low,3,,3,5,Insect Husk,1,
30,A. Steppe,1,low,4,,2,3,Thunderbug,1,
25,A. Steppe,1,low,4,,2,3,Flashbug,1,
15,A. Steppe,1,low,4,,2,3,Bitterbug,1,
10,A. Steppe,1,low,4,,2,3,Spider Web,1,
10,A. Steppe,1,low,4,,2,3,Silver Cricket,1,
5,A. Steppe,1,low,4,,2,3,Carpenterbug,1,
5,A. Steppe,1,low,4,,2,3,Gold Cricket,1,
87,A. Steppe,1,low,5,,1,1,Honey,1,
8,A. Steppe,1,low,5,,1,1,Snakebee Larva,1,
5,A. Steppe,1,low,5,,1,1,Insect Husk,1,
45,A. Steppe,1,low,6,80,3,4,Antidote Herb,1,
30,A. Steppe,1,low,6,80,3,4,Herb,1,
20,A. Steppe,1,low,6,80,3,4,Sleep Herb,1,
5,A. Steppe,1,low,6,80,3,4,Herb,2,
50,A. Steppe,1,low,7,20,3,4,Sap Plant,2,
23,A. Steppe,1,low,7,20,3,4,Sleep Herb,1,
18,A. Steppe,1,low,7,20,3,4,Ivy,1,
9,A. Steppe,1,low,7,20,3,4,Sleep Herb,2,
45,A. Steppe,1,low,8,80,3,4,Antidote Herb,1,
30,A. Steppe,1,low,8,80,3,4,Herb,1,
20,A. Steppe,1,low,8,80,3,4,Sleep Herb,1,
5,A. Steppe,1,low,8,80,3,4,Herb,2,
50,A. Steppe,1,low,9,20,3,4,Sap Plant,2,
23,A. Steppe,1,low,9,20,3,4,Sleep Herb,1,
18,A. Steppe,1,low,9,20,3,4,Ivy,1,
9,A. Steppe,1,low,9,20,3,4,Sleep Herb,2,
38,A. Steppe,1,high,1,,3,5,Unique Mushroom,1,
30,A. Steppe,1,high,1,,3,5,Blue Mushroom,1,
12,A. Steppe,1,high,1,,3,5,Blue Mushroom,2,
12,A. Steppe,1,high,1,,3,5,Exciteshroom,1,
8,A. Steppe,1,high,1,,3,5,Blue Mushroom,3,
55,A. Steppe,1,high,2,,3,5,Herb,1,
17,A. Steppe,1,high,2,,3,5,Felvine,1,
15,A. Steppe,1,high,2,,3,5,Herb,2,
13,A. Steppe,1,high,2,,3,5,Sap Plant,1,
87,A. Steppe,1,high,3,,3,5,Honey,1,
8,A. Steppe,1,high,3,,3,5,Snakebee Larva,1,
5,A. Steppe,1,high,3,,3,5,Insect Husk,1,
30,A. Steppe,1,high,4,,2,3,Thunderbug,1,
25,A. Steppe,1,high,4,,2,3,Flashbug,1,
15,A. Steppe,1,high,4,,2,3,Bitterbug,1,
10,A. Steppe,1,high,4,,2,3,Spider Web,1,
10,A. Steppe,1,high,4,,2,3,Silver Cricket,1,
5,A. Steppe,1,high,4,,2,3,Carpenterbug,1,
5,A. Steppe,1,high,4,,2,3,Gold Cricket,1,
87,A. Steppe,1,high,5,,1,1,Honey,1,
8,A. Steppe,1,high,5,,1,1,Snakebee Larva,1,
5,A. Steppe,1,high,5,,1,1,Insect Husk,1,
100,A. Steppe,1,high,6,,2,3,Burned Husk,1,
45,A. Steppe,1,high,7,80,3,4,Antidote Herb,1,
30,A. Steppe,1,high,7,80,3,4,Herb,1,
20,A. Steppe,1,high,7,80,3,4,Sleep Herb,1,
5,A. Steppe,1,high,7,80,3,4,Herb,2,
50,A. Steppe,1,high,8,20,3,4,Sap Plant,2,
23,A. Steppe,1,high,8,20,3,4,Sleep Herb,1,
18,A. Steppe,1,high,8,20,3,4,Ivy,1,
9,A. Steppe,1,high,8,20,3,4,Sleep Herb,2,
45,A. Steppe,1,high,9,80,3,4,Antidote Herb,1,
30,A. Steppe,1,high,9,80,3,4,Herb,1,
20,A. Steppe,1,high,9,80,3,4,Sleep Herb,1,
5,A. Steppe,1,high,9,80,3,4,Herb,2,
50,A. Steppe,1,high,10,20,3,4,Sap Plant,2,
23,A. Steppe,1,high,10,20,3,4,Sleep Herb,1,
18,A. Steppe,1,high,10,20,3,4,Ivy,1,
9,A. Steppe,1,high,10,20,3,4,Sleep Herb,2,
38,A. Steppe,1,g,1,,3,5,Unique Mushroom,1,
30,A. Steppe,1,g,1,,3,5,Blue Mushroom,1,
12,A. Steppe,1,g,1,,3,5,Blue Mushroom,2,
12,A. Steppe,1,g,1,,3,5,Exciteshroom,1,
8,A. Steppe,1,g,1,,3,5,Blue Mushroom,3,
55,A. Steppe,1,g,2,,3,5,Herb,1,
17,A. Steppe,1,g,2,,3,5,Felvine,1,
15,A. Steppe,1,g,2,,3,5,Herb,2,
13,A. Steppe,1,g,2,,3,5,Sap Plant,1,
87,A. Steppe,1,g,3,,3,5,Honey,1,
8,A. Steppe,1,g,3,,3,5,Snakebee Larva,1,
5,A. Steppe,1,g,3,,3,5,Insect Husk,1,
30,A. Steppe,1,g,4,,2,3,Thunderbug,2,
25,A. Steppe,1,g,4,,2,3,Emperor Hopper,1,
15,A. Steppe,1,g,4,,2,3,Bitterbug,2,
10,A. Steppe,1,g,4,,2,3,Spider Web,1,
10,A. Steppe,1,g,4,,2,3,Silver Cricket,1,
5,A. Steppe,1,g,4,,2,3,Carpenterbug,2,
5,A. Steppe,1,g,4,,2,3,Gold Cricket,1,
87,A. Steppe,1,g,5,,1,1,Honey,1,
8,A. Steppe,1,g,5,,1,1,Snakebee Larva,1,
5,A. Steppe,1,g,5,,1,1,Insect Husk,1,
100,A. Steppe,1,g,6,,2,3,Burned Husk,1,
45,A. Steppe,1,g,7,80,3,4,Antidote Herb,1,
30,A. Steppe,1,g,7,80,3,4,Herb,1,
20,A. Steppe,1,g,7,80,3,4,Sleep Herb,1,
5,A. Steppe,1,g,7,80,3,4,Herb,2,
50,A. Steppe,1,g,8,20,3,4,Sap Plant,2,
23,A. Steppe,1,g,8,20,3,4,Sleep Herb,1,
18,A. Steppe,1,g,8,20,3,4,Ivy,1,
9,A. Steppe,1,g,8,20,3,4,Sleep Herb,2,
45,A. Steppe,1,g,9,80,3,4,Antidote Herb,1,
30,A. Steppe,1,g,9,80,3,4,Herb,1,
20,A. Steppe,1,g,9,80,3,4,Sleep Herb,1,
5,A. Steppe,1,g,9,80,3,4,Herb,2,
50,A. Steppe,1,g,10,20,3,4,Sap Plant,2,
23,A. Steppe,1,g,10,20,3,4,Sleep Herb,1,
18,A. Steppe,1,g,10,20,3,4,Ivy,1,
9,A. Steppe,1,g,10,20,3,4,Sleep Herb,2,
50,A. Steppe,2,low,1,,2,3,Ivy,1,
30,A. Steppe,2,low,1,,2,3,Sap Plant,1,
15,A. Steppe,2,low,1,,2,3,Spider Web,1,
5,A. Steppe,2,low,1,,2,3,Insect Husk,1,
25,A. Steppe,2,low,2,,3,5,Bitterbug,1,
20,A. Steppe,2,low,2,,3,5,Hercudrome,1,
15,A. Steppe,2,low,2,,3,5,Godbug,1,
15,A. Steppe,2,low,2,,3,5,Stinkhopper,1,
10,A. Steppe,2,low,2,,3,5,Mega Fishing Fly,1,
10,A. Steppe,2,low,2,,3,5,Silver Cricket,1,
5,A. Steppe,2,low,2,,3,5,Gold Cricket,1,
36,A. Steppe,2,low,3,,4,6,Huskberry,1,
20,A. Steppe,2,low,3,,4,6,Needleberry,2,
15,A. Steppe,2,low,3,,4,6,Paintberry,1,
15,A. Steppe,2,low,3,,4,6,Needleberry,4,
14,A. Steppe,2,low,3,,4,6,Huskberry,2,
63,A. Steppe,2,low,4,,2,4,Unique Mushroom,1,
22,A. Steppe,2,low,4,,2,4,Mopeshroom,1,
8,A. Steppe,2,low,4,,2,4,Insect Husk,1,
7,A. Steppe,2,low,4,,2,4,Choice Mushroom,1,
40,A. Steppe,2,low,5,,2,3,Speed Jelly,1,
40,A. Steppe,2,low,5,,2,3,Thunder Ambrosia,1,
10,A. Steppe,2,low,5,,2,3,Larval Extract,1,
10,A. Steppe,2,low,5,,2,3,Paralarval Extract,1,
87,A. Steppe,2,low,6,,1,1,Honey,1,
8,A. Steppe,2,low,6,,1,1,Snakebee Larva,1,
5,A. Steppe,2,low,6,,1,1,Insect Husk,1,
30,A. Steppe,2,low,7,60,2,3,Flashbug,1,
20,A. Steppe,2,low,7,60,2,3,Bitterbug,1,
15,A. Steppe,2,low,7,60,2,3,Hercudrome,1,
10,A. Steppe,2,low,7,60,2,3,Spider Web,1,
10,A. Steppe,2,low,7,60,2,3,Carpenterbug,1,
10,A. Steppe,2,low,7,60,2,3,Silver Cricket,1,
5,A. Steppe,2,low,7,60,2,3,Gold Cricket,1,
20,A. Steppe,2,low,8,40,2,3,Godbug,1,
20,A. Steppe,2,low,8,40,2,3,Thunderbug,1,
20,A. Steppe,2,low,8,40,2,3,Hercudrome,1,
15,A. Steppe,2,low,8,40,2,3,Gold Cricket,1,
10,A. Steppe,2,low,8,40,2,3,Stinkhopper,1,
10,A. Steppe,2,low,8,40,2,3,Carpenterbug,1,
5,A. Steppe,2,low,8,40,2,3,Silver Cricket,1,
30,A. Steppe,2,low,9,70,3,4,Flashbug,1,
20,A. Steppe,2,low,9,70,3,4,Bitterbug,1,
15,A. Steppe,2,low,9,70,3,4,Hercudrome,1,
10,A. Steppe,2,low,9,70,3,4,Spider Web,1,
10,A. Steppe,2,low,9,70,3,4,Carpenterbug,1,
10,A. Steppe,2,low,9,70,3,4,Silver Cricket,1,
5,A. Steppe,2,low,9,70,3,4,Gold Cricket,1,
20,A. Steppe,2,low,10,30,3,4,Godbug,1,
20,A. Steppe,2,low,10,30,3,4,Thunderbug,1,
20,A. Steppe,2,low,10,30,3,4,Hercudrome,1,
15,A. Steppe,2,low,10,30,3,4,Gold Cricket,1,
10,A. Steppe,2,low,10,30,3,4,Stinkhopper,1,
10,A. Steppe,2,low,10,30,3,4,Carpenterbug,1,
5,A. Steppe,2,low,10,30,3,4,Silver Cricket,1,
65,A. Steppe,2,low,11,75,3,5,Unique Mushroom,1,
25,A. Steppe,2,low,11,75,3,5,Blue Mushroom,1,
10,A. Steppe,2,low,11,75,3,5,Choice Mushroom,1,
46,A. Steppe,2,low,12,25,3,5,Choice Mushroom,1,
28,A. Steppe,2,low,12,25,3,5,Mopeshroom,1,
16,A. Steppe,2,low,12,25,3,5,Unique Mushroom,2,
10,A. Steppe,2,low,12,25,3,5,Unique Mushroom,1,
65,A. Steppe,2,low,13,75,3,5,Unique Mushroom,1,
25,A. Steppe,2,low,13,75,3,5,Blue Mushroom,1,
10,A. Steppe,2,low,13,75,3,5,Choice Mushroom,1,
46,A. Steppe,2,low,14,25,3,5,Choice Mushroom,1,
28,A. Steppe,2,low,14,25,3,5,Mopeshroom,1,
16,A. Steppe,2,low,14,25,3,5,Unique Mushroom,2,
10,A. Steppe,2,low,14,25,3,5,Unique Mushroom,1,
50,A. Steppe,2,low,15,70,3,4,Speed Jelly,1,
50,A. Steppe,2,low,15,70,3,4,Thunder Ambrosia,1,
25,A. Steppe,2,low,16,30,3,4,Larval Extract,1,
25,A. Steppe,2,low,16,30,3,4,Paralarval Extract,1,
25,A. Steppe,2,low,16,30,3,4,Speed Jelly,1,
25,A. Steppe,2,low,16,30,3,4,Thunder Ambrosia,1,
50,A. Steppe,2,high,1,,2,3,Ivy,1,
30,A. Steppe,2,high,1,,2,3,Sap Plant,1,
15,A. Steppe,2,high,1,,2,3,Spider Web,1,
5,A. Steppe,2,high,1,,2,3,Insect Husk,1,
25,A. Steppe,2,high,2,,3,5,Bitterbug,1,
20,A. Steppe,2,high,2,,3,5,Hercudrome,1,
15,A. Steppe,2,high,2,,3,5,Godbug,1,
15,A. Steppe,2,high,2,,3,5,Stinkhopper,1,
10,A. Steppe,2,high,2,,3,5,Mega Fishing Fly,1,
10,A. Steppe,2,high,2,,3,5,Silver Cricket,1,
5,A. Steppe,2,high,2,,3,5,Gold Cricket,1,
36,A. Steppe,2,high,3,,4,6,Huskberry,1,
20,A. Steppe,2,high,3,,4,6,Needleberry,2,
15,A. Steppe,2,high,3,,4,6,Paintberry,1,
15,A. Steppe,2,high,3,,4,6,Needleberry,4,
14,A. Steppe,2,high,3,,4,6,Huskberry,2,
63,A. Steppe,2,high,4,,2,4,Unique Mushroom,1,
22,A. Steppe,2,high,4,,2,4,Mopeshroom,1,
8,A. Steppe,2,high,4,,2,4,Insect Husk,1,
7,A. Steppe,2,high,4,,2,4,Choice Mushroom,1,
40,A. Steppe,2,high,5,,2,3,Speed Jelly,1,
40,A. Steppe,2,high,5,,2,3,Thunder Ambrosia,1,
10,A. Steppe,2,high,5,,2,3,Larval Extract,1,
10,A. Steppe,2,high,5,,2,3,Paralarval Extract,1,
87,A. Steppe,2,high,6,,1,1,Honey,1,
8,A. Steppe,2,high,6,,1,1,Snakebee Larva,1,
5,A. Steppe,2,high,6,,1,1,Insect Husk,1,
100,A. Steppe,2,high,7,,2,3,Burned Husk,1,
30,A. Steppe,2,high,8,60,2,3,Flashbug,1,
20,A. Steppe,2,high,8,60,2,3,Bitterbug,1,
15,A. Steppe,2,high,8,60,2,3,Hercudrome,1,
10,A. Steppe,2,high,8,60,2,3,Spider Web,1,
10,A. Steppe,2,high,8,60,2,3,Carpenterbug,1,
10,A. Steppe,2,high,8,60,2,3,Silver Cricket,1,
5,A. Steppe,2,high,8,60,2,3,Gold Cricket,1,
20,A. Steppe,2,high,9,40,2,3,Godbug,1,
20,A. Steppe,2,high,9,40,2,3,Thunderbug,1,
20,A. Steppe,2,high,9,40,2,3,Hercudrome,1,
15,A. Steppe,2,high,9,40,2,3,Gold Cricket,1,
10,A. Steppe,2,high,9,40,2,3,Stinkhopper,1,
10,A. Steppe,2,high,9,40,2,3,Carpenterbug,1,
5,A. Steppe,2,high,9,40,2,3,Silver Cricket,1,
30,A. Steppe,2,high,10,70,3,4,Flashbug,1,
20,A. Steppe,2,high,10,70,3,4,Bitterbug,1,
15,A. Steppe,2,high,10,70,3,4,Hercudrome,1,
10,A. Steppe,2,high,10,70,3,4,Spider Web,1,
10,A. Steppe,2,high,10,70,3,4,Carpenterbug,1,
10,A. Steppe,2,high,10,70,3,4,Silver Cricket,1,
5,A. Steppe,2,high,10,70,3,4,Gold Cricket,1,
20,A. Steppe,2,high,11,30,3,4,Godbug,1,
20,A. Steppe,2,high,11,30,3,4,Thunderbug,1,
20,A. Steppe,2,high,11,30,3,4,Hercudrome,1,
15,A. Steppe,2,high,11,30,3,4,Gold Cricket,1,
10,A. Steppe,2,high,11,30,3,4,Stinkhopper,1,
10,A. Steppe,2,high,11,30,3,4,Carpenterbug,1,
5,A. Steppe,2,high,11,30,3,4,Silver Cricket,1,
65,A. Steppe,2,high,12,75,3,5,Unique Mushroom,1,
25,A. Steppe,2,high,12,75,3,5,Blue Mushroom,1,
10,A. Steppe,2,high,12,75,3,5,Choice Mushroom,1,
46,A. Steppe,2,high,13,25,3,5,Choice Mushroom,1,
28,A. Steppe,2,high,13,25,3,5,Mopeshroom,1,
16,A. Steppe,2,high,13,25,3,5,Unique Mushroom,2,
10,A. Steppe,2,high,13,25,3,5,Unique Mushroom,1,
65,A. Steppe,2,high,14,75,3,5,Unique Mushroom,1,
25,A. Steppe,2,high,14,75,3,5,Blue Mushroom,1,
10,A. Steppe,2,high,14,75,3,5,Choice Mushroom,1,
46,A. Steppe,2,high,15,25,3,5,Choice Mushroom,1,
28,A. Steppe,2,high,15,25,3,5,Mopeshroom,1,
16,A. Steppe,2,high,15,25,3,5,Unique Mushroom,2,
10,A. Steppe,2,high,15,25,3,5,Unique Mushroom,1,
50,A. Steppe,2,high,16,70,3,4,Speed Jelly,1,
50,A. Steppe,2,high,16,70,3,4,Thunder Ambrosia,1,
25,A. Steppe,2,high,17,30,3,4,Larval Extract,1,
25,A. Steppe,2,high,17,30,3,4,Paralarval Extract,1,
25,A. Steppe,2,high,17,30,3,4,Speed Jelly,1,
25,A. Steppe,2,high,17,30,3,4,Thunder Ambrosia,1,
50,A. Steppe,2,g,1,,2,3,Ivy,1,
30,A. Steppe,2,g,1,,2,3,Sap Plant,1,
15,A. Steppe,2,g,1,,2,3,Spider Web,1,
5,A. Steppe,2,g,1,,2,3,Insect Husk,1,
25,A. Steppe,2,g,2,,3,5,Emperor Hopper,1,
20,A. Steppe,2,g,2,,3,5,Rare Scarab,1,
15,A. Steppe,2,g,2,,3,5,Godbug,2,
15,A. Steppe,2,g,2,,3,5,Stinkhopper,2,
10,A. Steppe,2,g,2,,3,5,Mega Fishing Fly,1,
10,A. Steppe,2,g,2,,3,5,Silver Cricket,1,
5,A. Steppe,2,g,2,,3,5,Gold Cricket,1,
36,A. Steppe,2,g,3,,4,6,Huskberry,1,
20,A. Steppe,2,g,3,,4,6,Needleberry,2,
15,A. Steppe,2,g,3,,4,6,Paintberry,1,
15,A. Steppe,2,g,3,,4,6,Needleberry,4,
14,A. Steppe,2,g,3,,4,6,Huskberry,2,
63,A. Steppe,2,g,4,,2,4,Unique Mushroom,1,
22,A. Steppe,2,g,4,,2,4,Mopeshroom,1,
8,A. Steppe,2,g,4,,2,4,Insect Husk,1,
7,A. Steppe,2,g,4,,2,4,Choice Mushroom,1,
30,A. Steppe,2,g,5,,2,3,Speed Jelly,1,
30,A. Steppe,2,g,5,,2,3,Thunder Ambrosia,1,
20,A. Steppe,2,g,5,,2,3,Larval Extract,1,
20,A. Steppe,2,g,5,,2,3,Paralarval Extract,1,
87,A. Steppe,2,g,6,,1,1,Honey,1,
8,A. Steppe,2,g,6,,1,1,Snakebee Larva,1,
5,A. Steppe,2,g,6,,1,1,Insect Husk,1,
100,A. Steppe,2,g,7,,2,3,Burned Husk,1,
25,A. Steppe,2,g,8,60,2,3,Gold Cricket,1,
20,A. Steppe,2,g,8,60,2,3,Flashbug,2,
20,A. Steppe,2,g,8,60,2,3,Rare Scarab,1,
15,A. Steppe,2,g,8,60,2,3,Emperor Hopper,1,
10,A. Steppe,2,g,8,60,2,3,Silver Cricket,1,
5,A. Steppe,2,g,8,60,2,3,Spider Web,2,
5,A. Steppe,2,g,8,60,2,3,Carpenterbug,2,
30,A. Steppe,2,g,9,40,2,3,Rare Scarab,1,
30,A. Steppe,2,g,9,40,2,3,Emperor Hopper,1,
25,A. Steppe,2,g,9,40,2,3,Gold Cricket,1,
15,A. Steppe,2,g,9,40,2,3,Silver Cricket,1,
25,A. Steppe,2,g,10,70,3,4,Gold Cricket,1,
20,A. Steppe,2,g,10,70,3,4,Flashbug,2,
20,A. Steppe,2,g,10,70,3,4,Rare Scarab,1,
15,A. Steppe,2,g,10,70,3,4,Emperor Hopper,1,
10,A. Steppe,2,g,10,70,3,4,Silver Cricket,1,
5,A. Steppe,2,g,10,70,3,4,Spider Web,2,
5,A. Steppe,2,g,10,70,3,4,Carpenterbug,2,
30,A. Steppe,2,g,11,30,3,4,Rare Scarab,1,
30,A. Steppe,2,g,11,30,3,4,Emperor Hopper,1,
25,A. Steppe,2,g,11,30,3,4,Gold Cricket,1,
15,A. Steppe,2,g,11,30,3,4,Silver Cricket,1,
65,A. Steppe,2,g,12,75,3,5,Unique Mushroom,1,
25,A. Steppe,2,g,12,75,3,5,Blue Mushroom,1,
10,A. Steppe,2,g,12,75,3,5,Choice Mushroom,1,
46,A. Steppe,2,g,13,25,3,5,Choice Mushroom,1,
28,A. Steppe,2,g,13,25,3,5,Mopeshroom,1,
16,A. Steppe,2,g,13,25,3,5,Unique Mushroom,2,
10,A. Steppe,2,g,13,25,3,5,Unique Mushroom,1,
65,A. Steppe,2,g,14,75,3,5,Unique Mushroom,1,
25,A. Steppe,2,g,14,75,3,5,Blue Mushroom,1,
10,A. Steppe,2,g,14,75,3,5,Choice Mushroom,1,
46,A. Steppe,2,g,15,25,3,5,Choice Mushroom,1,
28,A. Steppe,2,g,15,25,3,5,Mopeshroom,1,
16,A. Steppe,2,g,15,25,3,5,Unique Mushroom,2,
10,A. Steppe,2,g,15,25,3,5,Unique Mushroom,1,
35,A. Steppe,2,g,16,70,3,4,Speed Jelly,1,
35,A. Steppe,2,g,16,70,3,4,Thunder Ambrosia,1,
30,A. Steppe,2,g,16,70,3,4,Larval Extract,1,
30,A. Steppe,2,g,17,30,3,4,Larval Extract,1,
30,A. Steppe,2,g,17,30,3,4,Paralarval Extract,1,
20,A. Steppe,2,g,17,30,3,4,Speed Jelly,2,
20,A. Steppe,2,g,17,30,3,4,Thunder Ambrosia,2,
36,A. Steppe,3,low,1,,4,6,Huskberry,1,
20,A. Steppe,3,low,1,,4,6,Needleberry,2,
15,A. Steppe,3,low,1,,4,6,Paintberry,1,
15,A. Steppe,3,low,1,,4,6,Needleberry,4,
14,A. Steppe,3,low,1,,4,6,Huskberry,2,
55,A. Steppe,3,low,2,,3,5,Herb,1,
17,A. Steppe,3,low,2,,3,5,Felvine,1,
15,A. Steppe,3,low,2,,3,5,Herb,2,
13,A. Steppe,3,low,2,,3,5,Sap Plant,1,
65,A. Steppe,3,low,3,,5,7,Whetstone,1,
25,A. Steppe,3,low,3,,5,7,Stone,2,
10,A. Steppe,3,low,3,,5,7,Stone,1,
38,A. Steppe,3,low,4,,3,5,Unique Mushroom,1,
30,A. Steppe,3,low,4,,3,5,Blue Mushroom,1,
12,A. Steppe,3,low,4,,3,5,Blue Mushroom,2,
12,A. Steppe,3,low,4,,3,5,Exciteshroom,1,
8,A. Steppe,3,low,4,,3,5,Blue Mushroom,3,
87,A. Steppe,3,low,5,,1,1,Honey,1,
8,A. Steppe,3,low,5,,1,1,Snakebee Larva,1,
5,A. Steppe,3,low,5,,1,1,Insect Husk,1,
45,A. Steppe,3,low,6,60,3,4,Antidote Herb,1,
30,A. Steppe,3,low,6,60,3,4,Herb,1,
20,A. Steppe,3,low,6,60,3,4,Sleep Herb,1,
5,A. Steppe,3,low,6,60,3,4,Herb,2,
50,A. Steppe,3,low,7,40,3,4,Sap Plant,2,
23,A. Steppe,3,low,7,40,3,4,Sleep Herb,1,
18,A. Steppe,3,low,7,40,3,4,Ivy,1,
9,A. Steppe,3,low,7,40,3,4,Sleep Herb,2,
45,A. Steppe,3,low,8,60,3,4,Antidote Herb,1,
30,A. Steppe,3,low,8,60,3,4,Herb,1,
20,A. Steppe,3,low,8,60,3,4,Sleep Herb,1,
5,A. Steppe,3,low,8,60,3,4,Herb,2,
50,A. Steppe,3,low,9,40,3,4,Sap Plant,2,
23,A. Steppe,3,low,9,40,3,4,Sleep Herb,1,
18,A. Steppe,3,low,9,40,3,4,Ivy,1,
9,A. Steppe,3,low,9,40,3,4,Sleep Herb,2,
30,A. Steppe,3,low,10,70,3,4,Flashbug,1,
20,A. Steppe,3,low,10,70,3,4,Bitterbug,1,
15,A. Steppe,3,low,10,70,3,4,Hercudrome,1,
10,A. Steppe,3,low,10,70,3,4,Spider Web,1,
10,A. Steppe,3,low,10,70,3,4,Carpenterbug,1,
10,A. Steppe,3,low,10,70,3,4,Silver Cricket,1,
5,A. Steppe,3,low,10,70,3,4,Gold Cricket,1,
20,A. Steppe,3,low,11,30,3,5,Godbug,1,
20,A. Steppe,3,low,11,30,3,5,Thunderbug,1,
20,A. Steppe,3,low,11,30,3,5,Hercudrome,1,
15,A. Steppe,3,low,11,30,3,5,Gold Cricket,1,
10,A. Steppe,3,low,11,30,3,5,Stinkhopper,1,
10,A. Steppe,3,low,11,30,3,5,Carpenterbug,1,
5,A. Steppe,3,low,11,30,3,5,Silver Cricket,1,
36,A. Steppe,3,high,1,,4,6,Huskberry,1,
20,A. Steppe,3,high,1,,4,6,Needleberry,2,
15,A. Steppe,3,high,1,,4,6,Paintberry,1,
15,A. Steppe,3,high,1,,4,6,Needleberry,4,
14,A. Steppe,3,high,1,,4,6,Huskberry,2,
55,A. Steppe,3,high,2,,3,5,Herb,1,
17,A. Steppe,3,high,2,,3,5,Felvine,1,
15,A. Steppe,3,high,2,,3,5,Herb,2,
13,A. Steppe,3,high,2,,3,5,Sap Plant,1,
65,A. Steppe,3,high,3,,5,7,Whetstone,1,
25,A. Steppe,3,high,3,,5,7,Stone,2,
10,A. Steppe,3,high,3,,5,7,Stone,1,
38,A. Steppe,3,high,4,,3,5,Unique Mushroom,1,
30,A. Steppe,3,high,4,,3,5,Blue Mushroom,1,
12,A. Steppe,3,high,4,,3,5,Blue Mushroom,2,
12,A. Steppe,3,high,4,,3,5,Exciteshroom,1,
8,A. Steppe,3,high,4,,3,5,Blue Mushroom,3,
100,A. Steppe,3,high,5,,2,3,Burned Husk,1,
87,A. Steppe,3,high,6,,1,1,Honey,1,
8,A. Steppe,3,high,6,,1,1,Snakebee Larva,1,
5,A. Steppe,3,high,6,,1,1,Insect Husk,1,
45,A. Steppe,3,high,7,60,3,4,Antidote Herb,1,
30,A. Steppe,3,high,7,60,3,4,Herb,1,
20,A. Steppe,3,high,7,60,3,4,Sleep Herb,1,
5,A. Steppe,3,high,7,60,3,4,Herb,2,
50,A. Steppe,3,high,8,40,3,4,Sap Plant,2,
23,A. Steppe,3,high,8,40,3,4,Sleep Herb,1,
18,A. Steppe,3,high,8,40,3,4,Ivy,1,
9,A. Steppe,3,high,8,40,3,4,Sleep Herb,2,
45,A. Steppe,3,high,9,60,3,4,Antidote Herb,1,
30,A. Steppe,3,high,9,60,3,4,Herb,1,
20,A. Steppe,3,high,9,60,3,4,Sleep Herb,1,
5,A. Steppe,3,high,9,60,3,4,Herb,2,
50,A. Steppe,3,high,10,40,3,4,Sap Plant,2,
23,A. Steppe,3,high,10,40,3,4,Sleep Herb,1,
18,A. Steppe,3,high,10,40,3,4,Ivy,1,
9,A. Steppe,3,high,10,40,3,4,Sleep Herb,2,
30,A. Steppe,3,high,11,70,3,4,Flashbug,1,
20,A. Steppe,3,high,11,70,3,4,Bitterbug,1,
15,A. Steppe,3,high,11,70,3,4,Hercudrome,1,
10,A. Steppe,3,high,11,70,3,4,Spider Web,1,
10,A. Steppe,3,high,11,70,3,4,Carpenterbug,1,
10,A. Steppe,3,high,11,70,3,4,Silver Cricket,1,
5,A. Steppe,3,high,11,70,3,4,Gold Cricket,1,
20,A. Steppe,3,high,12,30,3,5,Godbug,1,
20,A. Steppe,3,high,12,30,3,5,Thunderbug,1,
20,A. Steppe,3,high,12,30,3,5,Hercudrome,1,
15,A. Steppe,3,high,12,30,3,5,Gold Cricket,1,
10,A. Steppe,3,high,12,30,3,5,Stinkhopper,1,
10,A. Steppe,3,high,12,30,3,5,Carpenterbug,1,
5,A. Steppe,3,high,12,30,3,5,Silver Cricket,1,
36,A. Steppe,3,g,1,,4,6,Huskberry,1,
20,A. Steppe,3,g,1,,4,6,Needleberry,2,
15,A. Steppe,3,g,1,,4,6,Paintberry,1,
15,A. Steppe,3,g,1,,4,6,Needleberry,4,
14,A. Steppe,3,g,1,,4,6,Huskberry,2,
55,A. Steppe,3,g,2,,3,5,Herb,1,
17,A. Steppe,3,g,2,,3,5,Felvine,1,
15,A. Steppe,3,g,2,,3,5,Herb,2,
13,A. Steppe,3,g,2,,3,5,Sap Plant,1,
65,A. Steppe,3,g,3,,5,7,Whetstone,1,
25,A. Steppe,3,g,3,,5,7,Stone,2,
10,A. Steppe,3,g,3,,5,7,Stone,1,
38,A. Steppe,3,g,4,,3,5,Unique Mushroom,1,
30,A. Steppe,3,g,4,,3,5,Blue Mushroom,1,
12,A. Steppe,3,g,4,,3,5,Blue Mushroom,2,
12,A. Steppe,3,g,4,,3,5,Exciteshroom,1,
8,A. Steppe,3,g,4,,3,5,Blue Mushroom,3,
100,A. Steppe,3,g,5,,2,3,Burned Husk,1,
87,A. Steppe,3,g,6,,1,1,Honey,1,
8,A. Steppe,3,g,6,,1,1,Snakebee Larva,1,
5,A. Steppe,3,g,6,,1,1,Insect Husk,1,
45,A. Steppe,3,g,7,60,3,4,Antidote Herb,1,
30,A. Steppe,3,g,7,60,3,4,Herb,1,
20,A. Steppe,3,g,7,60,3,4,Sleep Herb,1,
5,A. Steppe,3,g,7,60,3,4,Herb,2,
50,A. Steppe,3,g,8,40,3,4,Sap Plant,2,
23,A. Steppe,3,g,8,40,3,4,Sleep Herb,1,
18,A. Steppe,3,g,8,40,3,4,Ivy,1,
9,A. Steppe,3,g,8,40,3,4,Sleep Herb,2,
45,A. Steppe,3,g,9,60,3,4,Antidote Herb,1,
30,A. Steppe,3,g,9,60,3,4,Herb,1,
20,A. Steppe,3,g,9,60,3,4,Sleep Herb,1,
5,A. Steppe,3,g,9,60,3,4,Herb,2,
50,A. Steppe,3,g,10,40,3,4,Sap Plant,2,
23,A. Steppe,3,g,10,40,3,4,Sleep Herb,1,
18,A. Steppe,3,g,10,40,3,4,Ivy,1,
9,A. Steppe,3,g,10,40,3,4,Sleep Herb,2,
25,A. Steppe,3,g,11,70,3,4,Gold Cricket,1,
20,A. Steppe,3,g,11,70,3,4,Flashbug,2,
20,A. Steppe,3,g,11,70,3,4,Rare Scarab,1,
15,A. Steppe,3,g,11,70,3,4,Emperor Hopper,1,
10,A. Steppe,3,g,11,70,3,4,Silver Cricket,1,
5,A. Steppe,3,g,11,70,3,4,Spider Web,2,
5,A. Steppe,3,g,11,70,3,4,Carpenterbug,2,
30,A. Steppe,3,g,12,30,3,5,Rare Scarab,1,
30,A. Steppe,3,g,12,30,3,5,Emperor Hopper,1,
25,A. Steppe,3,g,12,30,3,5,Gold Cricket,1,
15,A. Steppe,3,g,12,30,3,5,Silver Cricket,1,
40,A. Steppe,4,low,1,,2,4,Machalite Ore,1,
30,A. Steppe,4,low,1,,2,4,Dragonite Ore,1,
10,A. Steppe,4,low,1,,2,4,Whetstone,1,
10,A. Steppe,4,low,1,,2,4,Iron Ore,1,
10,A. Steppe,4,low,1,,2,4,Aquaglow Jewel,1,
69,A. Steppe,4,low,2,,2,5,Nulberry,1,
21,A. Steppe,4,low,2,,2,5,Scatternut,1,
10,A. Steppe,4,low,2,,2,5,Worm,1,
35,A. Steppe,4,low,3,60,4,5,Latchberry,1,
25,A. Steppe,4,low,3,60,4,5,Nulberry,1,
20,A. Steppe,4,low,3,60,4,5,Paintberry,1,
15,A. Steppe,4,low,3,60,4,5,Scatternut,1,
5,A. Steppe,4,low,3,60,4,5,Worm,1,
35,A. Steppe,4,low,4,40,5,7,Latchberry,2,
25,A. Steppe,4,low,4,40,5,7,Nulberry,2,
20,A. Steppe,4,low,4,40,5,7,Paintberry,2,
15,A. Steppe,4,low,4,40,5,7,Scatternut,2,
5,A. Steppe,4,low,4,40,5,7,Worm,1,
65,A. Steppe,4,low,5,60,3,5,Unique Mushroom,1,
25,A. Steppe,4,low,5,60,3,5,Blue Mushroom,1,
10,A. Steppe,4,low,5,60,3,5,Choice Mushroom,1,
46,A. Steppe,4,low,6,40,3,5,Choice Mushroom,1,
28,A. Steppe,4,low,6,40,3,5,Mopeshroom,1,
16,A. Steppe,4,low,6,40,3,5,Unique Mushroom,2,
10,A. Steppe,4,low,6,40,3,5,Unique Mushroom,1,
75,A. Steppe,4,low,7,70,3,4,Honey,1,
20,A. Steppe,4,low,7,70,3,4,Snakebee Larva,1,
5,A. Steppe,4,low,7,70,3,4,Insect Husk,1,
55,A. Steppe,4,low,8,30,3,4,Honey,1,
20,A. Steppe,4,low,8,30,3,4,Honey,2,
20,A. Steppe,4,low,8,30,3,4,Snakebee Larva,1,
5,A. Steppe,4,low,8,30,3,4,Insect Husk,1,
30,A. Steppe,4,low,9,65,2,4,Machalite Ore,1,
25,A. Steppe,4,low,9,65,2,4,Carbalite Ore,1,
15,A. Steppe,4,low,9,65,2,4,Sunspire Jewel,1,
10,A. Steppe,4,low,9,65,2,4,Iron Ore,1,
10,A. Steppe,4,low,9,65,2,4,Mystery Charm,1,
7,A. Steppe,4,low,9,65,2,4,Armor Sphere+,1,
3,A. Steppe,4,low,9,65,2,4,Adv Armor Sphere,1,
35,A. Steppe,4,low,10,35,2,4,Dragonite Ore,1,
20,A. Steppe,4,low,10,35,2,4,Carbalite Ore,1,
11,A. Steppe,4,low,10,35,2,4,Armor Sphere+,1,
10,A. Steppe,4,low,10,35,2,4,Machalite Ore,1,
10,A. Steppe,4,low,10,35,2,4,Mystery Charm,1,
10,A. Steppe,4,low,10,35,2,4,Shining Charm,1,
4,A. Steppe,4,low,10,35,2,4,Adv Armor Sphere,1,
40,A. Steppe,4,high,1,,2,4,Machalite Ore,1,
30,A. Steppe,4,high,1,,2,4,Dragonite Ore,1,
10,A. Steppe,4,high,1,,2,4,Whetstone,1,
10,A. Steppe,4,high,1,,2,4,Iron Ore,1,
10,A. Steppe,4,high,1,,2,4,Aquaglow Jewel,1,
69,A. Steppe,4,high,2,,2,5,Nulberry,1,
21,A. Steppe,4,high,2,,2,5,Scatternut,1,
10,A. Steppe,4,high,2,,2,5,Worm,1,
35,A. Steppe,4,high,3,60,4,5,Latchberry,1,
25,A. Steppe,4,high,3,60,4,5,Nulberry,1,
20,A. Steppe,4,high,3,60,4,5,Paintberry,1,
15,A. Steppe,4,high,3,60,4,5,Scatternut,1,
5,A. Steppe,4,high,3,60,4,5,Worm,1,
35,A. Steppe,4,high,4,40,5,7,Latchberry,2,
25,A. Steppe,4,high,4,40,5,7,Nulberry,2,
20,A. Steppe,4,high,4,40,5,7,Paintberry,2,
15,A. Steppe,4,high,4,40,5,7,Scatternut,2,
5,A. Steppe,4,high,4,40,5,7,Worm,1,
65,A. Steppe,4,high,5,60,3,5,Unique Mushroom,1,
25,A. Steppe,4,high,5,60,3,5,Blue Mushroom,1,
10,A. Steppe,4,high,5,60,3,5,Choice Mushroom,1,
46,A. Steppe,4,high,6,40,3,5,Choice Mushroom,1,
28,A. Steppe,4,high,6,40,3,5,Mopeshroom,1,
16,A. Steppe,4,high,6,40,3,5,Unique Mushroom,2,
10,A. Steppe,4,high,6,40,3,5,Unique Mushroom,1,
75,A. Steppe,4,high,7,70,3,4,Honey,1,
20,A. Steppe,4,high,7,70,3,4,Snakebee Larva,1,
5,A. Steppe,4,high,7,70,3,4,Insect Husk,1,
55,A. Steppe,4,high,8,30,3,4,Honey,1,
20,A. Steppe,4,high,8,30,3,4,Honey,2,
20,A. Steppe,4,high,8,30,3,4,Snakebee Larva,1,
5,A. Steppe,4,high,8,30,3,4,Insect Husk,1,
30,A. Steppe,4,high,9,65,2,4,Machalite Ore,1,
25,A. Steppe,4,high,9,65,2,4,Carbalite Ore,1,
15,A. Steppe,4,high,9,65,2,4,Sunspire Jewel,1,
10,A. Steppe,4,high,9,65,2,4,Iron Ore,1,
10,A. Steppe,4,high,9,65,2,4,Mystery Charm,1,
7,A. Steppe,4,high,9,65,2,4,Armor Sphere+,1,
3,A. Steppe,4,high,9,65,2,4,Adv Armor Sphere,1,
35,A. Steppe,4,high,10,35,2,4,Dragonite Ore,1,
20,A. Steppe,4,high,10,35,2,4,Carbalite Ore,1,
11,A. Steppe,4,high,10,35,2,4,Armor Sphere+,1,
10,A. Steppe,4,high,10,35,2,4,Machalite Ore,1,
10,A. Steppe,4,high,10,35,2,4,Mystery Charm,1,
10,A. Steppe,4,high,10,35,2,4,Shining Charm,1,
4,A. Steppe,4,high,10,35,2,4,Adv Armor Sphere,1,
30,A. Steppe,4,g,1,,2,4,Carbalite Ore,1,
30,A. Steppe,4,g,1,,2,4,Fucium Ore,1,
15,A. Steppe,4,g,1,,2,4,Dragonite Ore,2,
15,A. Steppe,4,g,1,,2,4,Eltalite Ore,1,
10,A. Steppe,4,g,1,,2,4,Bloodrun Jewel,1,
69,A. Steppe,4,g,2,,2,5,Nulberry,1,
21,A. Steppe,4,g,2,,2,5,Scatternut,1,
10,A. Steppe,4,g,2,,2,5,Worm,1,
35,A. Steppe,4,g,3,60,4,5,Latchberry,1,
25,A. Steppe,4,g,3,60,4,5,Nulberry,1,
20,A. Steppe,4,g,3,60,4,5,Paintberry,1,
15,A. Steppe,4,g,3,60,4,5,Scatternut,1,
5,A. Steppe,4,g,3,60,4,5,Worm,1,
35,A. Steppe,4,g,4,40,5,7,Latchberry,2,
25,A. Steppe,4,g,4,40,5,7,Nulberry,2,
20,A. Steppe,4,g,4,40,5,7,Paintberry,2,
15,A. Steppe,4,g,4,40,5,7,Scatternut,2,
5,A. Steppe,4,g,4,40,5,7,Worm,1,
65,A. Steppe,4,g,5,60,3,5,Unique Mushroom,1,
25,A. Steppe,4,g,5,60,3,5,Blue Mushroom,1,
10,A. Steppe,4,g,5,60,3,5,Choice Mushroom,1,
46,A. Steppe,4,g,6,40,3,5,Choice Mushroom,1,
28,A. Steppe,4,g,6,40,3,5,Mopeshroom,1,
16,A. Steppe,4,g,6,40,3,5,Unique Mushroom,2,
10,A. Steppe,4,g,6,40,3,5,Unique Mushroom,1,
75,A. Steppe,4,g,7,70,3,4,Honey,1,
20,A. Steppe,4,g,7,70,3,4,Snakebee Larva,1,
5,A. Steppe,4,g,7,70,3,4,Insect Husk,1,
55,A. Steppe,4,g,8,30,3,4,Honey,1,
20,A. Steppe,4,g,8,30,3,4,Honey,2,
20,A. Steppe,4,g,8,30,3,4,Snakebee Larva,1,
5,A. Steppe,4,g,8,30,3,4,Insect Husk,1,
25,A. Steppe,4,g,9,65,2,4,Fucium Ore,1,
20,A. Steppe,4,g,9,65,2,4,Carbalite Ore,1,
20,A. Steppe,4,g,9,65,2,4,Eltalite Ore,1,
15,A. Steppe,4,g,9,65,2,4,Lazurite Jewel,1,
10,A. Steppe,4,g,9,65,2,4,Shining Charm,1,
7,A. Steppe,4,g,9,65,2,4,Hard Armor Sphere,1,
3,A. Steppe,4,g,9,65,2,4,Heavy Armor Sphere,1,
25,A. Steppe,4,g,10,35,2,4,Eltalite Ore,1,
25,A. Steppe,4,g,10,35,2,4,Timeworn Charm,1,
20,A. Steppe,4,g,10,35,2,4,Fucium Ore,1,
11,A. Steppe,4,g,10,35,2,4,Hard Armor Sphere,1,
10,A. Steppe,4,g,10,35,2,4,Carbalite Ore,1,
5,A. Steppe,4,g,10,35,2,4,Shining Charm,1,
4,A. Steppe,4,g,10,35,2,4,Heavy Armor Sphere,1,
45,A. Steppe,5,low,1,,2,4,Auristone Chunk,1,
35,A. Steppe,5,low,1,,2,4,Auristone Piece,1,
15,A. Steppe,5,low,1,,2,4,Carbalite Ore,1,
5,A. Steppe,5,low,1,,2,4,Rustshard,1,
95,A. Steppe,5,low,2,,,,Wyvern Egg,1,∞
5,A. Steppe,5,low,2,,,,Monster Bone S,1,∞
87,A. Steppe,5,low,3,,1,1,Honey,1,
8,A. Steppe,5,low,3,,1,1,Snakebee Larva,1,
5,A. Steppe,5,low,3,,1,1,Insect Husk,1,
45,A. Steppe,5,high,1,,2,4,Auristone Chunk,1,
35,A. Steppe,5,high,1,,2,4,Auristone Piece,1,
15,A. Steppe,5,high,1,,2,4,Carbalite Ore,1,
5,A. Steppe,5,high,1,,2,4,Rustshard,1,
95,A. Steppe,5,high,2,,,,Wyvern Egg,1,∞
5,A. Steppe,5,high,2,,,,Monster Bone S,1,∞
87,A. Steppe,5,high,3,,1,1,Honey,1,
8,A. Steppe,5,high,3,,1,1,Snakebee Larva,1,
5,A. Steppe,5,high,3,,1,1,Insect Husk,1,
100,A. Steppe,5,high,4,,2,3,Burned Husk,1,
45,A. Steppe,5,g,1,,2,4,Auristone Chunk,1,
35,A. Steppe,5,g,1,,2,4,Auristone Piece,1,
15,A. Steppe,5,g,1,,2,4,Eltalite Ore,1,
5,A. Steppe,5,g,1,,2,4,Ancient Shard,1,
95,A. Steppe,5,g,2,,,,Wyvern Egg,1,∞
5,A. Steppe,5,g,2,,,,Monster Bone S,1,∞
87,A. Steppe,5,g,3,,1,1,Honey,1,
8,A. Steppe,5,g,3,,1,1,Snakebee Larva,1,
5,A. Steppe,5,g,3,,1,1,Insect Husk,1,
100,A. Steppe,5,g,4,,2,3,Burned Husk,1,
63,A. Steppe,6,low,1,,4,5,Unique Mushroom,1,
22,A. Steppe,6,low,1,,4,5,Mopeshroom,1,
8,A. Steppe,6,low,1,,4,5,Insect Husk,1,
7,A. Steppe,6,low,1,,4,5,Choice Mushroom,1,
30,A. Steppe,6,low,2,,3,4,Dragonite Ore,1,
20,A. Steppe,6,low,2,,3,4,Carbalite Ore,1,
15,A. Steppe,6,low,2,,3,4,Sunspire Jewel,1,
10,A. Steppe,6,low,2,,3,4,Machalite Ore,1,
10,A. Steppe,6,low,2,,3,4,Armor Sphere+,1,
10,A. Steppe,6,low,2,,3,4,Mystery Charm,1,
5,A. Steppe,6,low,2,,3,4,Adv Armor Sphere,1,
87,A. Steppe,6,low,3,,4,5,Honey,1,
8,A. Steppe,6,low,3,,4,5,Snakebee Larva,1,
5,A. Steppe,6,low,3,,4,5,Insect Husk,1,
30,A. Steppe,6,low,4,60,2,3,Flashbug,1,
20,A. Steppe,6,low,4,60,2,3,Bitterbug,1,
15,A. Steppe,6,low,4,60,2,3,Hercudrome,1,
10,A. Steppe,6,low,4,60,2,3,Spider Web,1,
10,A. Steppe,6,low,4,60,2,3,Carpenterbug,1,
10,A. Steppe,6,low,4,60,2,3,Silver Cricket,1,
5,A. Steppe,6,low,4,60,2,3,Gold Cricket,1,
20,A. Steppe,6,low,5,40,2,4,Godbug,1,
20,A. Steppe,6,low,5,40,2,4,Thunderbug,1,
20,A. Steppe,6,low,5,40,2,4,Hercudrome,1,
15,A. Steppe,6,low,5,40,2,4,Gold Cricket,1,
10,A. Steppe,6,low,5,40,2,4,Stinkhopper,1,
10,A. Steppe,6,low,5,40,2,4,Carpenterbug,1,
5,A. Steppe,6,low,5,40,2,4,Silver Cricket,1,
65,A. Steppe,6,low,6,60,3,5,Unique Mushroom,1,
25,A. Steppe,6,low,6,60,3,5,Blue Mushroom,1,
10,A. Steppe,6,low,6,60,3,5,Choice Mushroom,1,
46,A. Steppe,6,low,7,40,3,5,Choice Mushroom,1,
28,A. Steppe,6,low,7,40,3,5,Mopeshroom,1,
16,A. Steppe,6,low,7,40,3,5,Unique Mushroom,2,
10,A. Steppe,6,low,7,40,3,5,Unique Mushroom,1,
35,A. Steppe,6,low,8,80,2,4,Mystery Bone,2,
22,A. Steppe,6,low,8,80,2,4,Fossilized Bone,1,
20,A. Steppe,6,low,8,80,2,4,Mystery Bone,1,
13,A. Steppe,6,low,8,80,2,4,Monster Bone S,1,
10,A. Steppe,6,low,8,80,2,4,Unknown Skull,1,
30,A. Steppe,6,low,9,20,3,4,Mystery Bone,3,
25,A. Steppe,6,low,9,20,3,4,Monster Bone S,1,
17,A. Steppe,6,low,9,20,3,4,Unknown Skull,1,
15,A. Steppe,6,low,9,20,3,4,Mystery Bone,2,
13,A. Steppe,6,low,9,20,3,4,Fossilized Bone,2,
35,A. Steppe,6,low,10,60,3,4,Latchberry,1,
25,A. Steppe,6,low,10,60,3,4,Nulberry,1,
20,A. Steppe,6,low,10,60,3,4,Paintberry,1,
15,A. Steppe,6,low,10,60,3,4,Scatternut,1,
5,A. Steppe,6,low,10,60,3,4,Worm,1,
35,A. Steppe,6,low,11,40,4,5,Latchberry,2,
25,A. Steppe,6,low,11,40,4,5,Nulberry,2,
20,A. Steppe,6,low,11,40,4,5,Paintberry,2,
15,A. Steppe,6,low,11,40,4,5,Scatternut,2,
5,A. Steppe,6,low,11,40,4,5,Worm,1,
63,A. Steppe,6,high,1,,4,5,Unique Mushroom,1,
22,A. Steppe,6,high,1,,4,5,Mopeshroom,1,
8,A. Steppe,6,high,1,,4,5,Insect Husk,1,
7,A. Steppe,6,high,1,,4,5,Choice Mushroom,1,
30,A. Steppe,6,high,2,,3,4,Dragonite Ore,1,
20,A. Steppe,6,high,2,,3,4,Carbalite Ore,1,
15,A. Steppe,6,high,2,,3,4,Sunspire Jewel,1,
10,A. Steppe,6,high,2,,3,4,Machalite Ore,1,
10,A. Steppe,6,high,2,,3,4,Armor Sphere+,1,
10,A. Steppe,6,high,2,,3,4,Mystery Charm,1,
5,A. Steppe,6,high,2,,3,4,Adv Armor Sphere,1,
87,A. Steppe,6,high,3,,4,5,Honey,1,
8,A. Steppe,6,high,3,,4,5,Snakebee Larva,1,
5,A. Steppe,6,high,3,,4,5,Insect Husk,1,
30,A. Steppe,6,high,4,60,2,3,Flashbug,1,
20,A. Steppe,6,high,4,60,2,3,Bitterbug,1,
15,A. Steppe,6,high,4,60,2,3,Hercudrome,1,
10,A. Steppe,6,high,4,60,2,3,Spider Web,1,
10,A. Steppe,6,high,4,60,2,3,Carpenterbug,1,
10,A. Steppe,6,high,4,60,2,3,Silver Cricket,1,
5,A. Steppe,6,high,4,60,2,3,Gold Cricket,1,
20,A. Steppe,6,high,5,40,2,4,Godbug,1,
20,A. Steppe,6,high,5,40,2,4,Thunderbug,1,
20,A. Steppe,6,high,5,40,2,4,Hercudrome,1,
15,A. Steppe,6,high,5,40,2,4,Gold Cricket,1,
10,A. Steppe,6,high,5,40,2,4,Stinkhopper,1,
10,A. Steppe,6,high,5,40,2,4,Carpenterbug,1,
5,A. Steppe,6,high,5,40,2,4,Silver Cricket,1,
65,A. Steppe,6,high,6,60,3,5,Unique Mushroom,1,
25,A. Steppe,6,high,6,60,3,5,Blue Mushroom,1,
10,A. Steppe,6,high,6,60,3,5,Choice Mushroom,1,
46,A. Steppe,6,high,7,40,3,5,Choice Mushroom,1,
28,A. Steppe,6,high,7,40,3,5,Mopeshroom,1,
16,A. Steppe,6,high,7,40,3,5,Unique Mushroom,2,
10,A. Steppe,6,high,7,40,3,5,Unique Mushroom,1,
35,A. Steppe,6,high,8,80,2,4,Mystery Bone,2,
22,A. Steppe,6,high,8,80,2,4,Fossilized Bone,1,
20,A. Steppe,6,high,8,80,2,4,Mystery Bone,1,
13,A. Steppe,6,high,8,80,2,4,Monster Bone S,1,
10,A. Steppe,6,high,8,80,2,4,Unknown Skull,1,
30,A. Steppe,6,high,9,20,3,4,Mystery Bone,3,
25,A. Steppe,6,high,9,20,3,4,Monster Bone S,1,
17,A. Steppe,6,high,9,20,3,4,Unknown Skull,1,
15,A. Steppe,6,high,9,20,3,4,Mystery Bone,2,
13,A. Steppe,6,high,9,20,3,4,Fossilized Bone,2,
35,A. Steppe,6,high,10,60,3,4,Latchberry,1,
25,A. Steppe,6,high,10,60,3,4,Nulberry,1,
20,A. Steppe,6,high,10,60,3,4,Paintberry,1,
15,A. Steppe,6,high,10,60,3,4,Scatternut,1,
5,A. Steppe,6,high,10,60,3,4,Worm,1,
35,A. Steppe,6,high,11,40,4,5,Latchberry,2,
25,A. Steppe,6,high,11,40,4,5,Nulberry,2,
20,A. Steppe,6,high,11,40,4,5,Paintberry,2,
15,A. Steppe,6,high,11,40,4,5,Scatternut,2,
5,A. Steppe,6,high,11,40,4,5,Worm,1,
63,A. Steppe,6,g,1,,4,5,Unique Mushroom,1,
22,A. Steppe,6,g,1,,4,5,Mopeshroom,1,
8,A. Steppe,6,g,1,,4,5,Insect Husk,1,
7,A. Steppe,6,g,1,,4,5,Choice Mushroom,1,
35,A. Steppe,6,g,2,,3,4,Eltalite Ore,1,
20,A. Steppe,6,g,2,,3,4,Carbalite Ore,1,
15,A. Steppe,6,g,2,,3,4,Lazurite Jewel,1,
10,A. Steppe,6,g,2,,3,4,Hard Armor Sphere,1,
10,A. Steppe,6,g,2,,3,4,Heavy Armor Sphere,1,
10,A. Steppe,6,g,2,,3,4,Shining Charm,1,
87,A. Steppe,6,g,3,,4,5,Honey,1,
8,A. Steppe,6,g,3,,4,5,Snakebee Larva,1,
5,A. Steppe,6,g,3,,4,5,Insect Husk,1,
25,A. Steppe,6,g,4,60,2,3,Gold Cricket,1,
20,A. Steppe,6,g,4,60,2,3,Flashbug,2,
20,A. Steppe,6,g,4,60,2,3,Rare Scarab,1,
15,A. Steppe,6,g,4,60,2,3,Emperor Hopper,1,
10,A. Steppe,6,g,4,60,2,3,Silver Cricket,1,
5,A. Steppe,6,g,4,60,2,3,Spider Web,2,
5,A. Steppe,6,g,4,60,2,3,Carpenterbug,2,
30,A. Steppe,6,g,5,40,2,4,Rare Scarab,1,
30,A. Steppe,6,g,5,40,2,4,Emperor Hopper,1,
25,A. Steppe,6,g,5,40,2,4,Gold Cricket,1,
15,A. Steppe,6,g,5,40,2,4,Silver Cricket,1,
65,A. Steppe,6,g,6,60,3,5,Unique Mushroom,1,
25,A. Steppe,6,g,6,60,3,5,Blue Mushroom,1,
10,A. Steppe,6,g,6,60,3,5,Choice Mushroom,1,
46,A. Steppe,6,g,7,40,3,5,Choice Mushroom,1,
28,A. Steppe,6,g,7,40,3,5,Mopeshroom,1,
16,A. Steppe,6,g,7,40,3,5,Unique Mushroom,2,
10,A. Steppe,6,g,7,40,3,5,Unique Mushroom,1,
35,A. Steppe,6,g,8,80,2,4,Mystery Bone,2,
22,A. Steppe,6,g,8,80,2,4,Fossilized Bone,1,
20,A. Steppe,6,g,8,80,2,4,Mystery Bone,1,
13,A. Steppe,6,g,8,80,2,4,Monster Bone S,1,
10,A. Steppe,6,g,8,80,2,4,Unknown Skull,1,
30,A. Steppe,6,g,9,20,3,4,Mystery Bone,3,
17,A. Steppe,6,g,9,20,3,4,Unknown Skull,1,
15,A. Steppe,6,g,9,20,3,4,Monster Bone S,1,
15,A. Steppe,6,g,9,20,3,4,Mystery Bone,2,
13,A. Steppe,6,g,9,20,3,4,Fossilized Bone,2,
10,A. Steppe,6,g,9,20,3,4,Monster Bone M,1,
35,A. Steppe,6,g,10,60,3,4,Latchberry,1,
25,A. Steppe,6,g,10,60,3,4,Nulberry,1,
20,A. Steppe,6,g,10,60,3,4,Paintberry,1,
15,A. Steppe,6,g,10,60,3,4,Scatternut,1,
5,A. Steppe,6,g,10,60,3,4,Worm,1,
35,A. Steppe,6,g,11,40,4,5,Latchberry,2,
25,A. Steppe,6,g,11,40,4,5,Nulberry,2,
20,A. Steppe,6,g,11,40,4,5,Paintberry,2,
15,A. Steppe,6,g,11,40,4,5,Scatternut,2,
5,A. Steppe,6,g,11,40,4,5,Worm,1,
40,A. Steppe,7,low,1,,3,4,Machalite Ore,1,
30,A. Steppe,7,low,1,,3,4,Dragonite Ore,1,
10,A. Steppe,7,low,1,,3,4,Whetstone,1,
10,A. Steppe,7,low,1,,3,4,Iron Ore,1,
10,A. Steppe,7,low,1,,3,4,Aquaglow Jewel,1,
40,A. Steppe,7,low,2,,3,4,Machalite Ore,1,
30,A. Steppe,7,low,2,,3,4,Dragonite Ore,1,
10,A. Steppe,7,low,2,,3,4,Whetstone,1,
10,A. Steppe,7,low,2,,3,4,Iron Ore,1,
10,A. Steppe,7,low,2,,3,4,Aquaglow Jewel,1,
30,A. Steppe,7,low,3,,2,3,Dragonite Ore,1,
20,A. Steppe,7,low,3,,2,3,Carbalite Ore,1,
15,A. Steppe,7,low,3,,2,3,Sunspire Jewel,1,
10,A. Steppe,7,low,3,,2,3,Machalite Ore,1,
10,A. Steppe,7,low,3,,2,3,Armor Sphere+,1,
10,A. Steppe,7,low,3,,2,3,Mystery Charm,1,
5,A. Steppe,7,low,3,,2,3,Adv Armor Sphere,1,
40,A. Steppe,7,low,4,,3,5,Mystery Bone,1,
20,A. Steppe,7,low,4,,3,5,Monster Bone S,1,
20,A. Steppe,7,low,4,,3,5,Fossilized Bone,1,
10,A. Steppe,7,low,4,,3,5,Mystery Bone,2,
10,A. Steppe,7,low,4,,3,5,Fossilized Bone,2,
30,A. Steppe,7,low,5,80,2,3,Machalite Ore,1,
25,A. Steppe,7,low,5,80,2,3,Carbalite Ore,1,
15,A. Steppe,7,low,5,80,2,3,Sunspire Jewel,1,
10,A. Steppe,7,low,5,80,2,3,Iron Ore,1,
10,A. Steppe,7,low,5,80,2,3,Mystery Charm,1,
7,A. Steppe,7,low,5,80,2,3,Armor Sphere+,1,
3,A. Steppe,7,low,5,80,2,3,Adv Armor Sphere,1,
35,A. Steppe,7,low,6,20,2,3,Dragonite Ore,1,
20,A. Steppe,7,low,6,20,2,3,Carbalite Ore,1,
11,A. Steppe,7,low,6,20,2,3,Armor Sphere+,1,
10,A. Steppe,7,low,6,20,2,3,Machalite Ore,1,
10,A. Steppe,7,low,6,20,2,3,Mystery Charm,1,
10,A. Steppe,7,low,6,20,2,3,Shining Charm,1,
4,A. Steppe,7,low,6,20,2,3,Adv Armor Sphere,1,
30,A. Steppe,7,low,7,65,2,3,Machalite Ore,1,
25,A. Steppe,7,low,7,65,2,3,Carbalite Ore,1,
15,A. Steppe,7,low,7,65,2,3,Sunspire Jewel,1,
10,A. Steppe,7,low,7,65,2,3,Iron Ore,1,
10,A. Steppe,7,low,7,65,2,3,Mystery Charm,1,
7,A. Steppe,7,low,7,65,2,3,Armor Sphere+,1,
3,A. Steppe,7,low,7,65,2,3,Adv Armor Sphere,1,
35,A. Steppe,7,low,8,35,2,3,Dragonite Ore,1,
20,A. Steppe,7,low,8,35,2,3,Carbalite Ore,1,
11,A. Steppe,7,low,8,35,2,3,Armor Sphere+,1,
10,A. Steppe,7,low,8,35,2,3,Machalite Ore,1,
10,A. Steppe,7,low,8,35,2,3,Mystery Charm,1,
10,A. Steppe,7,low,8,35,2,3,Shining Charm,1,
4,A. Steppe,7,low,8,35,2,3,Adv Armor Sphere,1,
30,A. Steppe,7,low,9,70,2,3,Machalite Ore,1,
25,A. Steppe,7,low,9,70,2,3,Carbalite Ore,1,
15,A. Steppe,7,low,9,70,2,3,Sunspire Jewel,1,
10,A. Steppe,7,low,9,70,2,3,Iron Ore,1,
10,A. Steppe,7,low,9,70,2,3,Mystery Charm,1,
7,A. Steppe,7,low,9,70,2,3,Armor Sphere+,1,
3,A. Steppe,7,low,9,70,2,3,Adv Armor Sphere,1,
35,A. Steppe,7,low,10,30,2,3,Dragonite Ore,1,
20,A. Steppe,7,low,10,30,2,3,Carbalite Ore,1,
11,A. Steppe,7,low,10,30,2,3,Armor Sphere+,1,
10,A. Steppe,7,low,10,30,2,3,Machalite Ore,1,
10,A. Steppe,7,low,10,30,2,3,Mystery Charm,1,
10,A. Steppe,7,low,10,30,2,3,Shining Charm,1,
4,A. Steppe,7,low,10,30,2,3,Adv Armor Sphere,1,
35,A. Steppe,7,low,11,70,2,4,Mystery Bone,2,
22,A. Steppe,7,low,11,70,2,4,Fossilized Bone,1,
20,A. Steppe,7,low,11,70,2,4,Mystery Bone,1,
13,A. Steppe,7,low,11,70,2,4,Monster Bone S,1,
10,A. Steppe,7,low,11,70,2,4,Unknown Skull,1,
30,A. Steppe,7,low,12,30,2,4,Mystery Bone,3,
25,A. Steppe,7,low,12,30,2,4,Monster Bone S,1,
17,A. Steppe,7,low,12,30,2,4,Unknown Skull,1,
15,A. Steppe,7,low,12,30,2,4,Mystery Bone,2,
13,A. Steppe,7,low,12,30,2,4,Fossilized Bone,2,
40,A. Steppe,7,high,1,,3,4,Machalite Ore,1,
30,A. Steppe,7,high,1,,3,4,Dragonite Ore,1,
10,A. Steppe,7,high,1,,3,4,Whetstone,1,
10,A. Steppe,7,high,1,,3,4,Iron Ore,1,
10,A. Steppe,7,high,1,,3,4,Aquaglow Jewel,1,
40,A. Steppe,7,high,2,,3,4,Machalite Ore,1,
30,A. Steppe,7,high,2,,3,4,Dragonite Ore,1,
10,A. Steppe,7,high,2,,3,4,Whetstone,1,
10,A. Steppe,7,high,2,,3,4,Iron Ore,1,
10,A. Steppe,7,high,2,,3,4,Aquaglow Jewel,1,
30,A. Steppe,7,high,3,,2,3,Dragonite Ore,1,
20,A. Steppe,7,high,3,,2,3,Carbalite Ore,1,
15,A. Steppe,7,high,3,,2,3,Sunspire Jewel,1,
10,A. Steppe,7,high,3,,2,3,Machalite Ore,1,
10,A. Steppe,7,high,3,,2,3,Armor Sphere+,1,
10,A. Steppe,7,high,3,,2,3,Mystery Charm,1,
5,A. Steppe,7,high,3,,2,3,Adv Armor Sphere,1,
40,A. Steppe,7,high,4,,3,5,Mystery Bone,1,
20,A. Steppe,7,high,4,,3,5,Monster Bone S,1,
20,A. Steppe,7,high,4,,3,5,Fossilized Bone,1,
10,A. Steppe,7,high,4,,3,5,Mystery Bone,2,
10,A. Steppe,7,high,4,,3,5,Fossilized Bone,2,
30,A. Steppe,7,high,5,80,2,3,Machalite Ore,1,
25,A. Steppe,7,high,5,80,2,3,Carbalite Ore,1,
15,A. Steppe,7,high,5,80,2,3,Sunspire Jewel,1,
10,A. Steppe,7,high,5,80,2,3,Iron Ore,1,
10,A. Steppe,7,high,5,80,2,3,Mystery Charm,1,
7,A. Steppe,7,high,5,80,2,3,Armor Sphere+,1,
3,A. Steppe,7,high,5,80,2,3,Adv Armor Sphere,1,
35,A. Steppe,7,high,6,20,2,3,Dragonite Ore,1,
20,A. Steppe,7,high,6,20,2,3,Carbalite Ore,1,
11,A. Steppe,7,high,6,20,2,3,Armor Sphere+,1,
10,A. Steppe,7,high,6,20,2,3,Machalite Ore,1,
10,A. Steppe,7,high,6,20,2,3,Mystery Charm,1,
10,A. Steppe,7,high,6,20,2,3,Shining Charm,1,
4,A. Steppe,7,high,6,20,2,3,Adv Armor Sphere,1,
30,A. Steppe,7,high,7,65,2,3,Machalite Ore,1,
25,A. Steppe,7,high,7,65,2,3,Carbalite Ore,1,
15,A. Steppe,7,high,7,65,2,3,Sunspire Jewel,1,
10,A. Steppe,7,high,7,65,2,3,Iron Ore,1,
10,A. Steppe,7,high,7,65,2,3,Mystery Charm,1,
7,A. Steppe,7,high,7,65,2,3,Armor Sphere+,1,
3,A. Steppe,7,high,7,65,2,3,Adv Armor Sphere,1,
35,A. Steppe,7,high,8,35,2,3,Dragonite Ore,1,
20,A. Steppe,7,high,8,35,2,3,Carbalite Ore,1,
11,A. Steppe,7,high,8,35,2,3,Armor Sphere+,1,
10,A. Steppe,7,high,8,35,2,3,Machalite Ore,1,
10,A. Steppe,7,high,8,35,2,3,Mystery Charm,1,
10,A. Steppe,7,high,8,35,2,3,Shining Charm,1,
4,A. Steppe,7,high,8,35,2,3,Adv Armor Sphere,1,
30,A. Steppe,7,high,9,70,2,3,Machalite Ore,1,
25,A. Steppe,7,high,9,70,2,3,Carbalite Ore,1,
15,A. Steppe,7,high,9,70,2,3,Sunspire Jewel,1,
10,A. Steppe,7,high,9,70,2,3,Iron Ore,1,
10,A. Steppe,7,high,9,70,2,3,Mystery Charm,1,
7,A. Steppe,7,high,9,70,2,3,Armor Sphere+,1,
3,A. Steppe,7,high,9,70,2,3,Adv Armor Sphere,1,
35,A. Steppe,7,high,10,30,2,3,Dragonite Ore,1,
20,A. Steppe,7,high,10,30,2,3,Carbalite Ore,1,
11,A. Steppe,7,high,10,30,2,3,Armor Sphere+,1,
10,A. Steppe,7,high,10,30,2,3,Machalite Ore,1,
10,A. Steppe,7,high,10,30,2,3,Mystery Charm,1,
10,A. Steppe,7,high,10,30,2,3,Shining Charm,1,
4,A. Steppe,7,high,10,30,2,3,Adv Armor Sphere,1,
35,A. Steppe,7,high,11,70,2,4,Mystery Bone,2,
22,A. Steppe,7,high,11,70,2,4,Fossilized Bone,1,
20,A. Steppe,7,high,11,70,2,4,Mystery Bone,1,
13,A. Steppe,7,high,11,70,2,4,Monster Bone S,1,
10,A. Steppe,7,high,11,70,2,4,Unknown Skull,1,
30,A. Steppe,7,high,12,30,2,4,Mystery Bone,3,
25,A. Steppe,7,high,12,30,2,4,Monster Bone S,1,
17,A. Steppe,7,high,12,30,2,4,Unknown Skull,1,
15,A. Steppe,7,high,12,30,2,4,Mystery Bone,2,
13,A. Steppe,7,high,12,30,2,4,Fossilized Bone,2,
30,A. Steppe,7,g,1,,3,4,Carbalite Ore,1,
30,A. Steppe,7,g,1,,3,4,Fucium Ore,1,
15,A. Steppe,7,g,1,,3,4,Dragonite Ore,2,
15,A. Steppe,7,g,1,,3,4,Eltalite Ore,1,
10,A. Steppe,7,g,1,,3,4,Bloodrun Jewel,1,
30,A. Steppe,7,g,2,,3,4,Carbalite Ore,1,
30,A. Steppe,7,g,2,,3,4,Fucium Ore,1,
15,A. Steppe,7,g,2,,3,4,Dragonite Ore,2,
15,A. Steppe,7,g,2,,3,4,Eltalite Ore,1,
10,A. Steppe,7,g,2,,3,4,Bloodrun Jewel,1,
35,A. Steppe,7,g,3,,2,3,Eltalite Ore,1,
20,A. Steppe,7,g,3,,2,3,Carbalite Ore,1,
15,A. Steppe,7,g,3,,2,3,Lazurite Jewel,1,
10,A. Steppe,7,g,3,,2,3,Hard Armor Sphere,1,
10,A. Steppe,7,g,3,,2,3,Heavy Armor Sphere,1,
10,A. Steppe,7,g,3,,2,3,Shining Charm,1,
40,A. Steppe,7,g,4,,3,5,Mystery Bone,1,
20,A. Steppe,7,g,4,,3,5,Fossilized Bone,1,
15,A. Steppe,7,g,4,,3,5,Monster Bone S,1,
10,A. Steppe,7,g,4,,3,5,Mystery Bone,2,
10,A. Steppe,7,g,4,,3,5,Fossilized Bone,2,
5,A. Steppe,7,g,4,,3,5,Monster Bone M,1,
25,A. Steppe,7,g,5,80,2,3,Fucium Ore,1,
20,A. Steppe,7,g,5,80,2,3,Carbalite Ore,1,
20,A. Steppe,7,g,5,80,2,3,Eltalite Ore,1,
15,A. Steppe,7,g,5,80,2,3,Lazurite Jewel,1,
10,A. Steppe,7,g,5,80,2,3,Shining Charm,1,
7,A. Steppe,7,g,5,80,2,3,Hard Armor Sphere,1,
3,A. Steppe,7,g,5,80,2,3,Heavy Armor Sphere,1,
25,A. Steppe,7,g,6,20,2,3,Eltalite Ore,1,
25,A. Steppe,7,g,6,20,2,3,Timeworn Charm,1,
20,A. Steppe,7,g,6,20,2,3,Fucium Ore,1,
11,A. Steppe,7,g,6,20,2,3,Hard Armor Sphere,1,
10,A. Steppe,7,g,6,20,2,3,Carbalite Ore,1,
5,A. Steppe,7,g,6,20,2,3,Shining Charm,1,
4,A. Steppe,7,g,6,20,2,3,Heavy Armor Sphere,1,
25,A. Steppe,7,g,7,65,2,3,Fucium Ore,1,
20,A. Steppe,7,g,7,65,2,3,Carbalite Ore,1,
20,A. Steppe,7,g,7,65,2,3,Eltalite Ore,1,
15,A. Steppe,7,g,7,65,2,3,Lazurite Jewel,1,
10,A. Steppe,7,g,7,65,2,3,Shining Charm,1,
7,A. Steppe,7,g,7,65,2,3,Hard Armor Sphere,1,
3,A. Steppe,7,g,7,65,2,3,Heavy Armor Sphere,1,
25,A. Steppe,7,g,8,35,2,3,Eltalite Ore,1,
25,A. Steppe,7,g,8,35,2,3,Timeworn Charm,1,
20,A. Steppe,7,g,8,35,2,3,Fucium Ore,1,
11,A. Steppe,7,g,8,35,2,3,Hard Armor Sphere,1,
10,A. Steppe,7,g,8,35,2,3,Carbalite Ore,1,
5,A. Steppe,7,g,8,35,2,3,Shining Charm,1,
4,A. Steppe,7,g,8,35,2,3,Heavy Armor Sphere,1,
25,A. Steppe,7,g,9,70,2,3,Fucium Ore,1,
20,A. Steppe,7,g,9,70,2,3,Carbalite Ore,1,
20,A. Steppe,7,g,9,70,2,3,Eltalite Ore,1,
15,A. Steppe,7,g,9,70,2,3,Lazurite Jewel,1,
10,A. Steppe,7,g,9,70,2,3,Shining Charm,1,
7,A. Steppe,7,g,9,70,2,3,Hard Armor Sphere,1,
3,A. Steppe,7,g,9,70,2,3,Heavy Armor Sphere,1,
25,A. Steppe,7,g,10,30,2,3,Eltalite Ore,1,
25,A. Steppe,7,g,10,30,2,3,Timeworn Charm,1,
20,A. Steppe,7,g,10,30,2,3,Fucium Ore,1,
11,A. Steppe,7,g,10,30,2,3,Hard Armor Sphere,1,
10,A. Steppe,7,g,10,30,2,3,Carbalite Ore,1,
5,A. Steppe,7,g,10,30,2,3,Shining Charm,1,
4,A. Steppe,7,g,10,30,2,3,Heavy Armor Sphere,1,
35,A. Steppe,7,g,11,70,2,4,Mystery Bone,2,
22,A. Steppe,7,g,11,70,2,4,Fossilized Bone,1,
20,A. Steppe,7,g,11,70,2,4,Mystery Bone,1,
13,A. Steppe,7,g,11,70,2,4,Monster Bone S,1,
10,A. Steppe,7,g,11,70,2,4,Unknown Skull,1,
30,A. Steppe,7,g,12,30,2,4,Mystery Bone,3,
17,A. Steppe,7,g,12,30,2,4,Unknown Skull,1,
15,A. Steppe,7,g,12,30,2,4,Monster Bone S,1,
15,A. Steppe,7,g,12,30,2,4,Mystery Bone,2,
13,A. Steppe,7,g,12,30,2,4,Fossilized Bone,2,
10,A. Steppe,7,g,12,30,2,4,Monster Bone M,1,
55,A. Steppe,8,low,1,,3,5,Herb,1,
17,A. Steppe,8,low,1,,3,5,Felvine,1,
15,A. Steppe,8,low,1,,3,5,Herb,2,
13,A. Steppe,8,low,1,,3,5,Sap Plant,1,
38,A. Steppe,8,low,2,,4,6,Unique Mushroom,1,
30,A. Steppe,8,low,2,,4,6,Blue Mushroom,1,
12,A. Steppe,8,low,2,,4,6,Blue Mushroom,2,
12,A. Steppe,8,low,2,,4,6,Exciteshroom,1,
8,A. Steppe,8,low,2,,4,6,Blue Mushroom,3,
36,A. Steppe,8,low,3,,4,5,Huskberry,1,
20,A. Steppe,8,low,3,,4,5,Needleberry,2,
15,A. Steppe,8,low,3,,4,5,Paintberry,1,
15,A. Steppe,8,low,3,,4,5,Needleberry,4,
14,A. Steppe,8,low,3,,4,5,Huskberry,2,
63,A. Steppe,8,low,4,,3,5,Unique Mushroom,1,
22,A. Steppe,8,low,4,,3,5,Mopeshroom,1,
8,A. Steppe,8,low,4,,3,5,Insect Husk,1,
7,A. Steppe,8,low,4,,3,5,Choice Mushroom,1,
87,A. Steppe,8,low,5,,1,1,Honey,1,
8,A. Steppe,8,low,5,,1,1,Snakebee Larva,1,
5,A. Steppe,8,low,5,,1,1,Insect Husk,1,
35,A. Steppe,8,low,6,60,3,4,Latchberry,1,
25,A. Steppe,8,low,6,60,3,4,Nulberry,1,
20,A. Steppe,8,low,6,60,3,4,Paintberry,1,
15,A. Steppe,8,low,6,60,3,4,Scatternut,1,
5,A. Steppe,8,low,6,60,3,4,Worm,1,
35,A. Steppe,8,low,7,40,3,4,Latchberry,2,
25,A. Steppe,8,low,7,40,3,4,Nulberry,2,
20,A. Steppe,8,low,7,40,3,4,Paintberry,2,
15,A. Steppe,8,low,7,40,3,4,Scatternut,2,
5,A. Steppe,8,low,7,40,3,4,Worm,1,
30,A. Steppe,8,low,8,80,2,3,Machalite Ore,1,
25,A. Steppe,8,low,8,80,2,3,Carbalite Ore,1,
15,A. Steppe,8,low,8,80,2,3,Sunspire Jewel,1,
10,A. Steppe,8,low,8,80,2,3,Iron Ore,1,
10,A. Steppe,8,low,8,80,2,3,Mystery Charm,1,
7,A. Steppe,8,low,8,80,2,3,Armor Sphere+,1,
3,A. Steppe,8,low,8,80,2,3,Adv Armor Sphere,1,
35,A. Steppe,8,low,9,20,2,3,Dragonite Ore,1,
20,A. Steppe,8,low,9,20,2,3,Carbalite Ore,1,
11,A. Steppe,8,low,9,20,2,3,Armor Sphere+,1,
10,A. Steppe,8,low,9,20,2,3,Machalite Ore,1,
10,A. Steppe,8,low,9,20,2,3,Mystery Charm,1,
10,A. Steppe,8,low,9,20,2,3,Shining Charm,1,
4,A. Steppe,8,low,9,20,2,3,Adv Armor Sphere,1,
65,A. Steppe,8,low,10,60,3,5,Unique Mushroom,1,
25,A. Steppe,8,low,10,60,3,5,Blue Mushroom,1,
10,A. Steppe,8,low,10,60,3,5,Choice Mushroom,1,
46,A. Steppe,8,low,11,40,3,5,Choice Mushroom,1,
28,A. Steppe,8,low,11,40,3,5,Mopeshroom,1,
16,A. Steppe,8,low,11,40,3,5,Unique Mushroom,2,
10,A. Steppe,8,low,11,40,3,5,Unique Mushroom,1,
75,A. Steppe,8,low,12,60,3,5,Honey,1,
20,A. Steppe,8,low,12,60,3,5,Snakebee Larva,1,
5,A. Steppe,8,low,12,60,3,5,Insect Husk,1,
55,A. Steppe,8,low,13,40,4,6,Honey,1,
20,A. Steppe,8,low,13,40,4,6,Honey,2,
20,A. Steppe,8,low,13,40,4,6,Snakebee Larva,1,
5,A. Steppe,8,low,13,40,4,6,Insect Husk,1,
55,A. Steppe,8,high,1,,3,5,Herb,1,
17,A. Steppe,8,high,1,,3,5,Felvine,1,
15,A. Steppe,8,high,1,,3,5,Herb,2,
13,A. Steppe,8,high,1,,3,5,Sap Plant,1,
38,A. Steppe,8,high,2,,4,6,Unique Mushroom,1,
30,A. Steppe,8,high,2,,4,6,Blue Mushroom,1,
12,A. Steppe,8,high,2,,4,6,Blue Mushroom,2,
12,A. Steppe,8,high,2,,4,6,Exciteshroom,1,
8,A. Steppe,8,high,2,,4,6,Blue Mushroom,3,
36,A. Steppe,8,high,3,,4,5,Huskberry,1,
20,A. Steppe,8,high,3,,4,5,Needleberry,2,
15,A. Steppe,8,high,3,,4,5,Paintberry,1,
15,A. Steppe,8,high,3,,4,5,Needleberry,4,
14,A. Steppe,8,high,3,,4,5,Huskberry,2,
63,A. Steppe,8,high,4,,3,5,Unique Mushroom,1,
22,A. Steppe,8,high,4,,3,5,Mopeshroom,1,
8,A. Steppe,8,high,4,,3,5,Insect Husk,1,
7,A. Steppe,8,high,4,,3,5,Choice Mushroom,1,
87,A. Steppe,8,high,5,,1,1,Honey,1,
8,A. Steppe,8,high,5,,1,1,Snakebee Larva,1,
5,A. Steppe,8,high,5,,1,1,Insect Husk,1,
100,A. Steppe,8,high,6,,2,3,Burned Husk,1,
35,A. Steppe,8,high,7,60,3,4,Latchberry,1,
25,A. Steppe,8,high,7,60,3,4,Nulberry,1,
20,A. Steppe,8,high,7,60,3,4,Paintberry,1,
15,A. Steppe,8,high,7,60,3,4,Scatternut,1,
5,A. Steppe,8,high,7,60,3,4,Worm,1,
35,A. Steppe,8,high,8,40,3,4,Latchberry,2,
25,A. Steppe,8,high,8,40,3,4,Nulberry,2,
20,A. Steppe,8,high,8,40,3,4,Paintberry,2,
15,A. Steppe,8,high,8,40,3,4,Scatternut,2,
5,A. Steppe,8,high,8,40,3,4,Worm,1,
30,A. Steppe,8,high,9,80,2,3,Machalite Ore,1,
25,A. Steppe,8,high,9,80,2,3,Carbalite Ore,1,
15,A. Steppe,8,high,9,80,2,3,Sunspire Jewel,1,
10,A. Steppe,8,high,9,80,2,3,Iron Ore,1,
10,A. Steppe,8,high,9,80,2,3,Mystery Charm,1,
7,A. Steppe,8,high,9,80,2,3,Armor Sphere+,1,
3,A. Steppe,8,high,9,80,2,3,Adv Armor Sphere,1,
35,A. Steppe,8,high,10,20,2,3,Dragonite Ore,1,
20,A. Steppe,8,high,10,20,2,3,Carbalite Ore,1,
11,A. Steppe,8,high,10,20,2,3,Armor Sphere+,1,
10,A. Steppe,8,high,10,20,2,3,Machalite Ore,1,
10,A. Steppe,8,high,10,20,2,3,Mystery Charm,1,
10,A. Steppe,8,high,10,20,2,3,Shining Charm,1,
4,A. Steppe,8,high,10,20,2,3,Adv Armor Sphere,1,
65,A. Steppe,8,high,11,60,3,5,Unique Mushroom,1,
25,A. Steppe,8,high,11,60,3,5,Blue Mushroom,1,
10,A. Steppe,8,high,11,60,3,5,Choice Mushroom,1,
46,A. Steppe,8,high,12,40,3,5,Choice Mushroom,1,
28,A. Steppe,8,high,12,40,3,5,Mopeshroom,1,
16,A. Steppe,8,high,12,40,3,5,Unique Mushroom,2,
10,A. Steppe,8,high,12,40,3,5,Unique Mushroom,1,
75,A. Steppe,8,high,13,60,3,5,Honey,1,
20,A. Steppe,8,high,13,60,3,5,Snakebee Larva,1,
5,A. Steppe,8,high,13,60,3,5,Insect Husk,1,
55,A. Steppe,8,high,14,40,4,6,Honey,1,
20,A. Steppe,8,high,14,40,4,6,Honey,2,
20,A. Steppe,8,high,14,40,4,6,Snakebee Larva,1,
5,A. Steppe,8,high,14,40,4,6,Insect Husk,1,
55,A. Steppe,8,g,1,,3,5,Herb,1,
17,A. Steppe,8,g,1,,3,5,Felvine,1,
15,A. Steppe,8,g,1,,3,5,Herb,2,
13,A. Steppe,8,g,1,,3,5,Sap Plant,1,
38,A. Steppe,8,g,2,,4,6,Unique Mushroom,1,
30,A. Steppe,8,g,2,,4,6,Blue Mushroom,1,
12,A. Steppe,8,g,2,,4,6,Blue Mushroom,2,
12,A. Steppe,8,g,2,,4,6,Exciteshroom,1,
8,A. Steppe,8,g,2,,4,6,Blue Mushroom,3,
36,A. Steppe,8,g,3,,4,5,Huskberry,1,
20,A. Steppe,8,g,3,,4,5,Needleberry,2,
15,A. Steppe,8,g,3,,4,5,Paintberry,1,
15,A. Steppe,8,g,3,,4,5,Needleberry,4,
14,A. Steppe,8,g,3,,4,5,Huskberry,2,
63,A. Steppe,8,g,4,,3,5,Unique Mushroom,1,
22,A. Steppe,8,g,4,,3,5,Mopeshroom,1,
8,A. Steppe,8,g,4,,3,5,Insect Husk,1,
7,A. Steppe,8,g,4,,3,5,Choice Mushroom,1,
87,A. Steppe,8,g,5,,1,1,Honey,1,
8,A. Steppe,8,g,5,,1,1,Snakebee Larva,1,
5,A. Steppe,8,g,5,,1,1,Insect Husk,1,
100,A. Steppe,8,g,6,,2,3,Burned Husk,1,
35,A. Steppe,8,g,7,60,3,4,Latchberry,1,
25,A. Steppe,8,g,7,60,3,4,Nulberry,1,
20,A. Steppe,8,g,7,60,3,4,Paintberry,1,
15,A. Steppe,8,g,7,60,3,4,Scatternut,1,
5,A. Steppe,8,g,7,60,3,4,Worm,1,
35,A. Steppe,8,g,8,40,3,4,Latchberry,2,
25,A. Steppe,8,g,8,40,3,4,Nulberry,2,
20,A. Steppe,8,g,8,40,3,4,Paintberry,2,
15,A. Steppe,8,g,8,40,3,4,Scatternut,2,
5,A. Steppe,8,g,8,40,3,4,Worm,1,
25,A. Steppe,8,g,9,80,2,3,Fucium Ore,1,
20,A. Steppe,8,g,9,80,2,3,Carbalite Ore,1,
20,A. Steppe,8,g,9,80,2,3,Eltalite Ore,1,
15,A. Steppe,8,g,9,80,2,3,Lazurite Jewel,1,
10,A. Steppe,8,g,9,80,2,3,Shining Charm,1,
7,A. Steppe,8,g,9,80,2,3,Hard Armor Sphere,1,
3,A. Steppe,8,g,9,80,2,3,Heavy Armor Sphere,1,
25,A. Steppe,8,g,10,20,2,3,Eltalite Ore,1,
25,A. Steppe,8,g,10,20,2,3,Timeworn Charm,1,
20,A. Steppe,8,g,10,20,2,3,Fucium Ore,1,
11,A. Steppe,8,g,10,20,2,3,Hard Armor Sphere,1,
10,A. Steppe,8,g,10,20,2,3,Carbalite Ore,1,
5,A. Steppe,8,g,10,20,2,3,Shining Charm,1,
4,A. Steppe,8,g,10,20,2,3,Heavy Armor Sphere,1,
65,A. Steppe,8,g,11,60,3,5,Unique Mushroom,1,
25,A. Steppe,8,g,11,60,3,5,Blue Mushroom,1,
10,A. Steppe,8,g,11,60,3,5,Choice Mushroom,1,
46,A. Steppe,8,g,12,40,3,5,Choice Mushroom,1,
28,A. Steppe,8,g,12,40,3,5,Mopeshroom,1,
16,A. Steppe,8,g,12,40,3,5,Unique Mushroom,2,
10,A. Steppe,8,g,12,40,3,5,Unique Mushroom,1,
75,A. Steppe,8,g,13,60,3,5,Honey,1,
20,A. Steppe,8,g,13,60,3,5,Snakebee Larva,1,
5,A. Steppe,8,g,13,60,3,5,Insect Husk,1,
55,A. Steppe,8,g,14,40,4,6,Honey,1,
20,A. Steppe,8,g,14,40,4,6,Honey,2,
20,A. Steppe,8,g,14,40,4,6,Snakebee Larva,1,
5,A. Steppe,8,g,14,40,4,6,Insect Husk,1,
30,A. Steppe,9,low,1,,2,4,Dragonite Ore,1,
20,A. Steppe,9,low,1,,2,4,Carbalite Ore,1,
15,A. Steppe,9,low,1,,2,4,Sunspire Jewel,1,
10,A. Steppe,9,low,1,,2,4,Machalite Ore,1,
10,A. Steppe,9,low,1,,2,4,Armor Sphere+,1,
10,A. Steppe,9,low,1,,2,4,Mystery Charm,1,
5,A. Steppe,9,low,1,,2,4,Adv Armor Sphere,1,
78,A. Steppe,9,low,2,,3,6,Dung,2,
14,A. Steppe,9,low,2,,3,6,Dung,1,
8,A. Steppe,9,low,2,,3,6,Nulberry,1,
50,A. Steppe,9,low,3,,3,5,Ivy,1,
30,A. Steppe,9,low,3,,3,5,Sap Plant,1,
15,A. Steppe,9,low,3,,3,5,Spider Web,1,
5,A. Steppe,9,low,3,,3,5,Insect Husk,1,
30,A. Steppe,9,low,4,,3,5,Thunderbug,1,
25,A. Steppe,9,low,4,,3,5,Flashbug,1,
15,A. Steppe,9,low,4,,3,5,Bitterbug,1,
10,A. Steppe,9,low,4,,3,5,Spider Web,1,
10,A. Steppe,9,low,4,,3,5,Silver Cricket,1,
5,A. Steppe,9,low,4,,3,5,Carpenterbug,1,
5,A. Steppe,9,low,4,,3,5,Gold Cricket,1,
40,A. Steppe,9,low,5,,2,4,Mystery Bone,1,
20,A. Steppe,9,low,5,,2,4,Monster Bone S,1,
20,A. Steppe,9,low,5,,2,4,Fossilized Bone,1,
10,A. Steppe,9,low,5,,2,4,Mystery Bone,2,
10,A. Steppe,9,low,5,,2,4,Fossilized Bone,2,
63,A. Steppe,9,low,6,,3,5,Unique Mushroom,1,
22,A. Steppe,9,low,6,,3,5,Mopeshroom,1,
8,A. Steppe,9,low,6,,3,5,Insect Husk,1,
7,A. Steppe,9,low,6,,3,5,Choice Mushroom,1,
35,A. Steppe,9,low,7,70,2,3,Mystery Bone,2,
22,A. Steppe,9,low,7,70,2,3,Fossilized Bone,1,
20,A. Steppe,9,low,7,70,2,3,Mystery Bone,1,
13,A. Steppe,9,low,7,70,2,3,Monster Bone S,1,
10,A. Steppe,9,low,7,70,2,3,Unknown Skull,1,
30,A. Steppe,9,low,8,30,3,4,Mystery Bone,3,
25,A. Steppe,9,low,8,30,3,4,Monster Bone S,1,
17,A. Steppe,9,low,8,30,3,4,Unknown Skull,1,
15,A. Steppe,9,low,8,30,3,4,Mystery Bone,2,
13,A. Steppe,9,low,8,30,3,4,Fossilized Bone,2,
35,A. Steppe,9,low,9,50,3,5,Latchberry,1,
25,A. Steppe,9,low,9,50,3,5,Nulberry,1,
20,A. Steppe,9,low,9,50,3,5,Paintberry,1,
15,A. Steppe,9,low,9,50,3,5,Scatternut,1,
5,A. Steppe,9,low,9,50,3,5,Worm,1,
35,A. Steppe,9,low,10,50,3,5,Latchberry,2,
25,A. Steppe,9,low,10,50,3,5,Nulberry,2,
20,A. Steppe,9,low,10,50,3,5,Paintberry,2,
15,A. Steppe,9,low,10,50,3,5,Scatternut,2,
5,A. Steppe,9,low,10,50,3,5,Worm,1,
65,A. Steppe,9,low,11,80,3,5,Unique Mushroom,1,
25,A. Steppe,9,low,11,80,3,5,Blue Mushroom,1,
10,A. Steppe,9,low,11,80,3,5,Choice Mushroom,1,
46,A. Steppe,9,low,12,20,3,5,Choice Mushroom,1,
28,A. Steppe,9,low,12,20,3,5,Mopeshroom,1,
16,A. Steppe,9,low,12,20,3,5,Unique Mushroom,2,
10,A. Steppe,9,low,12,20,3,5,Unique Mushroom,1,
30,A. Steppe,9,high,1,,2,4,Dragonite Ore,1,
20,A. Steppe,9,high,1,,2,4,Carbalite Ore,1,
15,A. Steppe,9,high,1,,2,4,Sunspire Jewel,1,
10,A. Steppe,9,high,1,,2,4,Machalite Ore,1,
10,A. Steppe,9,high,1,,2,4,Armor Sphere+,1,
10,A. Steppe,9,high,1,,2,4,Mystery Charm,1,
5,A. Steppe,9,high,1,,2,4,Adv Armor Sphere,1,
78,A. Steppe,9,high,2,,3,6,Dung,2,
14,A. Steppe,9,high,2,,3,6,Dung,1,
8,A. Steppe,9,high,2,,3,6,Nulberry,1,
50,A. Steppe,9,high,3,,3,5,Ivy,1,
30,A. Steppe,9,high,3,,3,5,Sap Plant,1,
15,A. Steppe,9,high,3,,3,5,Spider Web,1,
5,A. Steppe,9,high,3,,3,5,Insect Husk,1,
30,A. Steppe,9,high,4,,3,5,Thunderbug,1,
25,A. Steppe,9,high,4,,3,5,Flashbug,1,
15,A. Steppe,9,high,4,,3,5,Bitterbug,1,
10,A. Steppe,9,high,4,,3,5,Spider Web,1,
10,A. Steppe,9,high,4,,3,5,Silver Cricket,1,
5,A. Steppe,9,high,4,,3,5,Carpenterbug,1,
5,A. Steppe,9,high,4,,3,5,Gold Cricket,1,
40,A. Steppe,9,high,5,,2,4,Mystery Bone,1,
20,A. Steppe,9,high,5,,2,4,Monster Bone S,1,
20,A. Steppe,9,high,5,,2,4,Fossilized Bone,1,
10,A. Steppe,9,high,5,,2,4,Mystery Bone,2,
10,A. Steppe,9,high,5,,2,4,Fossilized Bone,2,
63,A. Steppe,9,high,6,,3,5,Unique Mushroom,1,
22,A. Steppe,9,high,6,,3,5,Mopeshroom,1,
8,A. Steppe,9,high,6,,3,5,Insect Husk,1,
7,A. Steppe,9,high,6,,3,5,Choice Mushroom,1,
35,A. Steppe,9,high,7,70,2,3,Mystery Bone,2,
22,A. Steppe,9,high,7,70,2,3,Fossilized Bone,1,
20,A. Steppe,9,high,7,70,2,3,Mystery Bone,1,
13,A. Steppe,9,high,7,70,2,3,Monster Bone S,1,
10,A. Steppe,9,high,7,70,2,3,Unknown Skull,1,
30,A. Steppe,9,high,8,30,3,4,Mystery Bone,3,
25,A. Steppe,9,high,8,30,3,4,Monster Bone S,1,
17,A. Steppe,9,high,8,30,3,4,Unknown Skull,1,
15,A. Steppe,9,high,8,30,3,4,Mystery Bone,2,
13,A. Steppe,9,high,8,30,3,4,Fossilized Bone,2,
35,A. Steppe,9,high,9,50,3,5,Latchberry,1,
25,A. Steppe,9,high,9,50,3,5,Nulberry,1,
20,A. Steppe,9,high,9,50,3,5,Paintberry,1,
15,A. Steppe,9,high,9,50,3,5,Scatternut,1,
5,A. Steppe,9,high,9,50,3,5,Worm,1,
35,A. Steppe,9,high,10,50,3,5,Latchberry,2,
25,A. Steppe,9,high,10,50,3,5,Nulberry,2,
20,A. Steppe,9,high,10,50,3,5,Paintberry,2,
15,A. Steppe,9,high,10,50,3,5,Scatternut,2,
5,A. Steppe,9,high,10,50,3,5,Worm,1,
65,A. Steppe,9,high,11,80,3,5,Unique Mushroom,1,
25,A. Steppe,9,high,11,80,3,5,Blue Mushroom,1,
10,A. Steppe,9,high,11,80,3,5,Choice Mushroom,1,
46,A. Steppe,9,high,12,20,3,5,Choice Mushroom,1,
28,A. Steppe,9,high,12,20,3,5,Mopeshroom,1,
16,A. Steppe,9,high,12,20,3,5,Unique Mushroom,2,
10,A. Steppe,9,high,12,20,3,5,Unique Mushroom,1,
35,A. Steppe,9,g,1,,2,4,Eltalite Ore,1,
20,A. Steppe,9,g,1,,2,4,Carbalite Ore,1,
15,A. Steppe,9,g,1,,2,4,Lazurite Jewel,1,
10,A. Steppe,9,g,1,,2,4,Hard Armor Sphere,1,
10,A. Steppe,9,g,1,,2,4,Heavy Armor Sphere,1,
10,A. Steppe,9,g,1,,2,4,Shining Charm,1,
78,A. Steppe,9,g,2,,3,6,Dung,2,
14,A. Steppe,9,g,2,,3,6,Dung,1,
8,A. Steppe,9,g,2,,3,6,Nulberry,1,
50,A. Steppe,9,g,3,,3,5,Ivy,1,
30,A. Steppe,9,g,3,,3,5,Sap Plant,1,
15,A. Steppe,9,g,3,,3,5,Spider Web,1,
5,A. Steppe,9,g,3,,3,5,Insect Husk,1,
30,A. Steppe,9,g,4,,3,5,Thunderbug,2,
25,A. Steppe,9,g,4,,3,5,Emperor Hopper,1,
15,A. Steppe,9,g,4,,3,5,Bitterbug,2,
10,A. Steppe,9,g,4,,3,5,Spider Web,1,
10,A. Steppe,9,g,4,,3,5,Silver Cricket,1,
5,A. Steppe,9,g,4,,3,5,Carpenterbug,2,
5,A. Steppe,9,g,4,,3,5,Gold Cricket,1,
40,A. Steppe,9,g,5,,2,4,Mystery Bone,1,
20,A. Steppe,9,g,5,,2,4,Fossilized Bone,1,
15,A. Steppe,9,g,5,,2,4,Monster Bone S,1,
10,A. Steppe,9,g,5,,2,4,Mystery Bone,2,
10,A. Steppe,9,g,5,,2,4,Fossilized Bone,2,
5,A. Steppe,9,g,5,,2,4,Monster Bone M,1,
63,A. Steppe,9,g,6,,3,5,Unique Mushroom,1,
22,A. Steppe,9,g,6,,3,5,Mopeshroom,1,
8,A. Steppe,9,g,6,,3,5,Insect Husk,1,
7,A. Steppe,9,g,6,,3,5,Choice Mushroom,1,
35,A. Steppe,9,g,7,70,2,3,Mystery Bone,2,
22,A. Steppe,9,g,7,70,2,3,Fossilized Bone,1,
20,A. Steppe,9,g,7,70,2,3,Mystery Bone,1,
13,A. Steppe,9,g,7,70,2,3,Monster Bone S,1,
10,A. Steppe,9,g,7,70,2,3,Unknown Skull,1,
30,A. Steppe,9,g,8,30,3,4,Mystery Bone,3,
17,A. Steppe,9,g,8,30,3,4,Unknown Skull,1,
15,A. Steppe,9,g,8,30,3,4,Monster Bone S,1,
15,A. Steppe,9,g,8,30,3,4,Mystery Bone,2,
13,A. Steppe,9,g,8,30,3,4,Fossilized Bone,2,
10,A. Steppe,9,g,8,30,3,4,Monster Bone M,1,
35,A. Steppe,9,g,9,50,3,5,Latchberry,1,
25,A. Steppe,9,g,9,50,3,5,Nulberry,1,
20,A. Steppe,9,g,9,50,3,5,Paintberry,1,
15,A. Steppe,9,g,9,50,3,5,Scatternut,1,
5,A. Steppe,9,g,9,50,3,5,Worm,1,
35,A. Steppe,9,g,10,50,3,5,Latchberry,2,
25,A. Steppe,9,g,10,50,3,5,Nulberry,2,
20,A. Steppe,9,g,10,50,3,5,Paintberry,2,
15,A. Steppe,9,g,10,50,3,5,Scatternut,2,
5,A. Steppe,9,g,10,50,3,5,Worm,1,
65,A. Steppe,9,g,11,80,3,5,Unique Mushroom,1,
25,A. Steppe,9,g,11,80,3,5,Blue Mushroom,1,
10,A. Steppe,9,g,11,80,3,5,Choice Mushroom,1,
46,A. Steppe,9,g,12,20,3,5,Choice Mushroom,1,
28,A. Steppe,9,g,12,20,3,5,Mopeshroom,1,
16,A. Steppe,9,g,12,20,3,5,Unique Mushroom,2,
10,A. Steppe,9,g,12,20,3,5,Unique Mushroom,1,
30,A. Steppe,10,low,1,,2,3,Mystery Charm,1,
25,A. Steppe,10,low,1,,2,3,Shining Charm,1,
15,A. Steppe,10,low,1,,2,3,Lightcrystal,1,
15,A. Steppe,10,low,1,,2,3,Rustshard,1,
10,A. Steppe,10,low,1,,2,3,Carbalite Ore,1,
5,A. Steppe,10,low,1,,2,3,Novacrystal,1,
37,A. Steppe,10,low,2,,4,5,Shining Charm,1,
33,A. Steppe,10,low,2,,4,5,Monster Bone M,1,
30,A. Steppe,10,low,2,,4,5,Mystery Charm,1,
33,A. Steppe,10,low,3,,2,3,Godbug,1,
30,A. Steppe,10,low,3,,2,3,Thunderbug,1,
25,A. Steppe,10,low,3,,2,3,Hercudrome,1,
12,A. Steppe,10,low,3,,2,3,Flashbug,1,
50,A. Steppe,10,low,4,,3,5,Lagniapple,1,
25,A. Steppe,10,low,4,,3,5,Big Lagniapple,1,
13,A. Steppe,10,low,4,,3,5,Huskberry,2,
12,A. Steppe,10,low,4,,3,5,Needleberry,2,
100,A. Steppe,10,low,5,,,,Whetfish,1,
100,A. Steppe,10,low,6,,,,Sushifish,1,Sushifish Bait
34,A. Steppe,10,low,7,,,,Bomb Arowana,1,Burst Bait
33,A. Steppe,10,low,7,,,,Scatterfish,1,Burst Bait
33,A. Steppe,10,low,7,,,,Burst Arowana,1,Burst Bait
30,A. Steppe,10,high,1,,2,3,Mystery Charm,1,
25,A. Steppe,10,high,1,,2,3,Shining Charm,1,
15,A. Steppe,10,high,1,,2,3,Lightcrystal,1,
15,A. Steppe,10,high,1,,2,3,Rustshard,1,
10,A. Steppe,10,high,1,,2,3,Carbalite Ore,1,
5,A. Steppe,10,high,1,,2,3,Novacrystal,1,
37,A. Steppe,10,high,2,,4,5,Shining Charm,1,
33,A. Steppe,10,high,2,,4,5,Monster Bone M,1,
30,A. Steppe,10,high,2,,4,5,Mystery Charm,1,
33,A. Steppe,10,high,3,,2,3,Godbug,1,
30,A. Steppe,10,high,3,,2,3,Thunderbug,1,
25,A. Steppe,10,high,3,,2,3,Hercudrome,1,
12,A. Steppe,10,high,3,,2,3,Flashbug,1,
50,A. Steppe,10,high,4,,3,5,Lagniapple,1,
25,A. Steppe,10,high,4,,3,5,Big Lagniapple,1,
13,A. Steppe,10,high,4,,3,5,Huskberry,2,
12,A. Steppe,10,high,4,,3,5,Needleberry,2,
100,A. Steppe,10,high,5,,,,Sushifish,1,Sushifish Bait
100,A. Steppe,10,high,6,,,,Small Goldenfish,1,Mega Fishing Fly
34,A. Steppe,10,high,7,,,,Bomb Arowana,1,Burst Bait
33,A. Steppe,10,high,7,,,,Scatterfish,1,Burst Bait
33,A. Steppe,10,high,7,,,,Burst Arowana,1,Burst Bait
15,A. Steppe,10,high,8,,,,Whetfish,1,
15,A. Steppe,10,high,8,,,,Sushifish,1,
15,A. Steppe,10,high,8,,,,Sleepyfish,1,
15,A. Steppe,10,high,8,,,,Small Goldenfish,1,
6,A. Steppe,10,high,8,,,,Pin Tuna,1,
6,A. Steppe,10,high,8,,,,Scatterfish,1,
6,A. Steppe,10,high,8,,,,Burst Arowana,1,
6,A. Steppe,10,high,8,,,,Bomb Arowana,1,
6,A. Steppe,10,high,8,,,,Ancient Fish,1,
6,A. Steppe,10,high,8,,,,Wanchovy,1,
4,A. Steppe,10,high,8,,,,Popfish,1,
30,A. Steppe,10,g,1,,2,3,Shining Charm,1,
25,A. Steppe,10,g,1,,2,3,Timeworn Charm,1,
15,A. Steppe,10,g,1,,2,3,Novacrystal,1,
15,A. Steppe,10,g,1,,2,3,Ancient Shard,1,
10,A. Steppe,10,g,1,,2,3,Eltalite Ore,1,
5,A. Steppe,10,g,1,,2,3,Purecrystal,1,
37,A. Steppe,10,g,2,,4,5,Timeworn Charm,1,
33,A. Steppe,10,g,2,,4,5,Huge Unknown Skull,1,
30,A. Steppe,10,g,2,,4,5,Shining Charm,2,
35,A. Steppe,10,g,3,,2,3,Rare Scarab,1,
30,A. Steppe,10,g,3,,2,3,Emperor Hopper,1,
25,A. Steppe,10,g,3,,2,3,Gold Cricket,1,
10,A. Steppe,10,g,3,,2,3,Silver Cricket,1,
50,A. Steppe,10,g,4,,3,5,Big Lagniapple,1,
25,A. Steppe,10,g,4,,3,5,Huge Lagniapple,1,
13,A. Steppe,10,g,4,,3,5,Huskberry,2,
12,A. Steppe,10,g,4,,3,5,Needleberry,2,
100,A. Steppe,10,g,5,,,,Sushifish,1,Sushifish Bait
34,A. Steppe,10,g,6,,,,Bomb Arowana,1,Burst Bait
33,A. Steppe,10,g,6,,,,Scatterfish,1,Burst Bait
33,A. Steppe,10,g,6,,,,Burst Arowana,1,Burst Bait
15,A. Steppe,10,g,7,,,,Whetfish,1,
15,A. Steppe,10,g,7,,,,Sushifish,1,
15,A. Steppe,10,g,7,,,,Sleepyfish,1,
15,A. Steppe,10,g,7,,,,Small Goldenfish,1,
6,A. Steppe,10,g,7,,,,Pin Tuna,1,
6,A. Steppe,10,g,7,,,,Scatterfish,1,
6,A. Steppe,10,g,7,,,,Burst Arowana,1,
6,A. Steppe,10,g,7,,,,Bomb Arowana,1,
6,A. Steppe,10,g,7,,,,Ancient Fish,1,
6,A. Steppe,10,g,7,,,,Wanchovy,1,
4,A. Steppe,10,g,7,,,,Popfish,1,
80,V. Hollow,0,low,1,,1,1,Honey,1,
10,V. Hollow,0,low,1,,1,1,Insect Husk,1,
10,V. Hollow,0,low,1,,1,1,Snakebee Larva,1,
80,V. Hollow,0,high,1,,1,1,Honey,1,
10,V. Hollow,0,high,1,,1,1,Insect Husk,1,
10,V. Hollow,0,high,1,,1,1,Snakebee Larva,1,
100,V. Hollow,0,high,2,,2,4,Burned Husk,1,
80,V. Hollow,0,g,1,,1,1,Honey,1,
10,V. Hollow,0,g,1,,1,1,Insect Husk,1,
10,V. Hollow,0,g,1,,1,1,Snakebee Larva,1,
100,V. Hollow,0,g,2,,2,4,Burned Husk,1,
50,V. Hollow,1,low,1,,3,5,Antidote Herb,1,
30,V. Hollow,1,low,1,,3,5,Sap Plant,1,
20,V. Hollow,1,low,1,,3,5,Adamant Seed,1,
41,V. Hollow,1,low,2,50,3,4,Parashroom,1,
25,V. Hollow,1,low,2,50,3,4,Nitroshroom,1,
18,V. Hollow,1,low,2,50,3,4,Parashroom,2,
10,V. Hollow,1,low,2,50,3,4,Exciteshroom,1,
6,V. Hollow,1,low,2,50,3,4,Parashroom,3,
40,V. Hollow,1,low,3,50,3,4,Nitroshroom,1,
20,V. Hollow,1,low,3,50,3,4,Nitroshroom,2,
18,V. Hollow,1,low,3,50,3,4,Parashroom,1,
15,V. Hollow,1,low,3,50,3,4,Exciteshroom,1,
7,V. Hollow,1,low,3,50,3,4,Nitroshroom,3,
36,V. Hollow,1,low,4,60,3,5,Antidote Herb,1,
25,V. Hollow,1,low,4,60,3,5,Ivy,1,
15,V. Hollow,1,low,4,60,3,5,Herb,1,
12,V. Hollow,1,low,4,60,3,5,Antidote Herb,2,
12,V. Hollow,1,low,4,60,3,5,Gloamgrass Root,1,
30,V. Hollow,1,low,5,40,3,5,Fire Herb,1,
25,V. Hollow,1,low,5,40,3,5,Sap Plant,1,
15,V. Hollow,1,low,5,40,3,5,Spider Web,1,
15,V. Hollow,1,low,5,40,3,5,Gloamgrass Root,1,
10,V. Hollow,1,low,5,40,3,5,Fire Herb,2,
5,V. Hollow,1,low,5,40,3,5,Adamant Seed,1,
20,V. Hollow,1,low,6,70,3,4,Flashbug,1,
20,V. Hollow,1,low,6,70,3,4,Thunderbug,1,
20,V. Hollow,1,low,6,70,3,4,Hercudrome,1,
15,V. Hollow,1,low,6,70,3,4,Mega Fishing Fly,1,
15,V. Hollow,1,low,6,70,3,4,Carpenterbug,1,
5,V. Hollow,1,low,6,70,3,4,King Scarab,1,
5,V. Hollow,1,low,6,70,3,4,Silver Cricket,1,
20,V. Hollow,1,low,7,30,3,4,Godbug,1,
15,V. Hollow,1,low,7,30,3,4,Rare Scarab,1,
15,V. Hollow,1,low,7,30,3,4,Gold Cricket,1,
10,V. Hollow,1,low,7,30,3,4,Thunderbug,1,
10,V. Hollow,1,low,7,30,3,4,Hercudrome,1,
10,V. Hollow,1,low,7,30,3,4,King Scarab,1,
10,V. Hollow,1,low,7,30,3,4,Silver Cricket,1,
5,V. Hollow,1,low,7,30,3,4,Bitterbug,1,
5,V. Hollow,1,low,7,30,3,4,Flashbug,1,
50,V. Hollow,1,high,1,,3,5,Antidote Herb,1,
30,V. Hollow,1,high,1,,3,5,Sap Plant,1,
20,V. Hollow,1,high,1,,3,5,Adamant Seed,1,
41,V. Hollow,1,high,2,50,3,4,Parashroom,1,
25,V. Hollow,1,high,2,50,3,4,Nitroshroom,1,
18,V. Hollow,1,high,2,50,3,4,Parashroom,2,
10,V. Hollow,1,high,2,50,3,4,Exciteshroom,1,
6,V. Hollow,1,high,2,50,3,4,Parashroom,3,
40,V. Hollow,1,high,3,50,3,4,Nitroshroom,1,
20,V. Hollow,1,high,3,50,3,4,Nitroshroom,2,
18,V. Hollow,1,high,3,50,3,4,Parashroom,1,
15,V. Hollow,1,high,3,50,3,4,Exciteshroom,1,
7,V. Hollow,1,high,3,50,3,4,Nitroshroom,3,
36,V. Hollow,1,high,4,60,3,5,Antidote Herb,1,
25,V. Hollow,1,high,4,60,3,5,Ivy,1,
15,V. Hollow,1,high,4,60,3,5,Herb,1,
12,V. Hollow,1,high,4,60,3,5,Antidote Herb,2,
12,V. Hollow,1,high,4,60,3,5,Gloamgrass Root,1,
30,V. Hollow,1,high,5,40,3,5,Fire Herb,1,
25,V. Hollow,1,high,5,40,3,5,Sap Plant,1,
15,V. Hollow,1,high,5,40,3,5,Spider Web,1,
15,V. Hollow,1,high,5,40,3,5,Gloamgrass Root,1,
10,V. Hollow,1,high,5,40,3,5,Fire Herb,2,
5,V. Hollow,1,high,5,40,3,5,Adamant Seed,1,
20,V. Hollow,1,high,6,70,3,4,Flashbug,1,
20,V. Hollow,1,high,6,70,3,4,Thunderbug,1,
20,V. Hollow,1,high,6,70,3,4,Hercudrome,1,
15,V. Hollow,1,high,6,70,3,4,Mega Fishing Fly,1,
15,V. Hollow,1,high,6,70,3,4,Carpenterbug,1,
5,V. Hollow,1,high,6,70,3,4,King Scarab,1,
5,V. Hollow,1,high,6,70,3,4,Silver Cricket,1,
20,V. Hollow,1,high,7,30,3,4,Godbug,1,
15,V. Hollow,1,high,7,30,3,4,Rare Scarab,1,
15,V. Hollow,1,high,7,30,3,4,Gold Cricket,1,
10,V. Hollow,1,high,7,30,3,4,Thunderbug,1,
10,V. Hollow,1,high,7,30,3,4,Hercudrome,1,
10,V. Hollow,1,high,7,30,3,4,King Scarab,1,
10,V. Hollow,1,high,7,30,3,4,Silver Cricket,1,
5,V. Hollow,1,high,7,30,3,4,Bitterbug,1,
5,V. Hollow,1,high,7,30,3,4,Flashbug,1,
50,V. Hollow,1,g,1,,3,5,Antidote Herb,1,
30,V. Hollow,1,g,1,,3,5,Sap Plant,1,
20,V. Hollow,1,g,1,,3,5,Adamant Seed,1,
41,V. Hollow,1,g,2,50,3,4,Parashroom,1,
25,V. Hollow,1,g,2,50,3,4,Nitroshroom,1,
18,V. Hollow,1,g,2,50,3,4,Parashroom,2,
10,V. Hollow,1,g,2,50,3,4,Exciteshroom,1,
6,V. Hollow,1,g,2,50,3,4,Parashroom,3,
40,V. Hollow,1,g,3,50,3,4,Nitroshroom,1,
20,V. Hollow,1,g,3,50,3,4,Nitroshroom,2,
18,V. Hollow,1,g,3,50,3,4,Parashroom,1,
15,V. Hollow,1,g,3,50,3,4,Exciteshroom,1,
7,V. Hollow,1,g,3,50,3,4,Nitroshroom,3,
36,V. Hollow,1,g,4,60,3,5,Antidote Herb,1,
25,V. Hollow,1,g,4,60,3,5,Ivy,1,
15,V. Hollow,1,g,4,60,3,5,Herb,1,
12,V. Hollow,1,g,4,60,3,5,Antidote Herb,2,
12,V. Hollow,1,g,4,60,3,5,Gloamgrass Root,1,
30,V. Hollow,1,g,5,40,3,5,Fire Herb,1,
25,V. Hollow,1,g,5,40,3,5,Sap Plant,1,
15,V. Hollow,1,g,5,40,3,5,Spider Web,1,
15,V. Hollow,1,g,5,40,3,5,Gloamgrass Root,1,
10,V. Hollow,1,g,5,40,3,5,Fire Herb,2,
5,V. Hollow,1,g,5,40,3,5,Adamant Seed,1,
20,V. Hollow,1,g,6,70,3,4,Thunderbug,2,
20,V. Hollow,1,g,6,70,3,4,Rare Scarab,1,
15,V. Hollow,1,g,6,70,3,4,Mega Fishing Fly,1,
10,V. Hollow,1,g,6,70,3,4,Godbug,2,
10,V. Hollow,1,g,6,70,3,4,Carpenterbug,2,
10,V. Hollow,1,g,6,70,3,4,Hercudrome,2,
10,V. Hollow,1,g,6,70,3,4,King Scarab,1,
5,V. Hollow,1,g,6,70,3,4,Silver Cricket,1,
30,V. Hollow,1,g,7,30,3,4,Emperor Hopper,1,
25,V. Hollow,1,g,7,30,3,4,Rare Scarab,1,
20,V. Hollow,1,g,7,30,3,4,King Scarab,1,
15,V. Hollow,1,g,7,30,3,4,Gold Cricket,1,
10,V. Hollow,1,g,7,30,3,4,Silver Cricket,1,
57,V. Hollow,2,low,1,,3,5,Blue Mushroom,1,
20,V. Hollow,2,low,1,,3,5,Parashroom,1,
15,V. Hollow,2,low,1,,3,5,Nitroshroom,1,
8,V. Hollow,2,low,1,,3,5,Nitroshroom,2,
20,V. Hollow,2,low,2,,3,5,Carbalite Ore,1,
15,V. Hollow,2,low,2,,3,5,Coal,2,
10,V. Hollow,2,low,2,,3,5,Machalite Ore,2,
10,V. Hollow,2,low,2,,3,5,Firestone,1,
10,V. Hollow,2,low,2,,3,5,Fucium Ore,1,
10,V. Hollow,2,low,2,,3,5,Adv Armor Sphere,1,
10,V. Hollow,2,low,2,,3,5,Shining Charm,1,
5,V. Hollow,2,low,2,,3,5,Armor Sphere+,1,
5,V. Hollow,2,low,2,,3,5,Hard Armor Sphere,1,
5,V. Hollow,2,low,2,,3,5,Mystery Charm,1,
41,V. Hollow,2,low,3,70,3,4,Parashroom,1,
25,V. Hollow,2,low,3,70,3,4,Nitroshroom,1,
18,V. Hollow,2,low,3,70,3,4,Parashroom,2,
10,V. Hollow,2,low,3,70,3,4,Exciteshroom,1,
6,V. Hollow,2,low,3,70,3,4,Parashroom,3,
40,V. Hollow,2,low,4,30,3,4,Nitroshroom,1,
20,V. Hollow,2,low,4,30,3,4,Nitroshroom,2,
18,V. Hollow,2,low,4,30,3,4,Parashroom,1,
15,V. Hollow,2,low,4,30,3,4,Exciteshroom,1,
7,V. Hollow,2,low,4,30,3,4,Nitroshroom,3,
100,V. Hollow,2,low,5,,,,Whetfish,1,Mega Fishing Fly
100,V. Hollow,2,low,6,,,,Whetfish,1,Sushifish Bait
100,V. Hollow,2,low,7,,,,Whetfish,1,Burst Bait
100,V. Hollow,2,low,8,,,,Whetfish,1,Goldenfish Bait
100,V. Hollow,2,low,9,,,,Whetfish,1,
57,V. Hollow,2,high,1,,3,5,Blue Mushroom,1,
20,V. Hollow,2,high,1,,3,5,Parashroom,1,
15,V. Hollow,2,high,1,,3,5,Nitroshroom,1,
8,V. Hollow,2,high,1,,3,5,Nitroshroom,2,
20,V. Hollow,2,high,2,,3,5,Carbalite Ore,1,
15,V. Hollow,2,high,2,,3,5,Coal,2,
10,V. Hollow,2,high,2,,3,5,Machalite Ore,2,
10,V. Hollow,2,high,2,,3,5,Firestone,1,
10,V. Hollow,2,high,2,,3,5,Fucium Ore,1,
10,V. Hollow,2,high,2,,3,5,Adv Armor Sphere,1,
10,V. Hollow,2,high,2,,3,5,Shining Charm,1,
5,V. Hollow,2,high,2,,3,5,Armor Sphere+,1,
5,V. Hollow,2,high,2,,3,5,Hard Armor Sphere,1,
5,V. Hollow,2,high,2,,3,5,Mystery Charm,1,
41,V. Hollow,2,high,3,70,3,4,Parashroom,1,
25,V. Hollow,2,high,3,70,3,4,Nitroshroom,1,
18,V. Hollow,2,high,3,70,3,4,Parashroom,2,
10,V. Hollow,2,high,3,70,3,4,Exciteshroom,1,
6,V. Hollow,2,high,3,70,3,4,Parashroom,3,
40,V. Hollow,2,high,4,30,3,4,Nitroshroom,1,
20,V. Hollow,2,high,4,30,3,4,Nitroshroom,2,
18,V. Hollow,2,high,4,30,3,4,Parashroom,1,
15,V. Hollow,2,high,4,30,3,4,Exciteshroom,1,
7,V. Hollow,2,high,4,30,3,4,Nitroshroom,3,
100,V. Hollow,2,high,5,,,,Whetfish,1,Burst Bait
100,V. Hollow,2,high,6,,,,Whetfish,1,Mega Fishing Fly
100,V. Hollow,2,high,7,,,,Whetfish,1,Sushifish Bait
100,V. Hollow,2,high,8,,,,Whetfish,1,Goldenfish Bait
100,V. Hollow,2,high,9,,,,Whetfish,1,
57,V. Hollow,2,g,1,,3,5,Blue Mushroom,1,
20,V. Hollow,2,g,1,,3,5,Parashroom,1,
15,V. Hollow,2,g,1,,3,5,Nitroshroom,1,
8,V. Hollow,2,g,1,,3,5,Nitroshroom,2,
20,V. Hollow,2,g,2,,3,5,Eltalite Ore,1,
15,V. Hollow,2,g,2,,3,5,Coal,2,
10,V. Hollow,2,g,2,,3,5,Meldspar Ore,1,
10,V. Hollow,2,g,2,,3,5,Fucium Ore,1,
10,V. Hollow,2,g,2,,3,5,Ultimas Crystal,1,
10,V. Hollow,2,g,2,,3,5,King Armor Sphere,1,
10,V. Hollow,2,g,2,,3,5,Timeworn Charm,1,
5,V. Hollow,2,g,2,,3,5,Heavy Armor Sphere,1,
5,V. Hollow,2,g,2,,3,5,True Armor Sphere,1,
5,V. Hollow,2,g,2,,3,5,Shining Charm,2,
41,V. Hollow,2,g,3,70,3,4,Parashroom,1,
25,V. Hollow,2,g,3,70,3,4,Nitroshroom,1,
18,V. Hollow,2,g,3,70,3,4,Parashroom,2,
10,V. Hollow,2,g,3,70,3,4,Exciteshroom,1,
6,V. Hollow,2,g,3,70,3,4,Parashroom,3,
40,V. Hollow,2,g,4,30,3,4,Nitroshroom,1,
20,V. Hollow,2,g,4,30,3,4,Nitroshroom,2,
18,V. Hollow,2,g,4,30,3,4,Parashroom,1,
15,V. Hollow,2,g,4,30,3,4,Exciteshroom,1,
7,V. Hollow,2,g,4,30,3,4,Nitroshroom,3,
100,V. Hollow,2,g,5,,,,Whetfish,1,Mega Fishing Fly
100,V. Hollow,2,g,6,,,,Whetfish,1,Sushifish Bait
100,V. Hollow,2,g,7,,,,Whetfish,1,Burst Bait
100,V. Hollow,2,g,8,,,,Whetfish,1,Goldenfish Bait
100,V. Hollow,2,g,9,,,,Whetfish,1,
25,V. Hollow,3,low,1,,4,4,Carbalite Ore,1,
20,V. Hollow,3,low,1,,4,4,Coal,2,
15,V. Hollow,3,low,1,,4,4,Dragonite Ore,1,
15,V. Hollow,3,low,1,,4,4,Bloodrun Jewel,1,
10,V. Hollow,3,low,1,,4,4,Adv Armor Sphere,1,
5,V. Hollow,3,low,1,,4,4,Lazurite Jewel,1,
5,V. Hollow,3,low,1,,4,4,Armor Sphere+,1,
5,V. Hollow,3,low,1,,4,4,Volatile Coal,1,
95,V. Hollow,3,low,2,,,,Sootstone Ore,1,∞
5,V. Hollow,3,low,2,,,,Whetstone,1,∞
20,V. Hollow,3,low,3,60,3,5,Bloodrun Jewel,1,
15,V. Hollow,3,low,3,60,3,5,Machalite Ore,2,
15,V. Hollow,3,low,3,60,3,5,Firestone,1,
15,V. Hollow,3,low,3,60,3,5,Carbalite Ore,1,
10,V. Hollow,3,low,3,60,3,5,Fucium Ore,1,
10,V. Hollow,3,low,3,60,3,5,Mystery Charm,1,
10,V. Hollow,3,low,3,60,3,5,Shining Charm,1,
5,V. Hollow,3,low,3,60,3,5,Coal,2,
15,V. Hollow,3,low,4,40,3,5,Fucium Ore,1,
15,V. Hollow,3,low,4,40,3,5,Firecell Stone,1,
15,V. Hollow,3,low,4,40,3,5,Timeworn Charm,1,
10,V. Hollow,3,low,4,40,3,5,Carbalite Ore,1,
10,V. Hollow,3,low,4,40,3,5,Bloodrun Jewel,1,
10,V. Hollow,3,low,4,40,3,5,Lazurite Jewel,1,
10,V. Hollow,3,low,4,40,3,5,Shining Charm,1,
10,V. Hollow,3,low,4,40,3,5,Volatile Coal,2,
5,V. Hollow,3,low,4,40,3,5,Coal,3,
20,V. Hollow,3,low,5,65,3,5,Firestone,1,
15,V. Hollow,3,low,5,65,3,5,Dragonite Ore,1,
15,V. Hollow,3,low,5,65,3,5,Carbalite Ore,1,
10,V. Hollow,3,low,5,65,3,5,Adv Armor Sphere,1,
10,V. Hollow,3,low,5,65,3,5,Hard Armor Sphere,1,
10,V. Hollow,3,low,5,65,3,5,Shining Charm,1,
10,V. Hollow,3,low,5,65,3,5,Coal,2,
5,V. Hollow,3,low,5,65,3,5,Fucium Ore,1,
5,V. Hollow,3,low,5,65,3,5,Armor Sphere+,1,
15,V. Hollow,3,low,6,35,3,5,Fucium Ore,1,
10,V. Hollow,3,low,6,35,3,5,Carbalite Ore,2,
10,V. Hollow,3,low,6,35,3,5,Firecell Stone,1,
10,V. Hollow,3,low,6,35,3,5,Adv Armor Sphere,1,
10,V. Hollow,3,low,6,35,3,5,Hard Armor Sphere,1,
10,V. Hollow,3,low,6,35,3,5,Timeworn Charm,1,
10,V. Hollow,3,low,6,35,3,5,Coal,3,
10,V. Hollow,3,low,6,35,3,5,Volatile Coal,2,
5,V. Hollow,3,low,6,35,3,5,Carbalite Ore,1,
5,V. Hollow,3,low,6,35,3,5,Armor Sphere+,1,
5,V. Hollow,3,low,6,35,3,5,Shining Charm,1,
25,V. Hollow,3,high,1,,4,4,Carbalite Ore,1,
20,V. Hollow,3,high,1,,4,4,Coal,2,
15,V. Hollow,3,high,1,,4,4,Dragonite Ore,1,
15,V. Hollow,3,high,1,,4,4,Bloodrun Jewel,1,
10,V. Hollow,3,high,1,,4,4,Adv Armor Sphere,1,
5,V. Hollow,3,high,1,,4,4,Lazurite Jewel,1,
5,V. Hollow,3,high,1,,4,4,Armor Sphere+,1,
5,V. Hollow,3,high,1,,4,4,Volatile Coal,1,
95,V. Hollow,3,high,2,,,,Sootstone Ore,1,∞
5,V. Hollow,3,high,2,,,,Whetstone,1,∞
20,V. Hollow,3,high,3,60,3,5,Bloodrun Jewel,1,
15,V. Hollow,3,high,3,60,3,5,Machalite Ore,2,
15,V. Hollow,3,high,3,60,3,5,Firestone,1,
15,V. Hollow,3,high,3,60,3,5,Carbalite Ore,1,
10,V. Hollow,3,high,3,60,3,5,Fucium Ore,1,
10,V. Hollow,3,high,3,60,3,5,Mystery Charm,1,
10,V. Hollow,3,high,3,60,3,5,Shining Charm,1,
5,V. Hollow,3,high,3,60,3,5,Coal,2,
15,V. Hollow,3,high,4,40,3,5,Fucium Ore,1,
15,V. Hollow,3,high,4,40,3,5,Firecell Stone,1,
15,V. Hollow,3,high,4,40,3,5,Timeworn Charm,1,
10,V. Hollow,3,high,4,40,3,5,Carbalite Ore,1,
10,V. Hollow,3,high,4,40,3,5,Bloodrun Jewel,1,
10,V. Hollow,3,high,4,40,3,5,Lazurite Jewel,1,
10,V. Hollow,3,high,4,40,3,5,Shining Charm,1,
10,V. Hollow,3,high,4,40,3,5,Volatile Coal,2,
5,V. Hollow,3,high,4,40,3,5,Coal,3,
20,V. Hollow,3,high,5,65,3,5,Firestone,1,
15,V. Hollow,3,high,5,65,3,5,Dragonite Ore,1,
15,V. Hollow,3,high,5,65,3,5,Carbalite Ore,1,
10,V. Hollow,3,high,5,65,3,5,Adv Armor Sphere,1,
10,V. Hollow,3,high,5,65,3,5,Hard Armor Sphere,1,
10,V. Hollow,3,high,5,65,3,5,Shining Charm,1,
10,V. Hollow,3,high,5,65,3,5,Coal,2,
5,V. Hollow,3,high,5,65,3,5,Fucium Ore,1,
5,V. Hollow,3,high,5,65,3,5,Armor Sphere+,1,
15,V. Hollow,3,high,6,35,3,5,Fucium Ore,1,
10,V. Hollow,3,high,6,35,3,5,Carbalite Ore,2,
10,V. Hollow,3,high,6,35,3,5,Firecell Stone,1,
10,V. Hollow,3,high,6,35,3,5,Adv Armor Sphere,1,
10,V. Hollow,3,high,6,35,3,5,Hard Armor Sphere,1,
10,V. Hollow,3,high,6,35,3,5,Timeworn Charm,1,
10,V. Hollow,3,high,6,35,3,5,Coal,3,
10,V. Hollow,3,high,6,35,3,5,Volatile Coal,2,
5,V. Hollow,3,high,6,35,3,5,Carbalite Ore,1,
5,V. Hollow,3,high,6,35,3,5,Armor Sphere+,1,
5,V. Hollow,3,high,6,35,3,5,Shining Charm,1,
20,V. Hollow,3,g,1,,4,4,Meldspar Ore,1,
20,V. Hollow,3,g,1,,4,4,Ultimas Crystal,1,
20,V. Hollow,3,g,1,,4,4,Coal,2,
15,V. Hollow,3,g,1,,4,4,Adamant Orb,1,
10,V. Hollow,3,g,1,,4,4,King Armor Sphere,1,
5,V. Hollow,3,g,1,,4,4,Sovereign Orb,1,
5,V. Hollow,3,g,1,,4,4,Heavy Armor Sphere,1,
5,V. Hollow,3,g,1,,4,4,Volatile Coal,1,
95,V. Hollow,3,g,2,,,,Sootstone Ore,1,∞
5,V. Hollow,3,g,2,,,,Whetstone,1,∞
20,V. Hollow,3,g,3,60,3,5,Firecell Stone,1,
15,V. Hollow,3,g,3,60,3,5,Adamant Orb,1,
10,V. Hollow,3,g,3,60,3,5,Eltalite Ore,1,
10,V. Hollow,3,g,3,60,3,5,Meldspar Ore,1,
10,V. Hollow,3,g,3,60,3,5,Fucium Ore,1,
10,V. Hollow,3,g,3,60,3,5,Ultimas Crystal,1,
10,V. Hollow,3,g,3,60,3,5,Shining Charm,2,
10,V. Hollow,3,g,3,60,3,5,Timeworn Charm,1,
5,V. Hollow,3,g,3,60,3,5,Coal,2,
20,V. Hollow,3,g,4,40,3,5,Allfire Stone,1,
15,V. Hollow,3,g,4,40,3,5,Ultimas Crystal,1,
15,V. Hollow,3,g,4,40,3,5,Enduring Charm,1,
10,V. Hollow,3,g,4,40,3,5,Adamant Orb,1,
10,V. Hollow,3,g,4,40,3,5,Sovereign Orb,1,
10,V. Hollow,3,g,4,40,3,5,Volatile Coal,2,
5,V. Hollow,3,g,4,40,3,5,Meldspar Ore,1,
5,V. Hollow,3,g,4,40,3,5,Fucium Ore,1,
5,V. Hollow,3,g,4,40,3,5,Timeworn Charm,1,
5,V. Hollow,3,g,4,40,3,5,Coal,3,
25,V. Hollow,3,g,5,65,3,5,Firecell Stone,1,
15,V. Hollow,3,g,5,65,3,5,Meldspar Ore,1,
10,V. Hollow,3,g,5,65,3,5,Eltalite Ore,1,
10,V. Hollow,3,g,5,65,3,5,Ultimas Crystal,1,
10,V. Hollow,3,g,5,65,3,5,King Armor Sphere,1,
10,V. Hollow,3,g,5,65,3,5,Timeworn Charm,1,
10,V. Hollow,3,g,5,65,3,5,Coal,2,
5,V. Hollow,3,g,5,65,3,5,Fucium Ore,1,
5,V. Hollow,3,g,5,65,3,5,Heavy Armor Sphere,1,
20,V. Hollow,3,g,6,35,3,5,Allfire Stone,1,
15,V. Hollow,3,g,6,35,3,5,Ultimas Crystal,1,
15,V. Hollow,3,g,6,35,3,5,King Armor Sphere,1,
10,V. Hollow,3,g,6,35,3,5,Heavy Armor Sphere,1,
10,V. Hollow,3,g,6,35,3,5,Enduring Charm,1,
10,V. Hollow,3,g,6,35,3,5,Coal,3,
10,V. Hollow,3,g,6,35,3,5,Volatile Coal,2,
5,V. Hollow,3,g,6,35,3,5,Fucium Ore,1,
5,V. Hollow,3,g,6,35,3,5,Timeworn Charm,1,
20,V. Hollow,4,low,1,,3,5,Coal,2,
15,V. Hollow,4,low,1,,3,5,Firestone,1,
15,V. Hollow,4,low,1,,3,5,Carbalite Ore,1,
15,V. Hollow,4,low,1,,3,5,Firecell Stone,1,
12,V. Hollow,4,low,1,,3,5,Timeworn Charm,1,
10,V. Hollow,4,low,1,,3,5,Shining Charm,1,
8,V. Hollow,4,low,1,,3,5,Rustshard,1,
5,V. Hollow,4,low,1,,3,5,Ancient Shard,1,
40,V. Hollow,4,low,2,,2,5,Fire Herb,1,
30,V. Hollow,4,low,2,,2,5,Gloamgrass Root,1,
10,V. Hollow,4,low,2,,2,5,Herb,1,
10,V. Hollow,4,low,2,,2,5,Fire Herb,2,
10,V. Hollow,4,low,2,,2,5,Ivy,1,
55,V. Hollow,4,low,3,,4,6,Dragon Ambrosia,1,
25,V. Hollow,4,low,3,,4,6,Fire Ambrosia,1,
10,V. Hollow,4,low,3,,4,6,Larval Extract,1,
10,V. Hollow,4,low,3,,4,6,Paralarval Extract,1,
41,V. Hollow,4,low,4,40,3,4,Parashroom,1,
25,V. Hollow,4,low,4,40,3,4,Nitroshroom,1,
18,V. Hollow,4,low,4,40,3,4,Parashroom,2,
10,V. Hollow,4,low,4,40,3,4,Exciteshroom,1,
6,V. Hollow,4,low,4,40,3,4,Parashroom,3,
40,V. Hollow,4,low,5,60,4,5,Nitroshroom,1,
20,V. Hollow,4,low,5,60,4,5,Nitroshroom,2,
18,V. Hollow,4,low,5,60,4,5,Parashroom,1,
15,V. Hollow,4,low,5,60,4,5,Exciteshroom,1,
7,V. Hollow,4,low,5,60,4,5,Nitroshroom,3,
30,V. Hollow,4,low,6,70,2,4,Latchberry,1,
25,V. Hollow,4,low,6,70,2,4,Nulberry,1,
20,V. Hollow,4,low,6,70,2,4,Dragonfell Berry,1,
15,V. Hollow,4,low,6,70,2,4,Scatternut,1,
10,V. Hollow,4,low,6,70,2,4,Nulberry,2,
25,V. Hollow,4,low,7,30,2,4,Might Seed,1,
20,V. Hollow,4,low,7,30,2,4,Dragonfell Berry,1,
20,V. Hollow,4,low,7,30,2,4,Latchberry,3,
15,V. Hollow,4,low,7,30,2,4,Scatternut,2,
10,V. Hollow,4,low,7,30,2,4,Nulberry,1,
10,V. Hollow,4,low,7,30,2,4,Dragonfell Berry,2,
36,V. Hollow,4,low,8,30,3,4,Antidote Herb,1,
25,V. Hollow,4,low,8,30,3,4,Ivy,1,
15,V. Hollow,4,low,8,30,3,4,Herb,1,
12,V. Hollow,4,low,8,30,3,4,Antidote Herb,2,
12,V. Hollow,4,low,8,30,3,4,Gloamgrass Root,1,
30,V. Hollow,4,low,9,70,3,4,Fire Herb,1,
25,V. Hollow,4,low,9,70,3,4,Sap Plant,1,
15,V. Hollow,4,low,9,70,3,4,Spider Web,1,
15,V. Hollow,4,low,9,70,3,4,Gloamgrass Root,1,
10,V. Hollow,4,low,9,70,3,4,Fire Herb,2,
5,V. Hollow,4,low,9,70,3,4,Adamant Seed,1,
70,V. Hollow,4,low,10,80,3,5,Dragon Ambrosia,1,
25,V. Hollow,4,low,10,80,3,5,Fire Ambrosia,1,
5,V. Hollow,4,low,10,80,3,5,Larval Extract,1,
35,V. Hollow,4,low,11,20,3,5,Fire Ambrosia,1,
25,V. Hollow,4,low,11,20,3,5,Larval Extract,1,
25,V. Hollow,4,low,11,20,3,5,Paralarval Extract,1,
15,V. Hollow,4,low,11,20,3,5,Dragon Ambrosia,1,
20,V. Hollow,4,high,1,,3,5,Coal,2,
15,V. Hollow,4,high,1,,3,5,Firestone,1,
15,V. Hollow,4,high,1,,3,5,Carbalite Ore,1,
15,V. Hollow,4,high,1,,3,5,Firecell Stone,1,
12,V. Hollow,4,high,1,,3,5,Timeworn Charm,1,
10,V. Hollow,4,high,1,,3,5,Shining Charm,1,
8,V. Hollow,4,high,1,,3,5,Rustshard,1,
5,V. Hollow,4,high,1,,3,5,Ancient Shard,1,
40,V. Hollow,4,high,2,,2,5,Fire Herb,1,
30,V. Hollow,4,high,2,,2,5,Gloamgrass Root,1,
10,V. Hollow,4,high,2,,2,5,Herb,1,
10,V. Hollow,4,high,2,,2,5,Fire Herb,2,
10,V. Hollow,4,high,2,,2,5,Ivy,1,
55,V. Hollow,4,high,3,,4,6,Dragon Ambrosia,1,
25,V. Hollow,4,high,3,,4,6,Fire Ambrosia,1,
10,V. Hollow,4,high,3,,4,6,Larval Extract,1,
10,V. Hollow,4,high,3,,4,6,Paralarval Extract,1,
41,V. Hollow,4,high,4,40,3,4,Parashroom,1,
25,V. Hollow,4,high,4,40,3,4,Nitroshroom,1,
18,V. Hollow,4,high,4,40,3,4,Parashroom,2,
10,V. Hollow,4,high,4,40,3,4,Exciteshroom,1,
6,V. Hollow,4,high,4,40,3,4,Parashroom,3,
40,V. Hollow,4,high,5,60,4,5,Nitroshroom,1,
20,V. Hollow,4,high,5,60,4,5,Nitroshroom,2,
18,V. Hollow,4,high,5,60,4,5,Parashroom,1,
15,V. Hollow,4,high,5,60,4,5,Exciteshroom,1,
7,V. Hollow,4,high,5,60,4,5,Nitroshroom,3,
30,V. Hollow,4,high,6,70,2,4,Latchberry,1,
25,V. Hollow,4,high,6,70,2,4,Nulberry,1,
20,V. Hollow,4,high,6,70,2,4,Dragonfell Berry,1,
15,V. Hollow,4,high,6,70,2,4,Scatternut,1,
10,V. Hollow,4,high,6,70,2,4,Nulberry,2,
25,V. Hollow,4,high,7,30,2,4,Might Seed,1,
20,V. Hollow,4,high,7,30,2,4,Dragonfell Berry,1,
20,V. Hollow,4,high,7,30,2,4,Latchberry,3,
15,V. Hollow,4,high,7,30,2,4,Scatternut,2,
10,V. Hollow,4,high,7,30,2,4,Nulberry,1,
10,V. Hollow,4,high,7,30,2,4,Dragonfell Berry,2,
36,V. Hollow,4,high,8,30,3,4,Antidote Herb,1,
25,V. Hollow,4,high,8,30,3,4,Ivy,1,
15,V. Hollow,4,high,8,30,3,4,Herb,1,
12,V. Hollow,4,high,8,30,3,4,Antidote Herb,2,
12,V. Hollow,4,high,8,30,3,4,Gloamgrass Root,1,
30,V. Hollow,4,high,9,70,3,4,Fire Herb,1,
25,V. Hollow,4,high,9,70,3,4,Sap Plant,1,
15,V. Hollow,4,high,9,70,3,4,Spider Web,1,
15,V. Hollow,4,high,9,70,3,4,Gloamgrass Root,1,
10,V. Hollow,4,high,9,70,3,4,Fire Herb,2,
5,V. Hollow,4,high,9,70,3,4,Adamant Seed,1,
70,V. Hollow,4,high,10,80,3,5,Dragon Ambrosia,1,
25,V. Hollow,4,high,10,80,3,5,Fire Ambrosia,1,
5,V. Hollow,4,high,10,80,3,5,Larval Extract,1,
35,V. Hollow,4,high,11,20,3,5,Fire Ambrosia,1,
25,V. Hollow,4,high,11,20,3,5,Larval Extract,1,
25,V. Hollow,4,high,11,20,3,5,Paralarval Extract,1,
15,V. Hollow,4,high,11,20,3,5,Dragon Ambrosia,1,
20,V. Hollow,4,g,1,,3,5,Firecell Stone,1,
20,V. Hollow,4,g,1,,3,5,Coal,2,
15,V. Hollow,4,g,1,,3,5,Allfire Stone,1,
15,V. Hollow,4,g,1,,3,5,Enduring Charm,1,
10,V. Hollow,4,g,1,,3,5,Eltalite Ore,1,
10,V. Hollow,4,g,1,,3,5,Timeworn Charm,1,
5,V. Hollow,4,g,1,,3,5,Firestone,2,
5,V. Hollow,4,g,1,,3,5,Ancient Shard,1,
40,V. Hollow,4,g,2,,2,5,Fire Herb,1,
30,V. Hollow,4,g,2,,2,5,Gloamgrass Root,1,
10,V. Hollow,4,g,2,,2,5,Herb,1,
10,V. Hollow,4,g,2,,2,5,Fire Herb,2,
10,V. Hollow,4,g,2,,2,5,Ivy,1,
40,V. Hollow,4,g,3,,4,6,Dragon Ambrosia,1,
20,V. Hollow,4,g,3,,4,6,Larval Extract,1,
20,V. Hollow,4,g,3,,4,6,Paralarval Extract,1,
20,V. Hollow,4,g,3,,4,6,Fire Ambrosia,1,
41,V. Hollow,4,g,4,40,3,4,Parashroom,1,
25,V. Hollow,4,g,4,40,3,4,Nitroshroom,1,
18,V. Hollow,4,g,4,40,3,4,Parashroom,2,
10,V. Hollow,4,g,4,40,3,4,Exciteshroom,1,
6,V. Hollow,4,g,4,40,3,4,Parashroom,3,
40,V. Hollow,4,g,5,60,4,5,Nitroshroom,1,
20,V. Hollow,4,g,5,60,4,5,Nitroshroom,2,
18,V. Hollow,4,g,5,60,4,5,Parashroom,1,
15,V. Hollow,4,g,5,60,4,5,Exciteshroom,1,
7,V. Hollow,4,g,5,60,4,5,Nitroshroom,3,
30,V. Hollow,4,g,6,70,2,4,Latchberry,1,
25,V. Hollow,4,g,6,70,2,4,Nulberry,1,
20,V. Hollow,4,g,6,70,2,4,Dragonfell Berry,1,
15,V. Hollow,4,g,6,70,2,4,Scatternut,1,
10,V. Hollow,4,g,6,70,2,4,Nulberry,2,
25,V. Hollow,4,g,7,30,2,4,Might Seed,1,
20,V. Hollow,4,g,7,30,2,4,Dragonfell Berry,1,
20,V. Hollow,4,g,7,30,2,4,Latchberry,3,
15,V. Hollow,4,g,7,30,2,4,Scatternut,2,
10,V. Hollow,4,g,7,30,2,4,Nulberry,1,
10,V. Hollow,4,g,7,30,2,4,Dragonfell Berry,2,
36,V. Hollow,4,g,8,30,3,4,Antidote Herb,1,
25,V. Hollow,4,g,8,30,3,4,Ivy,1,
15,V. Hollow,4,g,8,30,3,4,Herb,1,
12,V. Hollow,4,g,8,30,3,4,Antidote Herb,2,
12,V. Hollow,4,g,8,30,3,4,Gloamgrass Root,1,
30,V. Hollow,4,g,9,70,3,4,Fire Herb,1,
25,V. Hollow,4,g,9,70,3,4,Sap Plant,1,
15,V. Hollow,4,g,9,70,3,4,Spider Web,1,
15,V. Hollow,4,g,9,70,3,4,Gloamgrass Root,1,
10,V. Hollow,4,g,9,70,3,4,Fire Herb,2,
5,V. Hollow,4,g,9,70,3,4,Adamant Seed,1,
55,V. Hollow,4,g,10,80,3,5,Dragon Ambrosia,1,
25,V. Hollow,4,g,10,80,3,5,Fire Ambrosia,1,
20,V. Hollow,4,g,10,80,3,5,Larval Extract,1,
30,V. Hollow,4,g,11,20,3,5,Larval Extract,1,
30,V. Hollow,4,g,11,20,3,5,Paralarval Extract,1,
25,V. Hollow,4,g,11,20,3,5,Fire Ambrosia,1,
15,V. Hollow,4,g,11,20,3,5,Dragon Ambrosia,1,
80,V. Hollow,5,low,1,,1,2,Spider Web,1,
10,V. Hollow,5,low,1,,1,2,Spider Web,2,
10,V. Hollow,5,low,1,,1,2,Worm,1,
30,V. Hollow,5,low,2,70,3,4,Latchberry,1,
25,V. Hollow,5,low,2,70,3,4,Nulberry,1,
20,V. Hollow,5,low,2,70,3,4,Dragonfell Berry,1,
15,V. Hollow,5,low,2,70,3,4,Scatternut,1,
10,V. Hollow,5,low,2,70,3,4,Nulberry,2,
25,V. Hollow,5,low,3,30,3,4,Might Seed,1,
20,V. Hollow,5,low,3,30,3,4,Dragonfell Berry,1,
20,V. Hollow,5,low,3,30,3,4,Latchberry,3,
15,V. Hollow,5,low,3,30,3,4,Scatternut,2,
10,V. Hollow,5,low,3,30,3,4,Nulberry,1,
10,V. Hollow,5,low,3,30,3,4,Dragonfell Berry,2,
20,V. Hollow,5,low,4,60,2,3,Flashbug,1,
20,V. Hollow,5,low,4,60,2,3,Thunderbug,1,
20,V. Hollow,5,low,4,60,2,3,Hercudrome,1,
15,V. Hollow,5,low,4,60,2,3,Mega Fishing Fly,1,
15,V. Hollow,5,low,4,60,2,3,Carpenterbug,1,
5,V. Hollow,5,low,4,60,2,3,King Scarab,1,
5,V. Hollow,5,low,4,60,2,3,Silver Cricket,1,
20,V. Hollow,5,low,5,40,4,5,Godbug,1,
15,V. Hollow,5,low,5,40,4,5,Rare Scarab,1,
15,V. Hollow,5,low,5,40,4,5,Gold Cricket,1,
10,V. Hollow,5,low,5,40,4,5,Thunderbug,1,
10,V. Hollow,5,low,5,40,4,5,Hercudrome,1,
10,V. Hollow,5,low,5,40,4,5,King Scarab,1,
10,V. Hollow,5,low,5,40,4,5,Silver Cricket,1,
5,V. Hollow,5,low,5,40,4,5,Bitterbug,1,
5,V. Hollow,5,low,5,40,4,5,Flashbug,1,
80,V. Hollow,5,high,1,,1,2,Spider Web,1,
10,V. Hollow,5,high,1,,1,2,Spider Web,2,
10,V. Hollow,5,high,1,,1,2,Worm,1,
30,V. Hollow,5,high,2,70,3,4,Latchberry,1,
25,V. Hollow,5,high,2,70,3,4,Nulberry,1,
20,V. Hollow,5,high,2,70,3,4,Dragonfell Berry,1,
15,V. Hollow,5,high,2,70,3,4,Scatternut,1,
10,V. Hollow,5,high,2,70,3,4,Nulberry,2,
25,V. Hollow,5,high,3,30,3,4,Might Seed,1,
20,V. Hollow,5,high,3,30,3,4,Dragonfell Berry,1,
20,V. Hollow,5,high,3,30,3,4,Latchberry,3,
15,V. Hollow,5,high,3,30,3,4,Scatternut,2,
10,V. Hollow,5,high,3,30,3,4,Nulberry,1,
10,V. Hollow,5,high,3,30,3,4,Dragonfell Berry,2,
20,V. Hollow,5,high,4,60,2,3,Flashbug,1,
20,V. Hollow,5,high,4,60,2,3,Thunderbug,1,
20,V. Hollow,5,high,4,60,2,3,Hercudrome,1,
15,V. Hollow,5,high,4,60,2,3,Mega Fishing Fly,1,
15,V. Hollow,5,high,4,60,2,3,Carpenterbug,1,
5,V. Hollow,5,high,4,60,2,3,King Scarab,1,
5,V. Hollow,5,high,4,60,2,3,Silver Cricket,1,
20,V. Hollow,5,high,5,40,4,5,Godbug,1,
15,V. Hollow,5,high,5,40,4,5,Rare Scarab,1,
15,V. Hollow,5,high,5,40,4,5,Gold Cricket,1,
10,V. Hollow,5,high,5,40,4,5,Thunderbug,1,
10,V. Hollow,5,high,5,40,4,5,Hercudrome,1,
10,V. Hollow,5,high,5,40,4,5,King Scarab,1,
10,V. Hollow,5,high,5,40,4,5,Silver Cricket,1,
5,V. Hollow,5,high,5,40,4,5,Bitterbug,1,
5,V. Hollow,5,high,5,40,4,5,Flashbug,1,
80,V. Hollow,5,g,1,,1,2,Spider Web,1,
10,V. Hollow,5,g,1,,1,2,Spider Web,2,
10,V. Hollow,5,g,1,,1,2,Worm,1,
30,V. Hollow,5,g,2,70,3,4,Latchberry,1,
25,V. Hollow,5,g,2,70,3,4,Nulberry,1,
20,V. Hollow,5,g,2,70,3,4,Dragonfell Berry,1,
15,V. Hollow,5,g,2,70,3,4,Scatternut,1,
10,V. Hollow,5,g,2,70,3,4,Nulberry,2,
25,V. Hollow,5,g,3,30,3,4,Might Seed,1,
20,V. Hollow,5,g,3,30,3,4,Dragonfell Berry,1,
20,V. Hollow,5,g,3,30,3,4,Latchberry,3,
15,V. Hollow,5,g,3,30,3,4,Scatternut,2,
10,V. Hollow,5,g,3,30,3,4,Nulberry,1,
10,V. Hollow,5,g,3,30,3,4,Dragonfell Berry,2,
20,V. Hollow,5,g,4,60,2,3,Thunderbug,2,
20,V. Hollow,5,g,4,60,2,3,Rare Scarab,1,
15,V. Hollow,5,g,4,60,2,3,Mega Fishing Fly,1,
10,V. Hollow,5,g,4,60,2,3,Godbug,2,
10,V. Hollow,5,g,4,60,2,3,Carpenterbug,2,
10,V. Hollow,5,g,4,60,2,3,Hercudrome,2,
10,V. Hollow,5,g,4,60,2,3,King Scarab,1,
5,V. Hollow,5,g,4,60,2,3,Silver Cricket,1,
30,V. Hollow,5,g,5,40,4,5,Emperor Hopper,1,
25,V. Hollow,5,g,5,40,4,5,Rare Scarab,1,
20,V. Hollow,5,g,5,40,4,5,King Scarab,1,
15,V. Hollow,5,g,5,40,4,5,Gold Cricket,1,
10,V. Hollow,5,g,5,40,4,5,Silver Cricket,1,
80,V. Hollow,6,low,1,,1,2,Spider Web,1,
10,V. Hollow,6,low,1,,1,2,Spider Web,2,
10,V. Hollow,6,low,1,,1,2,Worm,1,
30,V. Hollow,6,low,2,,4,5,Bitterbug,1,
15,V. Hollow,6,low,2,,4,5,King Scarab,1,
10,V. Hollow,6,low,2,,4,5,Mega Fishing Fly,1,
10,V. Hollow,6,low,2,,4,5,Carpenterbug,1,
10,V. Hollow,6,low,2,,4,5,Hercudrome,1,
10,V. Hollow,6,low,2,,4,5,Silver Cricket,1,
5,V. Hollow,6,low,2,,4,5,Flashbug,1,
5,V. Hollow,6,low,2,,4,5,Rare Scarab,1,
5,V. Hollow,6,low,2,,4,5,Gold Cricket,1,
30,V. Hollow,6,low,3,40,3,5,Latchberry,1,
25,V. Hollow,6,low,3,40,3,5,Nulberry,1,
20,V. Hollow,6,low,3,40,3,5,Dragonfell Berry,1,
15,V. Hollow,6,low,3,40,3,5,Scatternut,1,
10,V. Hollow,6,low,3,40,3,5,Nulberry,2,
25,V. Hollow,6,low,4,60,3,5,Might Seed,1,
20,V. Hollow,6,low,4,60,3,5,Dragonfell Berry,1,
20,V. Hollow,6,low,4,60,3,5,Latchberry,3,
15,V. Hollow,6,low,4,60,3,5,Scatternut,2,
10,V. Hollow,6,low,4,60,3,5,Nulberry,1,
10,V. Hollow,6,low,4,60,3,5,Dragonfell Berry,2,
20,V. Hollow,6,low,5,60,2,3,Flashbug,1,
20,V. Hollow,6,low,5,60,2,3,Thunderbug,1,
20,V. Hollow,6,low,5,60,2,3,Hercudrome,1,
15,V. Hollow,6,low,5,60,2,3,Mega Fishing Fly,1,
15,V. Hollow,6,low,5,60,2,3,Carpenterbug,1,
5,V. Hollow,6,low,5,60,2,3,King Scarab,1,
5,V. Hollow,6,low,5,60,2,3,Silver Cricket,1,
20,V. Hollow,6,low,6,40,3,4,Godbug,1,
15,V. Hollow,6,low,6,40,3,4,Rare Scarab,1,
15,V. Hollow,6,low,6,40,3,4,Gold Cricket,1,
10,V. Hollow,6,low,6,40,3,4,Thunderbug,1,
10,V. Hollow,6,low,6,40,3,4,Hercudrome,1,
10,V. Hollow,6,low,6,40,3,4,King Scarab,1,
10,V. Hollow,6,low,6,40,3,4,Silver Cricket,1,
5,V. Hollow,6,low,6,40,3,4,Bitterbug,1,
5,V. Hollow,6,low,6,40,3,4,Flashbug,1,
41,V. Hollow,6,low,7,50,2,4,Parashroom,1,
25,V. Hollow,6,low,7,50,2,4,Nitroshroom,1,
18,V. Hollow,6,low,7,50,2,4,Parashroom,2,
10,V. Hollow,6,low,7,50,2,4,Exciteshroom,1,
6,V. Hollow,6,low,7,50,2,4,Parashroom,3,
40,V. Hollow,6,low,8,50,2,4,Nitroshroom,1,
20,V. Hollow,6,low,8,50,2,4,Nitroshroom,2,
18,V. Hollow,6,low,8,50,2,4,Parashroom,1,
15,V. Hollow,6,low,8,50,2,4,Exciteshroom,1,
7,V. Hollow,6,low,8,50,2,4,Nitroshroom,3,
80,V. Hollow,6,high,1,,1,2,Spider Web,1,
10,V. Hollow,6,high,1,,1,2,Spider Web,2,
10,V. Hollow,6,high,1,,1,2,Worm,1,
30,V. Hollow,6,high,2,,4,5,Bitterbug,1,
15,V. Hollow,6,high,2,,4,5,King Scarab,1,
10,V. Hollow,6,high,2,,4,5,Mega Fishing Fly,1,
10,V. Hollow,6,high,2,,4,5,Carpenterbug,1,
10,V. Hollow,6,high,2,,4,5,Hercudrome,1,
10,V. Hollow,6,high,2,,4,5,Silver Cricket,1,
5,V. Hollow,6,high,2,,4,5,Flashbug,1,
5,V. Hollow,6,high,2,,4,5,Rare Scarab,1,
5,V. Hollow,6,high,2,,4,5,Gold Cricket,1,
30,V. Hollow,6,high,3,40,3,5,Latchberry,1,
25,V. Hollow,6,high,3,40,3,5,Nulberry,1,
20,V. Hollow,6,high,3,40,3,5,Dragonfell Berry,1,
15,V. Hollow,6,high,3,40,3,5,Scatternut,1,
10,V. Hollow,6,high,3,40,3,5,Nulberry,2,
25,V. Hollow,6,high,4,60,3,5,Might Seed,1,
20,V. Hollow,6,high,4,60,3,5,Dragonfell Berry,1,
20,V. Hollow,6,high,4,60,3,5,Latchberry,3,
15,V. Hollow,6,high,4,60,3,5,Scatternut,2,
10,V. Hollow,6,high,4,60,3,5,Nulberry,1,
10,V. Hollow,6,high,4,60,3,5,Dragonfell Berry,2,
20,V. Hollow,6,high,5,60,2,3,Flashbug,1,
20,V. Hollow,6,high,5,60,2,3,Thunderbug,1,
20,V. Hollow,6,high,5,60,2,3,Hercudrome,1,
15,V. Hollow,6,high,5,60,2,3,Mega Fishing Fly,1,
15,V. Hollow,6,high,5,60,2,3,Carpenterbug,1,
5,V. Hollow,6,high,5,60,2,3,King Scarab,1,
5,V. Hollow,6,high,5,60,2,3,Silver Cricket,1,
20,V. Hollow,6,high,6,40,3,4,Godbug,1,
15,V. Hollow,6,high,6,40,3,4,Rare Scarab,1,
15,V. Hollow,6,high,6,40,3,4,Gold Cricket,1,
10,V. Hollow,6,high,6,40,3,4,Thunderbug,1,
10,V. Hollow,6,high,6,40,3,4,Hercudrome,1,
10,V. Hollow,6,high,6,40,3,4,King Scarab,1,
10,V. Hollow,6,high,6,40,3,4,Silver Cricket,1,
5,V. Hollow,6,high,6,40,3,4,Bitterbug,1,
5,V. Hollow,6,high,6,40,3,4,Flashbug,1,
41,V. Hollow,6,high,7,50,2,4,Parashroom,1,
25,V. Hollow,6,high,7,50,2,4,Nitroshroom,1,
18,V. Hollow,6,high,7,50,2,4,Parashroom,2,
10,V. Hollow,6,high,7,50,2,4,Exciteshroom,1,
6,V. Hollow,6,high,7,50,2,4,Parashroom,3,
40,V. Hollow,6,high,8,50,2,4,Nitroshroom,1,
20,V. Hollow,6,high,8,50,2,4,Nitroshroom,2,
18,V. Hollow,6,high,8,50,2,4,Parashroom,1,
15,V. Hollow,6,high,8,50,2,4,Exciteshroom,1,
7,V. Hollow,6,high,8,50,2,4,Nitroshroom,3,
80,V. Hollow,6,g,1,,1,2,Spider Web,1,
10,V. Hollow,6,g,1,,1,2,Spider Web,2,
10,V. Hollow,6,g,1,,1,2,Worm,1,
25,V. Hollow,6,g,2,,4,5,Rare Scarab,1,
20,V. Hollow,6,g,2,,4,5,King Scarab,1,
10,V. Hollow,6,g,2,,4,5,Mega Fishing Fly,2,
10,V. Hollow,6,g,2,,4,5,Carpenterbug,2,
10,V. Hollow,6,g,2,,4,5,Hercudrome,2,
10,V. Hollow,6,g,2,,4,5,Emperor Hopper,1,
10,V. Hollow,6,g,2,,4,5,Silver Cricket,1,
5,V. Hollow,6,g,2,,4,5,Gold Cricket,1,
30,V. Hollow,6,g,3,40,3,5,Latchberry,1,
25,V. Hollow,6,g,3,40,3,5,Nulberry,1,
20,V. Hollow,6,g,3,40,3,5,Dragonfell Berry,1,
15,V. Hollow,6,g,3,40,3,5,Scatternut,1,
10,V. Hollow,6,g,3,40,3,5,Nulberry,2,
25,V. Hollow,6,g,4,60,3,5,Might Seed,1,
20,V. Hollow,6,g,4,60,3,5,Dragonfell Berry,1,
20,V. Hollow,6,g,4,60,3,5,Latchberry,3,
15,V. Hollow,6,g,4,60,3,5,Scatternut,2,
10,V. Hollow,6,g,4,60,3,5,Nulberry,1,
10,V. Hollow,6,g,4,60,3,5,Dragonfell Berry,2,
20,V. Hollow,6,g,5,60,2,3,Thunderbug,2,
20,V. Hollow,6,g,5,60,2,3,Rare Scarab,1,
15,V. Hollow,6,g,5,60,2,3,Mega Fishing Fly,1,
10,V. Hollow,6,g,5,60,2,3,Godbug,2,
10,V. Hollow,6,g,5,60,2,3,Carpenterbug,2,
10,V. Hollow,6,g,5,60,2,3,Hercudrome,2,
10,V. Hollow,6,g,5,60,2,3,King Scarab,1,
5,V. Hollow,6,g,5,60,2,3,Silver Cricket,1,
30,V. Hollow,6,g,6,40,3,4,Emperor Hopper,1,
25,V. Hollow,6,g,6,40,3,4,Rare Scarab,1,
20,V. Hollow,6,g,6,40,3,4,King Scarab,1,
15,V. Hollow,6,g,6,40,3,4,Gold Cricket,1,
10,V. Hollow,6,g,6,40,3,4,Silver Cricket,1,
41,V. Hollow,6,g,7,50,2,4,Parashroom,1,
25,V. Hollow,6,g,7,50,2,4,Nitroshroom,1,
18,V. Hollow,6,g,7,50,2,4,Parashroom,2,
10,V. Hollow,6,g,7,50,2,4,Exciteshroom,1,
6,V. Hollow,6,g,7,50,2,4,Parashroom,3,
40,V. Hollow,6,g,8,50,2,4,Nitroshroom,1,
20,V. Hollow,6,g,8,50,2,4,Nitroshroom,2,
18,V. Hollow,6,g,8,50,2,4,Parashroom,1,
15,V. Hollow,6,g,8,50,2,4,Exciteshroom,1,
7,V. Hollow,6,g,8,50,2,4,Nitroshroom,3,
57,V. Hollow,7,low,1,,3,5,Blue Mushroom,1,
20,V. Hollow,7,low,1,,3,5,Parashroom,1,
15,V. Hollow,7,low,1,,3,5,Nitroshroom,1,
8,V. Hollow,7,low,1,,3,5,Nitroshroom,2,
70,V. Hollow,7,low,2,,4,5,Dung,2,
10,V. Hollow,7,low,2,,4,5,Dung,1,
10,V. Hollow,7,low,2,,4,5,Worm,2,
10,V. Hollow,7,low,2,,4,5,Mega Fishing Fly,1,
25,V. Hollow,7,low,3,,3,5,Carbalite Ore,1,
20,V. Hollow,7,low,3,,3,5,Coal,2,
15,V. Hollow,7,low,3,,3,5,Dragonite Ore,1,
15,V. Hollow,7,low,3,,3,5,Bloodrun Jewel,1,
10,V. Hollow,7,low,3,,3,5,Adv Armor Sphere,1,
5,V. Hollow,7,low,3,,3,5,Lazurite Jewel,1,
5,V. Hollow,7,low,3,,3,5,Armor Sphere+,1,
5,V. Hollow,7,low,3,,3,5,Volatile Coal,1,
30,V. Hollow,7,low,4,,3,4,Mystery Bone,1,
20,V. Hollow,7,low,4,,3,4,Bone Husk,2,
20,V. Hollow,7,low,4,,3,4,Unknown Skull,1,
15,V. Hollow,7,low,4,,3,4,Monster Bone S,1,
15,V. Hollow,7,low,4,,3,4,Fossilized Bone,2,
80,V. Hollow,7,low,5,,1,1,Honey,1,
10,V. Hollow,7,low,5,,1,1,Insect Husk,1,
10,V. Hollow,7,low,5,,1,1,Snakebee Larva,1,
36,V. Hollow,7,low,6,80,3,5,Antidote Herb,1,
25,V. Hollow,7,low,6,80,3,5,Ivy,1,
15,V. Hollow,7,low,6,80,3,5,Herb,1,
12,V. Hollow,7,low,6,80,3,5,Antidote Herb,2,
12,V. Hollow,7,low,6,80,3,5,Gloamgrass Root,1,
30,V. Hollow,7,low,7,20,3,5,Fire Herb,1,
25,V. Hollow,7,low,7,20,3,5,Sap Plant,1,
15,V. Hollow,7,low,7,20,3,5,Spider Web,1,
15,V. Hollow,7,low,7,20,3,5,Gloamgrass Root,1,
10,V. Hollow,7,low,7,20,3,5,Fire Herb,2,
5,V. Hollow,7,low,7,20,3,5,Adamant Seed,1,
57,V. Hollow,7,high,1,,3,5,Blue Mushroom,1,
20,V. Hollow,7,high,1,,3,5,Parashroom,1,
15,V. Hollow,7,high,1,,3,5,Nitroshroom,1,
8,V. Hollow,7,high,1,,3,5,Nitroshroom,2,
70,V. Hollow,7,high,2,,4,5,Dung,2,
10,V. Hollow,7,high,2,,4,5,Dung,1,
10,V. Hollow,7,high,2,,4,5,Worm,2,
10,V. Hollow,7,high,2,,4,5,Mega Fishing Fly,1,
25,V. Hollow,7,high,3,,3,5,Carbalite Ore,1,
20,V. Hollow,7,high,3,,3,5,Coal,2,
15,V. Hollow,7,high,3,,3,5,Dragonite Ore,1,
15,V. Hollow,7,high,3,,3,5,Bloodrun Jewel,1,
10,V. Hollow,7,high,3,,3,5,Adv Armor Sphere,1,
5,V. Hollow,7,high,3,,3,5,Lazurite Jewel,1,
5,V. Hollow,7,high,3,,3,5,Armor Sphere+,1,
5,V. Hollow,7,high,3,,3,5,Volatile Coal,1,
30,V. Hollow,7,high,4,,3,4,Mystery Bone,1,
20,V. Hollow,7,high,4,,3,4,Bone Husk,2,
20,V. Hollow,7,high,4,,3,4,Unknown Skull,1,
15,V. Hollow,7,high,4,,3,4,Monster Bone S,1,
15,V. Hollow,7,high,4,,3,4,Fossilized Bone,2,
80,V. Hollow,7,high,5,,1,1,Honey,1,
10,V. Hollow,7,high,5,,1,1,Insect Husk,1,
10,V. Hollow,7,high,5,,1,1,Snakebee Larva,1,
100,V. Hollow,7,high,6,,2,4,Burned Husk,1,
36,V. Hollow,7,high,7,80,3,5,Antidote Herb,1,
25,V. Hollow,7,high,7,80,3,5,Ivy,1,
15,V. Hollow,7,high,7,80,3,5,Herb,1,
12,V. Hollow,7,high,7,80,3,5,Antidote Herb,2,
12,V. Hollow,7,high,7,80,3,5,Gloamgrass Root,1,
30,V. Hollow,7,high,8,20,3,5,Fire Herb,1,
25,V. Hollow,7,high,8,20,3,5,Sap Plant,1,
15,V. Hollow,7,high,8,20,3,5,Spider Web,1,
15,V. Hollow,7,high,8,20,3,5,Gloamgrass Root,1,
10,V. Hollow,7,high,8,20,3,5,Fire Herb,2,
5,V. Hollow,7,high,8,20,3,5,Adamant Seed,1,
57,V. Hollow,7,g,1,,3,5,Blue Mushroom,1,
20,V. Hollow,7,g,1,,3,5,Parashroom,1,
15,V. Hollow,7,g,1,,3,5,Nitroshroom,1,
8,V. Hollow,7,g,1,,3,5,Nitroshroom,2,
70,V. Hollow,7,g,2,,4,5,Dung,2,
10,V. Hollow,7,g,2,,4,5,Dung,1,
10,V. Hollow,7,g,2,,4,5,Worm,2,
10,V. Hollow,7,g,2,,4,5,Mega Fishing Fly,1,
20,V. Hollow,7,g,3,,3,5,Meldspar Ore,1,
20,V. Hollow,7,g,3,,3,5,Ultimas Crystal,1,
20,V. Hollow,7,g,3,,3,5,Coal,2,
15,V. Hollow,7,g,3,,3,5,Adamant Orb,1,
10,V. Hollow,7,g,3,,3,5,King Armor Sphere,1,
5,V. Hollow,7,g,3,,3,5,Sovereign Orb,1,
5,V. Hollow,7,g,3,,3,5,Heavy Armor Sphere,1,
5,V. Hollow,7,g,3,,3,5,Volatile Coal,1,
20,V. Hollow,7,g,4,,3,4,Unknown Skull,1,
20,V. Hollow,7,g,4,,3,4,Huge Unknown Skull,1,
15,V. Hollow,7,g,4,,3,4,Monster Bone S,1,
15,V. Hollow,7,g,4,,3,4,Mystery Bone,2,
15,V. Hollow,7,g,4,,3,4,Fossilized Bone,2,
10,V. Hollow,7,g,4,,3,4,Dragonbone Relic,1,
5,V. Hollow,7,g,4,,3,4,Monster Bone M,1,
80,V. Hollow,7,g,5,,1,1,Honey,1,
10,V. Hollow,7,g,5,,1,1,Insect Husk,1,
10,V. Hollow,7,g,5,,1,1,Snakebee Larva,1,
100,V. Hollow,7,g,6,,2,4,Burned Husk,1,
36,V. Hollow,7,g,7,80,3,5,Antidote Herb,1,
25,V. Hollow,7,g,7,80,3,5,Ivy,1,
15,V. Hollow,7,g,7,80,3,5,Herb,1,
12,V. Hollow,7,g,7,80,3,5,Antidote Herb,2,
12,V. Hollow,7,g,7,80,3,5,Gloamgrass Root,1,
30,V. Hollow,7,g,8,20,3,5,Fire Herb,1,
25,V. Hollow,7,g,8,20,3,5,Sap Plant,1,
15,V. Hollow,7,g,8,20,3,5,Spider Web,1,
15,V. Hollow,7,g,8,20,3,5,Gloamgrass Root,1,
10,V. Hollow,7,g,8,20,3,5,Fire Herb,2,
5,V. Hollow,7,g,8,20,3,5,Adamant Seed,1,
25,V. Hollow,8,low,1,,3,5,Carbalite Ore,1,
20,V. Hollow,8,low,1,,3,5,Coal,2,
15,V. Hollow,8,low,1,,3,5,Dragonite Ore,1,
15,V. Hollow,8,low,1,,3,5,Bloodrun Jewel,1,
10,V. Hollow,8,low,1,,3,5,Adv Armor Sphere,1,
5,V. Hollow,8,low,1,,3,5,Lazurite Jewel,1,
5,V. Hollow,8,low,1,,3,5,Armor Sphere+,1,
5,V. Hollow,8,low,1,,3,5,Volatile Coal,1,
20,V. Hollow,8,low,2,,3,5,Carbalite Ore,1,
15,V. Hollow,8,low,2,,3,5,Coal,2,
10,V. Hollow,8,low,2,,3,5,Machalite Ore,2,
10,V. Hollow,8,low,2,,3,5,Firestone,1,
10,V. Hollow,8,low,2,,3,5,Fucium Ore,1,
10,V. Hollow,8,low,2,,3,5,Adv Armor Sphere,1,
10,V. Hollow,8,low,2,,3,5,Shining Charm,1,
5,V. Hollow,8,low,2,,3,5,Armor Sphere+,1,
5,V. Hollow,8,low,2,,3,5,Hard Armor Sphere,1,
5,V. Hollow,8,low,2,,3,5,Mystery Charm,1,
25,V. Hollow,8,low,3,,3,5,Carbalite Ore,1,
20,V. Hollow,8,low,3,,3,5,Coal,2,
15,V. Hollow,8,low,3,,3,5,Dragonite Ore,1,
15,V. Hollow,8,low,3,,3,5,Bloodrun Jewel,1,
10,V. Hollow,8,low,3,,3,5,Adv Armor Sphere,1,
5,V. Hollow,8,low,3,,3,5,Lazurite Jewel,1,
5,V. Hollow,8,low,3,,3,5,Armor Sphere+,1,
5,V. Hollow,8,low,3,,3,5,Volatile Coal,1,
20,V. Hollow,8,low,4,60,3,5,Bloodrun Jewel,1,
15,V. Hollow,8,low,4,60,3,5,Machalite Ore,2,
15,V. Hollow,8,low,4,60,3,5,Firestone,1,
15,V. Hollow,8,low,4,60,3,5,Carbalite Ore,1,
10,V. Hollow,8,low,4,60,3,5,Fucium Ore,1,
10,V. Hollow,8,low,4,60,3,5,Mystery Charm,1,
10,V. Hollow,8,low,4,60,3,5,Shining Charm,1,
5,V. Hollow,8,low,4,60,3,5,Coal,2,
15,V. Hollow,8,low,5,40,3,5,Fucium Ore,1,
15,V. Hollow,8,low,5,40,3,5,Firecell Stone,1,
15,V. Hollow,8,low,5,40,3,5,Timeworn Charm,1,
10,V. Hollow,8,low,5,40,3,5,Carbalite Ore,1,
10,V. Hollow,8,low,5,40,3,5,Bloodrun Jewel,1,
10,V. Hollow,8,low,5,40,3,5,Lazurite Jewel,1,
10,V. Hollow,8,low,5,40,3,5,Shining Charm,1,
10,V. Hollow,8,low,5,40,3,5,Volatile Coal,2,
5,V. Hollow,8,low,5,40,3,5,Coal,3,
41,V. Hollow,8,low,6,20,3,4,Parashroom,1,
25,V. Hollow,8,low,6,20,3,4,Nitroshroom,1,
18,V. Hollow,8,low,6,20,3,4,Parashroom,2,
10,V. Hollow,8,low,6,20,3,4,Exciteshroom,1,
6,V. Hollow,8,low,6,20,3,4,Parashroom,3,
40,V. Hollow,8,low,7,80,3,4,Nitroshroom,1,
20,V. Hollow,8,low,7,80,3,4,Nitroshroom,2,
18,V. Hollow,8,low,7,80,3,4,Parashroom,1,
15,V. Hollow,8,low,7,80,3,4,Exciteshroom,1,
7,V. Hollow,8,low,7,80,3,4,Nitroshroom,3,
25,V. Hollow,8,high,1,,3,5,Carbalite Ore,1,
20,V. Hollow,8,high,1,,3,5,Coal,2,
15,V. Hollow,8,high,1,,3,5,Dragonite Ore,1,
15,V. Hollow,8,high,1,,3,5,Bloodrun Jewel,1,
10,V. Hollow,8,high,1,,3,5,Adv Armor Sphere,1,
5,V. Hollow,8,high,1,,3,5,Lazurite Jewel,1,
5,V. Hollow,8,high,1,,3,5,Armor Sphere+,1,
5,V. Hollow,8,high,1,,3,5,Volatile Coal,1,
20,V. Hollow,8,high,2,,3,5,Carbalite Ore,1,
15,V. Hollow,8,high,2,,3,5,Coal,2,
10,V. Hollow,8,high,2,,3,5,Machalite Ore,2,
10,V. Hollow,8,high,2,,3,5,Firestone,1,
10,V. Hollow,8,high,2,,3,5,Fucium Ore,1,
10,V. Hollow,8,high,2,,3,5,Adv Armor Sphere,1,
10,V. Hollow,8,high,2,,3,5,Shining Charm,1,
5,V. Hollow,8,high,2,,3,5,Armor Sphere+,1,
5,V. Hollow,8,high,2,,3,5,Hard Armor Sphere,1,
5,V. Hollow,8,high,2,,3,5,Mystery Charm,1,
25,V. Hollow,8,high,3,,3,5,Carbalite Ore,1,
20,V. Hollow,8,high,3,,3,5,Coal,2,
15,V. Hollow,8,high,3,,3,5,Dragonite Ore,1,
15,V. Hollow,8,high,3,,3,5,Bloodrun Jewel,1,
10,V. Hollow,8,high,3,,3,5,Adv Armor Sphere,1,
5,V. Hollow,8,high,3,,3,5,Lazurite Jewel,1,
5,V. Hollow,8,high,3,,3,5,Armor Sphere+,1,
5,V. Hollow,8,high,3,,3,5,Volatile Coal,1,
20,V. Hollow,8,high,4,60,3,5,Bloodrun Jewel,1,
15,V. Hollow,8,high,4,60,3,5,Machalite Ore,2,
15,V. Hollow,8,high,4,60,3,5,Firestone,1,
15,V. Hollow,8,high,4,60,3,5,Carbalite Ore,1,
10,V. Hollow,8,high,4,60,3,5,Fucium Ore,1,
10,V. Hollow,8,high,4,60,3,5,Mystery Charm,1,
10,V. Hollow,8,high,4,60,3,5,Shining Charm,1,
5,V. Hollow,8,high,4,60,3,5,Coal,2,
15,V. Hollow,8,high,5,40,3,5,Fucium Ore,1,
15,V. Hollow,8,high,5,40,3,5,Firecell Stone,1,
15,V. Hollow,8,high,5,40,3,5,Timeworn Charm,1,
10,V. Hollow,8,high,5,40,3,5,Carbalite Ore,1,
10,V. Hollow,8,high,5,40,3,5,Bloodrun Jewel,1,
10,V. Hollow,8,high,5,40,3,5,Lazurite Jewel,1,
10,V. Hollow,8,high,5,40,3,5,Shining Charm,1,
10,V. Hollow,8,high,5,40,3,5,Volatile Coal,2,
5,V. Hollow,8,high,5,40,3,5,Coal,3,
41,V. Hollow,8,high,6,20,3,4,Parashroom,1,
25,V. Hollow,8,high,6,20,3,4,Nitroshroom,1,
18,V. Hollow,8,high,6,20,3,4,Parashroom,2,
10,V. Hollow,8,high,6,20,3,4,Exciteshroom,1,
6,V. Hollow,8,high,6,20,3,4,Parashroom,3,
40,V. Hollow,8,high,7,80,3,4,Nitroshroom,1,
20,V. Hollow,8,high,7,80,3,4,Nitroshroom,2,
18,V. Hollow,8,high,7,80,3,4,Parashroom,1,
15,V. Hollow,8,high,7,80,3,4,Exciteshroom,1,
7,V. Hollow,8,high,7,80,3,4,Nitroshroom,3,
20,V. Hollow,8,g,1,,3,5,Meldspar Ore,1,
20,V. Hollow,8,g,1,,3,5,Ultimas Crystal,1,
20,V. Hollow,8,g,1,,3,5,Coal,2,
15,V. Hollow,8,g,1,,3,5,Adamant Orb,1,
10,V. Hollow,8,g,1,,3,5,King Armor Sphere,1,
5,V. Hollow,8,g,1,,3,5,Sovereign Orb,1,
5,V. Hollow,8,g,1,,3,5,Heavy Armor Sphere,1,
5,V. Hollow,8,g,1,,3,5,Volatile Coal,1,
20,V. Hollow,8,g,2,,3,5,Eltalite Ore,1,
15,V. Hollow,8,g,2,,3,5,Coal,2,
10,V. Hollow,8,g,2,,3,5,Meldspar Ore,1,
10,V. Hollow,8,g,2,,3,5,Fucium Ore,1,
10,V. Hollow,8,g,2,,3,5,Ultimas Crystal,1,
10,V. Hollow,8,g,2,,3,5,King Armor Sphere,1,
10,V. Hollow,8,g,2,,3,5,Timeworn Charm,1,
5,V. Hollow,8,g,2,,3,5,Heavy Armor Sphere,1,
5,V. Hollow,8,g,2,,3,5,True Armor Sphere,1,
5,V. Hollow,8,g,2,,3,5,Shining Charm,2,
20,V. Hollow,8,g,3,,3,5,Meldspar Ore,1,
20,V. Hollow,8,g,3,,3,5,Ultimas Crystal,1,
20,V. Hollow,8,g,3,,3,5,Coal,2,
15,V. Hollow,8,g,3,,3,5,Adamant Orb,1,
10,V. Hollow,8,g,3,,3,5,King Armor Sphere,1,
5,V. Hollow,8,g,3,,3,5,Sovereign Orb,1,
5,V. Hollow,8,g,3,,3,5,Heavy Armor Sphere,1,
5,V. Hollow,8,g,3,,3,5,Volatile Coal,1,
20,V. Hollow,8,g,4,60,3,5,Firecell Stone,1,
15,V. Hollow,8,g,4,60,3,5,Adamant Orb,1,
10,V. Hollow,8,g,4,60,3,5,Eltalite Ore,1,
10,V. Hollow,8,g,4,60,3,5,Meldspar Ore,1,
10,V. Hollow,8,g,4,60,3,5,Fucium Ore,1,
10,V. Hollow,8,g,4,60,3,5,Ultimas Crystal,1,
10,V. Hollow,8,g,4,60,3,5,Shining Charm,2,
10,V. Hollow,8,g,4,60,3,5,Timeworn Charm,1,
5,V. Hollow,8,g,4,60,3,5,Coal,2,
20,V. Hollow,8,g,5,40,3,5,Allfire Stone,1,
15,V. Hollow,8,g,5,40,3,5,Ultimas Crystal,1,
15,V. Hollow,8,g,5,40,3,5,Enduring Charm,1,
10,V. Hollow,8,g,5,40,3,5,Adamant Orb,1,
10,V. Hollow,8,g,5,40,3,5,Sovereign Orb,1,
10,V. Hollow,8,g,5,40,3,5,Volatile Coal,2,
5,V. Hollow,8,g,5,40,3,5,Meldspar Ore,1,
5,V. Hollow,8,g,5,40,3,5,Fucium Ore,1,
5,V. Hollow,8,g,5,40,3,5,Timeworn Charm,1,
5,V. Hollow,8,g,5,40,3,5,Coal,3,
41,V. Hollow,8,g,6,20,3,4,Parashroom,1,
25,V. Hollow,8,g,6,20,3,4,Nitroshroom,1,
18,V. Hollow,8,g,6,20,3,4,Parashroom,2,
10,V. Hollow,8,g,6,20,3,4,Exciteshroom,1,
6,V. Hollow,8,g,6,20,3,4,Parashroom,3,
40,V. Hollow,8,g,7,80,3,4,Nitroshroom,1,
20,V. Hollow,8,g,7,80,3,4,Nitroshroom,2,
18,V. Hollow,8,g,7,80,3,4,Parashroom,1,
15,V. Hollow,8,g,7,80,3,4,Exciteshroom,1,
7,V. Hollow,8,g,7,80,3,4,Nitroshroom,3,
30,V. Hollow,9,low,1,,2,4,Mystery Bone,1,
20,V. Hollow,9,low,1,,2,4,Bone Husk,2,
20,V. Hollow,9,low,1,,2,4,Unknown Skull,1,
15,V. Hollow,9,low,1,,2,4,Monster Bone S,1,
15,V. Hollow,9,low,1,,2,4,Fossilized Bone,2,
20,V. Hollow,9,low,2,,3,5,Carbalite Ore,1,
15,V. Hollow,9,low,2,,3,5,Coal,2,
10,V. Hollow,9,low,2,,3,5,Machalite Ore,2,
10,V. Hollow,9,low,2,,3,5,Firestone,1,
10,V. Hollow,9,low,2,,3,5,Fucium Ore,1,
10,V. Hollow,9,low,2,,3,5,Adv Armor Sphere,1,
10,V. Hollow,9,low,2,,3,5,Shining Charm,1,
5,V. Hollow,9,low,2,,3,5,Armor Sphere+,1,
5,V. Hollow,9,low,2,,3,5,Hard Armor Sphere,1,
5,V. Hollow,9,low,2,,3,5,Mystery Charm,1,
20,V. Hollow,9,low,3,,3,5,Coal,2,
15,V. Hollow,9,low,3,,3,5,Firestone,1,
15,V. Hollow,9,low,3,,3,5,Carbalite Ore,1,
15,V. Hollow,9,low,3,,3,5,Firecell Stone,1,
12,V. Hollow,9,low,3,,3,5,Timeworn Charm,1,
10,V. Hollow,9,low,3,,3,5,Shining Charm,1,
8,V. Hollow,9,low,3,,3,5,Rustshard,1,
5,V. Hollow,9,low,3,,3,5,Ancient Shard,1,
93,V. Hollow,9,low,4,,,,Powderstone,1,∞
7,V. Hollow,9,low,4,,,,Stone,1,∞
25,V. Hollow,9,low,5,,2,3,Shining Charm,1,
20,V. Hollow,9,low,5,,2,3,Fucium Ore,1,
20,V. Hollow,9,low,5,,2,3,Firecell Stone,1,
15,V. Hollow,9,low,5,,2,3,Carbalite Ore,1,
15,V. Hollow,9,low,5,,2,3,Timeworn Charm,1,
5,V. Hollow,9,low,5,,2,3,Rustshard,1,
35,V. Hollow,9,low,6,,2,3,Timeworn Charm,1,
30,V. Hollow,9,low,6,,2,3,Firecell Stone,1,
20,V. Hollow,9,low,6,,2,3,Rustshard,1,
15,V. Hollow,9,low,6,,2,3,Ancient Shard,1,
40,V. Hollow,9,low,7,,2,3,Hercudrome,1,
30,V. Hollow,9,low,7,,2,3,Rare Scarab,1,
20,V. Hollow,9,low,7,,2,3,Godbug,1,
10,V. Hollow,9,low,7,,2,3,Thunderbug,1,
20,V. Hollow,9,low,8,60,3,5,Firestone,1,
15,V. Hollow,9,low,8,60,3,5,Dragonite Ore,1,
15,V. Hollow,9,low,8,60,3,5,Carbalite Ore,1,
10,V. Hollow,9,low,8,60,3,5,Adv Armor Sphere,1,
10,V. Hollow,9,low,8,60,3,5,Hard Armor Sphere,1,
10,V. Hollow,9,low,8,60,3,5,Shining Charm,1,
10,V. Hollow,9,low,8,60,3,5,Coal,2,
5,V. Hollow,9,low,8,60,3,5,Fucium Ore,1,
5,V. Hollow,9,low,8,60,3,5,Armor Sphere+,1,
15,V. Hollow,9,low,9,40,3,5,Fucium Ore,1,
10,V. Hollow,9,low,9,40,3,5,Carbalite Ore,2,
10,V. Hollow,9,low,9,40,3,5,Firecell Stone,1,
10,V. Hollow,9,low,9,40,3,5,Adv Armor Sphere,1,
10,V. Hollow,9,low,9,40,3,5,Hard Armor Sphere,1,
10,V. Hollow,9,low,9,40,3,5,Timeworn Charm,1,
10,V. Hollow,9,low,9,40,3,5,Coal,3,
10,V. Hollow,9,low,9,40,3,5,Volatile Coal,2,
5,V. Hollow,9,low,9,40,3,5,Carbalite Ore,1,
5,V. Hollow,9,low,9,40,3,5,Armor Sphere+,1,
5,V. Hollow,9,low,9,40,3,5,Shining Charm,1,
30,V. Hollow,9,low,10,70,2,4,Fire Herb,1,
25,V. Hollow,9,low,10,70,2,4,Sap Plant,1,
15,V. Hollow,9,low,10,70,2,4,Spider Web,1,
15,V. Hollow,9,low,10,70,2,4,Gloamgrass Root,1,
10,V. Hollow,9,low,10,70,2,4,Fire Herb,2,
5,V. Hollow,9,low,10,70,2,4,Adamant Seed,1,
30,V. Hollow,9,low,11,30,3,5,Fire Herb,1,
25,V. Hollow,9,low,11,30,3,5,Sap Plant,1,
15,V. Hollow,9,low,11,30,3,5,Spider Web,1,
15,V. Hollow,9,low,11,30,3,5,Gloamgrass Root,1,
10,V. Hollow,9,low,11,30,3,5,Fire Herb,2,
5,V. Hollow,9,low,11,30,3,5,Adamant Seed,1,
30,V. Hollow,9,high,1,,2,4,Mystery Bone,1,
20,V. Hollow,9,high,1,,2,4,Bone Husk,2,
20,V. Hollow,9,high,1,,2,4,Unknown Skull,1,
15,V. Hollow,9,high,1,,2,4,Monster Bone S,1,
15,V. Hollow,9,high,1,,2,4,Fossilized Bone,2,
20,V. Hollow,9,high,2,,3,5,Carbalite Ore,1,
15,V. Hollow,9,high,2,,3,5,Coal,2,
10,V. Hollow,9,high,2,,3,5,Machalite Ore,2,
10,V. Hollow,9,high,2,,3,5,Firestone,1,
10,V. Hollow,9,high,2,,3,5,Fucium Ore,1,
10,V. Hollow,9,high,2,,3,5,Adv Armor Sphere,1,
10,V. Hollow,9,high,2,,3,5,Shining Charm,1,
5,V. Hollow,9,high,2,,3,5,Armor Sphere+,1,
5,V. Hollow,9,high,2,,3,5,Hard Armor Sphere,1,
5,V. Hollow,9,high,2,,3,5,Mystery Charm,1,
20,V. Hollow,9,high,3,,3,5,Coal,2,
15,V. Hollow,9,high,3,,3,5,Firestone,1,
15,V. Hollow,9,high,3,,3,5,Carbalite Ore,1,
15,V. Hollow,9,high,3,,3,5,Firecell Stone,1,
12,V. Hollow,9,high,3,,3,5,Timeworn Charm,1,
10,V. Hollow,9,high,3,,3,5,Shining Charm,1,
8,V. Hollow,9,high,3,,3,5,Rustshard,1,
5,V. Hollow,9,high,3,,3,5,Ancient Shard,1,
93,V. Hollow,9,high,4,,,,Powderstone,1,∞
7,V. Hollow,9,high,4,,,,Stone,1,∞
25,V. Hollow,9,high,5,,2,3,Shining Charm,1,
20,V. Hollow,9,high,5,,2,3,Fucium Ore,1,
20,V. Hollow,9,high,5,,2,3,Firecell Stone,1,
15,V. Hollow,9,high,5,,2,3,Carbalite Ore,1,
15,V. Hollow,9,high,5,,2,3,Timeworn Charm,1,
5,V. Hollow,9,high,5,,2,3,Rustshard,1,
35,V. Hollow,9,high,6,,2,3,Timeworn Charm,1,
30,V. Hollow,9,high,6,,2,3,Firecell Stone,1,
20,V. Hollow,9,high,6,,2,3,Rustshard,1,
15,V. Hollow,9,high,6,,2,3,Ancient Shard,1,
40,V. Hollow,9,high,7,,2,3,Hercudrome,1,
30,V. Hollow,9,high,7,,2,3,Rare Scarab,1,
20,V. Hollow,9,high,7,,2,3,Godbug,1,
10,V. Hollow,9,high,7,,2,3,Thunderbug,1,
20,V. Hollow,9,high,8,60,3,5,Firestone,1,
15,V. Hollow,9,high,8,60,3,5,Dragonite Ore,1,
15,V. Hollow,9,high,8,60,3,5,Carbalite Ore,1,
10,V. Hollow,9,high,8,60,3,5,Adv Armor Sphere,1,
10,V. Hollow,9,high,8,60,3,5,Hard Armor Sphere,1,
10,V. Hollow,9,high,8,60,3,5,Shining Charm,1,
10,V. Hollow,9,high,8,60,3,5,Coal,2,
5,V. Hollow,9,high,8,60,3,5,Fucium Ore,1,
5,V. Hollow,9,high,8,60,3,5,Armor Sphere+,1,
15,V. Hollow,9,high,9,40,3,5,Fucium Ore,1,
10,V. Hollow,9,high,9,40,3,5,Carbalite Ore,2,
10,V. Hollow,9,high,9,40,3,5,Firecell Stone,1,
10,V. Hollow,9,high,9,40,3,5,Adv Armor Sphere,1,
10,V. Hollow,9,high,9,40,3,5,Hard Armor Sphere,1,
10,V. Hollow,9,high,9,40,3,5,Timeworn Charm,1,
10,V. Hollow,9,high,9,40,3,5,Coal,3,
10,V. Hollow,9,high,9,40,3,5,Volatile Coal,2,
5,V. Hollow,9,high,9,40,3,5,Carbalite Ore,1,
5,V. Hollow,9,high,9,40,3,5,Armor Sphere+,1,
5,V. Hollow,9,high,9,40,3,5,Shining Charm,1,
30,V. Hollow,9,high,10,70,2,4,Fire Herb,1,
25,V. Hollow,9,high,10,70,2,4,Sap Plant,1,
15,V. Hollow,9,high,10,70,2,4,Spider Web,1,
15,V. Hollow,9,high,10,70,2,4,Gloamgrass Root,1,
10,V. Hollow,9,high,10,70,2,4,Fire Herb,2,
5,V. Hollow,9,high,10,70,2,4,Adamant Seed,1,
30,V. Hollow,9,high,11,30,3,5,Fire Herb,1,
25,V. Hollow,9,high,11,30,3,5,Sap Plant,1,
15,V. Hollow,9,high,11,30,3,5,Spider Web,1,
15,V. Hollow,9,high,11,30,3,5,Gloamgrass Root,1,
10,V. Hollow,9,high,11,30,3,5,Fire Herb,2,
5,V. Hollow,9,high,11,30,3,5,Adamant Seed,1,
20,V. Hollow,9,g,1,,2,4,Unknown Skull,1,
20,V. Hollow,9,g,1,,2,4,Huge Unknown Skull,1,
15,V. Hollow,9,g,1,,2,4,Monster Bone S,1,
15,V. Hollow,9,g,1,,2,4,Mystery Bone,2,
15,V. Hollow,9,g,1,,2,4,Fossilized Bone,2,
10,V. Hollow,9,g,1,,2,4,Dragonbone Relic,1,
5,V. Hollow,9,g,1,,2,4,Monster Bone M,1,
20,V. Hollow,9,g,2,,3,5,Eltalite Ore,1,
15,V. Hollow,9,g,2,,3,5,Coal,2,
10,V. Hollow,9,g,2,,3,5,Meldspar Ore,1,
10,V. Hollow,9,g,2,,3,5,Fucium Ore,1,
10,V. Hollow,9,g,2,,3,5,Ultimas Crystal,1,
10,V. Hollow,9,g,2,,3,5,King Armor Sphere,1,
10,V. Hollow,9,g,2,,3,5,Timeworn Charm,1,
5,V. Hollow,9,g,2,,3,5,Heavy Armor Sphere,1,
5,V. Hollow,9,g,2,,3,5,True Armor Sphere,1,
5,V. Hollow,9,g,2,,3,5,Shining Charm,2,
20,V. Hollow,9,g,3,,3,5,Firecell Stone,1,
20,V. Hollow,9,g,3,,3,5,Coal,2,
15,V. Hollow,9,g,3,,3,5,Allfire Stone,1,
15,V. Hollow,9,g,3,,3,5,Enduring Charm,1,
10,V. Hollow,9,g,3,,3,5,Eltalite Ore,1,
10,V. Hollow,9,g,3,,3,5,Timeworn Charm,1,
5,V. Hollow,9,g,3,,3,5,Firestone,2,
5,V. Hollow,9,g,3,,3,5,Ancient Shard,1,
93,V. Hollow,9,g,4,,,,Powderstone,1,∞
7,V. Hollow,9,g,4,,,,Stone,1,∞
20,V. Hollow,9,g,5,,2,3,Allfire Stone,1,
20,V. Hollow,9,g,5,,2,3,Firecell Stone,1,
20,V. Hollow,9,g,5,,2,3,Ultimas Crystal,1,
15,V. Hollow,9,g,5,,2,3,Timeworn Charm,1,
15,V. Hollow,9,g,5,,2,3,Enduring Charm,1,
10,V. Hollow,9,g,5,,2,3,Fucium Ore,1,
35,V. Hollow,9,g,6,,2,3,Enduring Charm,1,
30,V. Hollow,9,g,6,,2,3,Firecell Stone,1,
20,V. Hollow,9,g,6,,2,3,Allfire Stone,1,
15,V. Hollow,9,g,6,,2,3,Ancient Shard,1,
35,V. Hollow,9,g,7,,2,3,King Scarab,1,
35,V. Hollow,9,g,7,,2,3,Rare Scarab,1,
30,V. Hollow,9,g,7,,2,3,Emperor Hopper,1,
25,V. Hollow,9,g,8,60,3,5,Firecell Stone,1,
15,V. Hollow,9,g,8,60,3,5,Meldspar Ore,1,
10,V. Hollow,9,g,8,60,3,5,Eltalite Ore,1,
10,V. Hollow,9,g,8,60,3,5,Ultimas Crystal,1,
10,V. Hollow,9,g,8,60,3,5,King Armor Sphere,1,
10,V. Hollow,9,g,8,60,3,5,Timeworn Charm,1,
10,V. Hollow,9,g,8,60,3,5,Coal,2,
5,V. Hollow,9,g,8,60,3,5,Fucium Ore,1,
5,V. Hollow,9,g,8,60,3,5,Heavy Armor Sphere,1,
20,V. Hollow,9,g,9,40,3,5,Allfire Stone,1,
15,V. Hollow,9,g,9,40,3,5,Ultimas Crystal,1,
15,V. Hollow,9,g,9,40,3,5,King Armor Sphere,1,
10,V. Hollow,9,g,9,40,3,5,Heavy Armor Sphere,1,
10,V. Hollow,9,g,9,40,3,5,Enduring Charm,1,
10,V. Hollow,9,g,9,40,3,5,Coal,3,
10,V. Hollow,9,g,9,40,3,5,Volatile Coal,2,
5,V. Hollow,9,g,9,40,3,5,Fucium Ore,1,
5,V. Hollow,9,g,9,40,3,5,Timeworn Charm,1,
30,V. Hollow,9,g,10,70,2,4,Fire Herb,1,
25,V. Hollow,9,g,10,70,2,4,Sap Plant,1,
15,V. Hollow,9,g,10,70,2,4,Spider Web,1,
15,V. Hollow,9,g,10,70,2,4,Gloamgrass Root,1,
10,V. Hollow,9,g,10,70,2,4,Fire Herb,2,
5,V. Hollow,9,g,10,70,2,4,Adamant Seed,1,
30,V. Hollow,9,g,11,30,3,5,Fire Herb,1,
25,V. Hollow,9,g,11,30,3,5,Sap Plant,1,
15,V. Hollow,9,g,11,30,3,5,Spider Web,1,
15,V. Hollow,9,g,11,30,3,5,Gloamgrass Root,1,
10,V. Hollow,9,g,11,30,3,5,Fire Herb,2,
5,V. Hollow,9,g,11,30,3,5,Adamant Seed,1,
90,V. Hollow,10,low,1,,5,7,Whetstone,1,
10,V. Hollow,10,low,1,,5,7,Stone,3,
50,V. Hollow,10,low,2,,3,5,Lagniapple,1,
25,V. Hollow,10,low,2,,3,5,Big Lagniapple,1,
20,V. Hollow,10,low,2,,3,5,Nulberry,1,
5,V. Hollow,10,low,2,,3,5,Scatternut,1,
90,V. Hollow,10,high,1,,5,7,Whetstone,1,
10,V. Hollow,10,high,1,,5,7,Stone,3,
50,V. Hollow,10,high,2,,3,5,Lagniapple,1,
25,V. Hollow,10,high,2,,3,5,Big Lagniapple,1,
20,V. Hollow,10,high,2,,3,5,Nulberry,1,
5,V. Hollow,10,high,2,,3,5,Scatternut,1,
90,V. Hollow,10,g,1,,5,7,Whetstone,1,
10,V. Hollow,10,g,1,,5,7,Stone,3,
50,V. Hollow,10,g,2,,3,5,Big Lagniapple,1,
25,V. Hollow,10,g,2,,3,5,Huge Lagniapple,1,
20,V. Hollow,10,g,2,,3,5,Nulberry,1,
5,V. Hollow,10,g,2,,3,5,Scatternut,1,
52,Primal Forest,1,low,1,,2,4,Hot Pepper,1,
17,Primal Forest,1,low,1,,2,4,Ivy,1,
13,Primal Forest,1,low,1,,2,4,Sap Plant,1,
12,Primal Forest,1,low,1,,2,4,Hot Pepper,2,
6,Primal Forest,1,low,1,,2,4,Felvine,1,
40,Primal Forest,1,low,2,,3,5,Antidote Herb,1,
35,Primal Forest,1,low,2,,3,5,Ivy,1,
25,Primal Forest,1,low,2,,3,5,Herb,1,
30,Primal Forest,1,low,3,,4,6,Huskberry,2,
20,Primal Forest,1,low,3,,4,6,Paintberry,1,
20,Primal Forest,1,low,3,,4,6,Needleberry,2,
15,Primal Forest,1,low,3,,4,6,Huskberry,3,
15,Primal Forest,1,low,3,,4,6,Needleberry,3,
85,Primal Forest,1,low,4,,1,1,Honey,1,
10,Primal Forest,1,low,4,,1,1,Snakebee Larva,1,
5,Primal Forest,1,low,4,,1,1,Insect Husk,1,
90,Primal Forest,1,low,5,70,3,4,Honey,1,
10,Primal Forest,1,low,5,70,3,4,Snakebee Larva,1,
90,Primal Forest,1,low,6,30,4,5,Honey,1,
10,Primal Forest,1,low,6,30,4,5,Snakebee Larva,1,
30,Primal Forest,1,low,7,40,3,5,Might Seed,1,
30,Primal Forest,1,low,7,40,3,5,Bomberry,2,
25,Primal Forest,1,low,7,40,3,5,Scatternut,2,
15,Primal Forest,1,low,7,40,3,5,Nulberry,1,
25,Primal Forest,1,low,8,60,3,5,Bomberry,1,
20,Primal Forest,1,low,8,60,3,5,Huskberry,2,
20,Primal Forest,1,low,8,60,3,5,Paintberry,2,
20,Primal Forest,1,low,8,60,3,5,Scatternut,1,
15,Primal Forest,1,low,8,60,3,5,Needleberry,2,
52,Primal Forest,1,high,1,,2,4,Hot Pepper,1,
17,Primal Forest,1,high,1,,2,4,Ivy,1,
13,Primal Forest,1,high,1,,2,4,Sap Plant,1,
12,Primal Forest,1,high,1,,2,4,Hot Pepper,2,
6,Primal Forest,1,high,1,,2,4,Felvine,1,
40,Primal Forest,1,high,2,,3,5,Antidote Herb,1,
35,Primal Forest,1,high,2,,3,5,Ivy,1,
25,Primal Forest,1,high,2,,3,5,Herb,1,
30,Primal Forest,1,high,3,,4,6,Huskberry,2,
20,Primal Forest,1,high,3,,4,6,Paintberry,1,
20,Primal Forest,1,high,3,,4,6,Needleberry,2,
15,Primal Forest,1,high,3,,4,6,Huskberry,3,
15,Primal Forest,1,high,3,,4,6,Needleberry,3,
85,Primal Forest,1,high,4,,1,1,Honey,1,
10,Primal Forest,1,high,4,,1,1,Snakebee Larva,1,
5,Primal Forest,1,high,4,,1,1,Insect Husk,1,
100,Primal Forest,1,high,5,,2,3,Burned Husk,1,
90,Primal Forest,1,high,6,70,3,4,Honey,1,
10,Primal Forest,1,high,6,70,3,4,Snakebee Larva,1,
90,Primal Forest,1,high,7,30,4,5,Honey,1,
10,Primal Forest,1,high,7,30,4,5,Snakebee Larva,1,
30,Primal Forest,1,high,8,40,3,5,Might Seed,1,
30,Primal Forest,1,high,8,40,3,5,Bomberry,2,
25,Primal Forest,1,high,8,40,3,5,Scatternut,2,
15,Primal Forest,1,high,8,40,3,5,Nulberry,1,
25,Primal Forest,1,high,9,60,3,5,Bomberry,1,
20,Primal Forest,1,high,9,60,3,5,Huskberry,2,
20,Primal Forest,1,high,9,60,3,5,Paintberry,2,
20,Primal Forest,1,high,9,60,3,5,Scatternut,1,
15,Primal Forest,1,high,9,60,3,5,Needleberry,2,
52,Primal Forest,1,g,1,,2,4,Hot Pepper,1,
17,Primal Forest,1,g,1,,2,4,Ivy,1,
13,Primal Forest,1,g,1,,2,4,Sap Plant,1,
12,Primal Forest,1,g,1,,2,4,Hot Pepper,2,
6,Primal Forest,1,g,1,,2,4,Felvine,1,
40,Primal Forest,1,g,2,,3,5,Antidote Herb,1,
35,Primal Forest,1,g,2,,3,5,Ivy,1,
25,Primal Forest,1,g,2,,3,5,Herb,1,
30,Primal Forest,1,g,3,,4,6,Huskberry,2,
20,Primal Forest,1,g,3,,4,6,Paintberry,1,
20,Primal Forest,1,g,3,,4,6,Needleberry,2,
15,Primal Forest,1,g,3,,4,6,Huskberry,3,
15,Primal Forest,1,g,3,,4,6,Needleberry,3,
85,Primal Forest,1,g,4,,1,1,Honey,1,
10,Primal Forest,1,g,4,,1,1,Snakebee Larva,1,
5,Primal Forest,1,g,4,,1,1,Insect Husk,1,
100,Primal Forest,1,g,5,,2,3,Burned Husk,1,
90,Primal Forest,1,g,6,70,3,4,Honey,1,
10,Primal Forest,1,g,6,70,3,4,Snakebee Larva,1,
90,Primal Forest,1,g,7,30,4,5,Honey,1,
10,Primal Forest,1,g,7,30,4,5,Snakebee Larva,1,
30,Primal Forest,1,g,8,40,3,5,Might Seed,1,
30,Primal Forest,1,g,8,40,3,5,Bomberry,2,
25,Primal Forest,1,g,8,40,3,5,Scatternut,2,
15,Primal Forest,1,g,8,40,3,5,Nulberry,1,
25,Primal Forest,1,g,9,60,3,5,Bomberry,1,
20,Primal Forest,1,g,9,60,3,5,Huskberry,2,
20,Primal Forest,1,g,9,60,3,5,Paintberry,2,
20,Primal Forest,1,g,9,60,3,5,Scatternut,1,
15,Primal Forest,1,g,9,60,3,5,Needleberry,2,
52,Primal Forest,2,low,1,,2,4,Hot Pepper,1,
17,Primal Forest,2,low,1,,2,4,Ivy,1,
13,Primal Forest,2,low,1,,2,4,Sap Plant,1,
12,Primal Forest,2,low,1,,2,4,Hot Pepper,2,
6,Primal Forest,2,low,1,,2,4,Felvine,1,
85,Primal Forest,2,low,2,,4,6,Honey,1,
10,Primal Forest,2,low,2,,4,6,Snakebee Larva,1,
5,Primal Forest,2,low,2,,4,6,Insect Husk,1,
25,Primal Forest,2,low,3,,4,5,Flashbug,1,
20,Primal Forest,2,low,3,,4,5,Thunderbug,1,
20,Primal Forest,2,low,3,,4,5,Stinkhopper,1,
15,Primal Forest,2,low,3,,4,5,Carpenterbug,1,
10,Primal Forest,2,low,3,,4,5,Bitterbug,1,
10,Primal Forest,2,low,3,,4,5,King Scarab,1,
85,Primal Forest,2,low,4,,3,5,Blue Mushroom,1,
10,Primal Forest,2,low,4,,3,5,Mopeshroom,1,
5,Primal Forest,2,low,4,,3,5,Insect Husk,1,
65,Primal Forest,2,low,5,60,3,4,Mopeshroom,1,
25,Primal Forest,2,low,5,60,3,4,Parashroom,1,
10,Primal Forest,2,low,5,60,3,4,Insect Husk,1,
68,Primal Forest,2,low,6,40,3,4,Parashroom,1,
22,Primal Forest,2,low,6,40,3,4,Exciteshroom,1,
10,Primal Forest,2,low,6,40,3,4,Parashroom,2,
25,Primal Forest,2,low,7,60,3,5,Crystal Bone,1,
15,Primal Forest,2,low,7,60,3,5,Earth Crystal,1,
15,Primal Forest,2,low,7,60,3,5,Sunspire Jewel,1,
15,Primal Forest,2,low,7,60,3,5,Mystery Charm,1,
10,Primal Forest,2,low,7,60,3,5,Carbalite Ore,1,
10,Primal Forest,2,low,7,60,3,5,Armor Sphere+,1,
5,Primal Forest,2,low,7,60,3,5,Stone,3,
5,Primal Forest,2,low,7,60,3,5,Adv Armor Sphere,1,
35,Primal Forest,2,low,8,40,3,5,Carbalite Ore,1,
15,Primal Forest,2,low,8,40,3,5,Sunspire Jewel,1,
15,Primal Forest,2,low,8,40,3,5,Bloodrun Jewel,1,
10,Primal Forest,2,low,8,40,3,5,Armor Sphere+,1,
10,Primal Forest,2,low,8,40,3,5,Shining Charm,1,
10,Primal Forest,2,low,8,40,3,5,Crystal Bone,2,
5,Primal Forest,2,low,8,40,3,5,Adv Armor Sphere,1,
90,Primal Forest,2,low,9,30,3,4,Honey,1,
10,Primal Forest,2,low,9,30,3,4,Snakebee Larva,1,
90,Primal Forest,2,low,10,70,5,6,Honey,1,
10,Primal Forest,2,low,10,70,5,6,Snakebee Larva,1,
52,Primal Forest,2,high,1,,2,4,Hot Pepper,1,
17,Primal Forest,2,high,1,,2,4,Ivy,1,
13,Primal Forest,2,high,1,,2,4,Sap Plant,1,
12,Primal Forest,2,high,1,,2,4,Hot Pepper,2,
6,Primal Forest,2,high,1,,2,4,Felvine,1,
85,Primal Forest,2,high,2,,4,6,Honey,1,
10,Primal Forest,2,high,2,,4,6,Snakebee Larva,1,
5,Primal Forest,2,high,2,,4,6,Insect Husk,1,
25,Primal Forest,2,high,3,,4,5,Flashbug,1,
20,Primal Forest,2,high,3,,4,5,Thunderbug,1,
20,Primal Forest,2,high,3,,4,5,Stinkhopper,1,
15,Primal Forest,2,high,3,,4,5,Carpenterbug,1,
10,Primal Forest,2,high,3,,4,5,Bitterbug,1,
10,Primal Forest,2,high,3,,4,5,King Scarab,1,
85,Primal Forest,2,high,4,,3,5,Blue Mushroom,1,
10,Primal Forest,2,high,4,,3,5,Mopeshroom,1,
5,Primal Forest,2,high,4,,3,5,Insect Husk,1,
65,Primal Forest,2,high,5,60,3,4,Mopeshroom,1,
25,Primal Forest,2,high,5,60,3,4,Parashroom,1,
10,Primal Forest,2,high,5,60,3,4,Insect Husk,1,
68,Primal Forest,2,high,6,40,3,4,Parashroom,1,
22,Primal Forest,2,high,6,40,3,4,Exciteshroom,1,
10,Primal Forest,2,high,6,40,3,4,Parashroom,2,
25,Primal Forest,2,high,7,60,3,5,Crystal Bone,1,
15,Primal Forest,2,high,7,60,3,5,Earth Crystal,1,
15,Primal Forest,2,high,7,60,3,5,Sunspire Jewel,1,
15,Primal Forest,2,high,7,60,3,5,Mystery Charm,1,
10,Primal Forest,2,high,7,60,3,5,Carbalite Ore,1,
10,Primal Forest,2,high,7,60,3,5,Armor Sphere+,1,
5,Primal Forest,2,high,7,60,3,5,Stone,3,
5,Primal Forest,2,high,7,60,3,5,Adv Armor Sphere,1,
35,Primal Forest,2,high,8,40,3,5,Carbalite Ore,1,
15,Primal Forest,2,high,8,40,3,5,Sunspire Jewel,1,
15,Primal Forest,2,high,8,40,3,5,Bloodrun Jewel,1,
10,Primal Forest,2,high,8,40,3,5,Armor Sphere+,1,
10,Primal Forest,2,high,8,40,3,5,Shining Charm,1,
10,Primal Forest,2,high,8,40,3,5,Crystal Bone,2,
5,Primal Forest,2,high,8,40,3,5,Adv Armor Sphere,1,
90,Primal Forest,2,high,9,30,3,4,Honey,1,
10,Primal Forest,2,high,9,30,3,4,Snakebee Larva,1,
90,Primal Forest,2,high,10,70,5,6,Honey,1,
10,Primal Forest,2,high,10,70,5,6,Snakebee Larva,1,
52,Primal Forest,2,g,1,,2,4,Hot Pepper,1,
17,Primal Forest,2,g,1,,2,4,Ivy,1,
13,Primal Forest,2,g,1,,2,4,Sap Plant,1,
12,Primal Forest,2,g,1,,2,4,Hot Pepper,2,
6,Primal Forest,2,g,1,,2,4,Felvine,1,
85,Primal Forest,2,g,2,,4,6,Honey,1,
10,Primal Forest,2,g,2,,4,6,Snakebee Larva,1,
5,Primal Forest,2,g,2,,4,6,Insect Husk,1,
35,Primal Forest,2,g,3,,4,5,Emperor Hopper,1,
30,Primal Forest,2,g,3,,4,5,King Scarab,1,
15,Primal Forest,2,g,3,,4,5,Stinkhopper,2,
10,Primal Forest,2,g,3,,4,5,Godbug,2,
10,Primal Forest,2,g,3,,4,5,Carpenterbug,2,
85,Primal Forest,2,g,4,,3,5,Blue Mushroom,1,
10,Primal Forest,2,g,4,,3,5,Mopeshroom,1,
5,Primal Forest,2,g,4,,3,5,Insect Husk,1,
65,Primal Forest,2,g,5,60,3,4,Mopeshroom,1,
25,Primal Forest,2,g,5,60,3,4,Parashroom,1,
10,Primal Forest,2,g,5,60,3,4,Insect Husk,1,
68,Primal Forest,2,g,6,40,3,4,Parashroom,1,
22,Primal Forest,2,g,6,40,3,4,Exciteshroom,1,
10,Primal Forest,2,g,6,40,3,4,Parashroom,2,
25,Primal Forest,2,g,7,60,3,5,Carbalite Ore,1,
25,Primal Forest,2,g,7,60,3,5,Crystal Bone,1,
15,Primal Forest,2,g,7,60,3,5,Adamant Orb,1,
10,Primal Forest,2,g,7,60,3,5,Hard Armor Sphere,1,
10,Primal Forest,2,g,7,60,3,5,Shining Charm,1,
5,Primal Forest,2,g,7,60,3,5,Stone,3,
5,Primal Forest,2,g,7,60,3,5,Eltalite Ore,1,
5,Primal Forest,2,g,7,60,3,5,Heavy Armor Sphere,1,
35,Primal Forest,2,g,8,40,3,5,Eltalite Ore,1,
15,Primal Forest,2,g,8,40,3,5,Lazurite Jewel,1,
15,Primal Forest,2,g,8,40,3,5,Adamant Orb,1,
10,Primal Forest,2,g,8,40,3,5,Hard Armor Sphere,1,
10,Primal Forest,2,g,8,40,3,5,Timeworn Charm,1,
10,Primal Forest,2,g,8,40,3,5,Crystal Bone,2,
5,Primal Forest,2,g,8,40,3,5,Heavy Armor Sphere,1,
90,Primal Forest,2,g,9,30,3,4,Honey,1,
10,Primal Forest,2,g,9,30,3,4,Snakebee Larva,1,
90,Primal Forest,2,g,10,70,5,6,Honey,1,
10,Primal Forest,2,g,10,70,5,6,Snakebee Larva,1,
30,Primal Forest,3,low,1,,4,5,Huskberry,2,
20,Primal Forest,3,low,1,,4,5,Paintberry,1,
20,Primal Forest,3,low,1,,4,5,Needleberry,2,
15,Primal Forest,3,low,1,,4,5,Huskberry,3,
15,Primal Forest,3,low,1,,4,5,Needleberry,3,
35,Primal Forest,3,low,2,,3,5,Crystal Bone,2,
15,Primal Forest,3,low,2,,3,5,Earth Crystal,1,
15,Primal Forest,3,low,2,,3,5,Carbalite Ore,1,
15,Primal Forest,3,low,2,,3,5,Mystery Charm,1,
10,Primal Forest,3,low,2,,3,5,Whetstone,1,
10,Primal Forest,3,low,2,,3,5,Shining Charm,1,
45,Primal Forest,3,low,3,,3,5,Mega Fishing Fly,1,
20,Primal Forest,3,low,3,,3,5,Spider Web,2,
15,Primal Forest,3,low,3,,3,5,Mega Fishing Fly,2,
10,Primal Forest,3,low,3,,3,5,Bitterbug,1,
10,Primal Forest,3,low,3,,3,5,Stinkhopper,1,
25,Primal Forest,3,low,4,60,3,5,Crystal Bone,1,
15,Primal Forest,3,low,4,60,3,5,Earth Crystal,1,
15,Primal Forest,3,low,4,60,3,5,Sunspire Jewel,1,
15,Primal Forest,3,low,4,60,3,5,Mystery Charm,1,
10,Primal Forest,3,low,4,60,3,5,Carbalite Ore,1,
10,Primal Forest,3,low,4,60,3,5,Armor Sphere+,1,
5,Primal Forest,3,low,4,60,3,5,Stone,3,
5,Primal Forest,3,low,4,60,3,5,Adv Armor Sphere,1,
35,Primal Forest,3,low,5,40,3,5,Carbalite Ore,1,
15,Primal Forest,3,low,5,40,3,5,Sunspire Jewel,1,
15,Primal Forest,3,low,5,40,3,5,Bloodrun Jewel,1,
10,Primal Forest,3,low,5,40,3,5,Armor Sphere+,1,
10,Primal Forest,3,low,5,40,3,5,Shining Charm,1,
10,Primal Forest,3,low,5,40,3,5,Crystal Bone,2,
5,Primal Forest,3,low,5,40,3,5,Adv Armor Sphere,1,
35,Primal Forest,3,low,6,60,4,5,Herb,1,
18,Primal Forest,3,low,6,60,4,5,Herb,3,
15,Primal Forest,3,low,6,60,4,5,Felvine,1,
12,Primal Forest,3,low,6,60,4,5,Insect Husk,1,
10,Primal Forest,3,low,6,60,4,5,Antidote Herb,2,
10,Primal Forest,3,low,6,60,4,5,Hot Pepper,1,
34,Primal Forest,3,low,7,40,4,5,Sap Plant,2,
20,Primal Forest,3,low,7,40,4,5,Ivy,2,
15,Primal Forest,3,low,7,40,4,5,Felvine,1,
12,Primal Forest,3,low,7,40,4,5,Hot Pepper,1,
11,Primal Forest,3,low,7,40,4,5,Ivy,3,
8,Primal Forest,3,low,7,40,4,5,Worm,1,
100,Primal Forest,3,low,8,,,,Whetfish,1,
100,Primal Forest,3,low,9,,,,Sushifish,1,Sushifish Bait
100,Primal Forest,3,low,10,,,,Goldenfish,1,Goldenfish Bait
34,Primal Forest,3,low,11,,,,Bomb Arowana,1,Burst Bait
33,Primal Forest,3,low,11,,,,Scatterfish,1,Burst Bait
33,Primal Forest,3,low,11,,,,Burst Arowana,1,Burst Bait
30,Primal Forest,3,high,1,,4,5,Huskberry,2,
20,Primal Forest,3,high,1,,4,5,Paintberry,1,
20,Primal Forest,3,high,1,,4,5,Needleberry,2,
15,Primal Forest,3,high,1,,4,5,Huskberry,3,
15,Primal Forest,3,high,1,,4,5,Needleberry,3,
35,Primal Forest,3,high,2,,3,5,Crystal Bone,2,
15,Primal Forest,3,high,2,,3,5,Earth Crystal,1,
15,Primal Forest,3,high,2,,3,5,Carbalite Ore,1,
15,Primal Forest,3,high,2,,3,5,Mystery Charm,1,
10,Primal Forest,3,high,2,,3,5,Whetstone,1,
10,Primal Forest,3,high,2,,3,5,Shining Charm,1,
45,Primal Forest,3,high,3,,3,5,Mega Fishing Fly,1,
20,Primal Forest,3,high,3,,3,5,Spider Web,2,
15,Primal Forest,3,high,3,,3,5,Mega Fishing Fly,2,
10,Primal Forest,3,high,3,,3,5,Bitterbug,1,
10,Primal Forest,3,high,3,,3,5,Stinkhopper,1,
25,Primal Forest,3,high,4,60,3,5,Crystal Bone,1,
15,Primal Forest,3,high,4,60,3,5,Earth Crystal,1,
15,Primal Forest,3,high,4,60,3,5,Sunspire Jewel,1,
15,Primal Forest,3,high,4,60,3,5,Mystery Charm,1,
10,Primal Forest,3,high,4,60,3,5,Carbalite Ore,1,
10,Primal Forest,3,high,4,60,3,5,Armor Sphere+,1,
5,Primal Forest,3,high,4,60,3,5,Stone,3,
5,Primal Forest,3,high,4,60,3,5,Adv Armor Sphere,1,
35,Primal Forest,3,high,5,40,3,5,Carbalite Ore,1,
15,Primal Forest,3,high,5,40,3,5,Sunspire Jewel,1,
15,Primal Forest,3,high,5,40,3,5,Bloodrun Jewel,1,
10,Primal Forest,3,high,5,40,3,5,Armor Sphere+,1,
10,Primal Forest,3,high,5,40,3,5,Shining Charm,1,
10,Primal Forest,3,high,5,40,3,5,Crystal Bone,2,
5,Primal Forest,3,high,5,40,3,5,Adv Armor Sphere,1,
35,Primal Forest,3,high,6,60,4,5,Herb,1,
18,Primal Forest,3,high,6,60,4,5,Herb,3,
15,Primal Forest,3,high,6,60,4,5,Felvine,1,
12,Primal Forest,3,high,6,60,4,5,Insect Husk,1,
10,Primal Forest,3,high,6,60,4,5,Antidote Herb,2,
10,Primal Forest,3,high,6,60,4,5,Hot Pepper,1,
34,Primal Forest,3,high,7,40,4,5,Sap Plant,2,
20,Primal Forest,3,high,7,40,4,5,Ivy,2,
15,Primal Forest,3,high,7,40,4,5,Felvine,1,
12,Primal Forest,3,high,7,40,4,5,Hot Pepper,1,
11,Primal Forest,3,high,7,40,4,5,Ivy,3,
8,Primal Forest,3,high,7,40,4,5,Worm,1,
100,Primal Forest,3,high,8,,,,Sushifish,1,Sushifish Bait
100,Primal Forest,3,high,9,,,,Goldenfish,1,Goldenfish Bait
60,Primal Forest,3,high,10,,,,Small Goldenfish,1,Mega Fishing Fly
25,Primal Forest,3,high,10,,,,Goldenfish,1,Mega Fishing Fly
15,Primal Forest,3,high,10,,,,Silverfish,1,Mega Fishing Fly
34,Primal Forest,3,high,11,,,,Bomb Arowana,1,Burst Bait
33,Primal Forest,3,high,11,,,,Scatterfish,1,Burst Bait
33,Primal Forest,3,high,11,,,,Burst Arowana,1,Burst Bait
30,Primal Forest,3,high,12,,,,Small Goldenfish,1,
20,Primal Forest,3,high,12,,,,Bomb Arowana,1,
10,Primal Forest,3,high,12,,,,Sushifish,1,
10,Primal Forest,3,high,12,,,,Scatterfish,1,
10,Primal Forest,3,high,12,,,,Burst Arowana,1,
5,Primal Forest,3,high,12,,,,Popfish,1,
5,Primal Forest,3,high,12,,,,Gastronome Tuna,1,
5,Primal Forest,3,high,12,,,,Goldenfish,1,
5,Primal Forest,3,high,12,,,,Silverfish,1,
30,Primal Forest,3,g,1,,4,5,Huskberry,2,
20,Primal Forest,3,g,1,,4,5,Paintberry,1,
20,Primal Forest,3,g,1,,4,5,Needleberry,2,
15,Primal Forest,3,g,1,,4,5,Huskberry,3,
15,Primal Forest,3,g,1,,4,5,Needleberry,3,
35,Primal Forest,3,g,2,,3,5,Crystal Bone,2,
15,Primal Forest,3,g,2,,3,5,Lightcrystal,1,
10,Primal Forest,3,g,2,,3,5,Whetstone,1,
10,Primal Forest,3,g,2,,3,5,Carbalite Ore,1,
10,Primal Forest,3,g,2,,3,5,Eltalite Ore,1,
10,Primal Forest,3,g,2,,3,5,Shining Charm,1,
10,Primal Forest,3,g,2,,3,5,Timeworn Charm,1,
45,Primal Forest,3,g,3,,3,5,Mega Fishing Fly,1,
20,Primal Forest,3,g,3,,3,5,Spider Web,2,
15,Primal Forest,3,g,3,,3,5,Mega Fishing Fly,2,
10,Primal Forest,3,g,3,,3,5,Spider Web,1,
10,Primal Forest,3,g,3,,3,5,Stinkhopper,2,
25,Primal Forest,3,g,4,60,3,5,Carbalite Ore,1,
25,Primal Forest,3,g,4,60,3,5,Crystal Bone,1,
15,Primal Forest,3,g,4,60,3,5,Adamant Orb,1,
10,Primal Forest,3,g,4,60,3,5,Hard Armor Sphere,1,
10,Primal Forest,3,g,4,60,3,5,Shining Charm,1,
5,Primal Forest,3,g,4,60,3,5,Stone,3,
5,Primal Forest,3,g,4,60,3,5,Eltalite Ore,1,
5,Primal Forest,3,g,4,60,3,5,Heavy Armor Sphere,1,
35,Primal Forest,3,g,5,40,3,5,Eltalite Ore,1,
15,Primal Forest,3,g,5,40,3,5,Lazurite Jewel,1,
15,Primal Forest,3,g,5,40,3,5,Adamant Orb,1,
10,Primal Forest,3,g,5,40,3,5,Hard Armor Sphere,1,
10,Primal Forest,3,g,5,40,3,5,Timeworn Charm,1,
10,Primal Forest,3,g,5,40,3,5,Crystal Bone,2,
5,Primal Forest,3,g,5,40,3,5,Heavy Armor Sphere,1,
35,Primal Forest,3,g,6,60,4,5,Herb,1,
18,Primal Forest,3,g,6,60,4,5,Herb,3,
15,Primal Forest,3,g,6,60,4,5,Felvine,1,
12,Primal Forest,3,g,6,60,4,5,Insect Husk,1,
10,Primal Forest,3,g,6,60,4,5,Antidote Herb,2,
10,Primal Forest,3,g,6,60,4,5,Hot Pepper,1,
34,Primal Forest,3,g,7,40,4,5,Sap Plant,2,
20,Primal Forest,3,g,7,40,4,5,Ivy,2,
15,Primal Forest,3,g,7,40,4,5,Felvine,1,
12,Primal Forest,3,g,7,40,4,5,Hot Pepper,1,
11,Primal Forest,3,g,7,40,4,5,Ivy,3,
8,Primal Forest,3,g,7,40,4,5,Worm,1,
100,Primal Forest,3,g,8,,,,Sushifish,1,Sushifish Bait
100,Primal Forest,3,g,9,,,,Goldenfish,1,Goldenfish Bait
35,Primal Forest,3,g,10,,,,Small Goldenfish,1,Mega Fishing Fly
25,Primal Forest,3,g,10,,,,Guardfish,1,Mega Fishing Fly
25,Primal Forest,3,g,10,,,,Goldenfish,1,Mega Fishing Fly
15,Primal Forest,3,g,10,,,,Silverfish,1,Mega Fishing Fly
34,Primal Forest,3,g,11,,,,Bomb Arowana,1,Burst Bait
33,Primal Forest,3,g,11,,,,Scatterfish,1,Burst Bait
33,Primal Forest,3,g,11,,,,Burst Arowana,1,Burst Bait
25,Primal Forest,3,g,12,,,,Small Goldenfish,1,
20,Primal Forest,3,g,12,,,,Bomb Arowana,1,
10,Primal Forest,3,g,12,,,,Sushifish,1,
10,Primal Forest,3,g,12,,,,Scatterfish,1,
10,Primal Forest,3,g,12,,,,Burst Arowana,1,
5,Primal Forest,3,g,12,,,,Popfish,1,
5,Primal Forest,3,g,12,,,,Gastronome Tuna,1,
5,Primal Forest,3,g,12,,,,Guardfish,1,
5,Primal Forest,3,g,12,,,,Goldenfish,1,
5,Primal Forest,3,g,12,,,,Silverfish,1,
40,Primal Forest,4,low,1,,3,5,Antidote Herb,1,
35,Primal Forest,4,low,1,,3,5,Ivy,1,
25,Primal Forest,4,low,1,,3,5,Herb,1,
35,Primal Forest,4,low,2,,3,5,Crystal Bone,2,
15,Primal Forest,4,low,2,,3,5,Earth Crystal,1,
15,Primal Forest,4,low,2,,3,5,Carbalite Ore,1,
15,Primal Forest,4,low,2,,3,5,Mystery Charm,1,
10,Primal Forest,4,low,2,,3,5,Whetstone,1,
10,Primal Forest,4,low,2,,3,5,Shining Charm,1,
85,Primal Forest,4,low,3,,1,1,Honey,1,
10,Primal Forest,4,low,3,,1,1,Snakebee Larva,1,
5,Primal Forest,4,low,3,,1,1,Insect Husk,1,
35,Primal Forest,4,low,4,50,3,5,Herb,1,
18,Primal Forest,4,low,4,50,3,5,Herb,3,
15,Primal Forest,4,low,4,50,3,5,Felvine,1,
12,Primal Forest,4,low,4,50,3,5,Insect Husk,1,
10,Primal Forest,4,low,4,50,3,5,Antidote Herb,2,
10,Primal Forest,4,low,4,50,3,5,Hot Pepper,1,
34,Primal Forest,4,low,5,50,3,5,Sap Plant,2,
20,Primal Forest,4,low,5,50,3,5,Ivy,2,
15,Primal Forest,4,low,5,50,3,5,Felvine,1,
12,Primal Forest,4,low,5,50,3,5,Hot Pepper,1,
11,Primal Forest,4,low,5,50,3,5,Ivy,3,
8,Primal Forest,4,low,5,50,3,5,Worm,1,
40,Primal Forest,4,high,1,,3,5,Antidote Herb,1,
35,Primal Forest,4,high,1,,3,5,Ivy,1,
25,Primal Forest,4,high,1,,3,5,Herb,1,
35,Primal Forest,4,high,2,,3,5,Crystal Bone,2,
15,Primal Forest,4,high,2,,3,5,Earth Crystal,1,
15,Primal Forest,4,high,2,,3,5,Carbalite Ore,1,
15,Primal Forest,4,high,2,,3,5,Mystery Charm,1,
10,Primal Forest,4,high,2,,3,5,Whetstone,1,
10,Primal Forest,4,high,2,,3,5,Shining Charm,1,
85,Primal Forest,4,high,3,,1,1,Honey,1,
10,Primal Forest,4,high,3,,1,1,Snakebee Larva,1,
5,Primal Forest,4,high,3,,1,1,Insect Husk,1,
100,Primal Forest,4,high,4,,2,3,Burned Husk,1,
35,Primal Forest,4,high,5,50,3,5,Herb,1,
18,Primal Forest,4,high,5,50,3,5,Herb,3,
15,Primal Forest,4,high,5,50,3,5,Felvine,1,
12,Primal Forest,4,high,5,50,3,5,Insect Husk,1,
10,Primal Forest,4,high,5,50,3,5,Antidote Herb,2,
10,Primal Forest,4,high,5,50,3,5,Hot Pepper,1,
34,Primal Forest,4,high,6,50,3,5,Sap Plant,2,
20,Primal Forest,4,high,6,50,3,5,Ivy,2,
15,Primal Forest,4,high,6,50,3,5,Felvine,1,
12,Primal Forest,4,high,6,50,3,5,Hot Pepper,1,
11,Primal Forest,4,high,6,50,3,5,Ivy,3,
8,Primal Forest,4,high,6,50,3,5,Worm,1,
40,Primal Forest,4,g,1,,3,5,Antidote Herb,1,
35,Primal Forest,4,g,1,,3,5,Ivy,1,
25,Primal Forest,4,g,1,,3,5,Herb,1,
35,Primal Forest,4,g,2,,3,5,Crystal Bone,2,
15,Primal Forest,4,g,2,,3,5,Lightcrystal,1,
10,Primal Forest,4,g,2,,3,5,Whetstone,1,
10,Primal Forest,4,g,2,,3,5,Carbalite Ore,1,
10,Primal Forest,4,g,2,,3,5,Eltalite Ore,1,
10,Primal Forest,4,g,2,,3,5,Shining Charm,1,
10,Primal Forest,4,g,2,,3,5,Timeworn Charm,1,
85,Primal Forest,4,g,3,,1,1,Honey,1,
10,Primal Forest,4,g,3,,1,1,Snakebee Larva,1,
5,Primal Forest,4,g,3,,1,1,Insect Husk,1,
100,Primal Forest,4,g,4,,2,3,Burned Husk,1,
35,Primal Forest,4,g,5,50,3,5,Herb,1,
18,Primal Forest,4,g,5,50,3,5,Herb,3,
15,Primal Forest,4,g,5,50,3,5,Felvine,1,
12,Primal Forest,4,g,5,50,3,5,Insect Husk,1,
10,Primal Forest,4,g,5,50,3,5,Antidote Herb,2,
10,Primal Forest,4,g,5,50,3,5,Hot Pepper,1,
34,Primal Forest,4,g,6,50,3,5,Sap Plant,2,
20,Primal Forest,4,g,6,50,3,5,Ivy,2,
15,Primal Forest,4,g,6,50,3,5,Felvine,1,
12,Primal Forest,4,g,6,50,3,5,Hot Pepper,1,
11,Primal Forest,4,g,6,50,3,5,Ivy,3,
8,Primal Forest,4,g,6,50,3,5,Worm,1,
35,Primal Forest,5,low,1,,3,5,Crystal Bone,1,
20,Primal Forest,5,low,1,,3,5,Carbalite Ore,1,
15,Primal Forest,5,low,1,,3,5,Sunspire Jewel,1,
10,Primal Forest,5,low,1,,3,5,Bloodrun Jewel,1,
10,Primal Forest,5,low,1,,3,5,Armor Sphere+,1,
5,Primal Forest,5,low,1,,3,5,Stone,2,
5,Primal Forest,5,low,1,,3,5,Adv Armor Sphere,1,
77,Primal Forest,5,low,2,,3,5,Toadstool,1,
18,Primal Forest,5,low,2,,3,5,Exciteshroom,1,
5,Primal Forest,5,low,2,,3,5,Blue Mushroom,1,
52,Primal Forest,5,low,3,,2,4,Hot Pepper,1,
17,Primal Forest,5,low,3,,2,4,Ivy,1,
13,Primal Forest,5,low,3,,2,4,Sap Plant,1,
12,Primal Forest,5,low,3,,2,4,Hot Pepper,2,
6,Primal Forest,5,low,3,,2,4,Felvine,1,
40,Primal Forest,5,low,4,,2,3,Power Jelly,1,
40,Primal Forest,5,low,4,,2,3,Fire Ambrosia,1,
10,Primal Forest,5,low,4,,2,3,Larval Extract,1,
10,Primal Forest,5,low,4,,2,3,Paralarval Extract,1,
20,Primal Forest,5,low,5,,3,4,Godbug,1,
20,Primal Forest,5,low,5,,3,4,Hercudrome,1,
20,Primal Forest,5,low,5,,3,4,King Scarab,1,
15,Primal Forest,5,low,5,,3,4,Shiny Beetle,1,
10,Primal Forest,5,low,5,,3,4,Spider Web,1,
10,Primal Forest,5,low,5,,3,4,Royal Rhino,2,
5,Primal Forest,5,low,5,,3,4,Divine Rhino,1,
25,Primal Forest,5,low,6,,2,3,Carbalite Ore,1,
25,Primal Forest,5,low,6,,2,3,Shining Charm,1,
20,Primal Forest,5,low,6,,2,3,Lightcrystal,1,
20,Primal Forest,5,low,6,,2,3,Novacrystal,1,
10,Primal Forest,5,low,6,,2,3,Mystery Charm,1,
35,Primal Forest,5,low,7,,2,3,Shining Charm,1,
25,Primal Forest,5,low,7,,2,3,Rustshard,1,
25,Primal Forest,5,low,7,,2,3,Dragonbone Relic,1,
15,Primal Forest,5,low,7,,2,3,Mystery Charm,1,
30,Primal Forest,5,low,8,,2,4,Hercudrome,1,
30,Primal Forest,5,low,8,,2,4,King Scarab,1,
20,Primal Forest,5,low,8,,2,4,Godbug,2,
20,Primal Forest,5,low,8,,2,4,Thunderbug,2,
85,Primal Forest,5,low,9,,1,1,Honey,1,
10,Primal Forest,5,low,9,,1,1,Snakebee Larva,1,
5,Primal Forest,5,low,9,,1,1,Insect Husk,1,
25,Primal Forest,5,low,10,70,3,4,Thunderbug,1,
20,Primal Forest,5,low,10,70,3,4,Bitterbug,1,
15,Primal Forest,5,low,10,70,3,4,Flashbug,1,
10,Primal Forest,5,low,10,70,3,4,Stinkhopper,1,
10,Primal Forest,5,low,10,70,3,4,Carpenterbug,1,
10,Primal Forest,5,low,10,70,3,4,Royal Rhino,1,
5,Primal Forest,5,low,10,70,3,4,Shiny Beetle,1,
5,Primal Forest,5,low,10,70,3,4,Divine Rhino,1,
25,Primal Forest,5,low,11,30,3,4,Hercudrome,1,
25,Primal Forest,5,low,11,30,3,4,Divine Rhino,1,
20,Primal Forest,5,low,11,30,3,4,Shiny Beetle,1,
20,Primal Forest,5,low,11,30,3,4,King Scarab,1,
5,Primal Forest,5,low,11,30,3,4,Thunderbug,1,
5,Primal Forest,5,low,11,30,3,4,Carpenterbug,1,
50,Primal Forest,5,low,12,70,3,4,Power Jelly,1,
50,Primal Forest,5,low,12,70,3,4,Fire Ambrosia,1,
25,Primal Forest,5,low,13,30,3,4,Larval Extract,1,
25,Primal Forest,5,low,13,30,3,4,Paralarval Extract,1,
25,Primal Forest,5,low,13,30,3,4,Power Jelly,1,
25,Primal Forest,5,low,13,30,3,4,Fire Ambrosia,1,
35,Primal Forest,5,high,1,,3,5,Crystal Bone,1,
20,Primal Forest,5,high,1,,3,5,Carbalite Ore,1,
15,Primal Forest,5,high,1,,3,5,Sunspire Jewel,1,
10,Primal Forest,5,high,1,,3,5,Bloodrun Jewel,1,
10,Primal Forest,5,high,1,,3,5,Armor Sphere+,1,
5,Primal Forest,5,high,1,,3,5,Stone,2,
5,Primal Forest,5,high,1,,3,5,Adv Armor Sphere,1,
77,Primal Forest,5,high,2,,3,5,Toadstool,1,
18,Primal Forest,5,high,2,,3,5,Exciteshroom,1,
5,Primal Forest,5,high,2,,3,5,Blue Mushroom,1,
52,Primal Forest,5,high,3,,2,4,Hot Pepper,1,
17,Primal Forest,5,high,3,,2,4,Ivy,1,
13,Primal Forest,5,high,3,,2,4,Sap Plant,1,
12,Primal Forest,5,high,3,,2,4,Hot Pepper,2,
6,Primal Forest,5,high,3,,2,4,Felvine,1,
40,Primal Forest,5,high,4,,2,3,Power Jelly,1,
40,Primal Forest,5,high,4,,2,3,Fire Ambrosia,1,
10,Primal Forest,5,high,4,,2,3,Larval Extract,1,
10,Primal Forest,5,high,4,,2,3,Paralarval Extract,1,
20,Primal Forest,5,high,5,,3,4,Godbug,1,
20,Primal Forest,5,high,5,,3,4,Hercudrome,1,
20,Primal Forest,5,high,5,,3,4,King Scarab,1,
15,Primal Forest,5,high,5,,3,4,Shiny Beetle,1,
10,Primal Forest,5,high,5,,3,4,Spider Web,1,
10,Primal Forest,5,high,5,,3,4,Royal Rhino,2,
5,Primal Forest,5,high,5,,3,4,Divine Rhino,1,
25,Primal Forest,5,high,6,,2,3,Carbalite Ore,1,
25,Primal Forest,5,high,6,,2,3,Shining Charm,1,
20,Primal Forest,5,high,6,,2,3,Lightcrystal,1,
20,Primal Forest,5,high,6,,2,3,Novacrystal,1,
10,Primal Forest,5,high,6,,2,3,Mystery Charm,1,
35,Primal Forest,5,high,7,,2,3,Shining Charm,1,
25,Primal Forest,5,high,7,,2,3,Rustshard,1,
25,Primal Forest,5,high,7,,2,3,Dragonbone Relic,1,
15,Primal Forest,5,high,7,,2,3,Mystery Charm,1,
30,Primal Forest,5,high,8,,2,4,Hercudrome,1,
30,Primal Forest,5,high,8,,2,4,King Scarab,1,
20,Primal Forest,5,high,8,,2,4,Godbug,2,
20,Primal Forest,5,high,8,,2,4,Thunderbug,2,
85,Primal Forest,5,high,9,,1,1,Honey,1,
10,Primal Forest,5,high,9,,1,1,Snakebee Larva,1,
5,Primal Forest,5,high,9,,1,1,Insect Husk,1,
100,Primal Forest,5,high,10,,2,3,Burned Husk,1,
25,Primal Forest,5,high,11,70,3,4,Thunderbug,1,
20,Primal Forest,5,high,11,70,3,4,Bitterbug,1,
15,Primal Forest,5,high,11,70,3,4,Flashbug,1,
10,Primal Forest,5,high,11,70,3,4,Stinkhopper,1,
10,Primal Forest,5,high,11,70,3,4,Carpenterbug,1,
10,Primal Forest,5,high,11,70,3,4,Royal Rhino,1,
5,Primal Forest,5,high,11,70,3,4,Shiny Beetle,1,
5,Primal Forest,5,high,11,70,3,4,Divine Rhino,1,
25,Primal Forest,5,high,12,30,3,4,Hercudrome,1,
25,Primal Forest,5,high,12,30,3,4,Divine Rhino,1,
20,Primal Forest,5,high,12,30,3,4,Shiny Beetle,1,
20,Primal Forest,5,high,12,30,3,4,King Scarab,1,
5,Primal Forest,5,high,12,30,3,4,Thunderbug,1,
5,Primal Forest,5,high,12,30,3,4,Carpenterbug,1,
50,Primal Forest,5,high,13,70,3,4,Power Jelly,1,
50,Primal Forest,5,high,13,70,3,4,Fire Ambrosia,1,
25,Primal Forest,5,high,14,30,3,4,Larval Extract,1,
25,Primal Forest,5,high,14,30,3,4,Paralarval Extract,1,
25,Primal Forest,5,high,14,30,3,4,Power Jelly,1,
25,Primal Forest,5,high,14,30,3,4,Fire Ambrosia,1,
35,Primal Forest,5,g,1,,3,5,Crystal Bone,1,
15,Primal Forest,5,g,1,,3,5,Adamant Orb,1,
10,Primal Forest,5,g,1,,3,5,Carbalite Ore,1,
10,Primal Forest,5,g,1,,3,5,Eltalite Ore,1,
10,Primal Forest,5,g,1,,3,5,Lazurite Jewel,1,
10,Primal Forest,5,g,1,,3,5,Hard Armor Sphere,1,
5,Primal Forest,5,g,1,,3,5,Stone,2,
5,Primal Forest,5,g,1,,3,5,Heavy Armor Sphere,1,
77,Primal Forest,5,g,2,,3,5,Toadstool,1,
18,Primal Forest,5,g,2,,3,5,Exciteshroom,1,
5,Primal Forest,5,g,2,,3,5,Blue Mushroom,1,
52,Primal Forest,5,g,3,,2,4,Hot Pepper,1,
17,Primal Forest,5,g,3,,2,4,Ivy,1,
13,Primal Forest,5,g,3,,2,4,Sap Plant,1,
12,Primal Forest,5,g,3,,2,4,Hot Pepper,2,
6,Primal Forest,5,g,3,,2,4,Felvine,1,
30,Primal Forest,5,g,4,,2,3,Power Jelly,1,
30,Primal Forest,5,g,4,,2,3,Fire Ambrosia,1,
20,Primal Forest,5,g,4,,2,3,Larval Extract,1,
20,Primal Forest,5,g,4,,2,3,Paralarval Extract,1,
25,Primal Forest,5,g,5,,3,4,Shiny Beetle,2,
25,Primal Forest,5,g,5,,3,4,King Scarab,1,
20,Primal Forest,5,g,5,,3,4,Rare Scarab,1,
10,Primal Forest,5,g,5,,3,4,Spider Web,2,
10,Primal Forest,5,g,5,,3,4,Royal Rhino,2,
10,Primal Forest,5,g,5,,3,4,Divine Rhino,1,
25,Primal Forest,5,g,6,,2,3,Eltalite Ore,1,
25,Primal Forest,5,g,6,,2,3,Timeworn Charm,1,
20,Primal Forest,5,g,6,,2,3,Novacrystal,1,
20,Primal Forest,5,g,6,,2,3,Purecrystal,1,
10,Primal Forest,5,g,6,,2,3,Shining Charm,2,
35,Primal Forest,5,g,7,,2,3,Timeworn Charm,1,
25,Primal Forest,5,g,7,,2,3,Ancient Shard,1,
25,Primal Forest,5,g,7,,2,3,Dragonbone Relic,1,
15,Primal Forest,5,g,7,,2,3,Shining Charm,2,
30,Primal Forest,5,g,8,,2,4,King Scarab,1,
30,Primal Forest,5,g,8,,2,4,Rare Scarab,1,
30,Primal Forest,5,g,8,,2,4,Emperor Hopper,1,
10,Primal Forest,5,g,8,,2,4,Godbug,2,
85,Primal Forest,5,g,9,,1,1,Honey,1,
10,Primal Forest,5,g,9,,1,1,Snakebee Larva,1,
5,Primal Forest,5,g,9,,1,1,Insect Husk,1,
100,Primal Forest,5,g,10,,2,3,Burned Husk,1,
20,Primal Forest,5,g,11,70,3,4,Shiny Beetle,2,
15,Primal Forest,5,g,11,70,3,4,Stinkhopper,2,
15,Primal Forest,5,g,11,70,3,4,Rare Scarab,1,
15,Primal Forest,5,g,11,70,3,4,Royal Rhino,1,
15,Primal Forest,5,g,11,70,3,4,Divine Rhino,1,
10,Primal Forest,5,g,11,70,3,4,Carpenterbug,2,
10,Primal Forest,5,g,11,70,3,4,Emperor Hopper,1,
30,Primal Forest,5,g,12,30,3,4,Emperor Hopper,1,
25,Primal Forest,5,g,12,30,3,4,Rare Scarab,1,
25,Primal Forest,5,g,12,30,3,4,Divine Rhino,1,
20,Primal Forest,5,g,12,30,3,4,King Scarab,1,
35,Primal Forest,5,g,13,70,3,4,Power Jelly,1,
35,Primal Forest,5,g,13,70,3,4,Fire Ambrosia,1,
30,Primal Forest,5,g,13,70,3,4,Larval Extract,1,
30,Primal Forest,5,g,14,30,3,4,Larval Extract,1,
30,Primal Forest,5,g,14,30,3,4,Paralarval Extract,1,
20,Primal Forest,5,g,14,30,3,4,Power Jelly,2,
20,Primal Forest,5,g,14,30,3,4,Fire Ambrosia,2,
77,Primal Forest,6,low,1,,4,5,Toadstool,1,
18,Primal Forest,6,low,1,,4,5,Exciteshroom,1,
5,Primal Forest,6,low,1,,4,5,Blue Mushroom,1,
20,Primal Forest,6,low,2,,3,4,Godbug,1,
20,Primal Forest,6,low,2,,3,4,Hercudrome,1,
20,Primal Forest,6,low,2,,3,4,King Scarab,1,
15,Primal Forest,6,low,2,,3,4,Shiny Beetle,1,
10,Primal Forest,6,low,2,,3,4,Spider Web,1,
10,Primal Forest,6,low,2,,3,4,Royal Rhino,2,
5,Primal Forest,6,low,2,,3,4,Divine Rhino,1,
85,Primal Forest,6,low,3,,1,1,Honey,1,
10,Primal Forest,6,low,3,,1,1,Snakebee Larva,1,
5,Primal Forest,6,low,3,,1,1,Insect Husk,1,
65,Primal Forest,6,low,4,50,3,5,Mopeshroom,1,
25,Primal Forest,6,low,4,50,3,5,Parashroom,1,
10,Primal Forest,6,low,4,50,3,5,Insect Husk,1,
68,Primal Forest,6,low,5,50,3,5,Parashroom,1,
22,Primal Forest,6,low,5,50,3,5,Exciteshroom,1,
10,Primal Forest,6,low,5,50,3,5,Parashroom,2,
25,Primal Forest,6,low,6,60,2,3,Thunderbug,1,
20,Primal Forest,6,low,6,60,2,3,Bitterbug,1,
15,Primal Forest,6,low,6,60,2,3,Flashbug,1,
10,Primal Forest,6,low,6,60,2,3,Stinkhopper,1,
10,Primal Forest,6,low,6,60,2,3,Carpenterbug,1,
10,Primal Forest,6,low,6,60,2,3,Royal Rhino,1,
5,Primal Forest,6,low,6,60,2,3,Shiny Beetle,1,
5,Primal Forest,6,low,6,60,2,3,Divine Rhino,1,
25,Primal Forest,6,low,7,40,3,4,Hercudrome,1,
25,Primal Forest,6,low,7,40,3,4,Divine Rhino,1,
20,Primal Forest,6,low,7,40,3,4,Shiny Beetle,1,
20,Primal Forest,6,low,7,40,3,4,King Scarab,1,
5,Primal Forest,6,low,7,40,3,4,Thunderbug,1,
5,Primal Forest,6,low,7,40,3,4,Carpenterbug,1,
35,Primal Forest,6,low,8,50,2,4,Bone Husk,1,
25,Primal Forest,6,low,8,50,2,4,Mystery Bone,2,
20,Primal Forest,6,low,8,50,2,4,Fossilized Bone,2,
15,Primal Forest,6,low,8,50,2,4,Bone Husk,3,
5,Primal Forest,6,low,8,50,2,4,Unknown Skull,1,
25,Primal Forest,6,low,9,50,2,4,Bone Husk,4,
20,Primal Forest,6,low,9,50,2,4,Dragonbone Relic,1,
15,Primal Forest,6,low,9,50,2,4,Unknown Skull,1,
15,Primal Forest,6,low,9,50,2,4,Fossilized Bone,2,
10,Primal Forest,6,low,9,50,2,4,Bone Husk,2,
10,Primal Forest,6,low,9,50,2,4,Mystery Bone,3,
5,Primal Forest,6,low,9,50,2,4,Fossilized Bone,4,
77,Primal Forest,6,high,1,,4,5,Toadstool,1,
18,Primal Forest,6,high,1,,4,5,Exciteshroom,1,
5,Primal Forest,6,high,1,,4,5,Blue Mushroom,1,
20,Primal Forest,6,high,2,,3,4,Godbug,1,
20,Primal Forest,6,high,2,,3,4,Hercudrome,1,
20,Primal Forest,6,high,2,,3,4,King Scarab,1,
15,Primal Forest,6,high,2,,3,4,Shiny Beetle,1,
10,Primal Forest,6,high,2,,3,4,Spider Web,1,
10,Primal Forest,6,high,2,,3,4,Royal Rhino,2,
5,Primal Forest,6,high,2,,3,4,Divine Rhino,1,
85,Primal Forest,6,high,3,,1,1,Honey,1,
10,Primal Forest,6,high,3,,1,1,Snakebee Larva,1,
5,Primal Forest,6,high,3,,1,1,Insect Husk,1,
100,Primal Forest,6,high,4,,2,3,Burned Husk,1,
65,Primal Forest,6,high,5,50,3,5,Mopeshroom,1,
25,Primal Forest,6,high,5,50,3,5,Parashroom,1,
10,Primal Forest,6,high,5,50,3,5,Insect Husk,1,
68,Primal Forest,6,high,6,50,3,5,Parashroom,1,
22,Primal Forest,6,high,6,50,3,5,Exciteshroom,1,
10,Primal Forest,6,high,6,50,3,5,Parashroom,2,
25,Primal Forest,6,high,7,60,2,3,Thunderbug,1,
20,Primal Forest,6,high,7,60,2,3,Bitterbug,1,
15,Primal Forest,6,high,7,60,2,3,Flashbug,1,
10,Primal Forest,6,high,7,60,2,3,Stinkhopper,1,
10,Primal Forest,6,high,7,60,2,3,Carpenterbug,1,
10,Primal Forest,6,high,7,60,2,3,Royal Rhino,1,
5,Primal Forest,6,high,7,60,2,3,Shiny Beetle,1,
5,Primal Forest,6,high,7,60,2,3,Divine Rhino,1,
25,Primal Forest,6,high,8,40,3,4,Hercudrome,1,
25,Primal Forest,6,high,8,40,3,4,Divine Rhino,1,
20,Primal Forest,6,high,8,40,3,4,Shiny Beetle,1,
20,Primal Forest,6,high,8,40,3,4,King Scarab,1,
5,Primal Forest,6,high,8,40,3,4,Thunderbug,1,
5,Primal Forest,6,high,8,40,3,4,Carpenterbug,1,
35,Primal Forest,6,high,9,50,2,4,Bone Husk,1,
25,Primal Forest,6,high,9,50,2,4,Mystery Bone,2,
20,Primal Forest,6,high,9,50,2,4,Fossilized Bone,2,
15,Primal Forest,6,high,9,50,2,4,Bone Husk,3,
5,Primal Forest,6,high,9,50,2,4,Unknown Skull,1,
25,Primal Forest,6,high,10,50,2,4,Bone Husk,4,
20,Primal Forest,6,high,10,50,2,4,Dragonbone Relic,1,
15,Primal Forest,6,high,10,50,2,4,Unknown Skull,1,
15,Primal Forest,6,high,10,50,2,4,Fossilized Bone,2,
10,Primal Forest,6,high,10,50,2,4,Bone Husk,2,
10,Primal Forest,6,high,10,50,2,4,Mystery Bone,3,
5,Primal Forest,6,high,10,50,2,4,Fossilized Bone,4,
77,Primal Forest,6,g,1,,4,5,Toadstool,1,
18,Primal Forest,6,g,1,,4,5,Exciteshroom,1,
5,Primal Forest,6,g,1,,4,5,Blue Mushroom,1,
25,Primal Forest,6,g,2,,3,4,Shiny Beetle,2,
25,Primal Forest,6,g,2,,3,4,King Scarab,1,
20,Primal Forest,6,g,2,,3,4,Rare Scarab,1,
10,Primal Forest,6,g,2,,3,4,Spider Web,2,
10,Primal Forest,6,g,2,,3,4,Royal Rhino,2,
10,Primal Forest,6,g,2,,3,4,Divine Rhino,1,
85,Primal Forest,6,g,3,,1,1,Honey,1,
10,Primal Forest,6,g,3,,1,1,Snakebee Larva,1,
5,Primal Forest,6,g,3,,1,1,Insect Husk,1,
100,Primal Forest,6,g,4,,2,3,Burned Husk,1,
65,Primal Forest,6,g,5,50,3,5,Mopeshroom,1,
25,Primal Forest,6,g,5,50,3,5,Parashroom,1,
10,Primal Forest,6,g,5,50,3,5,Insect Husk,1,
68,Primal Forest,6,g,6,50,3,5,Parashroom,1,
22,Primal Forest,6,g,6,50,3,5,Exciteshroom,1,
10,Primal Forest,6,g,6,50,3,5,Parashroom,2,
20,Primal Forest,6,g,7,60,2,3,Shiny Beetle,2,
15,Primal Forest,6,g,7,60,2,3,Stinkhopper,2,
15,Primal Forest,6,g,7,60,2,3,Rare Scarab,1,
15,Primal Forest,6,g,7,60,2,3,Royal Rhino,1,
15,Primal Forest,6,g,7,60,2,3,Divine Rhino,1,
10,Primal Forest,6,g,7,60,2,3,Carpenterbug,2,
10,Primal Forest,6,g,7,60,2,3,Emperor Hopper,1,
30,Primal Forest,6,g,8,40,3,4,Emperor Hopper,1,
25,Primal Forest,6,g,8,40,3,4,Rare Scarab,1,
25,Primal Forest,6,g,8,40,3,4,Divine Rhino,1,
20,Primal Forest,6,g,8,40,3,4,King Scarab,1,
30,Primal Forest,6,g,9,50,2,4,Bone Husk,3,
25,Primal Forest,6,g,9,50,2,4,Mystery Bone,2,
20,Primal Forest,6,g,9,50,2,4,Dragonbone Relic,1,
20,Primal Forest,6,g,9,50,2,4,Fossilized Bone,2,
5,Primal Forest,6,g,9,50,2,4,Unknown Skull,1,
25,Primal Forest,6,g,10,50,2,4,Bone Husk,4,
20,Primal Forest,6,g,10,50,2,4,Dragonbone Artifact,1,
15,Primal Forest,6,g,10,50,2,4,Unknown Skull,1,
15,Primal Forest,6,g,10,50,2,4,Fossilized Bone,2,
10,Primal Forest,6,g,10,50,2,4,Mystery Bone,3,
10,Primal Forest,6,g,10,50,2,4,Dragonbone Relic,1,
5,Primal Forest,6,g,10,50,2,4,Fossilized Bone,4,
45,Primal Forest,7,low,1,,3,5,Nulberry,1,
25,Primal Forest,7,low,1,,3,5,Worm,1,
15,Primal Forest,7,low,1,,3,5,Might Seed,1,
15,Primal Forest,7,low,1,,3,5,Scatternut,1,
35,Primal Forest,7,low,2,,3,5,Crystal Bone,2,
15,Primal Forest,7,low,2,,3,5,Earth Crystal,1,
15,Primal Forest,7,low,2,,3,5,Carbalite Ore,1,
15,Primal Forest,7,low,2,,3,5,Mystery Charm,1,
10,Primal Forest,7,low,2,,3,5,Whetstone,1,
10,Primal Forest,7,low,2,,3,5,Shining Charm,1,
85,Primal Forest,7,low,3,,1,1,Honey,1,
10,Primal Forest,7,low,3,,1,1,Snakebee Larva,1,
5,Primal Forest,7,low,3,,1,1,Insect Husk,1,
25,Primal Forest,7,low,4,70,3,4,Thunderbug,1,
20,Primal Forest,7,low,4,70,3,4,Bitterbug,1,
15,Primal Forest,7,low,4,70,3,4,Flashbug,1,
10,Primal Forest,7,low,4,70,3,4,Stinkhopper,1,
10,Primal Forest,7,low,4,70,3,4,Carpenterbug,1,
10,Primal Forest,7,low,4,70,3,4,Royal Rhino,1,
5,Primal Forest,7,low,4,70,3,4,Shiny Beetle,1,
5,Primal Forest,7,low,4,70,3,4,Divine Rhino,1,
25,Primal Forest,7,low,5,30,3,4,Hercudrome,1,
25,Primal Forest,7,low,5,30,3,4,Divine Rhino,1,
20,Primal Forest,7,low,5,30,3,4,Shiny Beetle,1,
20,Primal Forest,7,low,5,30,3,4,King Scarab,1,
5,Primal Forest,7,low,5,30,3,4,Thunderbug,1,
5,Primal Forest,7,low,5,30,3,4,Carpenterbug,1,
25,Primal Forest,7,low,6,60,2,3,Thunderbug,1,
20,Primal Forest,7,low,6,60,2,3,Bitterbug,1,
15,Primal Forest,7,low,6,60,2,3,Flashbug,1,
10,Primal Forest,7,low,6,60,2,3,Stinkhopper,1,
10,Primal Forest,7,low,6,60,2,3,Carpenterbug,1,
10,Primal Forest,7,low,6,60,2,3,Royal Rhino,1,
5,Primal Forest,7,low,6,60,2,3,Shiny Beetle,1,
5,Primal Forest,7,low,6,60,2,3,Divine Rhino,1,
25,Primal Forest,7,low,7,40,2,3,Hercudrome,1,
25,Primal Forest,7,low,7,40,2,3,Divine Rhino,1,
20,Primal Forest,7,low,7,40,2,3,Shiny Beetle,1,
20,Primal Forest,7,low,7,40,2,3,King Scarab,1,
5,Primal Forest,7,low,7,40,2,3,Thunderbug,1,
5,Primal Forest,7,low,7,40,2,3,Carpenterbug,1,
45,Primal Forest,7,high,1,,3,5,Nulberry,1,
25,Primal Forest,7,high,1,,3,5,Worm,1,
15,Primal Forest,7,high,1,,3,5,Might Seed,1,
15,Primal Forest,7,high,1,,3,5,Scatternut,1,
35,Primal Forest,7,high,2,,3,5,Crystal Bone,2,
15,Primal Forest,7,high,2,,3,5,Earth Crystal,1,
15,Primal Forest,7,high,2,,3,5,Carbalite Ore,1,
15,Primal Forest,7,high,2,,3,5,Mystery Charm,1,
10,Primal Forest,7,high,2,,3,5,Whetstone,1,
10,Primal Forest,7,high,2,,3,5,Shining Charm,1,
85,Primal Forest,7,high,3,,1,1,Honey,1,
10,Primal Forest,7,high,3,,1,1,Snakebee Larva,1,
5,Primal Forest,7,high,3,,1,1,Insect Husk,1,
100,Primal Forest,7,high,4,,2,3,Burned Husk,1,
25,Primal Forest,7,high,5,70,3,4,Thunderbug,1,
20,Primal Forest,7,high,5,70,3,4,Bitterbug,1,
15,Primal Forest,7,high,5,70,3,4,Flashbug,1,
10,Primal Forest,7,high,5,70,3,4,Stinkhopper,1,
10,Primal Forest,7,high,5,70,3,4,Carpenterbug,1,
10,Primal Forest,7,high,5,70,3,4,Royal Rhino,1,
5,Primal Forest,7,high,5,70,3,4,Shiny Beetle,1,
5,Primal Forest,7,high,5,70,3,4,Divine Rhino,1,
25,Primal Forest,7,high,6,30,3,4,Hercudrome,1,
25,Primal Forest,7,high,6,30,3,4,Divine Rhino,1,
20,Primal Forest,7,high,6,30,3,4,Shiny Beetle,1,
20,Primal Forest,7,high,6,30,3,4,King Scarab,1,
5,Primal Forest,7,high,6,30,3,4,Thunderbug,1,
5,Primal Forest,7,high,6,30,3,4,Carpenterbug,1,
25,Primal Forest,7,high,7,60,2,3,Thunderbug,1,
20,Primal Forest,7,high,7,60,2,3,Bitterbug,1,
15,Primal Forest,7,high,7,60,2,3,Flashbug,1,
10,Primal Forest,7,high,7,60,2,3,Stinkhopper,1,
10,Primal Forest,7,high,7,60,2,3,Carpenterbug,1,
10,Primal Forest,7,high,7,60,2,3,Royal Rhino,1,
5,Primal Forest,7,high,7,60,2,3,Shiny Beetle,1,
5,Primal Forest,7,high,7,60,2,3,Divine Rhino,1,
25,Primal Forest,7,high,8,40,2,3,Hercudrome,1,
25,Primal Forest,7,high,8,40,2,3,Divine Rhino,1,
20,Primal Forest,7,high,8,40,2,3,Shiny Beetle,1,
20,Primal Forest,7,high,8,40,2,3,King Scarab,1,
5,Primal Forest,7,high,8,40,2,3,Thunderbug,1,
5,Primal Forest,7,high,8,40,2,3,Carpenterbug,1,
45,Primal Forest,7,g,1,,3,5,Nulberry,1,
25,Primal Forest,7,g,1,,3,5,Worm,1,
15,Primal Forest,7,g,1,,3,5,Might Seed,1,
15,Primal Forest,7,g,1,,3,5,Scatternut,1,
35,Primal Forest,7,g,2,,3,5,Crystal Bone,2,
15,Primal Forest,7,g,2,,3,5,Lightcrystal,1,
10,Primal Forest,7,g,2,,3,5,Whetstone,1,
10,Primal Forest,7,g,2,,3,5,Carbalite Ore,1,
10,Primal Forest,7,g,2,,3,5,Eltalite Ore,1,
10,Primal Forest,7,g,2,,3,5,Shining Charm,1,
10,Primal Forest,7,g,2,,3,5,Timeworn Charm,1,
85,Primal Forest,7,g,3,,1,1,Honey,1,
10,Primal Forest,7,g,3,,1,1,Snakebee Larva,1,
5,Primal Forest,7,g,3,,1,1,Insect Husk,1,
100,Primal Forest,7,g,4,,2,3,Burned Husk,1,
20,Primal Forest,7,g,5,70,3,4,Shiny Beetle,2,
15,Primal Forest,7,g,5,70,3,4,Stinkhopper,2,
15,Primal Forest,7,g,5,70,3,4,Rare Scarab,1,
15,Primal Forest,7,g,5,70,3,4,Royal Rhino,1,
15,Primal Forest,7,g,5,70,3,4,Divine Rhino,1,
10,Primal Forest,7,g,5,70,3,4,Carpenterbug,2,
10,Primal Forest,7,g,5,70,3,4,Emperor Hopper,1,
30,Primal Forest,7,g,6,30,3,4,Emperor Hopper,1,
25,Primal Forest,7,g,6,30,3,4,Rare Scarab,1,
25,Primal Forest,7,g,6,30,3,4,Divine Rhino,1,
20,Primal Forest,7,g,6,30,3,4,King Scarab,1,
20,Primal Forest,7,g,7,60,2,3,Shiny Beetle,2,
15,Primal Forest,7,g,7,60,2,3,Stinkhopper,2,
15,Primal Forest,7,g,7,60,2,3,Rare Scarab,1,
15,Primal Forest,7,g,7,60,2,3,Royal Rhino,1,
15,Primal Forest,7,g,7,60,2,3,Divine Rhino,1,
10,Primal Forest,7,g,7,60,2,3,Carpenterbug,2,
10,Primal Forest,7,g,7,60,2,3,Emperor Hopper,1,
30,Primal Forest,7,g,8,40,2,3,Emperor Hopper,1,
25,Primal Forest,7,g,8,40,2,3,Rare Scarab,1,
25,Primal Forest,7,g,8,40,2,3,Divine Rhino,1,
20,Primal Forest,7,g,8,40,2,3,King Scarab,1,
35,Primal Forest,8,low,1,,2,4,Bone Husk,1,
25,Primal Forest,8,low,1,,2,4,Fossilized Bone,2,
20,Primal Forest,8,low,1,,2,4,Mystery Bone,2,
15,Primal Forest,8,low,1,,2,4,Mystery Bone,1,
5,Primal Forest,8,low,1,,2,4,Unknown Skull,1,
95,Primal Forest,8,low,2,,,,Wyvern Egg,1,∞
5,Primal Forest,8,low,2,,,,Monster Bone S,1,∞
25,Primal Forest,8,low,3,55,3,5,Crystal Bone,1,
15,Primal Forest,8,low,3,55,3,5,Earth Crystal,1,
15,Primal Forest,8,low,3,55,3,5,Sunspire Jewel,1,
15,Primal Forest,8,low,3,55,3,5,Mystery Charm,1,
10,Primal Forest,8,low,3,55,3,5,Carbalite Ore,1,
10,Primal Forest,8,low,3,55,3,5,Armor Sphere+,1,
5,Primal Forest,8,low,3,55,3,5,Stone,3,
5,Primal Forest,8,low,3,55,3,5,Adv Armor Sphere,1,
35,Primal Forest,8,low,4,45,3,5,Carbalite Ore,1,
15,Primal Forest,8,low,4,45,3,5,Sunspire Jewel,1,
15,Primal Forest,8,low,4,45,3,5,Bloodrun Jewel,1,
10,Primal Forest,8,low,4,45,3,5,Armor Sphere+,1,
10,Primal Forest,8,low,4,45,3,5,Shining Charm,1,
10,Primal Forest,8,low,4,45,3,5,Crystal Bone,2,
5,Primal Forest,8,low,4,45,3,5,Adv Armor Sphere,1,
35,Primal Forest,8,low,5,70,2,4,Bone Husk,1,
25,Primal Forest,8,low,5,70,2,4,Mystery Bone,2,
20,Primal Forest,8,low,5,70,2,4,Fossilized Bone,2,
15,Primal Forest,8,low,5,70,2,4,Bone Husk,3,
5,Primal Forest,8,low,5,70,2,4,Unknown Skull,1,
25,Primal Forest,8,low,6,30,2,4,Bone Husk,4,
20,Primal Forest,8,low,6,30,2,4,Dragonbone Relic,1,
15,Primal Forest,8,low,6,30,2,4,Unknown Skull,1,
15,Primal Forest,8,low,6,30,2,4,Fossilized Bone,2,
10,Primal Forest,8,low,6,30,2,4,Bone Husk,2,
10,Primal Forest,8,low,6,30,2,4,Mystery Bone,3,
5,Primal Forest,8,low,6,30,2,4,Fossilized Bone,4,
35,Primal Forest,8,low,7,50,3,4,Bone Husk,1,
25,Primal Forest,8,low,7,50,3,4,Mystery Bone,2,
20,Primal Forest,8,low,7,50,3,4,Fossilized Bone,2,
15,Primal Forest,8,low,7,50,3,4,Bone Husk,3,
5,Primal Forest,8,low,7,50,3,4,Unknown Skull,1,
25,Primal Forest,8,low,8,50,3,4,Bone Husk,4,
20,Primal Forest,8,low,8,50,3,4,Dragonbone Relic,1,
15,Primal Forest,8,low,8,50,3,4,Unknown Skull,1,
15,Primal Forest,8,low,8,50,3,4,Fossilized Bone,2,
10,Primal Forest,8,low,8,50,3,4,Bone Husk,2,
10,Primal Forest,8,low,8,50,3,4,Mystery Bone,3,
5,Primal Forest,8,low,8,50,3,4,Fossilized Bone,4,
35,Primal Forest,8,high,1,,2,4,Bone Husk,1,
25,Primal Forest,8,high,1,,2,4,Fossilized Bone,2,
20,Primal Forest,8,high,1,,2,4,Mystery Bone,2,
15,Primal Forest,8,high,1,,2,4,Mystery Bone,1,
5,Primal Forest,8,high,1,,2,4,Unknown Skull,1,
95,Primal Forest,8,high,2,,,,Wyvern Egg,1,∞
5,Primal Forest,8,high,2,,,,Monster Bone S,1,∞
25,Primal Forest,8,high,3,55,3,5,Crystal Bone,1,
15,Primal Forest,8,high,3,55,3,5,Earth Crystal,1,
15,Primal Forest,8,high,3,55,3,5,Sunspire Jewel,1,
15,Primal Forest,8,high,3,55,3,5,Mystery Charm,1,
10,Primal Forest,8,high,3,55,3,5,Carbalite Ore,1,
10,Primal Forest,8,high,3,55,3,5,Armor Sphere+,1,
5,Primal Forest,8,high,3,55,3,5,Stone,3,
5,Primal Forest,8,high,3,55,3,5,Adv Armor Sphere,1,
35,Primal Forest,8,high,4,45,3,5,Carbalite Ore,1,
15,Primal Forest,8,high,4,45,3,5,Sunspire Jewel,1,
15,Primal Forest,8,high,4,45,3,5,Bloodrun Jewel,1,
10,Primal Forest,8,high,4,45,3,5,Armor Sphere+,1,
10,Primal Forest,8,high,4,45,3,5,Shining Charm,1,
10,Primal Forest,8,high,4,45,3,5,Crystal Bone,2,
5,Primal Forest,8,high,4,45,3,5,Adv Armor Sphere,1,
35,Primal Forest,8,high,5,70,2,4,Bone Husk,1,
25,Primal Forest,8,high,5,70,2,4,Mystery Bone,2,
20,Primal Forest,8,high,5,70,2,4,Fossilized Bone,2,
15,Primal Forest,8,high,5,70,2,4,Bone Husk,3,
5,Primal Forest,8,high,5,70,2,4,Unknown Skull,1,
25,Primal Forest,8,high,6,30,2,4,Bone Husk,4,
20,Primal Forest,8,high,6,30,2,4,Dragonbone Relic,1,
15,Primal Forest,8,high,6,30,2,4,Unknown Skull,1,
15,Primal Forest,8,high,6,30,2,4,Fossilized Bone,2,
10,Primal Forest,8,high,6,30,2,4,Bone Husk,2,
10,Primal Forest,8,high,6,30,2,4,Mystery Bone,3,
5,Primal Forest,8,high,6,30,2,4,Fossilized Bone,4,
35,Primal Forest,8,high,7,50,3,4,Bone Husk,1,
25,Primal Forest,8,high,7,50,3,4,Mystery Bone,2,
20,Primal Forest,8,high,7,50,3,4,Fossilized Bone,2,
15,Primal Forest,8,high,7,50,3,4,Bone Husk,3,
5,Primal Forest,8,high,7,50,3,4,Unknown Skull,1,
25,Primal Forest,8,high,8,50,3,4,Bone Husk,4,
20,Primal Forest,8,high,8,50,3,4,Dragonbone Relic,1,
15,Primal Forest,8,high,8,50,3,4,Unknown Skull,1,
15,Primal Forest,8,high,8,50,3,4,Fossilized Bone,2,
10,Primal Forest,8,high,8,50,3,4,Bone Husk,2,
10,Primal Forest,8,high,8,50,3,4,Mystery Bone,3,
5,Primal Forest,8,high,8,50,3,4,Fossilized Bone,4,
35,Primal Forest,8,g,1,,2,4,Bone Husk,1,
25,Primal Forest,8,g,1,,2,4,Fossilized Bone,2,
20,Primal Forest,8,g,1,,2,4,Mystery Bone,2,
15,Primal Forest,8,g,1,,2,4,Dragonbone Relic,1,
5,Primal Forest,8,g,1,,2,4,Unknown Skull,1,
95,Primal Forest,8,g,2,,,,Wyvern Egg,1,∞
5,Primal Forest,8,g,2,,,,Monster Bone S,1,∞
25,Primal Forest,8,g,3,55,3,5,Carbalite Ore,1,
25,Primal Forest,8,g,3,55,3,5,Crystal Bone,1,
15,Primal Forest,8,g,3,55,3,5,Adamant Orb,1,
10,Primal Forest,8,g,3,55,3,5,Hard Armor Sphere,1,
10,Primal Forest,8,g,3,55,3,5,Shining Charm,1,
5,Primal Forest,8,g,3,55,3,5,Stone,3,
5,Primal Forest,8,g,3,55,3,5,Eltalite Ore,1,
5,Primal Forest,8,g,3,55,3,5,Heavy Armor Sphere,1,
35,Primal Forest,8,g,4,45,3,5,Eltalite Ore,1,
15,Primal Forest,8,g,4,45,3,5,Lazurite Jewel,1,
15,Primal Forest,8,g,4,45,3,5,Adamant Orb,1,
10,Primal Forest,8,g,4,45,3,5,Hard Armor Sphere,1,
10,Primal Forest,8,g,4,45,3,5,Timeworn Charm,1,
10,Primal Forest,8,g,4,45,3,5,Crystal Bone,2,
5,Primal Forest,8,g,4,45,3,5,Heavy Armor Sphere,1,
30,Primal Forest,8,g,5,70,2,4,Bone Husk,3,
25,Primal Forest,8,g,5,70,2,4,Mystery Bone,2,
20,Primal Forest,8,g,5,70,2,4,Dragonbone Relic,1,
20,Primal Forest,8,g,5,70,2,4,Fossilized Bone,2,
5,Primal Forest,8,g,5,70,2,4,Unknown Skull,1,
25,Primal Forest,8,g,6,30,2,4,Bone Husk,4,
20,Primal Forest,8,g,6,30,2,4,Dragonbone Artifact,1,
15,Primal Forest,8,g,6,30,2,4,Unknown Skull,1,
15,Primal Forest,8,g,6,30,2,4,Fossilized Bone,2,
10,Primal Forest,8,g,6,30,2,4,Mystery Bone,3,
10,Primal Forest,8,g,6,30,2,4,Dragonbone Relic,1,
5,Primal Forest,8,g,6,30,2,4,Fossilized Bone,4,
30,Primal Forest,8,g,7,50,3,4,Bone Husk,3,
25,Primal Forest,8,g,7,50,3,4,Mystery Bone,2,
20,Primal Forest,8,g,7,50,3,4,Dragonbone Relic,1,
20,Primal Forest,8,g,7,50,3,4,Fossilized Bone,2,
5,Primal Forest,8,g,7,50,3,4,Unknown Skull,1,
25,Primal Forest,8,g,8,50,3,4,Bone Husk,4,
20,Primal Forest,8,g,8,50,3,4,Dragonbone Artifact,1,
15,Primal Forest,8,g,8,50,3,4,Unknown Skull,1,
15,Primal Forest,8,g,8,50,3,4,Fossilized Bone,2,
10,Primal Forest,8,g,8,50,3,4,Mystery Bone,3,
10,Primal Forest,8,g,8,50,3,4,Dragonbone Relic,1,
5,Primal Forest,8,g,8,50,3,4,Fossilized Bone,4,
85,Primal Forest,9,low,1,,3,5,Blue Mushroom,1,
10,Primal Forest,9,low,1,,3,5,Mopeshroom,1,
5,Primal Forest,9,low,1,,3,5,Insect Husk,1,
20,Primal Forest,9,low,2,,2,3,Godbug,1,
20,Primal Forest,9,low,2,,2,3,Hercudrome,1,
20,Primal Forest,9,low,2,,2,3,King Scarab,1,
15,Primal Forest,9,low,2,,2,3,Shiny Beetle,1,
10,Primal Forest,9,low,2,,2,3,Spider Web,1,
10,Primal Forest,9,low,2,,2,3,Royal Rhino,2,
5,Primal Forest,9,low,2,,2,3,Divine Rhino,1,
35,Primal Forest,9,low,3,,3,5,Crystal Bone,1,
20,Primal Forest,9,low,3,,3,5,Carbalite Ore,1,
15,Primal Forest,9,low,3,,3,5,Sunspire Jewel,1,
10,Primal Forest,9,low,3,,3,5,Bloodrun Jewel,1,
10,Primal Forest,9,low,3,,3,5,Armor Sphere+,1,
5,Primal Forest,9,low,3,,3,5,Stone,2,
5,Primal Forest,9,low,3,,3,5,Adv Armor Sphere,1,
25,Primal Forest,9,low,4,,3,5,Carbalite Ore,1,
25,Primal Forest,9,low,4,,3,5,Mystery Charm,1,
25,Primal Forest,9,low,4,,3,5,Shining Charm,1,
20,Primal Forest,9,low,4,,3,5,Sunspire Jewel,1,
5,Primal Forest,9,low,4,,3,5,Rustshard,1,
35,Primal Forest,9,low,5,60,3,5,Bone Husk,1,
25,Primal Forest,9,low,5,60,3,5,Mystery Bone,2,
20,Primal Forest,9,low,5,60,3,5,Fossilized Bone,2,
15,Primal Forest,9,low,5,60,3,5,Bone Husk,3,
5,Primal Forest,9,low,5,60,3,5,Unknown Skull,1,
25,Primal Forest,9,low,6,40,3,5,Bone Husk,4,
20,Primal Forest,9,low,6,40,3,5,Dragonbone Relic,1,
15,Primal Forest,9,low,6,40,3,5,Unknown Skull,1,
15,Primal Forest,9,low,6,40,3,5,Fossilized Bone,2,
10,Primal Forest,9,low,6,40,3,5,Bone Husk,2,
10,Primal Forest,9,low,6,40,3,5,Mystery Bone,3,
5,Primal Forest,9,low,6,40,3,5,Fossilized Bone,4,
65,Primal Forest,9,low,7,60,3,4,Mopeshroom,1,
25,Primal Forest,9,low,7,60,3,4,Parashroom,1,
10,Primal Forest,9,low,7,60,3,4,Insect Husk,1,
68,Primal Forest,9,low,8,40,3,4,Parashroom,1,
22,Primal Forest,9,low,8,40,3,4,Exciteshroom,1,
10,Primal Forest,9,low,8,40,3,4,Parashroom,2,
85,Primal Forest,9,high,1,,3,5,Blue Mushroom,1,
10,Primal Forest,9,high,1,,3,5,Mopeshroom,1,
5,Primal Forest,9,high,1,,3,5,Insect Husk,1,
20,Primal Forest,9,high,2,,2,3,Godbug,1,
20,Primal Forest,9,high,2,,2,3,Hercudrome,1,
20,Primal Forest,9,high,2,,2,3,King Scarab,1,
15,Primal Forest,9,high,2,,2,3,Shiny Beetle,1,
10,Primal Forest,9,high,2,,2,3,Spider Web,1,
10,Primal Forest,9,high,2,,2,3,Royal Rhino,2,
5,Primal Forest,9,high,2,,2,3,Divine Rhino,1,
35,Primal Forest,9,high,3,,3,5,Crystal Bone,1,
20,Primal Forest,9,high,3,,3,5,Carbalite Ore,1,
15,Primal Forest,9,high,3,,3,5,Sunspire Jewel,1,
10,Primal Forest,9,high,3,,3,5,Bloodrun Jewel,1,
10,Primal Forest,9,high,3,,3,5,Armor Sphere+,1,
5,Primal Forest,9,high,3,,3,5,Stone,2,
5,Primal Forest,9,high,3,,3,5,Adv Armor Sphere,1,
25,Primal Forest,9,high,4,,3,5,Carbalite Ore,1,
25,Primal Forest,9,high,4,,3,5,Mystery Charm,1,
25,Primal Forest,9,high,4,,3,5,Shining Charm,1,
20,Primal Forest,9,high,4,,3,5,Sunspire Jewel,1,
5,Primal Forest,9,high,4,,3,5,Rustshard,1,
35,Primal Forest,9,high,5,60,3,5,Bone Husk,1,
25,Primal Forest,9,high,5,60,3,5,Mystery Bone,2,
20,Primal Forest,9,high,5,60,3,5,Fossilized Bone,2,
15,Primal Forest,9,high,5,60,3,5,Bone Husk,3,
5,Primal Forest,9,high,5,60,3,5,Unknown Skull,1,
25,Primal Forest,9,high,6,40,3,5,Bone Husk,4,
20,Primal Forest,9,high,6,40,3,5,Dragonbone Relic,1,
15,Primal Forest,9,high,6,40,3,5,Unknown Skull,1,
15,Primal Forest,9,high,6,40,3,5,Fossilized Bone,2,
10,Primal Forest,9,high,6,40,3,5,Bone Husk,2,
10,Primal Forest,9,high,6,40,3,5,Mystery Bone,3,
5,Primal Forest,9,high,6,40,3,5,Fossilized Bone,4,
65,Primal Forest,9,high,7,60,3,4,Mopeshroom,1,
25,Primal Forest,9,high,7,60,3,4,Parashroom,1,
10,Primal Forest,9,high,7,60,3,4,Insect Husk,1,
68,Primal Forest,9,high,8,40,3,4,Parashroom,1,
22,Primal Forest,9,high,8,40,3,4,Exciteshroom,1,
10,Primal Forest,9,high,8,40,3,4,Parashroom,2,
85,Primal Forest,9,g,1,,3,5,Blue Mushroom,1,
10,Primal Forest,9,g,1,,3,5,Mopeshroom,1,
5,Primal Forest,9,g,1,,3,5,Insect Husk,1,
25,Primal Forest,9,g,2,,2,3,Shiny Beetle,2,
25,Primal Forest,9,g,2,,2,3,King Scarab,1,
20,Primal Forest,9,g,2,,2,3,Rare Scarab,1,
10,Primal Forest,9,g,2,,2,3,Spider Web,2,
10,Primal Forest,9,g,2,,2,3,Royal Rhino,2,
10,Primal Forest,9,g,2,,2,3,Divine Rhino,1,
35,Primal Forest,9,g,3,,3,5,Crystal Bone,1,
15,Primal Forest,9,g,3,,3,5,Adamant Orb,1,
10,Primal Forest,9,g,3,,3,5,Carbalite Ore,1,
10,Primal Forest,9,g,3,,3,5,Eltalite Ore,1,
10,Primal Forest,9,g,3,,3,5,Lazurite Jewel,1,
10,Primal Forest,9,g,3,,3,5,Hard Armor Sphere,1,
5,Primal Forest,9,g,3,,3,5,Stone,2,
5,Primal Forest,9,g,3,,3,5,Heavy Armor Sphere,1,
25,Primal Forest,9,g,4,,3,5,Shining Charm,1,
25,Primal Forest,9,g,4,,3,5,Timeworn Charm,1,
20,Primal Forest,9,g,4,,3,5,Adamant Orb,1,
15,Primal Forest,9,g,4,,3,5,Eltalite Ore,1,
10,Primal Forest,9,g,4,,3,5,Carbalite Ore,1,
5,Primal Forest,9,g,4,,3,5,Ancient Shard,1,
30,Primal Forest,9,g,5,60,3,5,Bone Husk,3,
25,Primal Forest,9,g,5,60,3,5,Mystery Bone,2,
20,Primal Forest,9,g,5,60,3,5,Dragonbone Relic,1,
20,Primal Forest,9,g,5,60,3,5,Fossilized Bone,2,
5,Primal Forest,9,g,5,60,3,5,Unknown Skull,1,
25,Primal Forest,9,g,6,40,3,5,Bone Husk,4,
20,Primal Forest,9,g,6,40,3,5,Dragonbone Artifact,1,
15,Primal Forest,9,g,6,40,3,5,Unknown Skull,1,
15,Primal Forest,9,g,6,40,3,5,Fossilized Bone,2,
10,Primal Forest,9,g,6,40,3,5,Mystery Bone,3,
10,Primal Forest,9,g,6,40,3,5,Dragonbone Relic,1,
5,Primal Forest,9,g,6,40,3,5,Fossilized Bone,4,
65,Primal Forest,9,g,7,60,3,4,Mopeshroom,1,
25,Primal Forest,9,g,7,60,3,4,Parashroom,1,
10,Primal Forest,9,g,7,60,3,4,Insect Husk,1,
68,Primal Forest,9,g,8,40,3,4,Parashroom,1,
22,Primal Forest,9,g,8,40,3,4,Exciteshroom,1,
10,Primal Forest,9,g,8,40,3,4,Parashroom,2,
90,Primal Forest,10,low,1,,5,8,Whetstone,1,
10,Primal Forest,10,low,1,,5,8,Stone,2,
50,Primal Forest,10,low,2,,3,5,Lagniapple,1,
25,Primal Forest,10,low,2,,3,5,Big Lagniapple,1,
15,Primal Forest,10,low,2,,3,5,Bomberry,1,
10,Primal Forest,10,low,2,,3,5,Scatternut,1,
90,Primal Forest,10,high,1,,5,8,Whetstone,1,
10,Primal Forest,10,high,1,,5,8,Stone,2,
50,Primal Forest,10,high,2,,3,5,Lagniapple,1,
25,Primal Forest,10,high,2,,3,5,Big Lagniapple,1,
15,Primal Forest,10,high,2,,3,5,Bomberry,1,
10,Primal Forest,10,high,2,,3,5,Scatternut,1,
90,Primal Forest,10,g,1,,5,8,Whetstone,1,
10,Primal Forest,10,g,1,,5,8,Stone,2,
50,Primal Forest,10,g,2,,3,5,Big Lagniapple,1,
25,Primal Forest,10,g,2,,3,5,Huge Lagniapple,1,
15,Primal Forest,10,g,2,,3,5,Bomberry,1,
10,Primal Forest,10,g,2,,3,5,Scatternut,1,
77,F. Seaway,1,low,1,,,,Frog,1,∞
15,F. Seaway,1,low,1,,,,Worm,1,∞
8,F. Seaway,1,low,1,,,,Insect Husk,1,∞
32,F. Seaway,1,low,2,,2,4,Lightcrystal,1,
20,F. Seaway,1,low,2,,2,4,Fucium Ore,1,
15,F. Seaway,1,low,2,,2,4,Rustshard,1,
12,F. Seaway,1,low,2,,2,4,Lazurite Jewel,1,
11,F. Seaway,1,low,2,,2,4,Novacrystal,1,
10,F. Seaway,1,low,2,,2,4,Carbalite Ore,1,
35,F. Seaway,1,low,3,,2,3,Bone Husk,5,
24,F. Seaway,1,low,3,,2,3,Dragonbone Relic,2,
21,F. Seaway,1,low,3,,2,3,Mystery Bone,5,
20,F. Seaway,1,low,3,,2,3,Bone Husk,10,
48,F. Seaway,1,low,4,,2,3,Shining Charm,1,
40,F. Seaway,1,low,4,,2,3,Mystery Charm,1,
12,F. Seaway,1,low,4,,2,3,Timeworn Charm,1,
80,F. Seaway,1,low,5,,1,1,Honey,1,
10,F. Seaway,1,low,5,,1,1,Honey,2,
10,F. Seaway,1,low,5,,1,1,Snakebee Larva,1,
30,F. Seaway,1,low,6,60,3,4,Huskberry,2,
30,F. Seaway,1,low,6,60,3,4,Paintberry,2,
25,F. Seaway,1,low,6,60,3,4,Bomberry,1,
15,F. Seaway,1,low,6,60,3,4,Needleberry,1,
30,F. Seaway,1,low,7,40,3,5,Needleberry,4,
30,F. Seaway,1,low,7,40,3,5,Bomberry,2,
20,F. Seaway,1,low,7,40,3,5,Huskberry,3,
20,F. Seaway,1,low,7,40,3,5,Paintberry,2,
77,F. Seaway,1,high,1,,,,Frog,1,∞
15,F. Seaway,1,high,1,,,,Worm,1,∞
8,F. Seaway,1,high,1,,,,Insect Husk,1,∞
32,F. Seaway,1,high,2,,2,4,Lightcrystal,1,
20,F. Seaway,1,high,2,,2,4,Fucium Ore,1,
15,F. Seaway,1,high,2,,2,4,Rustshard,1,
12,F. Seaway,1,high,2,,2,4,Lazurite Jewel,1,
11,F. Seaway,1,high,2,,2,4,Novacrystal,1,
10,F. Seaway,1,high,2,,2,4,Carbalite Ore,1,
35,F. Seaway,1,high,3,,2,3,Bone Husk,5,
24,F. Seaway,1,high,3,,2,3,Dragonbone Relic,2,
21,F. Seaway,1,high,3,,2,3,Mystery Bone,5,
20,F. Seaway,1,high,3,,2,3,Bone Husk,10,
48,F. Seaway,1,high,4,,2,3,Shining Charm,1,
40,F. Seaway,1,high,4,,2,3,Mystery Charm,1,
12,F. Seaway,1,high,4,,2,3,Timeworn Charm,1,
80,F. Seaway,1,high,5,,1,1,Honey,1,
10,F. Seaway,1,high,5,,1,1,Honey,2,
10,F. Seaway,1,high,5,,1,1,Snakebee Larva,1,
100,F. Seaway,1,high,6,,2,3,Burned Husk,1,
30,F. Seaway,1,high,7,60,3,4,Huskberry,2,
30,F. Seaway,1,high,7,60,3,4,Paintberry,2,
25,F. Seaway,1,high,7,60,3,4,Bomberry,1,
15,F. Seaway,1,high,7,60,3,4,Needleberry,1,
30,F. Seaway,1,high,8,40,3,5,Needleberry,4,
30,F. Seaway,1,high,8,40,3,5,Bomberry,2,
20,F. Seaway,1,high,8,40,3,5,Huskberry,3,
20,F. Seaway,1,high,8,40,3,5,Paintberry,2,
77,F. Seaway,1,g,1,,,,Frog,1,∞
15,F. Seaway,1,g,1,,,,Worm,1,∞
8,F. Seaway,1,g,1,,,,Insect Husk,1,∞
32,F. Seaway,1,g,2,,2,4,Novacrystal,1,
20,F. Seaway,1,g,2,,2,4,Eltalite Ore,1,
15,F. Seaway,1,g,2,,2,4,Ancient Shard,1,
12,F. Seaway,1,g,2,,2,4,Sovereign Orb,1,
11,F. Seaway,1,g,2,,2,4,Purecrystal,1,
10,F. Seaway,1,g,2,,2,4,Meldspar Ore,1,
35,F. Seaway,1,g,3,,2,3,Dragonbone Relic,2,
24,F. Seaway,1,g,3,,2,3,Dragonbone Artifact,2,
21,F. Seaway,1,g,3,,2,3,Mystery Bone,5,
20,F. Seaway,1,g,3,,2,3,Bone Husk,10,
48,F. Seaway,1,g,4,,2,3,Timeworn Charm,1,
40,F. Seaway,1,g,4,,2,3,Shining Charm,2,
12,F. Seaway,1,g,4,,2,3,Enduring Charm,1,
80,F. Seaway,1,g,5,,1,1,Honey,1,
10,F. Seaway,1,g,5,,1,1,Honey,2,
10,F. Seaway,1,g,5,,1,1,Snakebee Larva,1,
100,F. Seaway,1,g,6,,2,3,Burned Husk,1,
30,F. Seaway,1,g,7,60,3,4,Huskberry,2,
30,F. Seaway,1,g,7,60,3,4,Paintberry,2,
25,F. Seaway,1,g,7,60,3,4,Bomberry,1,
15,F. Seaway,1,g,7,60,3,4,Needleberry,1,
30,F. Seaway,1,g,8,40,3,5,Needleberry,4,
30,F. Seaway,1,g,8,40,3,5,Bomberry,2,
20,F. Seaway,1,g,8,40,3,5,Huskberry,3,
20,F. Seaway,1,g,8,40,3,5,Paintberry,2,
90,F. Seaway,2,low,1,,7,10,Whetstone,1,
10,F. Seaway,2,low,1,,7,10,Stone,2,
30,F. Seaway,2,low,2,40,3,5,Needleberry,4,
30,F. Seaway,2,low,2,40,3,5,Bomberry,2,
20,F. Seaway,2,low,2,40,3,5,Huskberry,3,
20,F. Seaway,2,low,2,40,3,5,Paintberry,2,
30,F. Seaway,2,low,3,60,2,4,Huskberry,2,
30,F. Seaway,2,low,3,60,2,4,Paintberry,2,
25,F. Seaway,2,low,3,60,2,4,Bomberry,1,
15,F. Seaway,2,low,3,60,2,4,Needleberry,1,
100,F. Seaway,2,low,4,,,,Whetfish,1,
100,F. Seaway,2,low,5,,,,Sushifish,1,Sushifish Bait
90,F. Seaway,2,high,1,,7,10,Whetstone,1,
10,F. Seaway,2,high,1,,7,10,Stone,2,
30,F. Seaway,2,high,2,40,3,5,Needleberry,4,
30,F. Seaway,2,high,2,40,3,5,Bomberry,2,
20,F. Seaway,2,high,2,40,3,5,Huskberry,3,
20,F. Seaway,2,high,2,40,3,5,Paintberry,2,
30,F. Seaway,2,high,3,60,2,4,Huskberry,2,
30,F. Seaway,2,high,3,60,2,4,Paintberry,2,
25,F. Seaway,2,high,3,60,2,4,Bomberry,1,
15,F. Seaway,2,high,3,60,2,4,Needleberry,1,
100,F. Seaway,2,high,4,,,,Sushifish,1,Sushifish Bait
100,F. Seaway,2,high,5,,,,Goldenfish,1,Goldenfish Bait
60,F. Seaway,2,high,6,,,,Goldenfish,1,Mega Fishing Fly
40,F. Seaway,2,high,6,,,,Silverfish,1,Mega Fishing Fly
29,F. Seaway,2,high,7,,,,Popfish,1,
19,F. Seaway,2,high,7,,,,Sleepyfish,1,
10,F. Seaway,2,high,7,,,,Ancient Fish,1,
9,F. Seaway,2,high,7,,,,Sushifish,1,
9,F. Seaway,2,high,7,,,,Speartuna,1,
9,F. Seaway,2,high,7,,,,Wanchovy,1,
5,F. Seaway,2,high,7,,,,Gastronome Tuna,1,
5,F. Seaway,2,high,7,,,,Goldenfish,1,
5,F. Seaway,2,high,7,,,,Silverfish,1,
90,F. Seaway,2,g,1,,7,10,Whetstone,2,
10,F. Seaway,2,g,1,,7,10,Stone,3,
30,F. Seaway,2,g,2,40,3,5,Needleberry,4,
30,F. Seaway,2,g,2,40,3,5,Bomberry,2,
20,F. Seaway,2,g,2,40,3,5,Huskberry,3,
20,F. Seaway,2,g,2,40,3,5,Paintberry,2,
30,F. Seaway,2,g,3,60,2,4,Huskberry,2,
30,F. Seaway,2,g,3,60,2,4,Paintberry,2,
25,F. Seaway,2,g,3,60,2,4,Bomberry,1,
15,F. Seaway,2,g,3,60,2,4,Needleberry,1,
100,F. Seaway,2,g,4,,,,Sushifish,1,Sushifish Bait
100,F. Seaway,2,g,5,,,,Goldenfish,1,Goldenfish Bait
60,F. Seaway,2,g,6,,,,Goldenfish,1,Mega Fishing Fly
40,F. Seaway,2,g,6,,,,Silverfish,1,Mega Fishing Fly
29,F. Seaway,2,g,7,,,,Popfish,1,
19,F. Seaway,2,g,7,,,,Sleepyfish,1,
10,F. Seaway,2,g,7,,,,Ancient Fish,1,
9,F. Seaway,2,g,7,,,,Sushifish,1,
9,F. Seaway,2,g,7,,,,Speartuna,1,
9,F. Seaway,2,g,7,,,,Wanchovy,1,
5,F. Seaway,2,g,7,,,,Gastronome Tuna,1,
5,F. Seaway,2,g,7,,,,Goldenfish,1,
5,F. Seaway,2,g,7,,,,Silverfish,1,
20,F. Seaway,3,low,1,,4,6,Ice Crystal,1,
20,F. Seaway,3,low,1,,4,6,Carbalite Ore,1,
15,F. Seaway,3,low,1,,4,6,Machalite Ore,1,
10,F. Seaway,3,low,1,,4,6,Sunspire Jewel,1,
10,F. Seaway,3,low,1,,4,6,Bloodrun Jewel,1,
10,F. Seaway,3,low,1,,4,6,Bloodstone,1,
10,F. Seaway,3,low,1,,4,6,Bloodstone,2,
5,F. Seaway,3,low,1,,4,6,Lazurite Jewel,1,
40,F. Seaway,3,low,2,,4,5,Sleep Herb,1,
33,F. Seaway,3,low,2,,4,5,Might Seed,1,
20,F. Seaway,3,low,2,,4,5,Herb,1,
7,F. Seaway,3,low,2,,4,5,Sap Plant,1,
55,F. Seaway,3,low,3,,4,6,Ice Ambrosia,1,
25,F. Seaway,3,low,3,,4,6,Water Ambrosia,1,
10,F. Seaway,3,low,3,,4,6,Larval Extract,1,
10,F. Seaway,3,low,3,,4,6,Paralarval Extract,1,
80,F. Seaway,3,low,4,,1,1,Honey,1,
10,F. Seaway,3,low,4,,1,1,Honey,2,
10,F. Seaway,3,low,4,,1,1,Snakebee Larva,1,
20,F. Seaway,3,low,5,65,3,5,Bloodstone,2,
15,F. Seaway,3,low,5,65,3,5,Bloodrun Jewel,1,
15,F. Seaway,3,low,5,65,3,5,Bloodstone,1,
10,F. Seaway,3,low,5,65,3,5,Machalite Ore,1,
10,F. Seaway,3,low,5,65,3,5,Lightcrystal,1,
10,F. Seaway,3,low,5,65,3,5,Carbalite Ore,1,
10,F. Seaway,3,low,5,65,3,5,Mystery Charm,1,
5,F. Seaway,3,low,5,65,3,5,Armor Sphere+,1,
5,F. Seaway,3,low,5,65,3,5,Adv Armor Sphere,1,
20,F. Seaway,3,low,6,35,3,5,Carbalite Ore,1,
15,F. Seaway,3,low,6,35,3,5,Lazurite Jewel,1,
15,F. Seaway,3,low,6,35,3,5,Shining Charm,1,
10,F. Seaway,3,low,6,35,3,5,Armor Sphere+,1,
10,F. Seaway,3,low,6,35,3,5,Adv Armor Sphere,1,
10,F. Seaway,3,low,6,35,3,5,Hard Armor Sphere,1,
5,F. Seaway,3,low,6,35,3,5,Novacrystal,1,
5,F. Seaway,3,low,6,35,3,5,Fucium Ore,1,
5,F. Seaway,3,low,6,35,3,5,Timeworn Charm,1,
5,F. Seaway,3,low,6,35,3,5,Deep Bloodstone,1,
70,F. Seaway,3,low,7,80,3,5,Ice Ambrosia,1,
25,F. Seaway,3,low,7,80,3,5,Water Ambrosia,1,
5,F. Seaway,3,low,7,80,3,5,Larval Extract,1,
35,F. Seaway,3,low,8,20,3,5,Water Ambrosia,1,
25,F. Seaway,3,low,8,20,3,5,Larval Extract,1,
25,F. Seaway,3,low,8,20,3,5,Paralarval Extract,1,
15,F. Seaway,3,low,8,20,3,5,Ice Ambrosia,1,
20,F. Seaway,3,high,1,,4,6,Ice Crystal,1,
20,F. Seaway,3,high,1,,4,6,Carbalite Ore,1,
15,F. Seaway,3,high,1,,4,6,Machalite Ore,1,
10,F. Seaway,3,high,1,,4,6,Sunspire Jewel,1,
10,F. Seaway,3,high,1,,4,6,Bloodrun Jewel,1,
10,F. Seaway,3,high,1,,4,6,Bloodstone,1,
10,F. Seaway,3,high,1,,4,6,Bloodstone,2,
5,F. Seaway,3,high,1,,4,6,Lazurite Jewel,1,
40,F. Seaway,3,high,2,,4,5,Sleep Herb,1,
33,F. Seaway,3,high,2,,4,5,Might Seed,1,
20,F. Seaway,3,high,2,,4,5,Herb,1,
7,F. Seaway,3,high,2,,4,5,Sap Plant,1,
55,F. Seaway,3,high,3,,4,6,Ice Ambrosia,1,
25,F. Seaway,3,high,3,,4,6,Water Ambrosia,1,
10,F. Seaway,3,high,3,,4,6,Larval Extract,1,
10,F. Seaway,3,high,3,,4,6,Paralarval Extract,1,
80,F. Seaway,3,high,4,,1,1,Honey,1,
10,F. Seaway,3,high,4,,1,1,Honey,2,
10,F. Seaway,3,high,4,,1,1,Snakebee Larva,1,
100,F. Seaway,3,high,5,,2,3,Burned Husk,1,
20,F. Seaway,3,high,6,65,3,5,Bloodstone,2,
15,F. Seaway,3,high,6,65,3,5,Bloodrun Jewel,1,
15,F. Seaway,3,high,6,65,3,5,Bloodstone,1,
10,F. Seaway,3,high,6,65,3,5,Machalite Ore,1,
10,F. Seaway,3,high,6,65,3,5,Lightcrystal,1,
10,F. Seaway,3,high,6,65,3,5,Carbalite Ore,1,
10,F. Seaway,3,high,6,65,3,5,Mystery Charm,1,
5,F. Seaway,3,high,6,65,3,5,Armor Sphere+,1,
5,F. Seaway,3,high,6,65,3,5,Adv Armor Sphere,1,
20,F. Seaway,3,high,7,35,3,5,Carbalite Ore,1,
15,F. Seaway,3,high,7,35,3,5,Lazurite Jewel,1,
15,F. Seaway,3,high,7,35,3,5,Shining Charm,1,
10,F. Seaway,3,high,7,35,3,5,Armor Sphere+,1,
10,F. Seaway,3,high,7,35,3,5,Adv Armor Sphere,1,
10,F. Seaway,3,high,7,35,3,5,Hard Armor Sphere,1,
5,F. Seaway,3,high,7,35,3,5,Novacrystal,1,
5,F. Seaway,3,high,7,35,3,5,Fucium Ore,1,
5,F. Seaway,3,high,7,35,3,5,Timeworn Charm,1,
5,F. Seaway,3,high,7,35,3,5,Deep Bloodstone,1,
70,F. Seaway,3,high,8,80,3,5,Ice Ambrosia,1,
25,F. Seaway,3,high,8,80,3,5,Water Ambrosia,1,
5,F. Seaway,3,high,8,80,3,5,Larval Extract,1,
35,F. Seaway,3,high,9,20,3,5,Water Ambrosia,1,
25,F. Seaway,3,high,9,20,3,5,Larval Extract,1,
25,F. Seaway,3,high,9,20,3,5,Paralarval Extract,1,
15,F. Seaway,3,high,9,20,3,5,Ice Ambrosia,1,
20,F. Seaway,3,g,1,,4,6,Ice Crystal,2,
20,F. Seaway,3,g,1,,4,6,Meldspar Ore,1,
15,F. Seaway,3,g,1,,4,6,Carbalite Ore,1,
10,F. Seaway,3,g,1,,4,6,Lazurite Jewel,1,
10,F. Seaway,3,g,1,,4,6,Adamant Orb,1,
10,F. Seaway,3,g,1,,4,6,Bloodstone,2,
10,F. Seaway,3,g,1,,4,6,Bloodstone,3,
5,F. Seaway,3,g,1,,4,6,Sovereign Orb,1,
40,F. Seaway,3,g,2,,4,5,Sleep Herb,1,
33,F. Seaway,3,g,2,,4,5,Might Seed,1,
20,F. Seaway,3,g,2,,4,5,Herb,1,
7,F. Seaway,3,g,2,,4,5,Sap Plant,1,
40,F. Seaway,3,g,3,,4,6,Ice Ambrosia,1,
20,F. Seaway,3,g,3,,4,6,Larval Extract,1,
20,F. Seaway,3,g,3,,4,6,Paralarval Extract,1,
20,F. Seaway,3,g,3,,4,6,Water Ambrosia,1,
80,F. Seaway,3,g,4,,1,1,Honey,1,
10,F. Seaway,3,g,4,,1,1,Honey,2,
10,F. Seaway,3,g,4,,1,1,Snakebee Larva,1,
100,F. Seaway,3,g,5,,2,3,Burned Husk,1,
20,F. Seaway,3,g,6,65,3,5,Bloodstone,3,
15,F. Seaway,3,g,6,65,3,5,Eltalite Ore,1,
15,F. Seaway,3,g,6,65,3,5,Adamant Orb,1,
10,F. Seaway,3,g,6,65,3,5,Carbalite Ore,1,
10,F. Seaway,3,g,6,65,3,5,Novacrystal,1,
10,F. Seaway,3,g,6,65,3,5,Fucium Ore,1,
10,F. Seaway,3,g,6,65,3,5,Shining Charm,2,
5,F. Seaway,3,g,6,65,3,5,Hard Armor Sphere,2,
5,F. Seaway,3,g,6,65,3,5,Heavy Armor Sphere,1,
20,F. Seaway,3,g,7,35,3,5,Meldspar Ore,1,
15,F. Seaway,3,g,7,35,3,5,Sovereign Orb,1,
15,F. Seaway,3,g,7,35,3,5,Timeworn Charm,1,
10,F. Seaway,3,g,7,35,3,5,Hard Armor Sphere,1,
10,F. Seaway,3,g,7,35,3,5,Heavy Armor Sphere,1,
10,F. Seaway,3,g,7,35,3,5,King Armor Sphere,1,
5,F. Seaway,3,g,7,35,3,5,Eltalite Ore,1,
5,F. Seaway,3,g,7,35,3,5,Novacrystal,1,
5,F. Seaway,3,g,7,35,3,5,Enduring Charm,1,
5,F. Seaway,3,g,7,35,3,5,Deep Bloodstone,1,
70,F. Seaway,3,g,8,80,3,5,Ice Ambrosia,1,
25,F. Seaway,3,g,8,80,3,5,Water Ambrosia,1,
5,F. Seaway,3,g,8,80,3,5,Larval Extract,1,
35,F. Seaway,3,g,9,20,3,5,Water Ambrosia,1,
25,F. Seaway,3,g,9,20,3,5,Larval Extract,1,
25,F. Seaway,3,g,9,20,3,5,Paralarval Extract,1,
15,F. Seaway,3,g,9,20,3,5,Ice Ambrosia,1,
85,F. Seaway,4,low,1,,1,2,Decayed Scale,1,
15,F. Seaway,4,low,1,,1,2,Rustshard,1,
20,F. Seaway,4,low,2,,2,3,Lightcrystal,1,
20,F. Seaway,4,low,2,,2,3,Carbalite Ore,1,
15,F. Seaway,4,low,2,,2,3,Lazurite Jewel,1,
10,F. Seaway,4,low,2,,2,3,Novacrystal,1,
10,F. Seaway,4,low,2,,2,3,Armor Sphere+,1,
10,F. Seaway,4,low,2,,2,3,Adv Armor Sphere,1,
10,F. Seaway,4,low,2,,2,3,Hard Armor Sphere,1,
5,F. Seaway,4,low,2,,2,3,Fucium Ore,1,
35,F. Seaway,4,low,3,60,3,5,Felvine,1,
28,F. Seaway,4,low,3,60,3,5,Sleep Herb,1,
25,F. Seaway,4,low,3,60,3,5,Herb,1,
12,F. Seaway,4,low,3,60,3,5,Sleep Herb,2,
40,F. Seaway,4,low,4,40,4,5,Might Seed,1,
20,F. Seaway,4,low,4,40,4,5,Sleep Herb,1,
20,F. Seaway,4,low,4,40,4,5,Sap Plant,2,
15,F. Seaway,4,low,4,40,4,5,Herb,2,
5,F. Seaway,4,low,4,40,4,5,Sleep Herb,2,
20,F. Seaway,4,low,5,65,3,5,Bloodstone,2,
15,F. Seaway,4,low,5,65,3,5,Bloodrun Jewel,1,
15,F. Seaway,4,low,5,65,3,5,Bloodstone,1,
10,F. Seaway,4,low,5,65,3,5,Machalite Ore,1,
10,F. Seaway,4,low,5,65,3,5,Lightcrystal,1,
10,F. Seaway,4,low,5,65,3,5,Carbalite Ore,1,
10,F. Seaway,4,low,5,65,3,5,Mystery Charm,1,
5,F. Seaway,4,low,5,65,3,5,Armor Sphere+,1,
5,F. Seaway,4,low,5,65,3,5,Adv Armor Sphere,1,
20,F. Seaway,4,low,6,35,3,5,Carbalite Ore,1,
15,F. Seaway,4,low,6,35,3,5,Lazurite Jewel,1,
15,F. Seaway,4,low,6,35,3,5,Shining Charm,1,
10,F. Seaway,4,low,6,35,3,5,Armor Sphere+,1,
10,F. Seaway,4,low,6,35,3,5,Adv Armor Sphere,1,
10,F. Seaway,4,low,6,35,3,5,Hard Armor Sphere,1,
5,F. Seaway,4,low,6,35,3,5,Novacrystal,1,
5,F. Seaway,4,low,6,35,3,5,Fucium Ore,1,
5,F. Seaway,4,low,6,35,3,5,Timeworn Charm,1,
5,F. Seaway,4,low,6,35,3,5,Deep Bloodstone,1,
85,F. Seaway,4,high,1,,1,2,Decayed Scale,1,
15,F. Seaway,4,high,1,,1,2,Rustshard,1,
20,F. Seaway,4,high,2,,2,3,Lightcrystal,1,
20,F. Seaway,4,high,2,,2,3,Carbalite Ore,1,
15,F. Seaway,4,high,2,,2,3,Lazurite Jewel,1,
10,F. Seaway,4,high,2,,2,3,Novacrystal,1,
10,F. Seaway,4,high,2,,2,3,Armor Sphere+,1,
10,F. Seaway,4,high,2,,2,3,Adv Armor Sphere,1,
10,F. Seaway,4,high,2,,2,3,Hard Armor Sphere,1,
5,F. Seaway,4,high,2,,2,3,Fucium Ore,1,
35,F. Seaway,4,high,3,60,3,5,Felvine,1,
28,F. Seaway,4,high,3,60,3,5,Sleep Herb,1,
25,F. Seaway,4,high,3,60,3,5,Herb,1,
12,F. Seaway,4,high,3,60,3,5,Sleep Herb,2,
40,F. Seaway,4,high,4,40,4,5,Might Seed,1,
20,F. Seaway,4,high,4,40,4,5,Sleep Herb,1,
20,F. Seaway,4,high,4,40,4,5,Sap Plant,2,
15,F. Seaway,4,high,4,40,4,5,Herb,2,
5,F. Seaway,4,high,4,40,4,5,Sleep Herb,2,
20,F. Seaway,4,high,5,65,3,5,Bloodstone,2,
15,F. Seaway,4,high,5,65,3,5,Bloodrun Jewel,1,
15,F. Seaway,4,high,5,65,3,5,Bloodstone,1,
10,F. Seaway,4,high,5,65,3,5,Machalite Ore,1,
10,F. Seaway,4,high,5,65,3,5,Lightcrystal,1,
10,F. Seaway,4,high,5,65,3,5,Carbalite Ore,1,
10,F. Seaway,4,high,5,65,3,5,Mystery Charm,1,
5,F. Seaway,4,high,5,65,3,5,Armor Sphere+,1,
5,F. Seaway,4,high,5,65,3,5,Adv Armor Sphere,1,
20,F. Seaway,4,high,6,35,3,5,Carbalite Ore,1,
15,F. Seaway,4,high,6,35,3,5,Lazurite Jewel,1,
15,F. Seaway,4,high,6,35,3,5,Shining Charm,1,
10,F. Seaway,4,high,6,35,3,5,Armor Sphere+,1,
10,F. Seaway,4,high,6,35,3,5,Adv Armor Sphere,1,
10,F. Seaway,4,high,6,35,3,5,Hard Armor Sphere,1,
5,F. Seaway,4,high,6,35,3,5,Novacrystal,1,
5,F. Seaway,4,high,6,35,3,5,Fucium Ore,1,
5,F. Seaway,4,high,6,35,3,5,Timeworn Charm,1,
5,F. Seaway,4,high,6,35,3,5,Deep Bloodstone,1,
85,F. Seaway,4,g,1,,1,2,Decayed Scale,1,
15,F. Seaway,4,g,1,,1,2,Ancient Shard,1,
20,F. Seaway,4,g,2,,2,3,Novacrystal,1,
15,F. Seaway,4,g,2,,2,3,Eltalite Ore,1,
15,F. Seaway,4,g,2,,2,3,Sovereign Orb,1,
10,F. Seaway,4,g,2,,2,3,Lightcrystal,2,
10,F. Seaway,4,g,2,,2,3,Meldspar Ore,1,
10,F. Seaway,4,g,2,,2,3,Hard Armor Sphere,1,
10,F. Seaway,4,g,2,,2,3,Heavy Armor Sphere,1,
10,F. Seaway,4,g,2,,2,3,King Armor Sphere,1,
35,F. Seaway,4,g,3,60,3,5,Felvine,1,
28,F. Seaway,4,g,3,60,3,5,Sleep Herb,1,
25,F. Seaway,4,g,3,60,3,5,Herb,1,
12,F. Seaway,4,g,3,60,3,5,Sleep Herb,2,
40,F. Seaway,4,g,4,40,4,5,Might Seed,1,
20,F. Seaway,4,g,4,40,4,5,Sleep Herb,1,
20,F. Seaway,4,g,4,40,4,5,Sap Plant,2,
15,F. Seaway,4,g,4,40,4,5,Herb,2,
5,F. Seaway,4,g,4,40,4,5,Sleep Herb,2,
20,F. Seaway,4,g,5,65,3,5,Bloodstone,3,
15,F. Seaway,4,g,5,65,3,5,Eltalite Ore,1,
15,F. Seaway,4,g,5,65,3,5,Adamant Orb,1,
10,F. Seaway,4,g,5,65,3,5,Carbalite Ore,1,
10,F. Seaway,4,g,5,65,3,5,Novacrystal,1,
10,F. Seaway,4,g,5,65,3,5,Fucium Ore,1,
10,F. Seaway,4,g,5,65,3,5,Shining Charm,2,
5,F. Seaway,4,g,5,65,3,5,Hard Armor Sphere,2,
5,F. Seaway,4,g,5,65,3,5,Heavy Armor Sphere,1,
20,F. Seaway,4,g,6,35,3,5,Meldspar Ore,1,
15,F. Seaway,4,g,6,35,3,5,Sovereign Orb,1,
15,F. Seaway,4,g,6,35,3,5,Timeworn Charm,1,
10,F. Seaway,4,g,6,35,3,5,Hard Armor Sphere,1,
10,F. Seaway,4,g,6,35,3,5,Heavy Armor Sphere,1,
10,F. Seaway,4,g,6,35,3,5,King Armor Sphere,1,
5,F. Seaway,4,g,6,35,3,5,Eltalite Ore,1,
5,F. Seaway,4,g,6,35,3,5,Novacrystal,1,
5,F. Seaway,4,g,6,35,3,5,Enduring Charm,1,
5,F. Seaway,4,g,6,35,3,5,Deep Bloodstone,1,
20,F. Seaway,5,low,1,,2,3,Lightcrystal,1,
20,F. Seaway,5,low,1,,2,3,Carbalite Ore,1,
15,F. Seaway,5,low,1,,2,3,Lazurite Jewel,1,
10,F. Seaway,5,low,1,,2,3,Novacrystal,1,
10,F. Seaway,5,low,1,,2,3,Armor Sphere+,1,
10,F. Seaway,5,low,1,,2,3,Adv Armor Sphere,1,
10,F. Seaway,5,low,1,,2,3,Hard Armor Sphere,1,
5,F. Seaway,5,low,1,,2,3,Fucium Ore,1,
80,F. Seaway,5,low,2,,3,7,Honey,1,
10,F. Seaway,5,low,2,,3,7,Honey,2,
10,F. Seaway,5,low,2,,3,7,Snakebee Larva,1,
35,F. Seaway,5,low,3,,3,5,Nulberry,3,
25,F. Seaway,5,low,3,,3,5,Huskberry,2,
25,F. Seaway,5,low,3,,3,5,Needleberry,3,
15,F. Seaway,5,low,3,,3,5,Huskberry,3,
20,F. Seaway,5,low,4,60,3,5,Bloodstone,2,
15,F. Seaway,5,low,4,60,3,5,Bloodrun Jewel,1,
15,F. Seaway,5,low,4,60,3,5,Bloodstone,1,
10,F. Seaway,5,low,4,60,3,5,Machalite Ore,1,
10,F. Seaway,5,low,4,60,3,5,Lightcrystal,1,
10,F. Seaway,5,low,4,60,3,5,Carbalite Ore,1,
10,F. Seaway,5,low,4,60,3,5,Mystery Charm,1,
5,F. Seaway,5,low,4,60,3,5,Armor Sphere+,1,
5,F. Seaway,5,low,4,60,3,5,Adv Armor Sphere,1,
20,F. Seaway,5,low,5,40,3,5,Carbalite Ore,1,
15,F. Seaway,5,low,5,40,3,5,Lazurite Jewel,1,
15,F. Seaway,5,low,5,40,3,5,Shining Charm,1,
10,F. Seaway,5,low,5,40,3,5,Armor Sphere+,1,
10,F. Seaway,5,low,5,40,3,5,Adv Armor Sphere,1,
10,F. Seaway,5,low,5,40,3,5,Hard Armor Sphere,1,
5,F. Seaway,5,low,5,40,3,5,Novacrystal,1,
5,F. Seaway,5,low,5,40,3,5,Fucium Ore,1,
5,F. Seaway,5,low,5,40,3,5,Timeworn Charm,1,
5,F. Seaway,5,low,5,40,3,5,Deep Bloodstone,1,
25,F. Seaway,5,low,6,60,3,4,Bitterbug,1,
20,F. Seaway,5,low,6,60,3,4,Flashbug,1,
20,F. Seaway,5,low,6,60,3,4,Stinkhopper,1,
15,F. Seaway,5,low,6,60,3,4,Mega Fishing Fly,1,
10,F. Seaway,5,low,6,60,3,4,King Scarab,1,
5,F. Seaway,5,low,6,60,3,4,Carpenterbug,1,
5,F. Seaway,5,low,6,60,3,4,Royal Rhino,1,
25,F. Seaway,5,low,7,40,3,4,Godbug,1,
20,F. Seaway,5,low,7,40,3,4,Rare Scarab,1,
15,F. Seaway,5,low,7,40,3,4,Shiny Beetle,1,
15,F. Seaway,5,low,7,40,3,4,Hercudrome,1,
10,F. Seaway,5,low,7,40,3,4,Thunderbug,1,
10,F. Seaway,5,low,7,40,3,4,Divine Rhino,1,
5,F. Seaway,5,low,7,40,3,4,Royal Rhino,1,
20,F. Seaway,5,high,1,,2,3,Lightcrystal,1,
20,F. Seaway,5,high,1,,2,3,Carbalite Ore,1,
15,F. Seaway,5,high,1,,2,3,Lazurite Jewel,1,
10,F. Seaway,5,high,1,,2,3,Novacrystal,1,
10,F. Seaway,5,high,1,,2,3,Armor Sphere+,1,
10,F. Seaway,5,high,1,,2,3,Adv Armor Sphere,1,
10,F. Seaway,5,high,1,,2,3,Hard Armor Sphere,1,
5,F. Seaway,5,high,1,,2,3,Fucium Ore,1,
80,F. Seaway,5,high,2,,3,7,Honey,1,
10,F. Seaway,5,high,2,,3,7,Honey,2,
10,F. Seaway,5,high,2,,3,7,Snakebee Larva,1,
35,F. Seaway,5,high,3,,3,5,Nulberry,3,
25,F. Seaway,5,high,3,,3,5,Huskberry,2,
25,F. Seaway,5,high,3,,3,5,Needleberry,3,
15,F. Seaway,5,high,3,,3,5,Huskberry,3,
20,F. Seaway,5,high,4,60,3,5,Bloodstone,2,
15,F. Seaway,5,high,4,60,3,5,Bloodrun Jewel,1,
15,F. Seaway,5,high,4,60,3,5,Bloodstone,1,
10,F. Seaway,5,high,4,60,3,5,Machalite Ore,1,
10,F. Seaway,5,high,4,60,3,5,Lightcrystal,1,
10,F. Seaway,5,high,4,60,3,5,Carbalite Ore,1,
10,F. Seaway,5,high,4,60,3,5,Mystery Charm,1,
5,F. Seaway,5,high,4,60,3,5,Armor Sphere+,1,
5,F. Seaway,5,high,4,60,3,5,Adv Armor Sphere,1,
20,F. Seaway,5,high,5,40,3,5,Carbalite Ore,1,
15,F. Seaway,5,high,5,40,3,5,Lazurite Jewel,1,
15,F. Seaway,5,high,5,40,3,5,Shining Charm,1,
10,F. Seaway,5,high,5,40,3,5,Armor Sphere+,1,
10,F. Seaway,5,high,5,40,3,5,Adv Armor Sphere,1,
10,F. Seaway,5,high,5,40,3,5,Hard Armor Sphere,1,
5,F. Seaway,5,high,5,40,3,5,Novacrystal,1,
5,F. Seaway,5,high,5,40,3,5,Fucium Ore,1,
5,F. Seaway,5,high,5,40,3,5,Timeworn Charm,1,
5,F. Seaway,5,high,5,40,3,5,Deep Bloodstone,1,
25,F. Seaway,5,high,6,60,3,4,Bitterbug,1,
20,F. Seaway,5,high,6,60,3,4,Flashbug,1,
20,F. Seaway,5,high,6,60,3,4,Stinkhopper,1,
15,F. Seaway,5,high,6,60,3,4,Mega Fishing Fly,1,
10,F. Seaway,5,high,6,60,3,4,King Scarab,1,
5,F. Seaway,5,high,6,60,3,4,Carpenterbug,1,
5,F. Seaway,5,high,6,60,3,4,Royal Rhino,1,
25,F. Seaway,5,high,7,40,3,4,Godbug,1,
20,F. Seaway,5,high,7,40,3,4,Rare Scarab,1,
15,F. Seaway,5,high,7,40,3,4,Shiny Beetle,1,
15,F. Seaway,5,high,7,40,3,4,Hercudrome,1,
10,F. Seaway,5,high,7,40,3,4,Thunderbug,1,
10,F. Seaway,5,high,7,40,3,4,Divine Rhino,1,
5,F. Seaway,5,high,7,40,3,4,Royal Rhino,1,
20,F. Seaway,5,g,1,,2,3,Novacrystal,1,
15,F. Seaway,5,g,1,,2,3,Eltalite Ore,1,
15,F. Seaway,5,g,1,,2,3,Sovereign Orb,1,
10,F. Seaway,5,g,1,,2,3,Lightcrystal,2,
10,F. Seaway,5,g,1,,2,3,Meldspar Ore,1,
10,F. Seaway,5,g,1,,2,3,Hard Armor Sphere,1,
10,F. Seaway,5,g,1,,2,3,Heavy Armor Sphere,1,
10,F. Seaway,5,g,1,,2,3,King Armor Sphere,1,
80,F. Seaway,5,g,2,,3,7,Honey,1,
10,F. Seaway,5,g,2,,3,7,Honey,2,
10,F. Seaway,5,g,2,,3,7,Snakebee Larva,1,
35,F. Seaway,5,g,3,,3,5,Nulberry,3,
25,F. Seaway,5,g,3,,3,5,Huskberry,2,
25,F. Seaway,5,g,3,,3,5,Needleberry,3,
15,F. Seaway,5,g,3,,3,5,Huskberry,3,
20,F. Seaway,5,g,4,60,3,5,Bloodstone,3,
15,F. Seaway,5,g,4,60,3,5,Eltalite Ore,1,
15,F. Seaway,5,g,4,60,3,5,Adamant Orb,1,
10,F. Seaway,5,g,4,60,3,5,Carbalite Ore,1,
10,F. Seaway,5,g,4,60,3,5,Novacrystal,1,
10,F. Seaway,5,g,4,60,3,5,Fucium Ore,1,
10,F. Seaway,5,g,4,60,3,5,Shining Charm,2,
5,F. Seaway,5,g,4,60,3,5,Hard Armor Sphere,2,
5,F. Seaway,5,g,4,60,3,5,Heavy Armor Sphere,1,
20,F. Seaway,5,g,5,40,3,5,Meldspar Ore,1,
15,F. Seaway,5,g,5,40,3,5,Sovereign Orb,1,
15,F. Seaway,5,g,5,40,3,5,Timeworn Charm,1,
10,F. Seaway,5,g,5,40,3,5,Hard Armor Sphere,1,
10,F. Seaway,5,g,5,40,3,5,Heavy Armor Sphere,1,
10,F. Seaway,5,g,5,40,3,5,King Armor Sphere,1,
5,F. Seaway,5,g,5,40,3,5,Eltalite Ore,1,
5,F. Seaway,5,g,5,40,3,5,Novacrystal,1,
5,F. Seaway,5,g,5,40,3,5,Enduring Charm,1,
5,F. Seaway,5,g,5,40,3,5,Deep Bloodstone,1,
20,F. Seaway,5,g,6,60,3,4,Stinkhopper,2,
15,F. Seaway,5,g,6,60,3,4,Mega Fishing Fly,2,
15,F. Seaway,5,g,6,60,3,4,Shiny Beetle,2,
15,F. Seaway,5,g,6,60,3,4,Hercudrome,2,
15,F. Seaway,5,g,6,60,3,4,King Scarab,1,
10,F. Seaway,5,g,6,60,3,4,Rare Scarab,1,
5,F. Seaway,5,g,6,60,3,4,Carpenterbug,2,
5,F. Seaway,5,g,6,60,3,4,Royal Rhino,1,
25,F. Seaway,5,g,7,40,3,4,Rare Scarab,1,
25,F. Seaway,5,g,7,40,3,4,Emperor Hopper,1,
20,F. Seaway,5,g,7,40,3,4,King Scarab,1,
15,F. Seaway,5,g,7,40,3,4,Royal Rhino,1,
15,F. Seaway,5,g,7,40,3,4,Divine Rhino,1,
20,F. Seaway,6,low,1,,4,6,Ice Crystal,1,
17,F. Seaway,6,low,1,,4,6,Bloodstone,2,
15,F. Seaway,6,low,1,,4,6,Carbalite Ore,1,
15,F. Seaway,6,low,1,,4,6,Bloodstone,1,
10,F. Seaway,6,low,1,,4,6,Shining Charm,1,
10,F. Seaway,6,low,1,,4,6,Deep Bloodstone,1,
5,F. Seaway,6,low,1,,4,6,Fucium Ore,1,
5,F. Seaway,6,low,1,,4,6,Mystery Charm,1,
3,F. Seaway,6,low,1,,4,6,Timeworn Charm,1,
20,F. Seaway,6,low,2,70,3,5,Bloodstone,2,
15,F. Seaway,6,low,2,70,3,5,Bloodrun Jewel,1,
15,F. Seaway,6,low,2,70,3,5,Bloodstone,1,
10,F. Seaway,6,low,2,70,3,5,Machalite Ore,1,
10,F. Seaway,6,low,2,70,3,5,Lightcrystal,1,
10,F. Seaway,6,low,2,70,3,5,Carbalite Ore,1,
10,F. Seaway,6,low,2,70,3,5,Mystery Charm,1,
5,F. Seaway,6,low,2,70,3,5,Armor Sphere+,1,
5,F. Seaway,6,low,2,70,3,5,Adv Armor Sphere,1,
20,F. Seaway,6,low,3,30,3,5,Carbalite Ore,1,
15,F. Seaway,6,low,3,30,3,5,Lazurite Jewel,1,
15,F. Seaway,6,low,3,30,3,5,Shining Charm,1,
10,F. Seaway,6,low,3,30,3,5,Armor Sphere+,1,
10,F. Seaway,6,low,3,30,3,5,Adv Armor Sphere,1,
10,F. Seaway,6,low,3,30,3,5,Hard Armor Sphere,1,
5,F. Seaway,6,low,3,30,3,5,Novacrystal,1,
5,F. Seaway,6,low,3,30,3,5,Fucium Ore,1,
5,F. Seaway,6,low,3,30,3,5,Timeworn Charm,1,
5,F. Seaway,6,low,3,30,3,5,Deep Bloodstone,1,
30,F. Seaway,6,low,4,70,2,4,Bone Husk,1,
20,F. Seaway,6,low,4,70,2,4,Mystery Bone,1,
20,F. Seaway,6,low,4,70,2,4,Unknown Skull,1,
20,F. Seaway,6,low,4,70,2,4,Fossilized Bone,3,
10,F. Seaway,6,low,4,70,2,4,Bone Husk,2,
40,F. Seaway,6,low,5,30,3,5,Unknown Skull,1,
25,F. Seaway,6,low,5,30,3,5,Dragonbone Relic,1,
20,F. Seaway,6,low,5,30,3,5,Bone Husk,4,
15,F. Seaway,6,low,5,30,3,5,Mystery Bone,2,
20,F. Seaway,6,high,1,,4,6,Ice Crystal,1,
17,F. Seaway,6,high,1,,4,6,Bloodstone,2,
15,F. Seaway,6,high,1,,4,6,Carbalite Ore,1,
15,F. Seaway,6,high,1,,4,6,Bloodstone,1,
10,F. Seaway,6,high,1,,4,6,Shining Charm,1,
10,F. Seaway,6,high,1,,4,6,Deep Bloodstone,1,
5,F. Seaway,6,high,1,,4,6,Fucium Ore,1,
5,F. Seaway,6,high,1,,4,6,Mystery Charm,1,
3,F. Seaway,6,high,1,,4,6,Timeworn Charm,1,
20,F. Seaway,6,high,2,70,3,5,Bloodstone,2,
15,F. Seaway,6,high,2,70,3,5,Bloodrun Jewel,1,
15,F. Seaway,6,high,2,70,3,5,Bloodstone,1,
10,F. Seaway,6,high,2,70,3,5,Machalite Ore,1,
10,F. Seaway,6,high,2,70,3,5,Lightcrystal,1,
10,F. Seaway,6,high,2,70,3,5,Carbalite Ore,1,
10,F. Seaway,6,high,2,70,3,5,Mystery Charm,1,
5,F. Seaway,6,high,2,70,3,5,Armor Sphere+,1,
5,F. Seaway,6,high,2,70,3,5,Adv Armor Sphere,1,
20,F. Seaway,6,high,3,30,3,5,Carbalite Ore,1,
15,F. Seaway,6,high,3,30,3,5,Lazurite Jewel,1,
15,F. Seaway,6,high,3,30,3,5,Shining Charm,1,
10,F. Seaway,6,high,3,30,3,5,Armor Sphere+,1,
10,F. Seaway,6,high,3,30,3,5,Adv Armor Sphere,1,
10,F. Seaway,6,high,3,30,3,5,Hard Armor Sphere,1,
5,F. Seaway,6,high,3,30,3,5,Novacrystal,1,
5,F. Seaway,6,high,3,30,3,5,Fucium Ore,1,
5,F. Seaway,6,high,3,30,3,5,Timeworn Charm,1,
5,F. Seaway,6,high,3,30,3,5,Deep Bloodstone,1,
30,F. Seaway,6,high,4,70,2,4,Bone Husk,1,
20,F. Seaway,6,high,4,70,2,4,Mystery Bone,1,
20,F. Seaway,6,high,4,70,2,4,Unknown Skull,1,
20,F. Seaway,6,high,4,70,2,4,Fossilized Bone,3,
10,F. Seaway,6,high,4,70,2,4,Bone Husk,2,
40,F. Seaway,6,high,5,30,3,5,Unknown Skull,1,
25,F. Seaway,6,high,5,30,3,5,Dragonbone Relic,1,
20,F. Seaway,6,high,5,30,3,5,Bone Husk,4,
15,F. Seaway,6,high,5,30,3,5,Mystery Bone,2,
20,F. Seaway,6,g,1,,4,6,Ice Crystal,2,
17,F. Seaway,6,g,1,,4,6,Deep Bloodstone,1,
15,F. Seaway,6,g,1,,4,6,Eltalite Ore,1,
15,F. Seaway,6,g,1,,4,6,Fucium Ore,1,
10,F. Seaway,6,g,1,,4,6,Timeworn Charm,1,
10,F. Seaway,6,g,1,,4,6,Bloodstone,3,
5,F. Seaway,6,g,1,,4,6,Shining Charm,1,
5,F. Seaway,6,g,1,,4,6,Bloodstone,2,
3,F. Seaway,6,g,1,,4,6,Enduring Charm,1,
20,F. Seaway,6,g,2,70,3,5,Bloodstone,3,
15,F. Seaway,6,g,2,70,3,5,Eltalite Ore,1,
15,F. Seaway,6,g,2,70,3,5,Adamant Orb,1,
10,F. Seaway,6,g,2,70,3,5,Carbalite Ore,1,
10,F. Seaway,6,g,2,70,3,5,Novacrystal,1,
10,F. Seaway,6,g,2,70,3,5,Fucium Ore,1,
10,F. Seaway,6,g,2,70,3,5,Shining Charm,2,
5,F. Seaway,6,g,2,70,3,5,Hard Armor Sphere,2,
5,F. Seaway,6,g,2,70,3,5,Heavy Armor Sphere,1,
20,F. Seaway,6,g,3,30,3,5,Meldspar Ore,1,
15,F. Seaway,6,g,3,30,3,5,Sovereign Orb,1,
15,F. Seaway,6,g,3,30,3,5,Timeworn Charm,1,
10,F. Seaway,6,g,3,30,3,5,Hard Armor Sphere,1,
10,F. Seaway,6,g,3,30,3,5,Heavy Armor Sphere,1,
10,F. Seaway,6,g,3,30,3,5,King Armor Sphere,1,
5,F. Seaway,6,g,3,30,3,5,Eltalite Ore,1,
5,F. Seaway,6,g,3,30,3,5,Novacrystal,1,
5,F. Seaway,6,g,3,30,3,5,Enduring Charm,1,
5,F. Seaway,6,g,3,30,3,5,Deep Bloodstone,1,
30,F. Seaway,6,g,4,70,2,4,Bone Husk,2,
20,F. Seaway,6,g,4,70,2,4,Mystery Bone,2,
20,F. Seaway,6,g,4,70,2,4,Unknown Skull,1,
20,F. Seaway,6,g,4,70,2,4,Fossilized Bone,3,
10,F. Seaway,6,g,4,70,2,4,Dragonbone Relic,1,
40,F. Seaway,6,g,5,30,3,5,Unknown Skull,1,
25,F. Seaway,6,g,5,30,3,5,Dragonbone Artifact,1,
20,F. Seaway,6,g,5,30,3,5,Bone Husk,4,
15,F. Seaway,6,g,5,30,3,5,Dragonbone Relic,1,
20,F. Seaway,7,low,1,,4,6,Ice Crystal,1,
17,F. Seaway,7,low,1,,4,6,Bloodstone,2,
15,F. Seaway,7,low,1,,4,6,Carbalite Ore,1,
15,F. Seaway,7,low,1,,4,6,Bloodstone,1,
10,F. Seaway,7,low,1,,4,6,Shining Charm,1,
10,F. Seaway,7,low,1,,4,6,Deep Bloodstone,1,
5,F. Seaway,7,low,1,,4,6,Fucium Ore,1,
5,F. Seaway,7,low,1,,4,6,Mystery Charm,1,
3,F. Seaway,7,low,1,,4,6,Timeworn Charm,1,
25,F. Seaway,7,low,2,,3,5,Thunderbug,1,
20,F. Seaway,7,low,2,,3,5,Hercudrome,1,
15,F. Seaway,7,low,2,,3,5,Flashbug,1,
15,F. Seaway,7,low,2,,3,5,Shiny Beetle,1,
15,F. Seaway,7,low,2,,3,5,Rare Scarab,1,
5,F. Seaway,7,low,2,,3,5,Royal Rhino,1,
5,F. Seaway,7,low,2,,3,5,Divine Rhino,1,
35,F. Seaway,7,low,3,,3,4,Mystery Bone,1,
30,F. Seaway,7,low,3,,3,4,Fossilized Bone,2,
25,F. Seaway,7,low,3,,3,4,Bone Husk,2,
10,F. Seaway,7,low,3,,3,4,Dragonbone Relic,1,
80,F. Seaway,7,low,4,,1,1,Honey,1,
10,F. Seaway,7,low,4,,1,1,Honey,2,
10,F. Seaway,7,low,4,,1,1,Snakebee Larva,1,
25,F. Seaway,7,low,5,55,3,5,Bitterbug,1,
20,F. Seaway,7,low,5,55,3,5,Flashbug,1,
20,F. Seaway,7,low,5,55,3,5,Stinkhopper,1,
15,F. Seaway,7,low,5,55,3,5,Mega Fishing Fly,1,
10,F. Seaway,7,low,5,55,3,5,King Scarab,1,
5,F. Seaway,7,low,5,55,3,5,Carpenterbug,1,
5,F. Seaway,7,low,5,55,3,5,Royal Rhino,1,
25,F. Seaway,7,low,6,45,3,5,Godbug,1,
20,F. Seaway,7,low,6,45,3,5,Rare Scarab,1,
15,F. Seaway,7,low,6,45,3,5,Shiny Beetle,1,
15,F. Seaway,7,low,6,45,3,5,Hercudrome,1,
10,F. Seaway,7,low,6,45,3,5,Thunderbug,1,
10,F. Seaway,7,low,6,45,3,5,Divine Rhino,1,
5,F. Seaway,7,low,6,45,3,5,Royal Rhino,1,
20,F. Seaway,7,high,1,,4,6,Ice Crystal,1,
17,F. Seaway,7,high,1,,4,6,Bloodstone,2,
15,F. Seaway,7,high,1,,4,6,Carbalite Ore,1,
15,F. Seaway,7,high,1,,4,6,Bloodstone,1,
10,F. Seaway,7,high,1,,4,6,Shining Charm,1,
10,F. Seaway,7,high,1,,4,6,Deep Bloodstone,1,
5,F. Seaway,7,high,1,,4,6,Fucium Ore,1,
5,F. Seaway,7,high,1,,4,6,Mystery Charm,1,
3,F. Seaway,7,high,1,,4,6,Timeworn Charm,1,
25,F. Seaway,7,high,2,,3,5,Thunderbug,1,
20,F. Seaway,7,high,2,,3,5,Hercudrome,1,
15,F. Seaway,7,high,2,,3,5,Flashbug,1,
15,F. Seaway,7,high,2,,3,5,Shiny Beetle,1,
15,F. Seaway,7,high,2,,3,5,Rare Scarab,1,
5,F. Seaway,7,high,2,,3,5,Royal Rhino,1,
5,F. Seaway,7,high,2,,3,5,Divine Rhino,1,
35,F. Seaway,7,high,3,,3,4,Mystery Bone,1,
30,F. Seaway,7,high,3,,3,4,Fossilized Bone,2,
25,F. Seaway,7,high,3,,3,4,Bone Husk,2,
10,F. Seaway,7,high,3,,3,4,Dragonbone Relic,1,
80,F. Seaway,7,high,4,,1,1,Honey,1,
10,F. Seaway,7,high,4,,1,1,Honey,2,
10,F. Seaway,7,high,4,,1,1,Snakebee Larva,1,
100,F. Seaway,7,high,5,,2,3,Burned Husk,1,
25,F. Seaway,7,high,6,55,3,5,Bitterbug,1,
20,F. Seaway,7,high,6,55,3,5,Flashbug,1,
20,F. Seaway,7,high,6,55,3,5,Stinkhopper,1,
15,F. Seaway,7,high,6,55,3,5,Mega Fishing Fly,1,
10,F. Seaway,7,high,6,55,3,5,King Scarab,1,
5,F. Seaway,7,high,6,55,3,5,Carpenterbug,1,
5,F. Seaway,7,high,6,55,3,5,Royal Rhino,1,
25,F. Seaway,7,high,7,45,3,5,Godbug,1,
20,F. Seaway,7,high,7,45,3,5,Rare Scarab,1,
15,F. Seaway,7,high,7,45,3,5,Shiny Beetle,1,
15,F. Seaway,7,high,7,45,3,5,Hercudrome,1,
10,F. Seaway,7,high,7,45,3,5,Thunderbug,1,
10,F. Seaway,7,high,7,45,3,5,Divine Rhino,1,
5,F. Seaway,7,high,7,45,3,5,Royal Rhino,1,
20,F. Seaway,7,g,1,,4,6,Ice Crystal,2,
17,F. Seaway,7,g,1,,4,6,Deep Bloodstone,1,
15,F. Seaway,7,g,1,,4,6,Eltalite Ore,1,
15,F. Seaway,7,g,1,,4,6,Fucium Ore,1,
10,F. Seaway,7,g,1,,4,6,Timeworn Charm,1,
10,F. Seaway,7,g,1,,4,6,Bloodstone,3,
5,F. Seaway,7,g,1,,4,6,Shining Charm,1,
5,F. Seaway,7,g,1,,4,6,Bloodstone,2,
3,F. Seaway,7,g,1,,4,6,Enduring Charm,1,
20,F. Seaway,7,g,2,,3,5,Rare Scarab,1,
20,F. Seaway,7,g,2,,3,5,Emperor Hopper,1,
20,F. Seaway,7,g,2,,3,5,Divine Rhino,1,
15,F. Seaway,7,g,2,,3,5,King Scarab,1,
10,F. Seaway,7,g,2,,3,5,Shiny Beetle,2,
10,F. Seaway,7,g,2,,3,5,Hercudrome,2,
5,F. Seaway,7,g,2,,3,5,Royal Rhino,1,
30,F. Seaway,7,g,3,,3,4,Fossilized Bone,2,
20,F. Seaway,7,g,3,,3,4,Bone Husk,2,
20,F. Seaway,7,g,3,,3,4,Mystery Bone,2,
20,F. Seaway,7,g,3,,3,4,Dragonbone Relic,1,
10,F. Seaway,7,g,3,,3,4,Dragonbone Artifact,1,
80,F. Seaway,7,g,4,,1,1,Honey,1,
10,F. Seaway,7,g,4,,1,1,Honey,2,
10,F. Seaway,7,g,4,,1,1,Snakebee Larva,1,
100,F. Seaway,7,g,5,,2,3,Burned Husk,1,
20,F. Seaway,7,g,6,55,3,5,Stinkhopper,2,
15,F. Seaway,7,g,6,55,3,5,Mega Fishing Fly,2,
15,F. Seaway,7,g,6,55,3,5,Shiny Beetle,2,
15,F. Seaway,7,g,6,55,3,5,Hercudrome,2,
15,F. Seaway,7,g,6,55,3,5,King Scarab,1,
10,F. Seaway,7,g,6,55,3,5,Rare Scarab,1,
5,F. Seaway,7,g,6,55,3,5,Carpenterbug,2,
5,F. Seaway,7,g,6,55,3,5,Royal Rhino,1,
25,F. Seaway,7,g,7,45,3,5,Rare Scarab,1,
25,F. Seaway,7,g,7,45,3,5,Emperor Hopper,1,
20,F. Seaway,7,g,7,45,3,5,King Scarab,1,
15,F. Seaway,7,g,7,45,3,5,Royal Rhino,1,
15,F. Seaway,7,g,7,45,3,5,Divine Rhino,1,
20,F. Seaway,8,low,1,,3,5,Bitterbug,1,
20,F. Seaway,8,low,1,,3,5,Carpenterbug,1,
15,F. Seaway,8,low,1,,3,5,Godbug,1,
15,F. Seaway,8,low,1,,3,5,King Scarab,1,
10,F. Seaway,8,low,1,,3,5,Mega Fishing Fly,1,
10,F. Seaway,8,low,1,,3,5,Flashbug,1,
10,F. Seaway,8,low,1,,3,5,Stinkhopper,1,
50,F. Seaway,8,low,2,,3,5,Lagniapple,1,
25,F. Seaway,8,low,2,,3,5,Big Lagniapple,1,
15,F. Seaway,8,low,2,,3,5,Bomberry,1,
10,F. Seaway,8,low,2,,3,5,Scatternut,1,
85,F. Seaway,8,low,3,70,3,4,Honey,1,
10,F. Seaway,8,low,3,70,3,4,Snakebee Larva,1,
5,F. Seaway,8,low,3,70,3,4,Honey,2,
60,F. Seaway,8,low,4,30,3,4,Honey,1,
30,F. Seaway,8,low,4,30,3,4,Honey,2,
10,F. Seaway,8,low,4,30,3,4,Snakebee Larva,1,
40,F. Seaway,8,low,5,40,3,4,Might Seed,1,
20,F. Seaway,8,low,5,40,3,4,Sleep Herb,1,
20,F. Seaway,8,low,5,40,3,4,Sap Plant,2,
15,F. Seaway,8,low,5,40,3,4,Herb,2,
5,F. Seaway,8,low,5,40,3,4,Sleep Herb,2,
35,F. Seaway,8,low,6,60,2,3,Felvine,1,
28,F. Seaway,8,low,6,60,2,3,Sleep Herb,1,
25,F. Seaway,8,low,6,60,2,3,Herb,1,
12,F. Seaway,8,low,6,60,2,3,Sleep Herb,2,
20,F. Seaway,8,high,1,,3,5,Bitterbug,1,
20,F. Seaway,8,high,1,,3,5,Carpenterbug,1,
15,F. Seaway,8,high,1,,3,5,Godbug,1,
15,F. Seaway,8,high,1,,3,5,King Scarab,1,
10,F. Seaway,8,high,1,,3,5,Mega Fishing Fly,1,
10,F. Seaway,8,high,1,,3,5,Flashbug,1,
10,F. Seaway,8,high,1,,3,5,Stinkhopper,1,
50,F. Seaway,8,high,2,,3,5,Lagniapple,1,
25,F. Seaway,8,high,2,,3,5,Big Lagniapple,1,
15,F. Seaway,8,high,2,,3,5,Bomberry,1,
10,F. Seaway,8,high,2,,3,5,Scatternut,1,
85,F. Seaway,8,high,3,70,3,4,Honey,1,
10,F. Seaway,8,high,3,70,3,4,Snakebee Larva,1,
5,F. Seaway,8,high,3,70,3,4,Honey,2,
60,F. Seaway,8,high,4,30,3,4,Honey,1,
30,F. Seaway,8,high,4,30,3,4,Honey,2,
10,F. Seaway,8,high,4,30,3,4,Snakebee Larva,1,
40,F. Seaway,8,high,5,40,3,4,Might Seed,1,
20,F. Seaway,8,high,5,40,3,4,Sleep Herb,1,
20,F. Seaway,8,high,5,40,3,4,Sap Plant,2,
15,F. Seaway,8,high,5,40,3,4,Herb,2,
5,F. Seaway,8,high,5,40,3,4,Sleep Herb,2,
35,F. Seaway,8,high,6,60,2,3,Felvine,1,
28,F. Seaway,8,high,6,60,2,3,Sleep Herb,1,
25,F. Seaway,8,high,6,60,2,3,Herb,1,
12,F. Seaway,8,high,6,60,2,3,Sleep Herb,2,
30,F. Seaway,8,g,1,,3,5,King Scarab,1,
20,F. Seaway,8,g,1,,3,5,Carpenterbug,2,
15,F. Seaway,8,g,1,,3,5,Godbug,2,
10,F. Seaway,8,g,1,,3,5,Mega Fishing Fly,2,
10,F. Seaway,8,g,1,,3,5,Stinkhopper,2,
10,F. Seaway,8,g,1,,3,5,Rare Scarab,1,
5,F. Seaway,8,g,1,,3,5,Emperor Hopper,1,
50,F. Seaway,8,g,2,,3,5,Big Lagniapple,1,
25,F. Seaway,8,g,2,,3,5,Huge Lagniapple,1,
15,F. Seaway,8,g,2,,3,5,Bomberry,1,
10,F. Seaway,8,g,2,,3,5,Scatternut,1,
85,F. Seaway,8,g,3,70,3,4,Honey,1,
10,F. Seaway,8,g,3,70,3,4,Snakebee Larva,1,
5,F. Seaway,8,g,3,70,3,4,Honey,2,
60,F. Seaway,8,g,4,30,3,4,Honey,1,
30,F. Seaway,8,g,4,30,3,4,Honey,2,
10,F. Seaway,8,g,4,30,3,4,Snakebee Larva,1,
40,F. Seaway,8,g,5,40,3,4,Might Seed,1,
20,F. Seaway,8,g,5,40,3,4,Sleep Herb,1,
20,F. Seaway,8,g,5,40,3,4,Sap Plant,2,
15,F. Seaway,8,g,5,40,3,4,Herb,2,
5,F. Seaway,8,g,5,40,3,4,Sleep Herb,2,
35,F. Seaway,8,g,6,60,2,3,Felvine,1,
28,F. Seaway,8,g,6,60,2,3,Sleep Herb,1,
25,F. Seaway,8,g,6,60,2,3,Herb,1,
12,F. Seaway,8,g,6,60,2,3,Sleep Herb,2,
40,F. Seaway,9,low,1,,3,4,Sleep Herb,1,
33,F. Seaway,9,low,1,,3,4,Might Seed,1,
20,F. Seaway,9,low,1,,3,4,Herb,1,
7,F. Seaway,9,low,1,,3,4,Sap Plant,1,
20,F. Seaway,9,low,2,,4,6,Ice Crystal,1,
17,F. Seaway,9,low,2,,4,6,Bloodstone,2,
15,F. Seaway,9,low,2,,4,6,Carbalite Ore,1,
15,F. Seaway,9,low,2,,4,6,Bloodstone,1,
10,F. Seaway,9,low,2,,4,6,Shining Charm,1,
10,F. Seaway,9,low,2,,4,6,Deep Bloodstone,1,
5,F. Seaway,9,low,2,,4,6,Fucium Ore,1,
5,F. Seaway,9,low,2,,4,6,Mystery Charm,1,
3,F. Seaway,9,low,2,,4,6,Timeworn Charm,1,
80,F. Seaway,9,low,3,,1,1,Honey,1,
10,F. Seaway,9,low,3,,1,1,Honey,2,
10,F. Seaway,9,low,3,,1,1,Snakebee Larva,1,
30,F. Seaway,9,low,4,60,3,4,Huskberry,2,
30,F. Seaway,9,low,4,60,3,4,Paintberry,2,
25,F. Seaway,9,low,4,60,3,4,Bomberry,1,
15,F. Seaway,9,low,4,60,3,4,Needleberry,1,
30,F. Seaway,9,low,5,40,4,5,Needleberry,4,
30,F. Seaway,9,low,5,40,4,5,Bomberry,2,
20,F. Seaway,9,low,5,40,4,5,Huskberry,3,
20,F. Seaway,9,low,5,40,4,5,Paintberry,2,
30,F. Seaway,9,low,6,65,3,4,Bone Husk,1,
20,F. Seaway,9,low,6,65,3,4,Mystery Bone,1,
20,F. Seaway,9,low,6,65,3,4,Unknown Skull,1,
20,F. Seaway,9,low,6,65,3,4,Fossilized Bone,3,
10,F. Seaway,9,low,6,65,3,4,Bone Husk,2,
40,F. Seaway,9,low,7,35,3,6,Unknown Skull,1,
25,F. Seaway,9,low,7,35,3,6,Dragonbone Relic,1,
20,F. Seaway,9,low,7,35,3,6,Bone Husk,4,
15,F. Seaway,9,low,7,35,3,6,Mystery Bone,2,
40,F. Seaway,9,high,1,,3,4,Sleep Herb,1,
33,F. Seaway,9,high,1,,3,4,Might Seed,1,
20,F. Seaway,9,high,1,,3,4,Herb,1,
7,F. Seaway,9,high,1,,3,4,Sap Plant,1,
20,F. Seaway,9,high,2,,4,6,Ice Crystal,1,
17,F. Seaway,9,high,2,,4,6,Bloodstone,2,
15,F. Seaway,9,high,2,,4,6,Carbalite Ore,1,
15,F. Seaway,9,high,2,,4,6,Bloodstone,1,
10,F. Seaway,9,high,2,,4,6,Shining Charm,1,
10,F. Seaway,9,high,2,,4,6,Deep Bloodstone,1,
5,F. Seaway,9,high,2,,4,6,Fucium Ore,1,
5,F. Seaway,9,high,2,,4,6,Mystery Charm,1,
3,F. Seaway,9,high,2,,4,6,Timeworn Charm,1,
80,F. Seaway,9,high,3,,1,1,Honey,1,
10,F. Seaway,9,high,3,,1,1,Honey,2,
10,F. Seaway,9,high,3,,1,1,Snakebee Larva,1,
100,F. Seaway,9,high,4,,2,3,Burned Husk,1,
30,F. Seaway,9,high,5,60,3,4,Huskberry,2,
30,F. Seaway,9,high,5,60,3,4,Paintberry,2,
25,F. Seaway,9,high,5,60,3,4,Bomberry,1,
15,F. Seaway,9,high,5,60,3,4,Needleberry,1,
30,F. Seaway,9,high,6,40,4,5,Needleberry,4,
30,F. Seaway,9,high,6,40,4,5,Bomberry,2,
20,F. Seaway,9,high,6,40,4,5,Huskberry,3,
20,F. Seaway,9,high,6,40,4,5,Paintberry,2,
30,F. Seaway,9,high,7,65,3,4,Bone Husk,1,
20,F. Seaway,9,high,7,65,3,4,Mystery Bone,1,
20,F. Seaway,9,high,7,65,3,4,Unknown Skull,1,
20,F. Seaway,9,high,7,65,3,4,Fossilized Bone,3,
10,F. Seaway,9,high,7,65,3,4,Bone Husk,2,
40,F. Seaway,9,high,8,35,3,6,Unknown Skull,1,
25,F. Seaway,9,high,8,35,3,6,Dragonbone Relic,1,
20,F. Seaway,9,high,8,35,3,6,Bone Husk,4,
15,F. Seaway,9,high,8,35,3,6,Mystery Bone,2,
40,F. Seaway,9,g,1,,3,4,Sleep Herb,1,
33,F. Seaway,9,g,1,,3,4,Might Seed,1,
20,F. Seaway,9,g,1,,3,4,Herb,1,
7,F. Seaway,9,g,1,,3,4,Sap Plant,1,
20,F. Seaway,9,g,2,,4,6,Ice Crystal,2,
17,F. Seaway,9,g,2,,4,6,Deep Bloodstone,1,
15,F. Seaway,9,g,2,,4,6,Eltalite Ore,1,
15,F. Seaway,9,g,2,,4,6,Fucium Ore,1,
10,F. Seaway,9,g,2,,4,6,Timeworn Charm,1,
10,F. Seaway,9,g,2,,4,6,Bloodstone,3,
5,F. Seaway,9,g,2,,4,6,Shining Charm,1,
5,F. Seaway,9,g,2,,4,6,Bloodstone,2,
3,F. Seaway,9,g,2,,4,6,Enduring Charm,1,
80,F. Seaway,9,g,3,,1,1,Honey,1,
10,F. Seaway,9,g,3,,1,1,Honey,2,
10,F. Seaway,9,g,3,,1,1,Snakebee Larva,1,
100,F. Seaway,9,g,4,,2,3,Burned Husk,1,
30,F. Seaway,9,g,5,60,3,4,Huskberry,2,
30,F. Seaway,9,g,5,60,3,4,Paintberry,2,
25,F. Seaway,9,g,5,60,3,4,Bomberry,1,
15,F. Seaway,9,g,5,60,3,4,Needleberry,1,
30,F. Seaway,9,g,6,40,4,5,Needleberry,4,
30,F. Seaway,9,g,6,40,4,5,Bomberry,2,
20,F. Seaway,9,g,6,40,4,5,Huskberry,3,
20,F. Seaway,9,g,6,40,4,5,Paintberry,2,
30,F. Seaway,9,g,7,65,3,4,Bone Husk,2,
20,F. Seaway,9,g,7,65,3,4,Mystery Bone,2,
20,F. Seaway,9,g,7,65,3,4,Unknown Skull,1,
20,F. Seaway,9,g,7,65,3,4,Fossilized Bone,3,
10,F. Seaway,9,g,7,65,3,4,Dragonbone Relic,1,
40,F. Seaway,9,g,8,35,3,6,Unknown Skull,1,
25,F. Seaway,9,g,8,35,3,6,Dragonbone Artifact,1,
20,F. Seaway,9,g,8,35,3,6,Bone Husk,4,
15,F. Seaway,9,g,8,35,3,6,Dragonbone Relic,1,
70,F. Slayground,1,low,1,,1,2,EZ Flash Bomb,1,
25,F. Slayground,1,low,1,,1,2,EZ Shock Trap,1,
5,F. Slayground,1,low,1,,1,2,Nitroshroom,1,
60,F. Slayground,1,low,2,,2,2,Barrel Bomb S,1,
40,F. Slayground,1,low,2,,2,2,EZ Barrel Bomb L,1,
70,F. Slayground,1,low,3,,2,3,First-aid Med+,1,
30,F. Slayground,1,low,3,,2,3,First-aid Med,1,
50,F. Slayground,1,low,4,,3,4,Ration,1,
40,F. Slayground,1,low,4,,3,4,Mini Whetstone,1,
10,F. Slayground,1,low,4,,3,4,Might Seed,1,
70,F. Slayground,1,high,1,,1,2,EZ Flash Bomb,1,
25,F. Slayground,1,high,1,,1,2,EZ Shock Trap,1,
5,F. Slayground,1,high,1,,1,2,Nitroshroom,1,
60,F. Slayground,1,high,2,,2,2,Barrel Bomb S,1,
40,F. Slayground,1,high,2,,2,2,EZ Barrel Bomb L,1,
70,F. Slayground,1,high,3,,2,3,First-aid Med+,1,
30,F. Slayground,1,high,3,,2,3,First-aid Med,1,
50,F. Slayground,1,high,4,,3,4,Ration,1,
40,F. Slayground,1,high,4,,3,4,Mini Whetstone,1,
10,F. Slayground,1,high,4,,3,4,Might Seed,1,
70,F. Slayground,1,g,1,,1,2,EZ Flash Bomb,1,
25,F. Slayground,1,g,1,,1,2,EZ Shock Trap,1,
5,F. Slayground,1,g,1,,1,2,Nitroshroom,1,
60,F. Slayground,1,g,2,,2,2,Barrel Bomb S,1,
40,F. Slayground,1,g,2,,2,2,EZ Barrel Bomb L,1,
70,F. Slayground,1,g,3,,2,3,First-aid Med+,1,
30,F. Slayground,1,g,3,,2,3,First-aid Med,1,
50,F. Slayground,1,g,4,,3,4,Ration,1,
40,F. Slayground,1,g,4,,3,4,Mini Whetstone,1,
10,F. Slayground,1,g,4,,3,4,Might Seed,1,
50,Sanctuary,1,low,1,,4,5,Nulberry,1,
25,Sanctuary,1,low,1,,4,5,Might Seed,1,
25,Sanctuary,1,low,1,,4,5,Adamant Seed,1,
90,Sanctuary,1,low,2,,5,7,Whetstone,1,
5,Sanctuary,1,low,2,,5,7,Stone,1,
5,Sanctuary,1,low,2,,5,7,Stone,2,
50,Sanctuary,1,high,1,,4,5,Nulberry,1,
25,Sanctuary,1,high,1,,4,5,Might Seed,1,
25,Sanctuary,1,high,1,,4,5,Adamant Seed,1,
90,Sanctuary,1,high,2,,5,7,Whetstone,1,
5,Sanctuary,1,high,2,,5,7,Stone,1,
5,Sanctuary,1,high,2,,5,7,Stone,2,
50,Sanctuary,1,g,1,,4,5,Nulberry,1,
25,Sanctuary,1,g,1,,4,5,Might Seed,1,
25,Sanctuary,1,g,1,,4,5,Adamant Seed,1,
90,Sanctuary,1,g,2,,5,7,Whetstone,1,
5,Sanctuary,1,g,2,,5,7,Stone,2,
5,Sanctuary,1,g,2,,5,7,Stone,1,
60,Forlorn Arena,1,low,1,,4,6,Decayed Scale,1,
20,Forlorn Arena,1,low,1,,4,6,Aquaglow Jewel,1,
20,Forlorn Arena,1,low,1,,4,6,Unknown Skull,1,
60,Forlorn Arena,1,high,1,,4,6,Decayed Scale,1,
20,Forlorn Arena,1,high,1,,4,6,Bloodrun Jewel,1,
20,Forlorn Arena,1,high,1,,4,6,Dragonbone Relic,1,
60,Forlorn Arena,1,g,1,,4,6,Decayed Scale,1,
20,Forlorn Arena,1,g,1,,4,6,Adamant Orb,1,
20,Forlorn Arena,1,g,1,,4,6,Dragonbone Artifact,1,
100,S. Pinnacle,1,low,1,,8,10,Ballista Ammo,1,
100,S. Pinnacle,1,low,2,,8,10,Ballista Ammo,1,
100,S. Pinnacle,1,low,3,,8,10,Ballista Ammo,1,
30,S. Pinnacle,1,low,4,,2,8,Herb,1,
30,S. Pinnacle,1,low,4,,2,8,Nulberry,1,
20,S. Pinnacle,1,low,4,,2,8,Might Seed,1,
20,S. Pinnacle,1,low,4,,2,8,Adamant Seed,1,
100,S. Pinnacle,1,high,1,,8,10,Ballista Ammo,1,
100,S. Pinnacle,1,high,2,,8,10,Ballista Ammo,1,
100,S. Pinnacle,1,high,3,,8,10,Ballista Ammo,1,
30,S. Pinnacle,1,high,4,,2,8,Herb,1,
30,S. Pinnacle,1,high,4,,2,8,Nulberry,1,
20,S. Pinnacle,1,high,4,,2,8,Might Seed,1,
20,S. Pinnacle,1,high,4,,2,8,Adamant Seed,1,
100,S. Pinnacle,1,g,1,,8,10,Ballista Ammo,1,
100,S. Pinnacle,1,g,2,,8,10,Ballista Ammo,1,
100,S. Pinnacle,1,g,3,,8,10,Ballista Ammo,1,
30,S. Pinnacle,1,g,4,,2,8,Herb,1,
30,S. Pinnacle,1,g,4,,2,8,Nulberry,1,
20,S. Pinnacle,1,g,4,,2,8,Might Seed,1,
20,S. Pinnacle,1,g,4,,2,8,Adamant Seed,1,
40,Ingle Isle,1,low,1,,3,4,Fire Herb,1,
35,Ingle Isle,1,low,1,,3,4,Adamant Seed,1,
25,Ingle Isle,1,low,1,,3,4,Dragonfell Berry,1,
55,Ingle Isle,1,low,2,,3,4,Herb,1,
30,Ingle Isle,1,low,2,,3,4,Might Seed,1,
15,Ingle Isle,1,low,2,,3,4,Dragonfell Berry,1,
40,Ingle Isle,1,high,1,,3,4,Fire Herb,1,
35,Ingle Isle,1,high,1,,3,4,Adamant Seed,1,
25,Ingle Isle,1,high,1,,3,4,Dragonfell Berry,1,
55,Ingle Isle,1,high,2,,3,4,Herb,1,
30,Ingle Isle,1,high,2,,3,4,Might Seed,1,
15,Ingle Isle,1,high,2,,3,4,Dragonfell Berry,1,
40,Ingle Isle,1,g,1,,3,4,Fire Herb,1,
35,Ingle Isle,1,g,1,,3,4,Adamant Seed,1,
25,Ingle Isle,1,g,1,,3,4,Dragonfell Berry,1,
55,Ingle Isle,1,g,2,,3,4,Herb,1,
30,Ingle Isle,1,g,2,,3,4,Might Seed,1,
15,Ingle Isle,1,g,2,,3,4,Dragonfell Berry,1,
85,Polar Field,1,low,1,,6,8,Whetstone,1,
15,Polar Field,1,low,1,,6,8,Ice Crystal,2,
85,Polar Field,1,high,1,,6,8,Whetstone,1,
15,Polar Field,1,high,1,,6,8,Ice Crystal,2,
85,Polar Field,1,g,1,,6,8,Whetstone,1,
15,Polar Field,1,g,1,,6,8,Ice Crystal,2,
100,Wyvern's End,1,low,1,,4,6,Ballista Ammo,1,
100,Wyvern's End,1,low,2,,4,6,Ballista Ammo,1,
50,Wyvern's End,1,low,3,,3,4,Cleanser,1,
25,Wyvern's End,1,low,3,,3,4,Might Seed,1,
25,Wyvern's End,1,low,3,,3,4,Adamant Seed,1,
100,Wyvern's End,1,high,1,,4,6,Ballista Ammo,1,
100,Wyvern's End,1,high,2,,4,6,Ballista Ammo,1,
50,Wyvern's End,1,high,3,,3,4,Cleanser,1,
25,Wyvern's End,1,high,3,,3,4,Might Seed,1,
25,Wyvern's End,1,high,3,,3,4,Adamant Seed,1,
100,Wyvern's End,1,g,1,,4,6,Ballista Ammo,1,
100,Wyvern's End,1,g,2,,4,6,Ballista Ammo,1,
50,Wyvern's End,1,g,3,,3,4,Cleanser,1,
25,Wyvern's End,1,g,3,,3,4,Might Seed,1,
25,Wyvern's End,1,g,3,,3,4,Adamant Seed,1,
25,Desert,1,low,1,,3,5,Godbug,1,
25,Desert,1,low,1,,3,5,Shiny Beetle,1,
15,Desert,1,low,1,,3,5,Flashbug,1,
15,Desert,1,low,1,,3,5,Royal Rhino,1,
10,Desert,1,low,1,,3,5,King Scarab,1,
10,Desert,1,low,1,,3,5,Divine Rhino,1,
40,Desert,1,low,2,,3,5,Bomberry,1,
35,Desert,1,low,2,,3,5,Huskberry,1,
25,Desert,1,low,2,,3,5,Might Seed,1,
80,Desert,1,low,3,,6,8,Whetstone,1,
10,Desert,1,low,3,,6,8,Stone,1,
10,Desert,1,low,3,,6,8,Stone,2,
55,Desert,1,low,4,,,,Worm,1,∞
35,Desert,1,low,4,,,,Frog,1,∞
10,Desert,1,low,4,,,,Insect Husk,1,∞
20,Desert,1,low,5,,1,1,Dragonite Ore,1,
15,Desert,1,low,5,,1,1,Machalite Ore,1,
15,Desert,1,low,5,,1,1,Shining Charm,1,
10,Desert,1,low,5,,1,1,Iron Ore,1,
10,Desert,1,low,5,,1,1,Sunspire Jewel,1,
10,Desert,1,low,5,,1,1,Mystery Charm,1,
10,Desert,1,low,5,,1,1,Auristone Piece,1,
5,Desert,1,low,5,,1,1,Bloodrun Jewel,1,
5,Desert,1,low,5,,1,1,Auristone Chunk,1,
35,Desert,1,low,6,60,3,4,King Scarab,1,
20,Desert,1,low,6,60,3,4,Shiny Beetle,1,
20,Desert,1,low,6,60,3,4,Hercudrome,1,
15,Desert,1,low,6,60,3,4,Royal Rhino,1,
10,Desert,1,low,6,60,3,4,Divine Rhino,1,
35,Desert,1,low,7,40,6,8,King Scarab,1,
20,Desert,1,low,7,40,6,8,Shiny Beetle,1,
20,Desert,1,low,7,40,6,8,Hercudrome,1,
15,Desert,1,low,7,40,6,8,Royal Rhino,1,
10,Desert,1,low,7,40,6,8,Divine Rhino,1,
20,Desert,1,low,8,70,3,5,Huskberry,1,
20,Desert,1,low,8,70,3,5,Might Seed,1,
20,Desert,1,low,8,70,3,5,Scatternut,1,
20,Desert,1,low,8,70,3,5,Bomberry,1,
15,Desert,1,low,8,70,3,5,Needleberry,1,
5,Desert,1,low,8,70,3,5,Dragon Toadstool,1,
20,Desert,1,low,9,30,4,6,Dragon Toadstool,1,
20,Desert,1,low,9,30,4,6,Might Seed,2,
15,Desert,1,low,9,30,4,6,Huskberry,2,
15,Desert,1,low,9,30,4,6,Scatternut,2,
15,Desert,1,low,9,30,4,6,Needleberry,2,
15,Desert,1,low,9,30,4,6,Bomberry,2,
100,Desert,1,low,10,,,,Sushifish,1,Sushifish Bait
25,Desert,1,high,1,,3,5,Godbug,1,
25,Desert,1,high,1,,3,5,Shiny Beetle,1,
15,Desert,1,high,1,,3,5,Flashbug,1,
15,Desert,1,high,1,,3,5,Royal Rhino,1,
10,Desert,1,high,1,,3,5,King Scarab,1,
10,Desert,1,high,1,,3,5,Divine Rhino,1,
40,Desert,1,high,2,,3,5,Bomberry,1,
35,Desert,1,high,2,,3,5,Huskberry,1,
25,Desert,1,high,2,,3,5,Might Seed,1,
80,Desert,1,high,3,,6,8,Whetstone,1,
10,Desert,1,high,3,,6,8,Stone,1,
10,Desert,1,high,3,,6,8,Stone,2,
55,Desert,1,high,4,,,,Worm,1,∞
35,Desert,1,high,4,,,,Frog,1,∞
10,Desert,1,high,4,,,,Insect Husk,1,∞
20,Desert,1,high,5,,1,1,Dragonite Ore,1,
15,Desert,1,high,5,,1,1,Machalite Ore,1,
15,Desert,1,high,5,,1,1,Shining Charm,1,
10,Desert,1,high,5,,1,1,Iron Ore,1,
10,Desert,1,high,5,,1,1,Sunspire Jewel,1,
10,Desert,1,high,5,,1,1,Mystery Charm,1,
10,Desert,1,high,5,,1,1,Auristone Piece,1,
5,Desert,1,high,5,,1,1,Bloodrun Jewel,1,
5,Desert,1,high,5,,1,1,Auristone Chunk,1,
100,Desert,1,high,6,,2,3,Burned Husk,1,
35,Desert,1,high,7,60,3,4,King Scarab,1,
20,Desert,1,high,7,60,3,4,Shiny Beetle,1,
20,Desert,1,high,7,60,3,4,Hercudrome,1,
15,Desert,1,high,7,60,3,4,Royal Rhino,1,
10,Desert,1,high,7,60,3,4,Divine Rhino,1,
35,Desert,1,high,8,40,6,8,King Scarab,1,
20,Desert,1,high,8,40,6,8,Shiny Beetle,1,
20,Desert,1,high,8,40,6,8,Hercudrome,1,
15,Desert,1,high,8,40,6,8,Royal Rhino,1,
10,Desert,1,high,8,40,6,8,Divine Rhino,1,
20,Desert,1,high,9,70,3,5,Huskberry,1,
20,Desert,1,high,9,70,3,5,Might Seed,1,
20,Desert,1,high,9,70,3,5,Scatternut,1,
20,Desert,1,high,9,70,3,5,Bomberry,1,
15,Desert,1,high,9,70,3,5,Needleberry,1,
5,Desert,1,high,9,70,3,5,Dragon Toadstool,1,
20,Desert,1,high,10,30,4,6,Dragon Toadstool,1,
20,Desert,1,high,10,30,4,6,Might Seed,2,
15,Desert,1,high,10,30,4,6,Huskberry,2,
15,Desert,1,high,10,30,4,6,Scatternut,2,
15,Desert,1,high,10,30,4,6,Needleberry,2,
15,Desert,1,high,10,30,4,6,Bomberry,2,
100,Desert,1,high,11,,,,Sushifish,1,Sushifish Bait
100,Desert,1,high,12,,,,Burst Arowana,1,Burst Bait
100,Desert,1,high,13,,,,Goldenfish,1,Goldenfish Bait
60,Desert,1,high,14,,,,Small Goldenfish,1,Mega Fishing Fly
25,Desert,1,high,14,,,,Goldenfish,1,Mega Fishing Fly
15,Desert,1,high,14,,,,Silverfish,1,Mega Fishing Fly
30,Desert,1,high,15,,,,Popfish,1,
30,Desert,1,high,15,,,,Burst Arowana,1,
10,Desert,1,high,15,,,,Whetfish,1,
10,Desert,1,high,15,,,,Sushifish,1,
10,Desert,1,high,15,,,,Small Goldenfish,1,
6,Desert,1,high,15,,,,Goldenfish,1,
4,Desert,1,high,15,,,,Silverfish,1,
25,Desert,1,g,1,,3,5,Shiny Beetle,2,
20,Desert,1,g,1,,3,5,King Scarab,1,
15,Desert,1,g,1,,3,5,Flashbug,2,
15,Desert,1,g,1,,3,5,Emperor Hopper,1,
15,Desert,1,g,1,,3,5,Royal Rhino,1,
10,Desert,1,g,1,,3,5,Divine Rhino,1,
40,Desert,1,g,2,,3,5,Bomberry,1,
35,Desert,1,g,2,,3,5,Huskberry,1,
25,Desert,1,g,2,,3,5,Might Seed,1,
80,Desert,1,g,3,,6,8,Whetstone,1,
10,Desert,1,g,3,,6,8,Stone,1,
10,Desert,1,g,3,,6,8,Stone,2,
55,Desert,1,g,4,,,,Worm,1,∞
35,Desert,1,g,4,,,,Frog,1,∞
10,Desert,1,g,4,,,,Insect Husk,1,∞
20,Desert,1,g,5,,1,1,Eltalite Ore,1,
15,Desert,1,g,5,,1,1,Fucium Ore,1,
15,Desert,1,g,5,,1,1,Timeworn Charm,1,
10,Desert,1,g,5,,1,1,Dragonite Ore,2,
10,Desert,1,g,5,,1,1,Lazurite Jewel,1,
10,Desert,1,g,5,,1,1,Shining Charm,1,
10,Desert,1,g,5,,1,1,Auristone Piece,1,
5,Desert,1,g,5,,1,1,Adamant Orb,1,
5,Desert,1,g,5,,1,1,Auristone Chunk,1,
100,Desert,1,g,6,,2,3,Burned Husk,1,
35,Desert,1,g,7,60,3,4,King Scarab,1,
20,Desert,1,g,7,60,3,4,Royal Rhino,1,
15,Desert,1,g,7,60,3,4,Shiny Beetle,2,
15,Desert,1,g,7,60,3,4,Hercudrome,2,
15,Desert,1,g,7,60,3,4,Divine Rhino,1,
35,Desert,1,g,8,40,6,8,King Scarab,1,
20,Desert,1,g,8,40,6,8,Royal Rhino,1,
15,Desert,1,g,8,40,6,8,Shiny Beetle,2,
15,Desert,1,g,8,40,6,8,Hercudrome,2,
15,Desert,1,g,8,40,6,8,Divine Rhino,1,
20,Desert,1,g,9,70,3,5,Huskberry,1,
20,Desert,1,g,9,70,3,5,Might Seed,1,
20,Desert,1,g,9,70,3,5,Scatternut,1,
20,Desert,1,g,9,70,3,5,Bomberry,1,
15,Desert,1,g,9,70,3,5,Needleberry,1,
5,Desert,1,g,9,70,3,5,Dragon Toadstool,1,
20,Desert,1,g,10,30,4,6,Dragon Toadstool,1,
20,Desert,1,g,10,30,4,6,Might Seed,2,
15,Desert,1,g,10,30,4,6,Huskberry,2,
15,Desert,1,g,10,30,4,6,Scatternut,2,
15,Desert,1,g,10,30,4,6,Needleberry,2,
15,Desert,1,g,10,30,4,6,Bomberry,2,
100,Desert,1,g,11,,,,Sushifish,1,Sushifish Bait
100,Desert,1,g,12,,,,Burst Arowana,1,Burst Bait
50,Desert,1,g,13,,,,Guardfish,1,Goldenfish Bait
50,Desert,1,g,13,,,,Goldenfish,1,Goldenfish Bait
35,Desert,1,g,14,,,,Small Goldenfish,1,Mega Fishing Fly
25,Desert,1,g,14,,,,Guardfish,1,Mega Fishing Fly
25,Desert,1,g,14,,,,Goldenfish,1,Mega Fishing Fly
15,Desert,1,g,14,,,,Silverfish,1,Mega Fishing Fly
28,Desert,1,g,15,,,,Popfish,1,
28,Desert,1,g,15,,,,Burst Arowana,1,
10,Desert,1,g,15,,,,Sushifish,1,
10,Desert,1,g,15,,,,Small Goldenfish,1,
9,Desert,1,g,15,,,,Whetfish,1,
6,Desert,1,g,15,,,,Goldenfish,1,
5,Desert,1,g,15,,,,Guardfish,1,
4,Desert,1,g,15,,,,Silverfish,1,
40,Desert,2,low,1,,3,5,Bomberry,1,
35,Desert,2,low,1,,3,5,Huskberry,1,
25,Desert,2,low,1,,3,5,Might Seed,1,
40,Desert,2,low,2,,3,4,Tropical Berry,1,
20,Desert,2,low,2,,3,4,Herb,1,
20,Desert,2,low,2,,3,4,Fire Herb,1,
10,Desert,2,low,2,,3,4,Sap Plant,1,
10,Desert,2,low,2,,3,4,Hot Pepper,1,
20,Desert,2,low,3,,1,1,Dragonite Ore,1,
15,Desert,2,low,3,,1,1,Machalite Ore,1,
15,Desert,2,low,3,,1,1,Shining Charm,1,
10,Desert,2,low,3,,1,1,Iron Ore,1,
10,Desert,2,low,3,,1,1,Sunspire Jewel,1,
10,Desert,2,low,3,,1,1,Mystery Charm,1,
10,Desert,2,low,3,,1,1,Auristone Piece,1,
5,Desert,2,low,3,,1,1,Bloodrun Jewel,1,
5,Desert,2,low,3,,1,1,Auristone Chunk,1,
40,Desert,2,low,4,,3,4,Tropical Berry,1,
20,Desert,2,low,4,,3,4,Herb,1,
20,Desert,2,low,4,,3,4,Fire Herb,1,
10,Desert,2,low,4,,3,4,Sap Plant,1,
10,Desert,2,low,4,,3,4,Hot Pepper,1,
40,Desert,2,low,5,,3,4,Tropical Berry,1,
20,Desert,2,low,5,,3,4,Herb,1,
20,Desert,2,low,5,,3,4,Fire Herb,1,
10,Desert,2,low,5,,3,4,Sap Plant,1,
10,Desert,2,low,5,,3,4,Hot Pepper,1,
40,Desert,2,high,1,,3,5,Bomberry,1,
35,Desert,2,high,1,,3,5,Huskberry,1,
25,Desert,2,high,1,,3,5,Might Seed,1,
40,Desert,2,high,2,,3,4,Tropical Berry,1,
20,Desert,2,high,2,,3,4,Herb,1,
20,Desert,2,high,2,,3,4,Fire Herb,1,
10,Desert,2,high,2,,3,4,Sap Plant,1,
10,Desert,2,high,2,,3,4,Hot Pepper,1,
20,Desert,2,high,3,,1,1,Dragonite Ore,1,
15,Desert,2,high,3,,1,1,Machalite Ore,1,
15,Desert,2,high,3,,1,1,Shining Charm,1,
10,Desert,2,high,3,,1,1,Iron Ore,1,
10,Desert,2,high,3,,1,1,Sunspire Jewel,1,
10,Desert,2,high,3,,1,1,Mystery Charm,1,
10,Desert,2,high,3,,1,1,Auristone Piece,1,
5,Desert,2,high,3,,1,1,Bloodrun Jewel,1,
5,Desert,2,high,3,,1,1,Auristone Chunk,1,
100,Desert,2,high,4,,2,3,Burned Husk,1,
40,Desert,2,high,5,,3,4,Tropical Berry,1,
20,Desert,2,high,5,,3,4,Herb,1,
20,Desert,2,high,5,,3,4,Fire Herb,1,
10,Desert,2,high,5,,3,4,Sap Plant,1,
10,Desert,2,high,5,,3,4,Hot Pepper,1,
40,Desert,2,high,6,,3,4,Tropical Berry,1,
20,Desert,2,high,6,,3,4,Herb,1,
20,Desert,2,high,6,,3,4,Fire Herb,1,
10,Desert,2,high,6,,3,4,Sap Plant,1,
10,Desert,2,high,6,,3,4,Hot Pepper,1,
40,Desert,2,g,1,,3,5,Bomberry,1,
35,Desert,2,g,1,,3,5,Huskberry,1,
25,Desert,2,g,1,,3,5,Might Seed,1,
20,Desert,2,g,2,,3,4,Herb,1,
20,Desert,2,g,2,,3,4,Fire Herb,1,
20,Desert,2,g,2,,3,4,Tropical Berry,1,
20,Desert,2,g,2,,3,4,Tropical Berry,2,
10,Desert,2,g,2,,3,4,Sap Plant,1,
10,Desert,2,g,2,,3,4,Hot Pepper,1,
20,Desert,2,g,3,,1,1,Eltalite Ore,1,
15,Desert,2,g,3,,1,1,Fucium Ore,1,
15,Desert,2,g,3,,1,1,Timeworn Charm,1,
10,Desert,2,g,3,,1,1,Dragonite Ore,2,
10,Desert,2,g,3,,1,1,Lazurite Jewel,1,
10,Desert,2,g,3,,1,1,Shining Charm,1,
10,Desert,2,g,3,,1,1,Auristone Piece,1,
5,Desert,2,g,3,,1,1,Adamant Orb,1,
5,Desert,2,g,3,,1,1,Auristone Chunk,1,
100,Desert,2,g,4,,2,3,Burned Husk,1,
40,Desert,2,g,5,,3,4,Tropical Berry,1,
20,Desert,2,g,5,,3,4,Herb,1,
20,Desert,2,g,5,,3,4,Fire Herb,1,
10,Desert,2,g,5,,3,4,Sap Plant,1,
10,Desert,2,g,5,,3,4,Hot Pepper,1,
40,Desert,2,g,6,,3,4,Tropical Berry,1,
20,Desert,2,g,6,,3,4,Herb,1,
20,Desert,2,g,6,,3,4,Fire Herb,1,
10,Desert,2,g,6,,3,4,Sap Plant,1,
10,Desert,2,g,6,,3,4,Hot Pepper,1,
25,Desert,3,low,1,,4,6,Carbalite Ore,1,
20,Desert,3,low,1,,4,6,Earth Crystal,1,
10,Desert,3,low,1,,4,6,Disc Stone,1,
10,Desert,3,low,1,,4,6,Armor Sphere,1,
10,Desert,3,low,1,,4,6,Armor Sphere+,1,
10,Desert,3,low,1,,4,6,Mystery Charm,1,
10,Desert,3,low,1,,4,6,Shining Charm,1,
5,Desert,3,low,1,,4,6,Dragonite Ore,1,
40,Desert,3,low,2,,3,4,Tropical Berry,1,
20,Desert,3,low,2,,3,4,Herb,1,
20,Desert,3,low,2,,3,4,Fire Herb,1,
10,Desert,3,low,2,,3,4,Sap Plant,1,
10,Desert,3,low,2,,3,4,Hot Pepper,1,
40,Desert,3,low,3,,3,5,Bomberry,1,
35,Desert,3,low,3,,3,5,Huskberry,1,
25,Desert,3,low,3,,3,5,Might Seed,1,
20,Desert,3,low,4,,1,1,Dragonite Ore,1,
15,Desert,3,low,4,,1,1,Machalite Ore,1,
15,Desert,3,low,4,,1,1,Shining Charm,1,
10,Desert,3,low,4,,1,1,Iron Ore,1,
10,Desert,3,low,4,,1,1,Sunspire Jewel,1,
10,Desert,3,low,4,,1,1,Mystery Charm,1,
10,Desert,3,low,4,,1,1,Auristone Piece,1,
5,Desert,3,low,4,,1,1,Bloodrun Jewel,1,
5,Desert,3,low,4,,1,1,Auristone Chunk,1,
20,Desert,3,low,5,70,3,5,Machalite Ore,1,
20,Desert,3,low,5,70,3,5,Dragonite Ore,1,
20,Desert,3,low,5,70,3,5,Mystery Charm,1,
20,Desert,3,low,5,70,3,5,Auristone Piece,1,
10,Desert,3,low,5,70,3,5,Carbalite Ore,1,
5,Desert,3,low,5,70,3,5,Shining Charm,1,
5,Desert,3,low,5,70,3,5,Auristone Chunk,1,
20,Desert,3,low,6,30,4,6,Carbalite Ore,1,
20,Desert,3,low,6,30,4,6,Shining Charm,1,
15,Desert,3,low,6,30,4,6,Machalite Ore,1,
15,Desert,3,low,6,30,4,6,Dragonite Ore,1,
15,Desert,3,low,6,30,4,6,Auristone Chunk,1,
10,Desert,3,low,6,30,4,6,Auristone Piece,1,
5,Desert,3,low,6,30,4,6,Mystery Charm,1,
40,Desert,3,low,7,,3,4,Tropical Berry,1,
20,Desert,3,low,7,,3,4,Herb,1,
20,Desert,3,low,7,,3,4,Fire Herb,1,
10,Desert,3,low,7,,3,4,Sap Plant,1,
10,Desert,3,low,7,,3,4,Hot Pepper,1,
25,Desert,3,high,1,,4,6,Carbalite Ore,1,
20,Desert,3,high,1,,4,6,Earth Crystal,1,
10,Desert,3,high,1,,4,6,Disc Stone,1,
10,Desert,3,high,1,,4,6,Armor Sphere,1,
10,Desert,3,high,1,,4,6,Armor Sphere+,1,
10,Desert,3,high,1,,4,6,Mystery Charm,1,
10,Desert,3,high,1,,4,6,Shining Charm,1,
5,Desert,3,high,1,,4,6,Dragonite Ore,1,
40,Desert,3,high,2,,3,4,Tropical Berry,1,
20,Desert,3,high,2,,3,4,Herb,1,
20,Desert,3,high,2,,3,4,Fire Herb,1,
10,Desert,3,high,2,,3,4,Sap Plant,1,
10,Desert,3,high,2,,3,4,Hot Pepper,1,
40,Desert,3,high,3,,3,5,Bomberry,1,
35,Desert,3,high,3,,3,5,Huskberry,1,
25,Desert,3,high,3,,3,5,Might Seed,1,
20,Desert,3,high,4,,1,1,Dragonite Ore,1,
15,Desert,3,high,4,,1,1,Machalite Ore,1,
15,Desert,3,high,4,,1,1,Shining Charm,1,
10,Desert,3,high,4,,1,1,Iron Ore,1,
10,Desert,3,high,4,,1,1,Sunspire Jewel,1,
10,Desert,3,high,4,,1,1,Mystery Charm,1,
10,Desert,3,high,4,,1,1,Auristone Piece,1,
5,Desert,3,high,4,,1,1,Bloodrun Jewel,1,
5,Desert,3,high,4,,1,1,Auristone Chunk,1,
100,Desert,3,high,5,,2,3,Burned Husk,1,
20,Desert,3,high,6,70,3,5,Machalite Ore,1,
20,Desert,3,high,6,70,3,5,Dragonite Ore,1,
20,Desert,3,high,6,70,3,5,Mystery Charm,1,
20,Desert,3,high,6,70,3,5,Auristone Piece,1,
10,Desert,3,high,6,70,3,5,Carbalite Ore,1,
5,Desert,3,high,6,70,3,5,Shining Charm,1,
5,Desert,3,high,6,70,3,5,Auristone Chunk,1,
20,Desert,3,high,7,30,4,6,Carbalite Ore,1,
20,Desert,3,high,7,30,4,6,Shining Charm,1,
15,Desert,3,high,7,30,4,6,Machalite Ore,1,
15,Desert,3,high,7,30,4,6,Dragonite Ore,1,
15,Desert,3,high,7,30,4,6,Auristone Chunk,1,
10,Desert,3,high,7,30,4,6,Auristone Piece,1,
5,Desert,3,high,7,30,4,6,Mystery Charm,1,
40,Desert,3,high,8,,3,4,Tropical Berry,1,
20,Desert,3,high,8,,3,4,Herb,1,
20,Desert,3,high,8,,3,4,Fire Herb,1,
10,Desert,3,high,8,,3,4,Sap Plant,1,
10,Desert,3,high,8,,3,4,Hot Pepper,1,
25,Desert,3,g,1,,4,6,Carbalite Ore,1,
20,Desert,3,g,1,,4,6,Eltalite Ore,1,
10,Desert,3,g,1,,4,6,Disc Stone,1,
10,Desert,3,g,1,,4,6,Adv Armor Sphere,1,
10,Desert,3,g,1,,4,6,Hard Armor Sphere,1,
10,Desert,3,g,1,,4,6,Shining Charm,1,
10,Desert,3,g,1,,4,6,Timeworn Charm,1,
5,Desert,3,g,1,,4,6,Dragonite Ore,2,
20,Desert,3,g,2,,3,4,Herb,1,
20,Desert,3,g,2,,3,4,Fire Herb,1,
20,Desert,3,g,2,,3,4,Tropical Berry,1,
20,Desert,3,g,2,,3,4,Tropical Berry,2,
10,Desert,3,g,2,,3,4,Sap Plant,1,
10,Desert,3,g,2,,3,4,Hot Pepper,1,
40,Desert,3,g,3,,3,5,Bomberry,1,
35,Desert,3,g,3,,3,5,Huskberry,1,
25,Desert,3,g,3,,3,5,Might Seed,1,
20,Desert,3,g,4,,1,1,Eltalite Ore,1,
15,Desert,3,g,4,,1,1,Fucium Ore,1,
15,Desert,3,g,4,,1,1,Timeworn Charm,1,
10,Desert,3,g,4,,1,1,Dragonite Ore,2,
10,Desert,3,g,4,,1,1,Lazurite Jewel,1,
10,Desert,3,g,4,,1,1,Shining Charm,1,
10,Desert,3,g,4,,1,1,Auristone Piece,1,
5,Desert,3,g,4,,1,1,Adamant Orb,1,
5,Desert,3,g,4,,1,1,Auristone Chunk,1,
100,Desert,3,g,5,,2,3,Burned Husk,1,
20,Desert,3,g,6,70,3,5,Dragonite Ore,2,
20,Desert,3,g,6,70,3,5,Eltalite Ore,1,
20,Desert,3,g,6,70,3,5,Shining Charm,1,
20,Desert,3,g,6,70,3,5,Auristone Piece,1,
10,Desert,3,g,6,70,3,5,Carbalite Ore,1,
5,Desert,3,g,6,70,3,5,Timeworn Charm,1,
5,Desert,3,g,6,70,3,5,Auristone Chunk,1,
30,Desert,3,g,7,30,4,6,Eltalite Ore,1,
20,Desert,3,g,7,30,4,6,Carbalite Ore,1,
20,Desert,3,g,7,30,4,6,Timeworn Charm,1,
15,Desert,3,g,7,30,4,6,Auristone Chunk,1,
10,Desert,3,g,7,30,4,6,Auristone Piece,1,
5,Desert,3,g,7,30,4,6,Shining Charm,1,
40,Desert,3,g,8,,3,4,Tropical Berry,1,
20,Desert,3,g,8,,3,4,Herb,1,
20,Desert,3,g,8,,3,4,Fire Herb,1,
10,Desert,3,g,8,,3,4,Sap Plant,1,
10,Desert,3,g,8,,3,4,Hot Pepper,1,
20,Desert,4,low,1,,4,6,Dragonite Ore,1,
15,Desert,4,low,1,,4,6,Machalite Ore,1,
15,Desert,4,low,1,,4,6,Shining Charm,1,
10,Desert,4,low,1,,4,6,Iron Ore,1,
10,Desert,4,low,1,,4,6,Sunspire Jewel,1,
10,Desert,4,low,1,,4,6,Mystery Charm,1,
10,Desert,4,low,1,,4,6,Auristone Piece,1,
5,Desert,4,low,1,,4,6,Bloodrun Jewel,1,
5,Desert,4,low,1,,4,6,Auristone Chunk,1,
25,Desert,4,low,2,,4,6,Carbalite Ore,1,
20,Desert,4,low,2,,4,6,Earth Crystal,1,
10,Desert,4,low,2,,4,6,Disc Stone,1,
10,Desert,4,low,2,,4,6,Armor Sphere,1,
10,Desert,4,low,2,,4,6,Armor Sphere+,1,
10,Desert,4,low,2,,4,6,Mystery Charm,1,
10,Desert,4,low,2,,4,6,Shining Charm,1,
5,Desert,4,low,2,,4,6,Dragonite Ore,1,
60,Desert,4,low,3,,6,8,Dung,1,
30,Desert,4,low,3,,6,8,Kut-Ku Scale,1,
10,Desert,4,low,3,,6,8,Scatternut,1,
55,Desert,4,low,4,,3,5,Heavy Jelly,1,
25,Desert,4,low,4,,3,5,Fire Ambrosia,1,
10,Desert,4,low,4,,3,5,Larval Extract,1,
10,Desert,4,low,4,,3,5,Paralarval Extract,1,
20,Desert,4,low,5,70,3,5,Iron Ore,1,
20,Desert,4,low,5,70,3,5,Earth Crystal,1,
15,Desert,4,low,5,70,3,5,Disc Stone,1,
15,Desert,4,low,5,70,3,5,Sunspire Jewel,1,
15,Desert,4,low,5,70,3,5,Armor Sphere,1,
10,Desert,4,low,5,70,3,5,Armor Sphere+,1,
5,Desert,4,low,5,70,3,5,Bloodrun Jewel,1,
25,Desert,4,low,6,30,4,6,Bloodrun Jewel,1,
25,Desert,4,low,6,30,4,6,Armor Sphere+,1,
10,Desert,4,low,6,30,4,6,Iron Ore,1,
10,Desert,4,low,6,30,4,6,Earth Crystal,1,
10,Desert,4,low,6,30,4,6,Disc Stone,1,
10,Desert,4,low,6,30,4,6,Sunspire Jewel,1,
10,Desert,4,low,6,30,4,6,Armor Sphere,1,
20,Desert,4,high,1,,4,6,Dragonite Ore,1,
15,Desert,4,high,1,,4,6,Machalite Ore,1,
15,Desert,4,high,1,,4,6,Shining Charm,1,
10,Desert,4,high,1,,4,6,Iron Ore,1,
10,Desert,4,high,1,,4,6,Sunspire Jewel,1,
10,Desert,4,high,1,,4,6,Mystery Charm,1,
10,Desert,4,high,1,,4,6,Auristone Piece,1,
5,Desert,4,high,1,,4,6,Bloodrun Jewel,1,
5,Desert,4,high,1,,4,6,Auristone Chunk,1,
25,Desert,4,high,2,,4,6,Carbalite Ore,1,
20,Desert,4,high,2,,4,6,Earth Crystal,1,
10,Desert,4,high,2,,4,6,Disc Stone,1,
10,Desert,4,high,2,,4,6,Armor Sphere,1,
10,Desert,4,high,2,,4,6,Armor Sphere+,1,
10,Desert,4,high,2,,4,6,Mystery Charm,1,
10,Desert,4,high,2,,4,6,Shining Charm,1,
5,Desert,4,high,2,,4,6,Dragonite Ore,1,
60,Desert,4,high,3,,6,8,Dung,1,
30,Desert,4,high,3,,6,8,Kut-Ku Scale,1,
10,Desert,4,high,3,,6,8,Scatternut,1,
55,Desert,4,high,4,,3,5,Heavy Jelly,1,
25,Desert,4,high,4,,3,5,Fire Ambrosia,1,
10,Desert,4,high,4,,3,5,Larval Extract,1,
10,Desert,4,high,4,,3,5,Paralarval Extract,1,
20,Desert,4,high,5,70,3,5,Iron Ore,1,
20,Desert,4,high,5,70,3,5,Earth Crystal,1,
15,Desert,4,high,5,70,3,5,Disc Stone,1,
15,Desert,4,high,5,70,3,5,Sunspire Jewel,1,
15,Desert,4,high,5,70,3,5,Armor Sphere,1,
10,Desert,4,high,5,70,3,5,Armor Sphere+,1,
5,Desert,4,high,5,70,3,5,Bloodrun Jewel,1,
25,Desert,4,high,6,30,4,6,Bloodrun Jewel,1,
25,Desert,4,high,6,30,4,6,Armor Sphere+,1,
10,Desert,4,high,6,30,4,6,Iron Ore,1,
10,Desert,4,high,6,30,4,6,Earth Crystal,1,
10,Desert,4,high,6,30,4,6,Disc Stone,1,
10,Desert,4,high,6,30,4,6,Sunspire Jewel,1,
10,Desert,4,high,6,30,4,6,Armor Sphere,1,
20,Desert,4,g,1,,4,6,Eltalite Ore,1,
15,Desert,4,g,1,,4,6,Fucium Ore,1,
15,Desert,4,g,1,,4,6,Timeworn Charm,1,
10,Desert,4,g,1,,4,6,Dragonite Ore,2,
10,Desert,4,g,1,,4,6,Lazurite Jewel,1,
10,Desert,4,g,1,,4,6,Shining Charm,1,
10,Desert,4,g,1,,4,6,Auristone Piece,1,
5,Desert,4,g,1,,4,6,Adamant Orb,1,
5,Desert,4,g,1,,4,6,Auristone Chunk,1,
25,Desert,4,g,2,,4,6,Carbalite Ore,1,
20,Desert,4,g,2,,4,6,Eltalite Ore,1,
10,Desert,4,g,2,,4,6,Disc Stone,1,
10,Desert,4,g,2,,4,6,Adv Armor Sphere,1,
10,Desert,4,g,2,,4,6,Hard Armor Sphere,1,
10,Desert,4,g,2,,4,6,Shining Charm,1,
10,Desert,4,g,2,,4,6,Timeworn Charm,1,
5,Desert,4,g,2,,4,6,Dragonite Ore,2,
60,Desert,4,g,3,,6,8,Dung,1,
30,Desert,4,g,3,,6,8,Kut-Ku Scale,1,
10,Desert,4,g,3,,6,8,Scatternut,1,
30,Desert,4,g,4,,3,5,Heavy Jelly,1,
30,Desert,4,g,4,,3,5,Fire Ambrosia,1,
20,Desert,4,g,4,,3,5,Larval Extract,1,
20,Desert,4,g,4,,3,5,Paralarval Extract,1,
20,Desert,4,g,5,70,3,5,Eltalite Ore,1,
20,Desert,4,g,5,70,3,5,Fucium Ore,1,
15,Desert,4,g,5,70,3,5,Disc Stone,2,
15,Desert,4,g,5,70,3,5,Lazurite Jewel,1,
15,Desert,4,g,5,70,3,5,Adv Armor Sphere,1,
10,Desert,4,g,5,70,3,5,Hard Armor Sphere,1,
5,Desert,4,g,5,70,3,5,Adamant Orb,1,
25,Desert,4,g,6,30,4,6,Adamant Orb,1,
25,Desert,4,g,6,30,4,6,Hard Armor Sphere,1,
20,Desert,4,g,6,30,4,6,Eltalite Ore,1,
10,Desert,4,g,6,30,4,6,Fucium Ore,1,
10,Desert,4,g,6,30,4,6,Lazurite Jewel,1,
10,Desert,4,g,6,30,4,6,Adv Armor Sphere,1,
40,Desert,5,low,1,,3,4,Tropical Berry,1,
20,Desert,5,low,1,,3,4,Herb,1,
20,Desert,5,low,1,,3,4,Fire Herb,1,
10,Desert,5,low,1,,3,4,Sap Plant,1,
10,Desert,5,low,1,,3,4,Hot Pepper,1,
40,Desert,5,low,2,,3,4,Tropical Berry,1,
20,Desert,5,low,2,,3,4,Herb,1,
20,Desert,5,low,2,,3,4,Fire Herb,1,
10,Desert,5,low,2,,3,4,Sap Plant,1,
10,Desert,5,low,2,,3,4,Hot Pepper,1,
20,Desert,5,low,3,,1,1,Dragonite Ore,1,
15,Desert,5,low,3,,1,1,Machalite Ore,1,
15,Desert,5,low,3,,1,1,Shining Charm,1,
10,Desert,5,low,3,,1,1,Iron Ore,1,
10,Desert,5,low,3,,1,1,Sunspire Jewel,1,
10,Desert,5,low,3,,1,1,Mystery Charm,1,
10,Desert,5,low,3,,1,1,Auristone Piece,1,
5,Desert,5,low,3,,1,1,Bloodrun Jewel,1,
5,Desert,5,low,3,,1,1,Auristone Chunk,1,
40,Desert,5,low,4,,3,4,Tropical Berry,1,
20,Desert,5,low,4,,3,4,Herb,1,
20,Desert,5,low,4,,3,4,Fire Herb,1,
10,Desert,5,low,4,,3,4,Sap Plant,1,
10,Desert,5,low,4,,3,4,Hot Pepper,1,
40,Desert,5,low,5,,3,4,Tropical Berry,1,
20,Desert,5,low,5,,3,4,Herb,1,
20,Desert,5,low,5,,3,4,Fire Herb,1,
10,Desert,5,low,5,,3,4,Sap Plant,1,
10,Desert,5,low,5,,3,4,Hot Pepper,1,
40,Desert,5,high,1,,3,4,Tropical Berry,1,
20,Desert,5,high,1,,3,4,Herb,1,
20,Desert,5,high,1,,3,4,Fire Herb,1,
10,Desert,5,high,1,,3,4,Sap Plant,1,
10,Desert,5,high,1,,3,4,Hot Pepper,1,
40,Desert,5,high,2,,3,4,Tropical Berry,1,
20,Desert,5,high,2,,3,4,Herb,1,
20,Desert,5,high,2,,3,4,Fire Herb,1,
10,Desert,5,high,2,,3,4,Sap Plant,1,
10,Desert,5,high,2,,3,4,Hot Pepper,1,
20,Desert,5,high,3,,1,1,Dragonite Ore,1,
15,Desert,5,high,3,,1,1,Machalite Ore,1,
15,Desert,5,high,3,,1,1,Shining Charm,1,
10,Desert,5,high,3,,1,1,Iron Ore,1,
10,Desert,5,high,3,,1,1,Sunspire Jewel,1,
10,Desert,5,high,3,,1,1,Mystery Charm,1,
10,Desert,5,high,3,,1,1,Auristone Piece,1,
5,Desert,5,high,3,,1,1,Bloodrun Jewel,1,
5,Desert,5,high,3,,1,1,Auristone Chunk,1,
100,Desert,5,high,4,,2,3,Burned Husk,1,
40,Desert,5,high,5,,3,4,Tropical Berry,1,
20,Desert,5,high,5,,3,4,Herb,1,
20,Desert,5,high,5,,3,4,Fire Herb,1,
10,Desert,5,high,5,,3,4,Sap Plant,1,
10,Desert,5,high,5,,3,4,Hot Pepper,1,
40,Desert,5,high,6,,3,4,Tropical Berry,1,
20,Desert,5,high,6,,3,4,Herb,1,
20,Desert,5,high,6,,3,4,Fire Herb,1,
10,Desert,5,high,6,,3,4,Sap Plant,1,
10,Desert,5,high,6,,3,4,Hot Pepper,1,
20,Desert,5,g,1,,3,4,Herb,1,
20,Desert,5,g,1,,3,4,Fire Herb,1,
20,Desert,5,g,1,,3,4,Tropical Berry,1,
20,Desert,5,g,1,,3,4,Tropical Berry,2,
10,Desert,5,g,1,,3,4,Sap Plant,1,
10,Desert,5,g,1,,3,4,Hot Pepper,1,
20,Desert,5,g,2,,3,4,Herb,1,
20,Desert,5,g,2,,3,4,Fire Herb,1,
20,Desert,5,g,2,,3,4,Tropical Berry,1,
20,Desert,5,g,2,,3,4,Tropical Berry,2,
10,Desert,5,g,2,,3,4,Sap Plant,1,
10,Desert,5,g,2,,3,4,Hot Pepper,1,
20,Desert,5,g,3,,1,1,Eltalite Ore,1,
15,Desert,5,g,3,,1,1,Fucium Ore,1,
15,Desert,5,g,3,,1,1,Timeworn Charm,1,
10,Desert,5,g,3,,1,1,Dragonite Ore,2,
10,Desert,5,g,3,,1,1,Lazurite Jewel,1,
10,Desert,5,g,3,,1,1,Shining Charm,1,
10,Desert,5,g,3,,1,1,Auristone Piece,1,
5,Desert,5,g,3,,1,1,Adamant Orb,1,
5,Desert,5,g,3,,1,1,Auristone Chunk,1,
100,Desert,5,g,4,,2,3,Burned Husk,1,
40,Desert,5,g,5,,3,4,Tropical Berry,1,
20,Desert,5,g,5,,3,4,Herb,1,
20,Desert,5,g,5,,3,4,Fire Herb,1,
10,Desert,5,g,5,,3,4,Sap Plant,1,
10,Desert,5,g,5,,3,4,Hot Pepper,1,
40,Desert,5,g,6,,3,4,Tropical Berry,1,
20,Desert,5,g,6,,3,4,Herb,1,
20,Desert,5,g,6,,3,4,Fire Herb,1,
10,Desert,5,g,6,,3,4,Sap Plant,1,
10,Desert,5,g,6,,3,4,Hot Pepper,1,
35,Desert,6,low,1,,6,8,Ice Crystal,1,
20,Desert,6,low,1,,6,8,Whetstone,2,
10,Desert,6,low,1,,6,8,Earth Crystal,1,
10,Desert,6,low,1,,6,8,Disc Stone,1,
10,Desert,6,low,1,,6,8,Auristone Piece,1,
10,Desert,6,low,1,,6,8,Auristone Chunk,1,
5,Desert,6,low,1,,6,8,Rustshard,1,
40,Desert,6,low,2,,3,5,Scatternut,1,
35,Desert,6,low,2,,3,5,Needleberry,2,
25,Desert,6,low,2,,3,5,Dragon Toadstool,1,
25,Desert,6,low,3,,3,5,Bitterbug,1,
25,Desert,6,low,3,,3,5,Hercudrome,1,
15,Desert,6,low,3,,3,5,Thunderbug,1,
15,Desert,6,low,3,,3,5,Royal Rhino,1,
10,Desert,6,low,3,,3,5,King Scarab,1,
10,Desert,6,low,3,,3,5,Divine Rhino,1,
20,Desert,6,low,4,70,3,5,Huskberry,1,
20,Desert,6,low,4,70,3,5,Might Seed,1,
20,Desert,6,low,4,70,3,5,Scatternut,1,
20,Desert,6,low,4,70,3,5,Bomberry,1,
15,Desert,6,low,4,70,3,5,Needleberry,1,
5,Desert,6,low,4,70,3,5,Dragon Toadstool,1,
20,Desert,6,low,5,30,4,6,Dragon Toadstool,1,
20,Desert,6,low,5,30,4,6,Might Seed,2,
15,Desert,6,low,5,30,4,6,Huskberry,2,
15,Desert,6,low,5,30,4,6,Scatternut,2,
15,Desert,6,low,5,30,4,6,Needleberry,2,
15,Desert,6,low,5,30,4,6,Bomberry,2,
20,Desert,6,low,6,70,3,5,Machalite Ore,1,
20,Desert,6,low,6,70,3,5,Dragonite Ore,1,
20,Desert,6,low,6,70,3,5,Mystery Charm,1,
20,Desert,6,low,6,70,3,5,Auristone Piece,1,
10,Desert,6,low,6,70,3,5,Carbalite Ore,1,
5,Desert,6,low,6,70,3,5,Shining Charm,1,
5,Desert,6,low,6,70,3,5,Auristone Chunk,1,
20,Desert,6,low,7,30,4,6,Carbalite Ore,1,
20,Desert,6,low,7,30,4,6,Shining Charm,1,
15,Desert,6,low,7,30,4,6,Machalite Ore,1,
15,Desert,6,low,7,30,4,6,Dragonite Ore,1,
15,Desert,6,low,7,30,4,6,Auristone Chunk,1,
10,Desert,6,low,7,30,4,6,Auristone Piece,1,
5,Desert,6,low,7,30,4,6,Mystery Charm,1,
35,Desert,6,high,1,,6,8,Ice Crystal,1,
20,Desert,6,high,1,,6,8,Whetstone,2,
10,Desert,6,high,1,,6,8,Earth Crystal,1,
10,Desert,6,high,1,,6,8,Disc Stone,1,
10,Desert,6,high,1,,6,8,Auristone Piece,1,
10,Desert,6,high,1,,6,8,Auristone Chunk,1,
5,Desert,6,high,1,,6,8,Rustshard,1,
40,Desert,6,high,2,,3,5,Scatternut,1,
35,Desert,6,high,2,,3,5,Needleberry,2,
25,Desert,6,high,2,,3,5,Dragon Toadstool,1,
25,Desert,6,high,3,,3,5,Bitterbug,1,
25,Desert,6,high,3,,3,5,Hercudrome,1,
15,Desert,6,high,3,,3,5,Thunderbug,1,
15,Desert,6,high,3,,3,5,Royal Rhino,1,
10,Desert,6,high,3,,3,5,King Scarab,1,
10,Desert,6,high,3,,3,5,Divine Rhino,1,
20,Desert,6,high,4,70,3,5,Huskberry,1,
20,Desert,6,high,4,70,3,5,Might Seed,1,
20,Desert,6,high,4,70,3,5,Scatternut,1,
20,Desert,6,high,4,70,3,5,Bomberry,1,
15,Desert,6,high,4,70,3,5,Needleberry,1,
5,Desert,6,high,4,70,3,5,Dragon Toadstool,1,
20,Desert,6,high,5,30,4,6,Dragon Toadstool,1,
20,Desert,6,high,5,30,4,6,Might Seed,2,
15,Desert,6,high,5,30,4,6,Huskberry,2,
15,Desert,6,high,5,30,4,6,Scatternut,2,
15,Desert,6,high,5,30,4,6,Needleberry,2,
15,Desert,6,high,5,30,4,6,Bomberry,2,
20,Desert,6,high,6,70,3,5,Machalite Ore,1,
20,Desert,6,high,6,70,3,5,Dragonite Ore,1,
20,Desert,6,high,6,70,3,5,Mystery Charm,1,
20,Desert,6,high,6,70,3,5,Auristone Piece,1,
10,Desert,6,high,6,70,3,5,Carbalite Ore,1,
5,Desert,6,high,6,70,3,5,Shining Charm,1,
5,Desert,6,high,6,70,3,5,Auristone Chunk,1,
20,Desert,6,high,7,30,4,6,Carbalite Ore,1,
20,Desert,6,high,7,30,4,6,Shining Charm,1,
15,Desert,6,high,7,30,4,6,Machalite Ore,1,
15,Desert,6,high,7,30,4,6,Dragonite Ore,1,
15,Desert,6,high,7,30,4,6,Auristone Chunk,1,
10,Desert,6,high,7,30,4,6,Auristone Piece,1,
5,Desert,6,high,7,30,4,6,Mystery Charm,1,
100,Desert,6,high,8,,,,Sushifish,1,Sushifish Bait
100,Desert,6,high,9,,,,Burst Arowana,1,Burst Bait
100,Desert,6,high,10,,,,Small Goldenfish,1,Mega Fishing Fly
25,Desert,6,high,11,,,,Pin Tuna,1,
25,Desert,6,high,11,,,,Popfish,1,
25,Desert,6,high,11,,,,Burst Arowana,1,
15,Desert,6,high,11,,,,Sushifish,1,
10,Desert,6,high,11,,,,Small Goldenfish,1,
35,Desert,6,g,1,,6,8,Ice Crystal,2,
20,Desert,6,g,1,,6,8,Whetstone,2,
10,Desert,6,g,1,,6,8,Disc Stone,1,
10,Desert,6,g,1,,6,8,Carbalite Ore,1,
10,Desert,6,g,1,,6,8,Auristone Piece,1,
10,Desert,6,g,1,,6,8,Auristone Chunk,1,
5,Desert,6,g,1,,6,8,Ancient Shard,1,
40,Desert,6,g,2,,3,5,Scatternut,1,
35,Desert,6,g,2,,3,5,Needleberry,2,
25,Desert,6,g,2,,3,5,Dragon Toadstool,1,
25,Desert,6,g,3,,3,5,Bitterbug,2,
25,Desert,6,g,3,,3,5,Hercudrome,2,
15,Desert,6,g,3,,3,5,King Scarab,1,
15,Desert,6,g,3,,3,5,Royal Rhino,1,
10,Desert,6,g,3,,3,5,Emperor Hopper,1,
10,Desert,6,g,3,,3,5,Divine Rhino,1,
20,Desert,6,g,4,70,3,5,Huskberry,1,
20,Desert,6,g,4,70,3,5,Might Seed,1,
20,Desert,6,g,4,70,3,5,Scatternut,1,
20,Desert,6,g,4,70,3,5,Bomberry,1,
15,Desert,6,g,4,70,3,5,Needleberry,1,
5,Desert,6,g,4,70,3,5,Dragon Toadstool,1,
20,Desert,6,g,5,30,4,6,Dragon Toadstool,1,
20,Desert,6,g,5,30,4,6,Might Seed,2,
15,Desert,6,g,5,30,4,6,Huskberry,2,
15,Desert,6,g,5,30,4,6,Scatternut,2,
15,Desert,6,g,5,30,4,6,Needleberry,2,
15,Desert,6,g,5,30,4,6,Bomberry,2,
20,Desert,6,g,6,70,3,5,Dragonite Ore,2,
20,Desert,6,g,6,70,3,5,Eltalite Ore,1,
20,Desert,6,g,6,70,3,5,Shining Charm,1,
20,Desert,6,g,6,70,3,5,Auristone Piece,1,
10,Desert,6,g,6,70,3,5,Carbalite Ore,1,
5,Desert,6,g,6,70,3,5,Timeworn Charm,1,
5,Desert,6,g,6,70,3,5,Auristone Chunk,1,
30,Desert,6,g,7,30,4,6,Eltalite Ore,1,
20,Desert,6,g,7,30,4,6,Carbalite Ore,1,
20,Desert,6,g,7,30,4,6,Timeworn Charm,1,
15,Desert,6,g,7,30,4,6,Auristone Chunk,1,
10,Desert,6,g,7,30,4,6,Auristone Piece,1,
5,Desert,6,g,7,30,4,6,Shining Charm,1,
100,Desert,6,g,8,,,,Sushifish,1,Sushifish Bait
100,Desert,6,g,9,,,,Burst Arowana,1,Burst Bait
100,Desert,6,g,10,,,,Small Goldenfish,1,Mega Fishing Fly
25,Desert,6,g,11,,,,Pin Tuna,1,
25,Desert,6,g,11,,,,Popfish,1,
25,Desert,6,g,11,,,,Burst Arowana,1,
15,Desert,6,g,11,,,,Sushifish,1,
10,Desert,6,g,11,,,,Small Goldenfish,1,
30,Desert,7,low,1,,4,6,Tropical Berry,1,
20,Desert,7,low,1,,4,6,Herb,1,
20,Desert,7,low,1,,4,6,Sap Plant,1,
20,Desert,7,low,1,,4,6,Gloamgrass Root,1,
10,Desert,7,low,1,,4,6,Felvine,1,
40,Desert,7,low,2,,3,5,Bomberry,1,
35,Desert,7,low,2,,3,5,Huskberry,1,
25,Desert,7,low,2,,3,5,Might Seed,1,
30,Desert,7,low,3,,4,6,Tropical Berry,1,
20,Desert,7,low,3,,4,6,Herb,1,
20,Desert,7,low,3,,4,6,Sap Plant,1,
20,Desert,7,low,3,,4,6,Gloamgrass Root,1,
10,Desert,7,low,3,,4,6,Felvine,1,
30,Desert,7,low,4,60,3,4,Bitterbug,1,
30,Desert,7,low,4,60,3,4,Flashbug,1,
20,Desert,7,low,4,60,3,4,Godbug,1,
20,Desert,7,low,4,60,3,4,Thunderbug,1,
30,Desert,7,low,5,40,6,8,Bitterbug,1,
30,Desert,7,low,5,40,6,8,Flashbug,1,
20,Desert,7,low,5,40,6,8,Godbug,1,
20,Desert,7,low,5,40,6,8,Thunderbug,1,
30,Desert,7,high,1,,4,6,Tropical Berry,1,
20,Desert,7,high,1,,4,6,Herb,1,
20,Desert,7,high,1,,4,6,Sap Plant,1,
20,Desert,7,high,1,,4,6,Gloamgrass Root,1,
10,Desert,7,high,1,,4,6,Felvine,1,
40,Desert,7,high,2,,3,5,Bomberry,1,
35,Desert,7,high,2,,3,5,Huskberry,1,
25,Desert,7,high,2,,3,5,Might Seed,1,
30,Desert,7,high,3,,4,6,Tropical Berry,1,
20,Desert,7,high,3,,4,6,Herb,1,
20,Desert,7,high,3,,4,6,Sap Plant,1,
20,Desert,7,high,3,,4,6,Gloamgrass Root,1,
10,Desert,7,high,3,,4,6,Felvine,1,
30,Desert,7,high,4,60,3,4,Bitterbug,1,
30,Desert,7,high,4,60,3,4,Flashbug,1,
20,Desert,7,high,4,60,3,4,Godbug,1,
20,Desert,7,high,4,60,3,4,Thunderbug,1,
30,Desert,7,high,5,40,6,8,Bitterbug,1,
30,Desert,7,high,5,40,6,8,Flashbug,1,
20,Desert,7,high,5,40,6,8,Godbug,1,
20,Desert,7,high,5,40,6,8,Thunderbug,1,
100,Desert,7,high,6,,,,Sushifish,1,Sushifish Bait
100,Desert,7,high,7,,,,Burst Arowana,1,Burst Bait
100,Desert,7,high,8,,,,Small Goldenfish,1,Mega Fishing Fly
35,Desert,7,high,9,,,,Sleepyfish,1,
30,Desert,7,high,9,,,,Burst Arowana,1,
15,Desert,7,high,9,,,,Sushifish,1,
15,Desert,7,high,9,,,,Small Goldenfish,1,
5,Desert,7,high,9,,,,Gastronome Tuna,1,
20,Desert,7,g,1,,4,6,Herb,1,
20,Desert,7,g,1,,4,6,Sap Plant,1,
20,Desert,7,g,1,,4,6,Gloamgrass Root,1,
15,Desert,7,g,1,,4,6,Tropical Berry,1,
15,Desert,7,g,1,,4,6,Tropical Berry,2,
10,Desert,7,g,1,,4,6,Felvine,1,
40,Desert,7,g,2,,3,5,Bomberry,1,
35,Desert,7,g,2,,3,5,Huskberry,1,
25,Desert,7,g,2,,3,5,Might Seed,1,
30,Desert,7,g,3,,4,6,Tropical Berry,1,
20,Desert,7,g,3,,4,6,Herb,1,
20,Desert,7,g,3,,4,6,Sap Plant,1,
20,Desert,7,g,3,,4,6,Gloamgrass Root,1,
10,Desert,7,g,3,,4,6,Felvine,1,
30,Desert,7,g,4,60,3,4,Bitterbug,2,
30,Desert,7,g,4,60,3,4,Flashbug,2,
25,Desert,7,g,4,60,3,4,Shiny Beetle,2,
15,Desert,7,g,4,60,3,4,Emperor Hopper,1,
30,Desert,7,g,5,40,6,8,Bitterbug,2,
30,Desert,7,g,5,40,6,8,Flashbug,2,
25,Desert,7,g,5,40,6,8,Shiny Beetle,2,
15,Desert,7,g,5,40,6,8,Emperor Hopper,1,
100,Desert,7,g,6,,,,Sushifish,1,Sushifish Bait
100,Desert,7,g,7,,,,Burst Arowana,1,Burst Bait
100,Desert,7,g,8,,,,Small Goldenfish,1,Mega Fishing Fly
35,Desert,7,g,9,,,,Sleepyfish,1,
30,Desert,7,g,9,,,,Burst Arowana,1,
15,Desert,7,g,9,,,,Sushifish,1,
15,Desert,7,g,9,,,,Small Goldenfish,1,
5,Desert,7,g,9,,,,Gastronome Tuna,1,
55,Desert,8,low,1,,4,6,Small Barrel,1,
40,Desert,8,low,1,,4,6,Large Barrel,1,
5,Desert,8,low,1,,4,6,Dung Bomb,1,
30,Desert,8,low,2,,4,6,Old Pickaxe,1,
20,Desert,8,low,2,,4,6,Gunpowder,1,
20,Desert,8,low,2,,4,6,Throwing Knife,1,
15,Desert,8,low,2,,4,6,Barrel Lid,1,
15,Desert,8,low,2,,4,6,Felyne Fur Ruby,1,
25,Desert,8,low,3,,3,5,Bitterbug,1,
25,Desert,8,low,3,,3,5,Hercudrome,1,
15,Desert,8,low,3,,3,5,Thunderbug,1,
15,Desert,8,low,3,,3,5,Royal Rhino,1,
10,Desert,8,low,3,,3,5,King Scarab,1,
10,Desert,8,low,3,,3,5,Divine Rhino,1,
40,Desert,8,low,4,,3,4,Tropical Berry,1,
20,Desert,8,low,4,,3,4,Herb,1,
20,Desert,8,low,4,,3,4,Fire Herb,1,
10,Desert,8,low,4,,3,4,Sap Plant,1,
10,Desert,8,low,4,,3,4,Hot Pepper,1,
50,Desert,8,low,5,,3,5,Lagniapple,1,
25,Desert,8,low,5,,3,5,Big Lagniapple,1,
15,Desert,8,low,5,,3,5,Paintberry,1,
10,Desert,8,low,5,,3,5,Scatternut,1,
70,Desert,8,low,6,70,3,5,Fire Ambrosia,1,
25,Desert,8,low,6,70,3,5,Heavy Jelly,1,
5,Desert,8,low,6,70,3,5,Larval Extract,1,
35,Desert,8,low,7,30,4,6,Heavy Jelly,1,
25,Desert,8,low,7,30,4,6,Larval Extract,1,
25,Desert,8,low,7,30,4,6,Paralarval Extract,1,
15,Desert,8,low,7,30,4,6,Fire Ambrosia,1,
55,Desert,8,high,1,,4,6,Small Barrel,1,
40,Desert,8,high,1,,4,6,Large Barrel,1,
5,Desert,8,high,1,,4,6,Dung Bomb,1,
30,Desert,8,high,2,,4,6,Old Pickaxe,1,
20,Desert,8,high,2,,4,6,Gunpowder,1,
20,Desert,8,high,2,,4,6,Throwing Knife,1,
15,Desert,8,high,2,,4,6,Barrel Lid,1,
15,Desert,8,high,2,,4,6,Felyne Fur Ruby,1,
25,Desert,8,high,3,,3,5,Bitterbug,1,
25,Desert,8,high,3,,3,5,Hercudrome,1,
15,Desert,8,high,3,,3,5,Thunderbug,1,
15,Desert,8,high,3,,3,5,Royal Rhino,1,
10,Desert,8,high,3,,3,5,King Scarab,1,
10,Desert,8,high,3,,3,5,Divine Rhino,1,
40,Desert,8,high,4,,3,4,Tropical Berry,1,
20,Desert,8,high,4,,3,4,Herb,1,
20,Desert,8,high,4,,3,4,Fire Herb,1,
10,Desert,8,high,4,,3,4,Sap Plant,1,
10,Desert,8,high,4,,3,4,Hot Pepper,1,
50,Desert,8,high,5,,3,5,Lagniapple,1,
25,Desert,8,high,5,,3,5,Big Lagniapple,1,
15,Desert,8,high,5,,3,5,Paintberry,1,
10,Desert,8,high,5,,3,5,Scatternut,1,
70,Desert,8,high,6,70,3,5,Fire Ambrosia,1,
25,Desert,8,high,6,70,3,5,Heavy Jelly,1,
5,Desert,8,high,6,70,3,5,Larval Extract,1,
35,Desert,8,high,7,30,4,6,Heavy Jelly,1,
25,Desert,8,high,7,30,4,6,Larval Extract,1,
25,Desert,8,high,7,30,4,6,Paralarval Extract,1,
15,Desert,8,high,7,30,4,6,Fire Ambrosia,1,
55,Desert,8,g,1,,4,6,Small Barrel,1,
40,Desert,8,g,1,,4,6,Large Barrel,1,
5,Desert,8,g,1,,4,6,Dung Bomb,1,
30,Desert,8,g,2,,4,6,Old Pickaxe,1,
20,Desert,8,g,2,,4,6,Gunpowder,1,
20,Desert,8,g,2,,4,6,Throwing Knife,1,
15,Desert,8,g,2,,4,6,Barrel Lid,1,
15,Desert,8,g,2,,4,6,Felyne Fur Ruby,1,
25,Desert,8,g,3,,3,5,Bitterbug,2,
25,Desert,8,g,3,,3,5,Hercudrome,2,
15,Desert,8,g,3,,3,5,King Scarab,1,
15,Desert,8,g,3,,3,5,Royal Rhino,1,
10,Desert,8,g,3,,3,5,Emperor Hopper,1,
10,Desert,8,g,3,,3,5,Divine Rhino,1,
20,Desert,8,g,4,,3,4,Herb,1,
20,Desert,8,g,4,,3,4,Fire Herb,1,
20,Desert,8,g,4,,3,4,Tropical Berry,1,
20,Desert,8,g,4,,3,4,Tropical Berry,2,
10,Desert,8,g,4,,3,4,Sap Plant,1,
10,Desert,8,g,4,,3,4,Hot Pepper,1,
50,Desert,8,g,5,,3,5,Big Lagniapple,1,
25,Desert,8,g,5,,3,5,Huge Lagniapple,1,
15,Desert,8,g,5,,3,5,Paintberry,1,
10,Desert,8,g,5,,3,5,Scatternut,1,
35,Desert,8,g,6,70,3,5,Heavy Jelly,1,
35,Desert,8,g,6,70,3,5,Fire Ambrosia,1,
30,Desert,8,g,6,70,3,5,Larval Extract,1,
30,Desert,8,g,7,30,4,6,Larval Extract,1,
30,Desert,8,g,7,30,4,6,Paralarval Extract,1,
20,Desert,8,g,7,30,4,6,Heavy Jelly,2,
20,Desert,8,g,7,30,4,6,Fire Ambrosia,2,
40,Desert,9,low,1,,3,5,Bomberry,1,
35,Desert,9,low,1,,3,5,Huskberry,1,
25,Desert,9,low,1,,3,5,Might Seed,1,
30,Desert,9,low,2,,4,6,Tropical Berry,1,
20,Desert,9,low,2,,4,6,Herb,1,
20,Desert,9,low,2,,4,6,Sap Plant,1,
20,Desert,9,low,2,,4,6,Gloamgrass Root,1,
10,Desert,9,low,2,,4,6,Felvine,1,
20,Desert,9,low,3,,1,1,Dragonite Ore,1,
15,Desert,9,low,3,,1,1,Machalite Ore,1,
15,Desert,9,low,3,,1,1,Shining Charm,1,
10,Desert,9,low,3,,1,1,Iron Ore,1,
10,Desert,9,low,3,,1,1,Sunspire Jewel,1,
10,Desert,9,low,3,,1,1,Mystery Charm,1,
10,Desert,9,low,3,,1,1,Auristone Piece,1,
5,Desert,9,low,3,,1,1,Bloodrun Jewel,1,
5,Desert,9,low,3,,1,1,Auristone Chunk,1,
30,Desert,9,low,4,,4,6,Tropical Berry,1,
20,Desert,9,low,4,,4,6,Herb,1,
20,Desert,9,low,4,,4,6,Sap Plant,1,
20,Desert,9,low,4,,4,6,Gloamgrass Root,1,
10,Desert,9,low,4,,4,6,Felvine,1,
20,Desert,9,low,5,70,3,5,Huskberry,1,
20,Desert,9,low,5,70,3,5,Might Seed,1,
20,Desert,9,low,5,70,3,5,Scatternut,1,
20,Desert,9,low,5,70,3,5,Bomberry,1,
15,Desert,9,low,5,70,3,5,Needleberry,1,
5,Desert,9,low,5,70,3,5,Dragon Toadstool,1,
20,Desert,9,low,6,30,4,6,Dragon Toadstool,1,
20,Desert,9,low,6,30,4,6,Might Seed,2,
15,Desert,9,low,6,30,4,6,Huskberry,2,
15,Desert,9,low,6,30,4,6,Scatternut,2,
15,Desert,9,low,6,30,4,6,Needleberry,2,
15,Desert,9,low,6,30,4,6,Bomberry,2,
40,Desert,9,high,1,,3,5,Bomberry,1,
35,Desert,9,high,1,,3,5,Huskberry,1,
25,Desert,9,high,1,,3,5,Might Seed,1,
30,Desert,9,high,2,,4,6,Tropical Berry,1,
20,Desert,9,high,2,,4,6,Herb,1,
20,Desert,9,high,2,,4,6,Sap Plant,1,
20,Desert,9,high,2,,4,6,Gloamgrass Root,1,
10,Desert,9,high,2,,4,6,Felvine,1,
100,Desert,9,high,3,,2,3,Burned Husk,1,
20,Desert,9,high,4,,1,1,Dragonite Ore,1,
15,Desert,9,high,4,,1,1,Machalite Ore,1,
15,Desert,9,high,4,,1,1,Shining Charm,1,
10,Desert,9,high,4,,1,1,Iron Ore,1,
10,Desert,9,high,4,,1,1,Sunspire Jewel,1,
10,Desert,9,high,4,,1,1,Mystery Charm,1,
10,Desert,9,high,4,,1,1,Auristone Piece,1,
5,Desert,9,high,4,,1,1,Bloodrun Jewel,1,
5,Desert,9,high,4,,1,1,Auristone Chunk,1,
30,Desert,9,high,5,,4,6,Tropical Berry,1,
20,Desert,9,high,5,,4,6,Herb,1,
20,Desert,9,high,5,,4,6,Sap Plant,1,
20,Desert,9,high,5,,4,6,Gloamgrass Root,1,
10,Desert,9,high,5,,4,6,Felvine,1,
20,Desert,9,high,6,70,3,5,Huskberry,1,
20,Desert,9,high,6,70,3,5,Might Seed,1,
20,Desert,9,high,6,70,3,5,Scatternut,1,
20,Desert,9,high,6,70,3,5,Bomberry,1,
15,Desert,9,high,6,70,3,5,Needleberry,1,
5,Desert,9,high,6,70,3,5,Dragon Toadstool,1,
20,Desert,9,high,7,30,4,6,Dragon Toadstool,1,
20,Desert,9,high,7,30,4,6,Might Seed,2,
15,Desert,9,high,7,30,4,6,Huskberry,2,
15,Desert,9,high,7,30,4,6,Scatternut,2,
15,Desert,9,high,7,30,4,6,Needleberry,2,
15,Desert,9,high,7,30,4,6,Bomberry,2,
40,Desert,9,g,1,,3,5,Bomberry,1,
35,Desert,9,g,1,,3,5,Huskberry,1,
25,Desert,9,g,1,,3,5,Might Seed,1,
20,Desert,9,g,2,,4,6,Herb,1,
20,Desert,9,g,2,,4,6,Sap Plant,1,
20,Desert,9,g,2,,4,6,Gloamgrass Root,1,
15,Desert,9,g,2,,4,6,Tropical Berry,1,
15,Desert,9,g,2,,4,6,Tropical Berry,2,
10,Desert,9,g,2,,4,6,Felvine,1,
100,Desert,9,g,3,,2,3,Burned Husk,1,
20,Desert,9,g,4,,1,1,Eltalite Ore,1,
15,Desert,9,g,4,,1,1,Fucium Ore,1,
15,Desert,9,g,4,,1,1,Timeworn Charm,1,
10,Desert,9,g,4,,1,1,Dragonite Ore,2,
10,Desert,9,g,4,,1,1,Lazurite Jewel,1,
10,Desert,9,g,4,,1,1,Shining Charm,1,
10,Desert,9,g,4,,1,1,Auristone Piece,1,
5,Desert,9,g,4,,1,1,Adamant Orb,1,
5,Desert,9,g,4,,1,1,Auristone Chunk,1,
30,Desert,9,g,5,,4,6,Tropical Berry,1,
20,Desert,9,g,5,,4,6,Herb,1,
20,Desert,9,g,5,,4,6,Sap Plant,1,
20,Desert,9,g,5,,4,6,Gloamgrass Root,1,
10,Desert,9,g,5,,4,6,Felvine,1,
20,Desert,9,g,6,70,3,5,Huskberry,1,
20,Desert,9,g,6,70,3,5,Might Seed,1,
20,Desert,9,g,6,70,3,5,Scatternut,1,
20,Desert,9,g,6,70,3,5,Bomberry,1,
15,Desert,9,g,6,70,3,5,Needleberry,1,
5,Desert,9,g,6,70,3,5,Dragon Toadstool,1,
20,Desert,9,g,7,30,4,6,Dragon Toadstool,1,
20,Desert,9,g,7,30,4,6,Might Seed,2,
15,Desert,9,g,7,30,4,6,Huskberry,2,
15,Desert,9,g,7,30,4,6,Scatternut,2,
15,Desert,9,g,7,30,4,6,Needleberry,2,
15,Desert,9,g,7,30,4,6,Bomberry,2,
60,Desert,10,low,1,,,,Herbivore Egg,1,∞
30,Desert,10,low,1,,,,Mystery Bone,1,∞
10,Desert,10,low,1,,,,Bone Husk,1,∞
60,Desert,10,low,2,,6,8,Dung,1,
30,Desert,10,low,2,,6,8,Kut-Ku Scale,1,
10,Desert,10,low,2,,6,8,Scatternut,1,
40,Desert,10,low,3,,6,10,Bone Husk,1,
40,Desert,10,low,3,,6,10,Mystery Bone,1,
20,Desert,10,low,3,,6,10,Unknown Skull,1,
20,Desert,10,low,4,,4,6,Dragonite Ore,1,
15,Desert,10,low,4,,4,6,Machalite Ore,1,
15,Desert,10,low,4,,4,6,Shining Charm,1,
10,Desert,10,low,4,,4,6,Iron Ore,1,
10,Desert,10,low,4,,4,6,Sunspire Jewel,1,
10,Desert,10,low,4,,4,6,Mystery Charm,1,
10,Desert,10,low,4,,4,6,Auristone Piece,1,
5,Desert,10,low,4,,4,6,Bloodrun Jewel,1,
5,Desert,10,low,4,,4,6,Auristone Chunk,1,
40,Desert,10,low,5,,3,5,Scatternut,1,
35,Desert,10,low,5,,3,5,Needleberry,2,
25,Desert,10,low,5,,3,5,Dragon Toadstool,1,
20,Desert,10,low,6,70,3,5,Iron Ore,1,
20,Desert,10,low,6,70,3,5,Earth Crystal,1,
15,Desert,10,low,6,70,3,5,Disc Stone,1,
15,Desert,10,low,6,70,3,5,Sunspire Jewel,1,
15,Desert,10,low,6,70,3,5,Armor Sphere,1,
10,Desert,10,low,6,70,3,5,Armor Sphere+,1,
5,Desert,10,low,6,70,3,5,Bloodrun Jewel,1,
25,Desert,10,low,7,30,4,6,Bloodrun Jewel,1,
25,Desert,10,low,7,30,4,6,Armor Sphere+,1,
10,Desert,10,low,7,30,4,6,Iron Ore,1,
10,Desert,10,low,7,30,4,6,Earth Crystal,1,
10,Desert,10,low,7,30,4,6,Disc Stone,1,
10,Desert,10,low,7,30,4,6,Sunspire Jewel,1,
10,Desert,10,low,7,30,4,6,Armor Sphere,1,
60,Desert,10,high,1,,,,Herbivore Egg,1,∞
30,Desert,10,high,1,,,,Mystery Bone,1,∞
10,Desert,10,high,1,,,,Bone Husk,1,∞
60,Desert,10,high,2,,6,8,Dung,1,
30,Desert,10,high,2,,6,8,Kut-Ku Scale,1,
10,Desert,10,high,2,,6,8,Scatternut,1,
40,Desert,10,high,3,,6,10,Bone Husk,1,
40,Desert,10,high,3,,6,10,Mystery Bone,1,
20,Desert,10,high,3,,6,10,Unknown Skull,1,
20,Desert,10,high,4,,4,6,Dragonite Ore,1,
15,Desert,10,high,4,,4,6,Machalite Ore,1,
15,Desert,10,high,4,,4,6,Shining Charm,1,
10,Desert,10,high,4,,4,6,Iron Ore,1,
10,Desert,10,high,4,,4,6,Sunspire Jewel,1,
10,Desert,10,high,4,,4,6,Mystery Charm,1,
10,Desert,10,high,4,,4,6,Auristone Piece,1,
5,Desert,10,high,4,,4,6,Bloodrun Jewel,1,
5,Desert,10,high,4,,4,6,Auristone Chunk,1,
40,Desert,10,high,5,,3,5,Scatternut,1,
35,Desert,10,high,5,,3,5,Needleberry,2,
25,Desert,10,high,5,,3,5,Dragon Toadstool,1,
20,Desert,10,high,6,70,3,5,Iron Ore,1,
20,Desert,10,high,6,70,3,5,Earth Crystal,1,
15,Desert,10,high,6,70,3,5,Disc Stone,1,
15,Desert,10,high,6,70,3,5,Sunspire Jewel,1,
15,Desert,10,high,6,70,3,5,Armor Sphere,1,
10,Desert,10,high,6,70,3,5,Armor Sphere+,1,
5,Desert,10,high,6,70,3,5,Bloodrun Jewel,1,
25,Desert,10,high,7,30,4,6,Bloodrun Jewel,1,
25,Desert,10,high,7,30,4,6,Armor Sphere+,1,
10,Desert,10,high,7,30,4,6,Iron Ore,1,
10,Desert,10,high,7,30,4,6,Earth Crystal,1,
10,Desert,10,high,7,30,4,6,Disc Stone,1,
10,Desert,10,high,7,30,4,6,Sunspire Jewel,1,
10,Desert,10,high,7,30,4,6,Armor Sphere,1,
60,Desert,10,g,1,,,,Herbivore Egg,1,∞
30,Desert,10,g,1,,,,Mystery Bone,1,∞
10,Desert,10,g,1,,,,Bone Husk,1,∞
60,Desert,10,g,2,,6,8,Dung,1,
30,Desert,10,g,2,,6,8,Kut-Ku Scale,1,
10,Desert,10,g,2,,6,8,Scatternut,1,
40,Desert,10,g,3,,6,10,Bone Husk,1,
40,Desert,10,g,3,,6,10,Mystery Bone,1,
20,Desert,10,g,3,,6,10,Unknown Skull,1,
20,Desert,10,g,4,,4,6,Eltalite Ore,1,
15,Desert,10,g,4,,4,6,Fucium Ore,1,
15,Desert,10,g,4,,4,6,Timeworn Charm,1,
10,Desert,10,g,4,,4,6,Dragonite Ore,2,
10,Desert,10,g,4,,4,6,Lazurite Jewel,1,
10,Desert,10,g,4,,4,6,Shining Charm,1,
10,Desert,10,g,4,,4,6,Auristone Piece,1,
5,Desert,10,g,4,,4,6,Adamant Orb,1,
5,Desert,10,g,4,,4,6,Auristone Chunk,1,
40,Desert,10,g,5,,3,5,Scatternut,1,
35,Desert,10,g,5,,3,5,Needleberry,2,
25,Desert,10,g,5,,3,5,Dragon Toadstool,1,
20,Desert,10,g,6,70,3,5,Eltalite Ore,1,
20,Desert,10,g,6,70,3,5,Fucium Ore,1,
15,Desert,10,g,6,70,3,5,Disc Stone,2,
15,Desert,10,g,6,70,3,5,Lazurite Jewel,1,
15,Desert,10,g,6,70,3,5,Adv Armor Sphere,1,
10,Desert,10,g,6,70,3,5,Hard Armor Sphere,1,
5,Desert,10,g,6,70,3,5,Adamant Orb,1,
25,Desert,10,g,7,30,4,6,Adamant Orb,1,
25,Desert,10,g,7,30,4,6,Hard Armor Sphere,1,
20,Desert,10,g,7,30,4,6,Eltalite Ore,1,
10,Desert,10,g,7,30,4,6,Fucium Ore,1,
10,Desert,10,g,7,30,4,6,Lazurite Jewel,1,
10,Desert,10,g,7,30,4,6,Adv Armor Sphere,1,
30,Desert,11,low,1,,2,3,Dragonite Ore,1,
25,Desert,11,low,1,,2,3,Bloodrun Jewel,1,
20,Desert,11,low,1,,2,3,Rustshard,1,
15,Desert,11,low,1,,2,3,Carbalite Ore,1,
10,Desert,11,low,1,,2,3,Auristone Chunk,1,
30,Desert,11,low,2,,3,4,King Scarab,1,
25,Desert,11,low,2,,3,4,Hercudrome,1,
25,Desert,11,low,2,,3,4,Royal Rhino,1,
20,Desert,11,low,2,,3,4,Shiny Beetle,1,
35,Desert,11,low,3,,3,4,Dragon Toadstool,1,
35,Desert,11,low,3,,3,4,Might Seed,1,
30,Desert,11,low,3,,3,4,Felyne Fur Ruby,1,
40,Desert,11,low,4,,2,3,Shining Charm,1,
40,Desert,11,low,4,,2,3,Unknown Skull,1,
10,Desert,11,low,4,,2,3,Dung,2,
5,Desert,11,low,4,,2,3,Bone Husk,5,
5,Desert,11,low,4,,2,3,Mystery Bone,2,
30,Desert,11,high,1,,2,3,Dragonite Ore,1,
25,Desert,11,high,1,,2,3,Bloodrun Jewel,1,
20,Desert,11,high,1,,2,3,Rustshard,1,
15,Desert,11,high,1,,2,3,Carbalite Ore,1,
10,Desert,11,high,1,,2,3,Auristone Chunk,1,
30,Desert,11,high,2,,3,4,King Scarab,1,
25,Desert,11,high,2,,3,4,Hercudrome,1,
25,Desert,11,high,2,,3,4,Royal Rhino,1,
20,Desert,11,high,2,,3,4,Shiny Beetle,1,
35,Desert,11,high,3,,3,4,Dragon Toadstool,1,
35,Desert,11,high,3,,3,4,Might Seed,1,
30,Desert,11,high,3,,3,4,Felyne Fur Ruby,1,
40,Desert,11,high,4,,2,3,Shining Charm,1,
40,Desert,11,high,4,,2,3,Unknown Skull,1,
10,Desert,11,high,4,,2,3,Dung,2,
5,Desert,11,high,4,,2,3,Bone Husk,5,
5,Desert,11,high,4,,2,3,Mystery Bone,2,
30,Desert,11,g,1,,2,3,Eltalite Ore,1,
25,Desert,11,g,1,,2,3,Adamant Orb,1,
20,Desert,11,g,1,,2,3,Ancient Shard,1,
15,Desert,11,g,1,,2,3,Fucium Ore,1,
10,Desert,11,g,1,,2,3,Auristone Chunk,1,
30,Desert,11,g,2,,3,4,King Scarab,1,
25,Desert,11,g,2,,3,4,Royal Rhino,1,
25,Desert,11,g,2,,3,4,Divine Rhino,1,
20,Desert,11,g,2,,3,4,Emperor Hopper,1,
35,Desert,11,g,3,,3,4,Dragon Toadstool,1,
35,Desert,11,g,3,,3,4,Might Seed,1,
30,Desert,11,g,3,,3,4,Felyne Fur Ruby,1,
40,Desert,11,g,4,,2,3,Timeworn Charm,1,
40,Desert,11,g,4,,2,3,Unknown Skull,1,
10,Desert,11,g,4,,2,3,Dung,2,
5,Desert,11,g,4,,2,3,Bone Husk,5,
5,Desert,11,g,4,,2,3,Mystery Bone,2,
85,Jungle,0,low,1,,3,4,Honey,1,
10,Jungle,0,low,1,,3,4,Kut-Ku Scale,1,
5,Jungle,0,low,1,,3,4,Insect Husk,1,
70,Jungle,0,low,2,,6,8,Whetstone,1,
20,Jungle,0,low,2,,6,8,Stone,2,
10,Jungle,0,low,2,,6,8,Stone,1,
85,Jungle,0,high,1,,3,4,Honey,1,
10,Jungle,0,high,1,,3,4,Kut-Ku Scale,1,
5,Jungle,0,high,1,,3,4,Insect Husk,1,
70,Jungle,0,high,2,,6,8,Whetstone,1,
20,Jungle,0,high,2,,6,8,Stone,2,
10,Jungle,0,high,2,,6,8,Stone,1,
100,Jungle,0,high,3,,,,Burst Arowana,1,Burst Bait
100,Jungle,0,high,4,,,,Small Goldenfish,1,Mega Fishing Fly
20,Jungle,0,high,5,,,,Pin Tuna,1,
20,Jungle,0,high,5,,,,Speartuna,1,
15,Jungle,0,high,5,,,,Whetfish,1,
15,Jungle,0,high,5,,,,Sleepyfish,1,
15,Jungle,0,high,5,,,,Burst Arowana,1,
10,Jungle,0,high,5,,,,Small Goldenfish,1,
5,Jungle,0,high,5,,,,Gastronome Tuna,1,
85,Jungle,0,g,1,,3,4,Honey,1,
10,Jungle,0,g,1,,3,4,Kut-Ku Scale,1,
5,Jungle,0,g,1,,3,4,Insect Husk,1,
70,Jungle,0,g,2,,6,8,Whetstone,1,
20,Jungle,0,g,2,,6,8,Stone,2,
10,Jungle,0,g,2,,6,8,Stone,1,
100,Jungle,0,g,3,,,,Burst Arowana,1,Burst Bait
100,Jungle,0,g,4,,,,Small Goldenfish,1,Mega Fishing Fly
20,Jungle,0,g,5,,,,Pin Tuna,1,
20,Jungle,0,g,5,,,,Speartuna,1,
15,Jungle,0,g,5,,,,Whetfish,1,
15,Jungle,0,g,5,,,,Sleepyfish,1,
15,Jungle,0,g,5,,,,Burst Arowana,1,
10,Jungle,0,g,5,,,,Small Goldenfish,1,
5,Jungle,0,g,5,,,,Gastronome Tuna,1,
25,Jungle,1,low,1,,3,5,Earth Crystal,1,
20,Jungle,1,low,1,,3,5,Lightcrystal,1,
15,Jungle,1,low,1,,3,5,Dragonite Ore,1,
15,Jungle,1,low,1,,3,5,Carbalite Ore,1,
10,Jungle,1,low,1,,3,5,Adv Armor Sphere,1,
5,Jungle,1,low,1,,3,5,Novacrystal,1,
5,Jungle,1,low,1,,3,5,Hard Armor Sphere,1,
5,Jungle,1,low,1,,3,5,Auristone Chunk,1,
40,Jungle,1,low,2,,3,5,Unique Mushroom,1,
25,Jungle,1,low,2,,3,5,Blue Mushroom,1,
20,Jungle,1,low,2,,3,5,Choice Mushroom,1,
15,Jungle,1,low,2,,3,5,Exciteshroom,1,
25,Jungle,1,low,3,,3,5,Herb,1,
25,Jungle,1,low,3,,3,5,Sap Plant,1,
25,Jungle,1,low,3,,3,5,Gloamgrass Root,1,
15,Jungle,1,low,3,,3,5,Ivy,1,
5,Jungle,1,low,3,,3,5,Spider Web,1,
5,Jungle,1,low,3,,3,5,Hot Pepper,1,
85,Jungle,1,low,4,,1,1,Honey,1,
10,Jungle,1,low,4,,1,1,Kut-Ku Scale,1,
5,Jungle,1,low,4,,1,1,Insect Husk,1,
20,Jungle,1,low,5,20,3,5,Nitroshroom,1,
20,Jungle,1,low,5,20,3,5,Parashroom,1,
20,Jungle,1,low,5,20,3,5,Exciteshroom,1,
15,Jungle,1,low,5,20,3,5,Unique Mushroom,3,
15,Jungle,1,low,5,20,3,5,Choice Mushroom,2,
10,Jungle,1,low,5,20,3,5,Blue Mushroom,1,
50,Jungle,1,low,6,80,3,4,Blue Mushroom,1,
15,Jungle,1,low,6,80,3,4,Nitroshroom,1,
15,Jungle,1,low,6,80,3,4,Parashroom,1,
10,Jungle,1,low,6,80,3,4,Exciteshroom,1,
10,Jungle,1,low,6,80,3,4,Unique Mushroom,2,
25,Jungle,1,high,1,,3,5,Earth Crystal,1,
20,Jungle,1,high,1,,3,5,Lightcrystal,1,
15,Jungle,1,high,1,,3,5,Dragonite Ore,1,
15,Jungle,1,high,1,,3,5,Carbalite Ore,1,
10,Jungle,1,high,1,,3,5,Adv Armor Sphere,1,
5,Jungle,1,high,1,,3,5,Novacrystal,1,
5,Jungle,1,high,1,,3,5,Hard Armor Sphere,1,
5,Jungle,1,high,1,,3,5,Auristone Chunk,1,
40,Jungle,1,high,2,,3,5,Unique Mushroom,1,
25,Jungle,1,high,2,,3,5,Blue Mushroom,1,
20,Jungle,1,high,2,,3,5,Choice Mushroom,1,
15,Jungle,1,high,2,,3,5,Exciteshroom,1,
25,Jungle,1,high,3,,3,5,Herb,1,
25,Jungle,1,high,3,,3,5,Sap Plant,1,
25,Jungle,1,high,3,,3,5,Gloamgrass Root,1,
15,Jungle,1,high,3,,3,5,Ivy,1,
5,Jungle,1,high,3,,3,5,Spider Web,1,
5,Jungle,1,high,3,,3,5,Hot Pepper,1,
85,Jungle,1,high,4,,1,1,Honey,1,
10,Jungle,1,high,4,,1,1,Kut-Ku Scale,1,
5,Jungle,1,high,4,,1,1,Insect Husk,1,
100,Jungle,1,high,5,,2,3,Burned Husk,1,
20,Jungle,1,high,6,20,3,5,Nitroshroom,1,
20,Jungle,1,high,6,20,3,5,Parashroom,1,
20,Jungle,1,high,6,20,3,5,Exciteshroom,1,
15,Jungle,1,high,6,20,3,5,Unique Mushroom,3,
15,Jungle,1,high,6,20,3,5,Choice Mushroom,2,
10,Jungle,1,high,6,20,3,5,Blue Mushroom,1,
50,Jungle,1,high,7,80,3,4,Blue Mushroom,1,
15,Jungle,1,high,7,80,3,4,Nitroshroom,1,
15,Jungle,1,high,7,80,3,4,Parashroom,1,
10,Jungle,1,high,7,80,3,4,Exciteshroom,1,
10,Jungle,1,high,7,80,3,4,Unique Mushroom,2,
20,Jungle,1,g,1,,3,5,Earth Crystal,3,
20,Jungle,1,g,1,,3,5,Novacrystal,1,
15,Jungle,1,g,1,,3,5,Meldspar Ore,1,
15,Jungle,1,g,1,,3,5,Purecrystal,1,
10,Jungle,1,g,1,,3,5,Lightcrystal,2,
10,Jungle,1,g,1,,3,5,Heavy Armor Sphere,1,
5,Jungle,1,g,1,,3,5,King Armor Sphere,1,
5,Jungle,1,g,1,,3,5,Auristone Chunk,1,
40,Jungle,1,g,2,,3,5,Unique Mushroom,1,
25,Jungle,1,g,2,,3,5,Blue Mushroom,1,
20,Jungle,1,g,2,,3,5,Choice Mushroom,1,
15,Jungle,1,g,2,,3,5,Exciteshroom,1,
25,Jungle,1,g,3,,3,5,Herb,1,
25,Jungle,1,g,3,,3,5,Sap Plant,1,
25,Jungle,1,g,3,,3,5,Gloamgrass Root,1,
15,Jungle,1,g,3,,3,5,Ivy,1,
5,Jungle,1,g,3,,3,5,Spider Web,1,
5,Jungle,1,g,3,,3,5,Hot Pepper,1,
85,Jungle,1,g,4,,1,1,Honey,1,
10,Jungle,1,g,4,,1,1,Kut-Ku Scale,1,
5,Jungle,1,g,4,,1,1,Insect Husk,1,
100,Jungle,1,g,5,,2,3,Burned Husk,1,
20,Jungle,1,g,6,20,3,5,Nitroshroom,1,
20,Jungle,1,g,6,20,3,5,Parashroom,1,
20,Jungle,1,g,6,20,3,5,Exciteshroom,1,
15,Jungle,1,g,6,20,3,5,Unique Mushroom,3,
15,Jungle,1,g,6,20,3,5,Choice Mushroom,2,
10,Jungle,1,g,6,20,3,5,Blue Mushroom,1,
50,Jungle,1,g,7,80,3,4,Blue Mushroom,1,
15,Jungle,1,g,7,80,3,4,Nitroshroom,1,
15,Jungle,1,g,7,80,3,4,Parashroom,1,
10,Jungle,1,g,7,80,3,4,Exciteshroom,1,
10,Jungle,1,g,7,80,3,4,Unique Mushroom,2,
20,Jungle,2,low,1,,4,6,King Scarab,1,
20,Jungle,2,low,1,,4,6,Rare Scarab,1,
15,Jungle,2,low,1,,4,6,Carpenterbug,1,
15,Jungle,2,low,1,,4,6,Shiny Beetle,1,
15,Jungle,2,low,1,,4,6,Hercudrome,1,
10,Jungle,2,low,1,,4,6,Royal Rhino,1,
5,Jungle,2,low,1,,4,6,Divine Rhino,1,
30,Jungle,2,low,2,,3,5,Huskberry,3,
30,Jungle,2,low,2,,3,5,Needleberry,3,
20,Jungle,2,low,2,,3,5,Paintberry,2,
20,Jungle,2,low,2,,3,5,Scatternut,2,
85,Jungle,2,low,3,,1,1,Honey,1,
10,Jungle,2,low,3,,1,1,Kut-Ku Scale,1,
5,Jungle,2,low,3,,1,1,Insect Husk,1,
25,Jungle,2,low,4,,3,5,Herb,1,
20,Jungle,2,low,4,,3,5,Sap Plant,1,
20,Jungle,2,low,4,,3,5,Hot Pepper,1,
15,Jungle,2,low,4,,3,5,Ivy,1,
15,Jungle,2,low,4,,3,5,Gloamgrass Root,1,
5,Jungle,2,low,4,,3,5,Spider Web,1,
50,Jungle,2,low,5,80,3,4,Blue Mushroom,1,
15,Jungle,2,low,5,80,3,4,Nitroshroom,1,
15,Jungle,2,low,5,80,3,4,Parashroom,1,
10,Jungle,2,low,5,80,3,4,Exciteshroom,1,
10,Jungle,2,low,5,80,3,4,Unique Mushroom,2,
20,Jungle,2,low,6,20,3,5,Nitroshroom,1,
20,Jungle,2,low,6,20,3,5,Parashroom,1,
20,Jungle,2,low,6,20,3,5,Exciteshroom,1,
15,Jungle,2,low,6,20,3,5,Unique Mushroom,3,
15,Jungle,2,low,6,20,3,5,Choice Mushroom,2,
10,Jungle,2,low,6,20,3,5,Blue Mushroom,1,
20,Jungle,2,high,1,,4,6,King Scarab,1,
20,Jungle,2,high,1,,4,6,Rare Scarab,1,
15,Jungle,2,high,1,,4,6,Carpenterbug,1,
15,Jungle,2,high,1,,4,6,Shiny Beetle,1,
15,Jungle,2,high,1,,4,6,Hercudrome,1,
10,Jungle,2,high,1,,4,6,Royal Rhino,1,
5,Jungle,2,high,1,,4,6,Divine Rhino,1,
30,Jungle,2,high,2,,3,5,Huskberry,3,
30,Jungle,2,high,2,,3,5,Needleberry,3,
20,Jungle,2,high,2,,3,5,Paintberry,2,
20,Jungle,2,high,2,,3,5,Scatternut,2,
85,Jungle,2,high,3,,1,1,Honey,1,
10,Jungle,2,high,3,,1,1,Kut-Ku Scale,1,
5,Jungle,2,high,3,,1,1,Insect Husk,1,
100,Jungle,2,high,4,,2,3,Burned Husk,1,
25,Jungle,2,high,5,,3,5,Herb,1,
20,Jungle,2,high,5,,3,5,Sap Plant,1,
20,Jungle,2,high,5,,3,5,Hot Pepper,1,
15,Jungle,2,high,5,,3,5,Ivy,1,
15,Jungle,2,high,5,,3,5,Gloamgrass Root,1,
5,Jungle,2,high,5,,3,5,Spider Web,1,
50,Jungle,2,high,6,80,3,4,Blue Mushroom,1,
15,Jungle,2,high,6,80,3,4,Nitroshroom,1,
15,Jungle,2,high,6,80,3,4,Parashroom,1,
10,Jungle,2,high,6,80,3,4,Exciteshroom,1,
10,Jungle,2,high,6,80,3,4,Unique Mushroom,2,
20,Jungle,2,high,7,20,3,5,Nitroshroom,1,
20,Jungle,2,high,7,20,3,5,Parashroom,1,
20,Jungle,2,high,7,20,3,5,Exciteshroom,1,
15,Jungle,2,high,7,20,3,5,Unique Mushroom,3,
15,Jungle,2,high,7,20,3,5,Choice Mushroom,2,
10,Jungle,2,high,7,20,3,5,Blue Mushroom,1,
20,Jungle,2,g,1,,4,6,King Scarab,1,
20,Jungle,2,g,1,,4,6,Rare Scarab,1,
15,Jungle,2,g,1,,4,6,Emperor Hopper,1,
15,Jungle,2,g,1,,4,6,Flutterfly,1,
15,Jungle,2,g,1,,4,6,Stygian Worm,1,
10,Jungle,2,g,1,,4,6,Royal Rhino,1,
5,Jungle,2,g,1,,4,6,Divine Rhino,1,
30,Jungle,2,g,2,,3,5,Huskberry,3,
30,Jungle,2,g,2,,3,5,Needleberry,3,
20,Jungle,2,g,2,,3,5,Paintberry,2,
20,Jungle,2,g,2,,3,5,Scatternut,2,
85,Jungle,2,g,3,,1,1,Honey,1,
10,Jungle,2,g,3,,1,1,Kut-Ku Scale,1,
5,Jungle,2,g,3,,1,1,Insect Husk,1,
100,Jungle,2,g,4,,2,3,Burned Husk,1,
25,Jungle,2,g,5,,3,5,Herb,1,
20,Jungle,2,g,5,,3,5,Sap Plant,1,
20,Jungle,2,g,5,,3,5,Hot Pepper,1,
15,Jungle,2,g,5,,3,5,Ivy,1,
15,Jungle,2,g,5,,3,5,Gloamgrass Root,1,
5,Jungle,2,g,5,,3,5,Spider Web,1,
50,Jungle,2,g,6,80,3,4,Blue Mushroom,1,
15,Jungle,2,g,6,80,3,4,Nitroshroom,1,
15,Jungle,2,g,6,80,3,4,Parashroom,1,
10,Jungle,2,g,6,80,3,4,Exciteshroom,1,
10,Jungle,2,g,6,80,3,4,Unique Mushroom,2,
20,Jungle,2,g,7,20,3,5,Nitroshroom,1,
20,Jungle,2,g,7,20,3,5,Parashroom,1,
20,Jungle,2,g,7,20,3,5,Exciteshroom,1,
15,Jungle,2,g,7,20,3,5,Unique Mushroom,3,
15,Jungle,2,g,7,20,3,5,Choice Mushroom,2,
10,Jungle,2,g,7,20,3,5,Blue Mushroom,1,
25,Jungle,3,low,1,,3,5,Bone Husk,1,
25,Jungle,3,low,1,,3,5,Mystery Bone,1,
25,Jungle,3,low,1,,3,5,Beautiful Shell,1,
15,Jungle,3,low,1,,3,5,Monster Bone S,1,
10,Jungle,3,low,1,,3,5,Unknown Skull,1,
85,Jungle,3,low,2,,3,4,Honey,1,
10,Jungle,3,low,2,,3,4,Kut-Ku Scale,1,
5,Jungle,3,low,2,,3,4,Insect Husk,1,
20,Jungle,3,low,3,,3,5,Machalite Ore,1,
15,Jungle,3,low,3,,3,5,Iron Ore,1,
15,Jungle,3,low,3,,3,5,Disc Stone,1,
15,Jungle,3,low,3,,3,5,Sunspire Jewel,1,
15,Jungle,3,low,3,,3,5,Auristone Piece,1,
10,Jungle,3,low,3,,3,5,Bloodrun Jewel,1,
10,Jungle,3,low,3,,3,5,Lazurite Jewel,1,
25,Jungle,3,low,4,,4,6,Bitterbug,1,
20,Jungle,3,low,4,,4,6,Godbug,1,
20,Jungle,3,low,4,,4,6,Flashbug,1,
20,Jungle,3,low,4,,4,6,Thunderbug,1,
10,Jungle,3,low,4,,4,6,Royal Rhino,1,
5,Jungle,3,low,4,,4,6,Stinkhopper,1,
50,Jungle,3,low,5,,,,Worm,1,∞
50,Jungle,3,low,5,,,,Frog,1,∞
85,Jungle,3,low,6,,1,1,Honey,1,
10,Jungle,3,low,6,,1,1,Kut-Ku Scale,1,
5,Jungle,3,low,6,,1,1,Insect Husk,1,
20,Jungle,3,low,7,70,3,5,Godbug,1,
20,Jungle,3,low,7,70,3,5,Bitterbug,1,
20,Jungle,3,low,7,70,3,5,Royal Rhino,1,
15,Jungle,3,low,7,70,3,5,Shiny Beetle,1,
15,Jungle,3,low,7,70,3,5,King Scarab,1,
10,Jungle,3,low,7,70,3,5,Stinkhopper,1,
25,Jungle,3,low,8,30,4,6,Shiny Beetle,1,
25,Jungle,3,low,8,30,4,6,King Scarab,1,
20,Jungle,3,low,8,30,4,6,Divine Rhino,1,
10,Jungle,3,low,8,30,4,6,Godbug,1,
10,Jungle,3,low,8,30,4,6,Bitterbug,1,
10,Jungle,3,low,8,30,4,6,Royal Rhino,1,
25,Jungle,3,low,9,70,3,5,Beautiful Shell,1,
20,Jungle,3,low,9,70,3,5,Bone Husk,1,
20,Jungle,3,low,9,70,3,5,Mystery Bone,1,
20,Jungle,3,low,9,70,3,5,Beautiful Shell,2,
15,Jungle,3,low,9,70,3,5,Bone Husk,2,
25,Jungle,3,low,10,30,3,5,Beautiful Shell,2,
20,Jungle,3,low,10,30,3,5,Beautiful Shell,3,
15,Jungle,3,low,10,30,3,5,Bone Husk,3,
15,Jungle,3,low,10,30,3,5,Monster Bone S,1,
15,Jungle,3,low,10,30,3,5,Mystery Bone,2,
10,Jungle,3,low,10,30,3,5,Bone Husk,2,
25,Jungle,3,high,1,,3,5,Bone Husk,1,
25,Jungle,3,high,1,,3,5,Mystery Bone,1,
25,Jungle,3,high,1,,3,5,Beautiful Shell,1,
15,Jungle,3,high,1,,3,5,Monster Bone S,1,
10,Jungle,3,high,1,,3,5,Unknown Skull,1,
85,Jungle,3,high,2,,3,4,Honey,1,
10,Jungle,3,high,2,,3,4,Kut-Ku Scale,1,
5,Jungle,3,high,2,,3,4,Insect Husk,1,
20,Jungle,3,high,3,,3,5,Machalite Ore,1,
15,Jungle,3,high,3,,3,5,Iron Ore,1,
15,Jungle,3,high,3,,3,5,Disc Stone,1,
15,Jungle,3,high,3,,3,5,Sunspire Jewel,1,
15,Jungle,3,high,3,,3,5,Auristone Piece,1,
10,Jungle,3,high,3,,3,5,Bloodrun Jewel,1,
10,Jungle,3,high,3,,3,5,Lazurite Jewel,1,
25,Jungle,3,high,4,,4,6,Bitterbug,1,
20,Jungle,3,high,4,,4,6,Godbug,1,
20,Jungle,3,high,4,,4,6,Flashbug,1,
20,Jungle,3,high,4,,4,6,Thunderbug,1,
10,Jungle,3,high,4,,4,6,Royal Rhino,1,
5,Jungle,3,high,4,,4,6,Stinkhopper,1,
50,Jungle,3,high,5,,,,Worm,1,∞
50,Jungle,3,high,5,,,,Frog,1,∞
85,Jungle,3,high,6,,1,1,Honey,1,
10,Jungle,3,high,6,,1,1,Kut-Ku Scale,1,
5,Jungle,3,high,6,,1,1,Insect Husk,1,
100,Jungle,3,high,7,,2,3,Burned Husk,1,
20,Jungle,3,high,8,70,3,5,Godbug,1,
20,Jungle,3,high,8,70,3,5,Bitterbug,1,
20,Jungle,3,high,8,70,3,5,Royal Rhino,1,
15,Jungle,3,high,8,70,3,5,Shiny Beetle,1,
15,Jungle,3,high,8,70,3,5,King Scarab,1,
10,Jungle,3,high,8,70,3,5,Stinkhopper,1,
25,Jungle,3,high,9,30,4,6,Shiny Beetle,1,
25,Jungle,3,high,9,30,4,6,King Scarab,1,
20,Jungle,3,high,9,30,4,6,Divine Rhino,1,
10,Jungle,3,high,9,30,4,6,Godbug,1,
10,Jungle,3,high,9,30,4,6,Bitterbug,1,
10,Jungle,3,high,9,30,4,6,Royal Rhino,1,
25,Jungle,3,high,10,70,3,5,Beautiful Shell,1,
20,Jungle,3,high,10,70,3,5,Bone Husk,1,
20,Jungle,3,high,10,70,3,5,Mystery Bone,1,
20,Jungle,3,high,10,70,3,5,Beautiful Shell,2,
15,Jungle,3,high,10,70,3,5,Bone Husk,2,
25,Jungle,3,high,11,30,3,5,Beautiful Shell,2,
20,Jungle,3,high,11,30,3,5,Beautiful Shell,3,
15,Jungle,3,high,11,30,3,5,Bone Husk,3,
15,Jungle,3,high,11,30,3,5,Monster Bone S,1,
15,Jungle,3,high,11,30,3,5,Mystery Bone,2,
10,Jungle,3,high,11,30,3,5,Bone Husk,2,
20,Jungle,3,g,1,,3,5,Huge Unknown Skull,1,
20,Jungle,3,g,1,,3,5,Beautiful Shell,2,
15,Jungle,3,g,1,,3,5,Bone Husk,2,
15,Jungle,3,g,1,,3,5,Mystery Bone,2,
10,Jungle,3,g,1,,3,5,Monster Bone S,1,
10,Jungle,3,g,1,,3,5,Unknown Skull,1,
10,Jungle,3,g,1,,3,5,Beautiful Shell,1,
85,Jungle,3,g,2,,3,4,Honey,1,
10,Jungle,3,g,2,,3,4,Kut-Ku Scale,1,
5,Jungle,3,g,2,,3,4,Insect Husk,1,
20,Jungle,3,g,3,,3,5,Auristone Piece,1,
15,Jungle,3,g,3,,3,5,Disc Stone,2,
15,Jungle,3,g,3,,3,5,Eltalite Ore,1,
15,Jungle,3,g,3,,3,5,Lazurite Jewel,1,
15,Jungle,3,g,3,,3,5,Auristone Chunk,1,
10,Jungle,3,g,3,,3,5,Adamant Orb,1,
10,Jungle,3,g,3,,3,5,Sovereign Orb,1,
20,Jungle,3,g,4,,4,6,Godbug,2,
20,Jungle,3,g,4,,4,6,Thunderbug,2,
20,Jungle,3,g,4,,4,6,Stygian Worm,1,
20,Jungle,3,g,4,,4,6,Divine Rhino,1,
10,Jungle,3,g,4,,4,6,Stinkhopper,2,
10,Jungle,3,g,4,,4,6,Royal Rhino,1,
50,Jungle,3,g,5,,,,Worm,1,∞
50,Jungle,3,g,5,,,,Frog,1,∞
85,Jungle,3,g,6,,1,1,Honey,1,
10,Jungle,3,g,6,,1,1,Kut-Ku Scale,1,
5,Jungle,3,g,6,,1,1,Insect Husk,1,
100,Jungle,3,g,7,,2,3,Burned Husk,1,
30,Jungle,3,g,8,70,3,5,King Scarab,1,
20,Jungle,3,g,8,70,3,5,Royal Rhino,1,
15,Jungle,3,g,8,70,3,5,Godbug,2,
15,Jungle,3,g,8,70,3,5,Stinkhopper,2,
10,Jungle,3,g,8,70,3,5,Stygian Worm,1,
10,Jungle,3,g,8,70,3,5,Divine Rhino,1,
25,Jungle,3,g,9,30,4,6,King Scarab,1,
25,Jungle,3,g,9,30,4,6,Divine Rhino,1,
20,Jungle,3,g,9,30,4,6,Emperor Hopper,1,
20,Jungle,3,g,9,30,4,6,Stygian Worm,1,
10,Jungle,3,g,9,30,4,6,Royal Rhino,1,
30,Jungle,3,g,10,70,3,5,Beautiful Shell,2,
20,Jungle,3,g,10,70,3,5,Mystery Bone,1,
15,Jungle,3,g,10,70,3,5,Bone Husk,2,
15,Jungle,3,g,10,70,3,5,Beautiful Shell,3,
10,Jungle,3,g,10,70,3,5,Huge Unknown Skull,1,
10,Jungle,3,g,10,70,3,5,Beautiful Shell,1,
30,Jungle,3,g,11,30,3,5,Beautiful Shell,3,
20,Jungle,3,g,11,30,3,5,Beautiful Shell,2,
15,Jungle,3,g,11,30,3,5,Monster Bone S,1,
15,Jungle,3,g,11,30,3,5,Huge Unknown Skull,1,
10,Jungle,3,g,11,30,3,5,Bone Husk,3,
10,Jungle,3,g,11,30,3,5,Mystery Bone,2,
25,Jungle,4,low,1,,3,5,Bone Husk,1,
25,Jungle,4,low,1,,3,5,Mystery Bone,1,
25,Jungle,4,low,1,,3,5,Beautiful Shell,1,
15,Jungle,4,low,1,,3,5,Monster Bone S,1,
10,Jungle,4,low,1,,3,5,Unknown Skull,1,
30,Jungle,4,low,2,,3,5,Huskberry,3,
30,Jungle,4,low,2,,3,5,Needleberry,3,
20,Jungle,4,low,2,,3,5,Paintberry,2,
20,Jungle,4,low,2,,3,5,Scatternut,2,
20,Jungle,4,low,3,,3,5,Dragonite Ore,1,
20,Jungle,4,low,3,,3,5,Carbalite Ore,1,
15,Jungle,4,low,3,,3,5,Shining Charm,1,
15,Jungle,4,low,3,,3,5,Auristone Piece,1,
10,Jungle,4,low,3,,3,5,Mystery Charm,1,
10,Jungle,4,low,3,,3,5,Auristone Chunk,1,
5,Jungle,4,low,3,,3,5,Adv Armor Sphere,1,
5,Jungle,4,low,3,,3,5,Rustshard,1,
20,Jungle,4,low,4,,4,6,King Scarab,1,
20,Jungle,4,low,4,,4,6,Rare Scarab,1,
15,Jungle,4,low,4,,4,6,Carpenterbug,1,
15,Jungle,4,low,4,,4,6,Shiny Beetle,1,
15,Jungle,4,low,4,,4,6,Hercudrome,1,
10,Jungle,4,low,4,,4,6,Royal Rhino,1,
5,Jungle,4,low,4,,4,6,Divine Rhino,1,
85,Jungle,4,low,5,,1,1,Honey,1,
10,Jungle,4,low,5,,1,1,Kut-Ku Scale,1,
5,Jungle,4,low,5,,1,1,Insect Husk,1,
25,Jungle,4,low,6,70,3,5,Beautiful Shell,1,
20,Jungle,4,low,6,70,3,5,Bone Husk,1,
20,Jungle,4,low,6,70,3,5,Mystery Bone,1,
20,Jungle,4,low,6,70,3,5,Beautiful Shell,2,
15,Jungle,4,low,6,70,3,5,Bone Husk,2,
25,Jungle,4,low,7,30,3,5,Beautiful Shell,2,
20,Jungle,4,low,7,30,3,5,Beautiful Shell,3,
15,Jungle,4,low,7,30,3,5,Bone Husk,3,
15,Jungle,4,low,7,30,3,5,Monster Bone S,1,
15,Jungle,4,low,7,30,3,5,Mystery Bone,2,
10,Jungle,4,low,7,30,3,5,Bone Husk,2,
25,Jungle,4,low,8,,3,5,Herb,1,
20,Jungle,4,low,8,,3,5,Sap Plant,1,
20,Jungle,4,low,8,,3,5,Hot Pepper,1,
15,Jungle,4,low,8,,3,5,Ivy,1,
15,Jungle,4,low,8,,3,5,Gloamgrass Root,1,
5,Jungle,4,low,8,,3,5,Spider Web,1,
25,Jungle,4,high,1,,3,5,Bone Husk,1,
25,Jungle,4,high,1,,3,5,Mystery Bone,1,
25,Jungle,4,high,1,,3,5,Beautiful Shell,1,
15,Jungle,4,high,1,,3,5,Monster Bone S,1,
10,Jungle,4,high,1,,3,5,Unknown Skull,1,
30,Jungle,4,high,2,,3,5,Huskberry,3,
30,Jungle,4,high,2,,3,5,Needleberry,3,
20,Jungle,4,high,2,,3,5,Paintberry,2,
20,Jungle,4,high,2,,3,5,Scatternut,2,
20,Jungle,4,high,3,,3,5,Dragonite Ore,1,
20,Jungle,4,high,3,,3,5,Carbalite Ore,1,
15,Jungle,4,high,3,,3,5,Shining Charm,1,
15,Jungle,4,high,3,,3,5,Auristone Piece,1,
10,Jungle,4,high,3,,3,5,Mystery Charm,1,
10,Jungle,4,high,3,,3,5,Auristone Chunk,1,
5,Jungle,4,high,3,,3,5,Adv Armor Sphere,1,
5,Jungle,4,high,3,,3,5,Rustshard,1,
20,Jungle,4,high,4,,4,6,King Scarab,1,
20,Jungle,4,high,4,,4,6,Rare Scarab,1,
15,Jungle,4,high,4,,4,6,Carpenterbug,1,
15,Jungle,4,high,4,,4,6,Shiny Beetle,1,
15,Jungle,4,high,4,,4,6,Hercudrome,1,
10,Jungle,4,high,4,,4,6,Royal Rhino,1,
5,Jungle,4,high,4,,4,6,Divine Rhino,1,
85,Jungle,4,high,5,,1,1,Honey,1,
10,Jungle,4,high,5,,1,1,Kut-Ku Scale,1,
5,Jungle,4,high,5,,1,1,Insect Husk,1,
100,Jungle,4,high,6,,2,3,Burned Husk,1,
25,Jungle,4,high,7,70,3,5,Beautiful Shell,1,
20,Jungle,4,high,7,70,3,5,Bone Husk,1,
20,Jungle,4,high,7,70,3,5,Mystery Bone,1,
20,Jungle,4,high,7,70,3,5,Beautiful Shell,2,
15,Jungle,4,high,7,70,3,5,Bone Husk,2,
25,Jungle,4,high,8,30,3,5,Beautiful Shell,2,
20,Jungle,4,high,8,30,3,5,Beautiful Shell,3,
15,Jungle,4,high,8,30,3,5,Bone Husk,3,
15,Jungle,4,high,8,30,3,5,Monster Bone S,1,
15,Jungle,4,high,8,30,3,5,Mystery Bone,2,
10,Jungle,4,high,8,30,3,5,Bone Husk,2,
25,Jungle,4,high,9,,3,5,Herb,1,
20,Jungle,4,high,9,,3,5,Sap Plant,1,
20,Jungle,4,high,9,,3,5,Hot Pepper,1,
15,Jungle,4,high,9,,3,5,Ivy,1,
15,Jungle,4,high,9,,3,5,Gloamgrass Root,1,
5,Jungle,4,high,9,,3,5,Spider Web,1,
20,Jungle,4,g,1,,3,5,Huge Unknown Skull,1,
20,Jungle,4,g,1,,3,5,Beautiful Shell,2,
15,Jungle,4,g,1,,3,5,Bone Husk,2,
15,Jungle,4,g,1,,3,5,Mystery Bone,2,
10,Jungle,4,g,1,,3,5,Monster Bone S,1,
10,Jungle,4,g,1,,3,5,Unknown Skull,1,
10,Jungle,4,g,1,,3,5,Beautiful Shell,1,
30,Jungle,4,g,2,,3,5,Huskberry,3,
30,Jungle,4,g,2,,3,5,Needleberry,3,
20,Jungle,4,g,2,,3,5,Paintberry,2,
20,Jungle,4,g,2,,3,5,Scatternut,2,
20,Jungle,4,g,3,,3,5,Eltalite Ore,1,
20,Jungle,4,g,3,,3,5,Novacrystal,1,
15,Jungle,4,g,3,,3,5,Timeworn Charm,1,
15,Jungle,4,g,3,,3,5,Auristone Piece,1,
10,Jungle,4,g,3,,3,5,Shining Charm,1,
10,Jungle,4,g,3,,3,5,Auristone Chunk,1,
5,Jungle,4,g,3,,3,5,Heavy Armor Sphere,1,
5,Jungle,4,g,3,,3,5,Ancient Shard,1,
20,Jungle,4,g,4,,4,6,King Scarab,1,
20,Jungle,4,g,4,,4,6,Rare Scarab,1,
15,Jungle,4,g,4,,4,6,Emperor Hopper,1,
15,Jungle,4,g,4,,4,6,Flutterfly,1,
15,Jungle,4,g,4,,4,6,Stygian Worm,1,
10,Jungle,4,g,4,,4,6,Royal Rhino,1,
5,Jungle,4,g,4,,4,6,Divine Rhino,1,
85,Jungle,4,g,5,,1,1,Honey,1,
10,Jungle,4,g,5,,1,1,Kut-Ku Scale,1,
5,Jungle,4,g,5,,1,1,Insect Husk,1,
100,Jungle,4,g,6,,2,3,Burned Husk,1,
30,Jungle,4,g,7,70,3,5,Beautiful Shell,2,
20,Jungle,4,g,7,70,3,5,Mystery Bone,1,
15,Jungle,4,g,7,70,3,5,Bone Husk,2,
15,Jungle,4,g,7,70,3,5,Beautiful Shell,3,
10,Jungle,4,g,7,70,3,5,Huge Unknown Skull,1,
10,Jungle,4,g,7,70,3,5,Beautiful Shell,1,
30,Jungle,4,g,8,30,3,5,Beautiful Shell,3,
20,Jungle,4,g,8,30,3,5,Beautiful Shell,2,
15,Jungle,4,g,8,30,3,5,Monster Bone S,1,
15,Jungle,4,g,8,30,3,5,Huge Unknown Skull,1,
10,Jungle,4,g,8,30,3,5,Bone Husk,3,
10,Jungle,4,g,8,30,3,5,Mystery Bone,2,
25,Jungle,4,g,9,,3,5,Herb,1,
20,Jungle,4,g,9,,3,5,Sap Plant,1,
20,Jungle,4,g,9,,3,5,Hot Pepper,1,
15,Jungle,4,g,9,,3,5,Ivy,1,
15,Jungle,4,g,9,,3,5,Gloamgrass Root,1,
5,Jungle,4,g,9,,3,5,Spider Web,1,
30,Jungle,5,low,1,,3,5,Unique Mushroom,1,
25,Jungle,5,low,1,,3,5,Nitroshroom,1,
25,Jungle,5,low,1,,3,5,Parashroom,1,
20,Jungle,5,low,1,,3,5,Choice Mushroom,1,
25,Jungle,5,low,2,,3,5,Herb,1,
25,Jungle,5,low,2,,3,5,Sap Plant,1,
25,Jungle,5,low,2,,3,5,Gloamgrass Root,1,
15,Jungle,5,low,2,,3,5,Ivy,1,
5,Jungle,5,low,2,,3,5,Spider Web,1,
5,Jungle,5,low,2,,3,5,Hot Pepper,1,
85,Jungle,5,low,3,,1,1,Honey,1,
10,Jungle,5,low,3,,1,1,Kut-Ku Scale,1,
5,Jungle,5,low,3,,1,1,Insect Husk,1,
25,Jungle,5,low,4,70,3,5,Thunderbug,1,
20,Jungle,5,low,4,70,3,5,Flashbug,1,
20,Jungle,5,low,4,70,3,5,Royal Rhino,1,
15,Jungle,5,low,4,70,3,5,Rare Scarab,1,
10,Jungle,5,low,4,70,3,5,Stinkhopper,1,
10,Jungle,5,low,4,70,3,5,Hercudrome,1,
25,Jungle,5,low,5,30,4,6,Hercudrome,1,
25,Jungle,5,low,5,30,4,6,Rare Scarab,1,
20,Jungle,5,low,5,30,4,6,Divine Rhino,1,
10,Jungle,5,low,5,30,4,6,Flashbug,1,
10,Jungle,5,low,5,30,4,6,Thunderbug,1,
10,Jungle,5,low,5,30,4,6,Royal Rhino,1,
30,Jungle,5,low,6,,3,5,Huskberry,3,
30,Jungle,5,low,6,,3,5,Needleberry,3,
20,Jungle,5,low,6,,3,5,Paintberry,2,
20,Jungle,5,low,6,,3,5,Scatternut,2,
50,Jungle,5,low,7,80,3,4,Blue Mushroom,1,
15,Jungle,5,low,7,80,3,4,Nitroshroom,1,
15,Jungle,5,low,7,80,3,4,Parashroom,1,
10,Jungle,5,low,7,80,3,4,Exciteshroom,1,
10,Jungle,5,low,7,80,3,4,Unique Mushroom,2,
20,Jungle,5,low,8,20,3,5,Nitroshroom,1,
20,Jungle,5,low,8,20,3,5,Parashroom,1,
20,Jungle,5,low,8,20,3,5,Exciteshroom,1,
15,Jungle,5,low,8,20,3,5,Unique Mushroom,3,
15,Jungle,5,low,8,20,3,5,Choice Mushroom,2,
10,Jungle,5,low,8,20,3,5,Blue Mushroom,1,
30,Jungle,5,high,1,,3,5,Unique Mushroom,1,
25,Jungle,5,high,1,,3,5,Nitroshroom,1,
25,Jungle,5,high,1,,3,5,Parashroom,1,
20,Jungle,5,high,1,,3,5,Choice Mushroom,1,
25,Jungle,5,high,2,,3,5,Herb,1,
25,Jungle,5,high,2,,3,5,Sap Plant,1,
25,Jungle,5,high,2,,3,5,Gloamgrass Root,1,
15,Jungle,5,high,2,,3,5,Ivy,1,
5,Jungle,5,high,2,,3,5,Spider Web,1,
5,Jungle,5,high,2,,3,5,Hot Pepper,1,
85,Jungle,5,high,3,,1,1,Honey,1,
10,Jungle,5,high,3,,1,1,Kut-Ku Scale,1,
5,Jungle,5,high,3,,1,1,Insect Husk,1,
100,Jungle,5,high,4,,2,3,Burned Husk,1,
25,Jungle,5,high,5,70,3,5,Thunderbug,1,
20,Jungle,5,high,5,70,3,5,Flashbug,1,
20,Jungle,5,high,5,70,3,5,Royal Rhino,1,
15,Jungle,5,high,5,70,3,5,Rare Scarab,1,
10,Jungle,5,high,5,70,3,5,Stinkhopper,1,
10,Jungle,5,high,5,70,3,5,Hercudrome,1,
25,Jungle,5,high,6,30,4,6,Hercudrome,1,
25,Jungle,5,high,6,30,4,6,Rare Scarab,1,
20,Jungle,5,high,6,30,4,6,Divine Rhino,1,
10,Jungle,5,high,6,30,4,6,Flashbug,1,
10,Jungle,5,high,6,30,4,6,Thunderbug,1,
10,Jungle,5,high,6,30,4,6,Royal Rhino,1,
30,Jungle,5,high,7,,3,5,Huskberry,3,
30,Jungle,5,high,7,,3,5,Needleberry,3,
20,Jungle,5,high,7,,3,5,Paintberry,2,
20,Jungle,5,high,7,,3,5,Scatternut,2,
50,Jungle,5,high,8,80,3,4,Blue Mushroom,1,
15,Jungle,5,high,8,80,3,4,Nitroshroom,1,
15,Jungle,5,high,8,80,3,4,Parashroom,1,
10,Jungle,5,high,8,80,3,4,Exciteshroom,1,
10,Jungle,5,high,8,80,3,4,Unique Mushroom,2,
20,Jungle,5,high,9,20,3,5,Nitroshroom,1,
20,Jungle,5,high,9,20,3,5,Parashroom,1,
20,Jungle,5,high,9,20,3,5,Exciteshroom,1,
15,Jungle,5,high,9,20,3,5,Unique Mushroom,3,
15,Jungle,5,high,9,20,3,5,Choice Mushroom,2,
10,Jungle,5,high,9,20,3,5,Blue Mushroom,1,
30,Jungle,5,g,1,,3,5,Unique Mushroom,1,
25,Jungle,5,g,1,,3,5,Nitroshroom,1,
25,Jungle,5,g,1,,3,5,Parashroom,1,
20,Jungle,5,g,1,,3,5,Choice Mushroom,1,
25,Jungle,5,g,2,,3,5,Herb,1,
25,Jungle,5,g,2,,3,5,Sap Plant,1,
25,Jungle,5,g,2,,3,5,Gloamgrass Root,1,
15,Jungle,5,g,2,,3,5,Ivy,1,
5,Jungle,5,g,2,,3,5,Spider Web,1,
5,Jungle,5,g,2,,3,5,Hot Pepper,1,
85,Jungle,5,g,3,,1,1,Honey,1,
10,Jungle,5,g,3,,1,1,Kut-Ku Scale,1,
5,Jungle,5,g,3,,1,1,Insect Husk,1,
100,Jungle,5,g,4,,2,3,Burned Husk,1,
30,Jungle,5,g,5,70,3,5,Rare Scarab,1,
20,Jungle,5,g,5,70,3,5,Thunderbug,2,
15,Jungle,5,g,5,70,3,5,Stinkhopper,2,
15,Jungle,5,g,5,70,3,5,Stygian Worm,1,
10,Jungle,5,g,5,70,3,5,Royal Rhino,1,
10,Jungle,5,g,5,70,3,5,Divine Rhino,1,
25,Jungle,5,g,6,30,4,6,Rare Scarab,1,
25,Jungle,5,g,6,30,4,6,Flutterfly,1,
20,Jungle,5,g,6,30,4,6,Stygian Worm,1,
20,Jungle,5,g,6,30,4,6,Divine Rhino,1,
10,Jungle,5,g,6,30,4,6,Royal Rhino,1,
30,Jungle,5,g,7,,3,5,Huskberry,3,
30,Jungle,5,g,7,,3,5,Needleberry,3,
20,Jungle,5,g,7,,3,5,Paintberry,2,
20,Jungle,5,g,7,,3,5,Scatternut,2,
50,Jungle,5,g,8,80,3,4,Blue Mushroom,1,
15,Jungle,5,g,8,80,3,4,Nitroshroom,1,
15,Jungle,5,g,8,80,3,4,Parashroom,1,
10,Jungle,5,g,8,80,3,4,Exciteshroom,1,
10,Jungle,5,g,8,80,3,4,Unique Mushroom,2,
20,Jungle,5,g,9,20,3,5,Nitroshroom,1,
20,Jungle,5,g,9,20,3,5,Parashroom,1,
20,Jungle,5,g,9,20,3,5,Exciteshroom,1,
15,Jungle,5,g,9,20,3,5,Unique Mushroom,3,
15,Jungle,5,g,9,20,3,5,Choice Mushroom,2,
10,Jungle,5,g,9,20,3,5,Blue Mushroom,1,
40,Jungle,6,low,1,,3,5,Unique Mushroom,1,
25,Jungle,6,low,1,,3,5,Blue Mushroom,1,
20,Jungle,6,low,1,,3,5,Choice Mushroom,1,
15,Jungle,6,low,1,,3,5,Exciteshroom,1,
30,Jungle,6,low,2,,3,5,Unique Mushroom,1,
25,Jungle,6,low,2,,3,5,Nitroshroom,1,
25,Jungle,6,low,2,,3,5,Parashroom,1,
20,Jungle,6,low,2,,3,5,Choice Mushroom,1,
20,Jungle,6,low,3,,3,5,Machalite Ore,1,
15,Jungle,6,low,3,,3,5,Iron Ore,1,
15,Jungle,6,low,3,,3,5,Disc Stone,1,
15,Jungle,6,low,3,,3,5,Sunspire Jewel,1,
15,Jungle,6,low,3,,3,5,Auristone Piece,1,
10,Jungle,6,low,3,,3,5,Bloodrun Jewel,1,
10,Jungle,6,low,3,,3,5,Lazurite Jewel,1,
25,Jungle,6,low,4,,3,5,Herb,1,
20,Jungle,6,low,4,,3,5,Sap Plant,1,
20,Jungle,6,low,4,,3,5,Hot Pepper,1,
15,Jungle,6,low,4,,3,5,Ivy,1,
15,Jungle,6,low,4,,3,5,Gloamgrass Root,1,
5,Jungle,6,low,4,,3,5,Spider Web,1,
30,Jungle,6,low,5,,3,5,Bone Husk,2,
25,Jungle,6,low,5,,3,5,Monster Bone S,1,
25,Jungle,6,low,5,,3,5,Mystery Bone,1,
20,Jungle,6,low,5,,3,5,Bone Husk,1,
40,Jungle,6,high,1,,3,5,Unique Mushroom,1,
25,Jungle,6,high,1,,3,5,Blue Mushroom,1,
20,Jungle,6,high,1,,3,5,Choice Mushroom,1,
15,Jungle,6,high,1,,3,5,Exciteshroom,1,
30,Jungle,6,high,2,,3,5,Unique Mushroom,1,
25,Jungle,6,high,2,,3,5,Nitroshroom,1,
25,Jungle,6,high,2,,3,5,Parashroom,1,
20,Jungle,6,high,2,,3,5,Choice Mushroom,1,
20,Jungle,6,high,3,,3,5,Machalite Ore,1,
15,Jungle,6,high,3,,3,5,Iron Ore,1,
15,Jungle,6,high,3,,3,5,Disc Stone,1,
15,Jungle,6,high,3,,3,5,Sunspire Jewel,1,
15,Jungle,6,high,3,,3,5,Auristone Piece,1,
10,Jungle,6,high,3,,3,5,Bloodrun Jewel,1,
10,Jungle,6,high,3,,3,5,Lazurite Jewel,1,
25,Jungle,6,high,4,,3,5,Herb,1,
20,Jungle,6,high,4,,3,5,Sap Plant,1,
20,Jungle,6,high,4,,3,5,Hot Pepper,1,
15,Jungle,6,high,4,,3,5,Ivy,1,
15,Jungle,6,high,4,,3,5,Gloamgrass Root,1,
5,Jungle,6,high,4,,3,5,Spider Web,1,
30,Jungle,6,high,5,,3,5,Bone Husk,2,
25,Jungle,6,high,5,,3,5,Monster Bone S,1,
25,Jungle,6,high,5,,3,5,Mystery Bone,1,
20,Jungle,6,high,5,,3,5,Bone Husk,1,
40,Jungle,6,g,1,,3,5,Unique Mushroom,1,
25,Jungle,6,g,1,,3,5,Blue Mushroom,1,
20,Jungle,6,g,1,,3,5,Choice Mushroom,1,
15,Jungle,6,g,1,,3,5,Exciteshroom,1,
30,Jungle,6,g,2,,3,5,Unique Mushroom,1,
25,Jungle,6,g,2,,3,5,Nitroshroom,1,
25,Jungle,6,g,2,,3,5,Parashroom,1,
20,Jungle,6,g,2,,3,5,Choice Mushroom,1,
20,Jungle,6,g,3,,3,5,Auristone Piece,1,
15,Jungle,6,g,3,,3,5,Disc Stone,2,
15,Jungle,6,g,3,,3,5,Eltalite Ore,1,
15,Jungle,6,g,3,,3,5,Lazurite Jewel,1,
15,Jungle,6,g,3,,3,5,Auristone Chunk,1,
10,Jungle,6,g,3,,3,5,Adamant Orb,1,
10,Jungle,6,g,3,,3,5,Sovereign Orb,1,
25,Jungle,6,g,4,,3,5,Herb,1,
20,Jungle,6,g,4,,3,5,Sap Plant,1,
20,Jungle,6,g,4,,3,5,Hot Pepper,1,
15,Jungle,6,g,4,,3,5,Ivy,1,
15,Jungle,6,g,4,,3,5,Gloamgrass Root,1,
5,Jungle,6,g,4,,3,5,Spider Web,1,
25,Jungle,6,g,5,,3,5,Monster Bone S,1,
25,Jungle,6,g,5,,3,5,Mystery Bone,1,
20,Jungle,6,g,5,,3,5,Bone Husk,2,
15,Jungle,6,g,5,,3,5,Bone Husk,1,
15,Jungle,6,g,5,,3,5,Huge Unknown Skull,1,
20,Jungle,7,low,1,,3,5,Dragonite Ore,1,
20,Jungle,7,low,1,,3,5,Carbalite Ore,1,
15,Jungle,7,low,1,,3,5,Shining Charm,1,
15,Jungle,7,low,1,,3,5,Auristone Piece,1,
10,Jungle,7,low,1,,3,5,Mystery Charm,1,
10,Jungle,7,low,1,,3,5,Auristone Chunk,1,
5,Jungle,7,low,1,,3,5,Adv Armor Sphere,1,
5,Jungle,7,low,1,,3,5,Rustshard,1,
25,Jungle,7,low,2,,3,5,Earth Crystal,1,
20,Jungle,7,low,2,,3,5,Lightcrystal,1,
15,Jungle,7,low,2,,3,5,Dragonite Ore,1,
15,Jungle,7,low,2,,3,5,Carbalite Ore,1,
10,Jungle,7,low,2,,3,5,Adv Armor Sphere,1,
5,Jungle,7,low,2,,3,5,Novacrystal,1,
5,Jungle,7,low,2,,3,5,Hard Armor Sphere,1,
5,Jungle,7,low,2,,3,5,Auristone Chunk,1,
60,Jungle,7,low,3,,,,Wyvern Egg,1,∞
20,Jungle,7,low,3,,,,Monster Bone S,1,∞
20,Jungle,7,low,3,,,,Mystery Bone,1,∞
30,Jungle,7,low,4,,3,5,Bone Husk,2,
25,Jungle,7,low,4,,3,5,Monster Bone S,1,
25,Jungle,7,low,4,,3,5,Mystery Bone,1,
20,Jungle,7,low,4,,3,5,Bone Husk,1,
20,Jungle,7,low,5,70,3,5,Dragonite Ore,1,
15,Jungle,7,low,5,70,3,5,Iron Ore,1,
15,Jungle,7,low,5,70,3,5,Earth Crystal,1,
15,Jungle,7,low,5,70,3,5,Machalite Ore,1,
10,Jungle,7,low,5,70,3,5,Disc Stone,1,
10,Jungle,7,low,5,70,3,5,Lightcrystal,1,
10,Jungle,7,low,5,70,3,5,Auristone Piece,1,
5,Jungle,7,low,5,70,3,5,Mystery Charm,1,
20,Jungle,7,low,6,30,3,5,Dragonite Ore,1,
20,Jungle,7,low,6,30,3,5,Carbalite Ore,1,
20,Jungle,7,low,6,30,3,5,Novacrystal,1,
10,Jungle,7,low,6,30,3,5,Lightcrystal,1,
10,Jungle,7,low,6,30,3,5,Shining Charm,1,
10,Jungle,7,low,6,30,3,5,Auristone Chunk,1,
5,Jungle,7,low,6,30,3,5,Machalite Ore,1,
5,Jungle,7,low,6,30,3,5,Disc Stone,1,
20,Jungle,7,high,1,,3,5,Dragonite Ore,1,
20,Jungle,7,high,1,,3,5,Carbalite Ore,1,
15,Jungle,7,high,1,,3,5,Shining Charm,1,
15,Jungle,7,high,1,,3,5,Auristone Piece,1,
10,Jungle,7,high,1,,3,5,Mystery Charm,1,
10,Jungle,7,high,1,,3,5,Auristone Chunk,1,
5,Jungle,7,high,1,,3,5,Adv Armor Sphere,1,
5,Jungle,7,high,1,,3,5,Rustshard,1,
25,Jungle,7,high,2,,3,5,Earth Crystal,1,
20,Jungle,7,high,2,,3,5,Lightcrystal,1,
15,Jungle,7,high,2,,3,5,Dragonite Ore,1,
15,Jungle,7,high,2,,3,5,Carbalite Ore,1,
10,Jungle,7,high,2,,3,5,Adv Armor Sphere,1,
5,Jungle,7,high,2,,3,5,Novacrystal,1,
5,Jungle,7,high,2,,3,5,Hard Armor Sphere,1,
5,Jungle,7,high,2,,3,5,Auristone Chunk,1,
60,Jungle,7,high,3,,,,Wyvern Egg,1,∞
20,Jungle,7,high,3,,,,Monster Bone S,1,∞
20,Jungle,7,high,3,,,,Mystery Bone,1,∞
30,Jungle,7,high,4,,3,5,Bone Husk,2,
25,Jungle,7,high,4,,3,5,Monster Bone S,1,
25,Jungle,7,high,4,,3,5,Mystery Bone,1,
20,Jungle,7,high,4,,3,5,Bone Husk,1,
20,Jungle,7,high,5,70,3,5,Dragonite Ore,1,
15,Jungle,7,high,5,70,3,5,Iron Ore,1,
15,Jungle,7,high,5,70,3,5,Earth Crystal,1,
15,Jungle,7,high,5,70,3,5,Machalite Ore,1,
10,Jungle,7,high,5,70,3,5,Disc Stone,1,
10,Jungle,7,high,5,70,3,5,Lightcrystal,1,
10,Jungle,7,high,5,70,3,5,Auristone Piece,1,
5,Jungle,7,high,5,70,3,5,Mystery Charm,1,
20,Jungle,7,high,6,30,3,5,Dragonite Ore,1,
20,Jungle,7,high,6,30,3,5,Carbalite Ore,1,
20,Jungle,7,high,6,30,3,5,Novacrystal,1,
10,Jungle,7,high,6,30,3,5,Lightcrystal,1,
10,Jungle,7,high,6,30,3,5,Shining Charm,1,
10,Jungle,7,high,6,30,3,5,Auristone Chunk,1,
5,Jungle,7,high,6,30,3,5,Machalite Ore,1,
5,Jungle,7,high,6,30,3,5,Disc Stone,1,
20,Jungle,7,g,1,,3,5,Eltalite Ore,1,
20,Jungle,7,g,1,,3,5,Novacrystal,1,
15,Jungle,7,g,1,,3,5,Timeworn Charm,1,
15,Jungle,7,g,1,,3,5,Auristone Piece,1,
10,Jungle,7,g,1,,3,5,Shining Charm,1,
10,Jungle,7,g,1,,3,5,Auristone Chunk,1,
5,Jungle,7,g,1,,3,5,Heavy Armor Sphere,1,
5,Jungle,7,g,1,,3,5,Ancient Shard,1,
20,Jungle,7,g,2,,3,5,Earth Crystal,3,
20,Jungle,7,g,2,,3,5,Novacrystal,1,
15,Jungle,7,g,2,,3,5,Meldspar Ore,1,
15,Jungle,7,g,2,,3,5,Purecrystal,1,
10,Jungle,7,g,2,,3,5,Lightcrystal,2,
10,Jungle,7,g,2,,3,5,Heavy Armor Sphere,1,
5,Jungle,7,g,2,,3,5,King Armor Sphere,1,
5,Jungle,7,g,2,,3,5,Auristone Chunk,1,
60,Jungle,7,g,3,,,,Wyvern Egg,1,∞
20,Jungle,7,g,3,,,,Monster Bone S,1,∞
20,Jungle,7,g,3,,,,Mystery Bone,1,∞
25,Jungle,7,g,4,,3,5,Monster Bone S,1,
25,Jungle,7,g,4,,3,5,Mystery Bone,1,
20,Jungle,7,g,4,,3,5,Bone Husk,2,
15,Jungle,7,g,4,,3,5,Bone Husk,1,
15,Jungle,7,g,4,,3,5,Huge Unknown Skull,1,
25,Jungle,7,g,5,70,3,5,Eltalite Ore,1,
20,Jungle,7,g,5,70,3,5,Lightcrystal,2,
15,Jungle,7,g,5,70,3,5,Novacrystal,1,
10,Jungle,7,g,5,70,3,5,Earth Crystal,3,
10,Jungle,7,g,5,70,3,5,Disc Stone,2,
10,Jungle,7,g,5,70,3,5,Shining Charm,1,
10,Jungle,7,g,5,70,3,5,Auristone Piece,1,
20,Jungle,7,g,6,30,3,5,Eltalite Ore,1,
20,Jungle,7,g,6,30,3,5,Meldspar Ore,1,
20,Jungle,7,g,6,30,3,5,Novacrystal,1,
20,Jungle,7,g,6,30,3,5,Timeworn Charm,1,
10,Jungle,7,g,6,30,3,5,Purecrystal,1,
10,Jungle,7,g,6,30,3,5,Auristone Chunk,1,
60,Jungle,8,low,1,,,,Carnivore Egg,1,∞
20,Jungle,8,low,1,,,,Monster Bone S,1,∞
20,Jungle,8,low,1,,,,Mystery Bone,1,∞
70,Jungle,8,low,2,,6,8,Dung,1,
20,Jungle,8,low,2,,6,8,Kut-Ku Scale,1,
10,Jungle,8,low,2,,6,8,Scatternut,1,
25,Jungle,8,low,3,,3,5,Earth Crystal,1,
20,Jungle,8,low,3,,3,5,Lightcrystal,1,
15,Jungle,8,low,3,,3,5,Dragonite Ore,1,
15,Jungle,8,low,3,,3,5,Carbalite Ore,1,
10,Jungle,8,low,3,,3,5,Adv Armor Sphere,1,
5,Jungle,8,low,3,,3,5,Novacrystal,1,
5,Jungle,8,low,3,,3,5,Hard Armor Sphere,1,
5,Jungle,8,low,3,,3,5,Auristone Chunk,1,
15,Jungle,8,low,4,70,3,5,Dragonite Ore,1,
15,Jungle,8,low,4,70,3,5,Carbalite Ore,1,
15,Jungle,8,low,4,70,3,5,Sunspire Jewel,1,
15,Jungle,8,low,4,70,3,5,Adv Armor Sphere,1,
10,Jungle,8,low,4,70,3,5,Bloodrun Jewel,1,
10,Jungle,8,low,4,70,3,5,Hard Armor Sphere,1,
10,Jungle,8,low,4,70,3,5,Mystery Charm,1,
10,Jungle,8,low,4,70,3,5,Shining Charm,1,
20,Jungle,8,low,5,30,3,5,Carbalite Ore,1,
20,Jungle,8,low,5,30,3,5,Bloodrun Jewel,1,
20,Jungle,8,low,5,30,3,5,Hard Armor Sphere,1,
20,Jungle,8,low,5,30,3,5,Shining Charm,1,
10,Jungle,8,low,5,30,3,5,Dragonite Ore,1,
10,Jungle,8,low,5,30,3,5,Mystery Charm,1,
30,Jungle,8,low,6,,3,5,Bone Husk,2,
25,Jungle,8,low,6,,3,5,Monster Bone S,1,
25,Jungle,8,low,6,,3,5,Mystery Bone,1,
20,Jungle,8,low,6,,3,5,Bone Husk,1,
60,Jungle,8,high,1,,,,Carnivore Egg,1,∞
20,Jungle,8,high,1,,,,Monster Bone S,1,∞
20,Jungle,8,high,1,,,,Mystery Bone,1,∞
70,Jungle,8,high,2,,6,8,Dung,1,
20,Jungle,8,high,2,,6,8,Kut-Ku Scale,1,
10,Jungle,8,high,2,,6,8,Scatternut,1,
25,Jungle,8,high,3,,3,5,Earth Crystal,1,
20,Jungle,8,high,3,,3,5,Lightcrystal,1,
15,Jungle,8,high,3,,3,5,Dragonite Ore,1,
15,Jungle,8,high,3,,3,5,Carbalite Ore,1,
10,Jungle,8,high,3,,3,5,Adv Armor Sphere,1,
5,Jungle,8,high,3,,3,5,Novacrystal,1,
5,Jungle,8,high,3,,3,5,Hard Armor Sphere,1,
5,Jungle,8,high,3,,3,5,Auristone Chunk,1,
15,Jungle,8,high,4,70,3,5,Dragonite Ore,1,
15,Jungle,8,high,4,70,3,5,Carbalite Ore,1,
15,Jungle,8,high,4,70,3,5,Sunspire Jewel,1,
15,Jungle,8,high,4,70,3,5,Adv Armor Sphere,1,
10,Jungle,8,high,4,70,3,5,Bloodrun Jewel,1,
10,Jungle,8,high,4,70,3,5,Hard Armor Sphere,1,
10,Jungle,8,high,4,70,3,5,Mystery Charm,1,
10,Jungle,8,high,4,70,3,5,Shining Charm,1,
20,Jungle,8,high,5,30,3,5,Carbalite Ore,1,
20,Jungle,8,high,5,30,3,5,Bloodrun Jewel,1,
20,Jungle,8,high,5,30,3,5,Hard Armor Sphere,1,
20,Jungle,8,high,5,30,3,5,Shining Charm,1,
10,Jungle,8,high,5,30,3,5,Dragonite Ore,1,
10,Jungle,8,high,5,30,3,5,Mystery Charm,1,
30,Jungle,8,high,6,,3,5,Bone Husk,2,
25,Jungle,8,high,6,,3,5,Monster Bone S,1,
25,Jungle,8,high,6,,3,5,Mystery Bone,1,
20,Jungle,8,high,6,,3,5,Bone Husk,1,
60,Jungle,8,g,1,,,,Carnivore Egg,1,∞
20,Jungle,8,g,1,,,,Monster Bone S,1,∞
20,Jungle,8,g,1,,,,Mystery Bone,1,∞
70,Jungle,8,g,2,,6,8,Dung,1,
20,Jungle,8,g,2,,6,8,Kut-Ku Scale,1,
10,Jungle,8,g,2,,6,8,Scatternut,1,
20,Jungle,8,g,3,,3,5,Earth Crystal,3,
20,Jungle,8,g,3,,3,5,Novacrystal,1,
15,Jungle,8,g,3,,3,5,Meldspar Ore,1,
15,Jungle,8,g,3,,3,5,Purecrystal,1,
10,Jungle,8,g,3,,3,5,Lightcrystal,2,
10,Jungle,8,g,3,,3,5,Heavy Armor Sphere,1,
5,Jungle,8,g,3,,3,5,King Armor Sphere,1,
5,Jungle,8,g,3,,3,5,Auristone Chunk,1,
25,Jungle,8,g,4,70,3,5,Eltalite Ore,1,
15,Jungle,8,g,4,70,3,5,Lazurite Jewel,1,
15,Jungle,8,g,4,70,3,5,Heavy Armor Sphere,1,
10,Jungle,8,g,4,70,3,5,Adamant Orb,1,
10,Jungle,8,g,4,70,3,5,King Armor Sphere,1,
10,Jungle,8,g,4,70,3,5,Shining Charm,1,
10,Jungle,8,g,4,70,3,5,Timeworn Charm,1,
5,Jungle,8,g,4,70,3,5,Meldspar Ore,1,
20,Jungle,8,g,5,30,3,5,Meldspar Ore,1,
20,Jungle,8,g,5,30,3,5,Adamant Orb,1,
20,Jungle,8,g,5,30,3,5,King Armor Sphere,1,
20,Jungle,8,g,5,30,3,5,Timeworn Charm,1,
10,Jungle,8,g,5,30,3,5,Eltalite Ore,1,
10,Jungle,8,g,5,30,3,5,Shining Charm,1,
25,Jungle,8,g,6,,3,5,Monster Bone S,1,
25,Jungle,8,g,6,,3,5,Mystery Bone,1,
20,Jungle,8,g,6,,3,5,Bone Husk,2,
15,Jungle,8,g,6,,3,5,Bone Husk,1,
15,Jungle,8,g,6,,3,5,Huge Unknown Skull,1,
85,Jungle,9,low,1,,3,4,Honey,1,
10,Jungle,9,low,1,,3,4,Kut-Ku Scale,1,
5,Jungle,9,low,1,,3,4,Insect Husk,1,
40,Jungle,9,low,2,,3,5,Unique Mushroom,1,
25,Jungle,9,low,2,,3,5,Blue Mushroom,1,
20,Jungle,9,low,2,,3,5,Choice Mushroom,1,
15,Jungle,9,low,2,,3,5,Exciteshroom,1,
20,Jungle,9,low,3,,3,5,Machalite Ore,1,
15,Jungle,9,low,3,,3,5,Iron Ore,1,
15,Jungle,9,low,3,,3,5,Disc Stone,1,
15,Jungle,9,low,3,,3,5,Sunspire Jewel,1,
15,Jungle,9,low,3,,3,5,Auristone Piece,1,
10,Jungle,9,low,3,,3,5,Bloodrun Jewel,1,
10,Jungle,9,low,3,,3,5,Lazurite Jewel,1,
20,Jungle,9,low,4,,4,6,King Scarab,1,
20,Jungle,9,low,4,,4,6,Rare Scarab,1,
15,Jungle,9,low,4,,4,6,Carpenterbug,1,
15,Jungle,9,low,4,,4,6,Shiny Beetle,1,
15,Jungle,9,low,4,,4,6,Hercudrome,1,
10,Jungle,9,low,4,,4,6,Royal Rhino,1,
5,Jungle,9,low,4,,4,6,Divine Rhino,1,
20,Jungle,9,low,5,20,3,5,Nitroshroom,1,
20,Jungle,9,low,5,20,3,5,Parashroom,1,
20,Jungle,9,low,5,20,3,5,Exciteshroom,1,
15,Jungle,9,low,5,20,3,5,Unique Mushroom,3,
15,Jungle,9,low,5,20,3,5,Choice Mushroom,2,
10,Jungle,9,low,5,20,3,5,Blue Mushroom,1,
50,Jungle,9,low,6,80,3,4,Blue Mushroom,1,
15,Jungle,9,low,6,80,3,4,Nitroshroom,1,
15,Jungle,9,low,6,80,3,4,Parashroom,1,
10,Jungle,9,low,6,80,3,4,Exciteshroom,1,
10,Jungle,9,low,6,80,3,4,Unique Mushroom,2,
20,Jungle,9,low,7,70,3,5,Dragonite Ore,1,
15,Jungle,9,low,7,70,3,5,Iron Ore,1,
15,Jungle,9,low,7,70,3,5,Earth Crystal,1,
15,Jungle,9,low,7,70,3,5,Machalite Ore,1,
10,Jungle,9,low,7,70,3,5,Disc Stone,1,
10,Jungle,9,low,7,70,3,5,Lightcrystal,1,
10,Jungle,9,low,7,70,3,5,Auristone Piece,1,
5,Jungle,9,low,7,70,3,5,Mystery Charm,1,
20,Jungle,9,low,8,30,3,5,Dragonite Ore,1,
20,Jungle,9,low,8,30,3,5,Carbalite Ore,1,
20,Jungle,9,low,8,30,3,5,Novacrystal,1,
10,Jungle,9,low,8,30,3,5,Lightcrystal,1,
10,Jungle,9,low,8,30,3,5,Shining Charm,1,
10,Jungle,9,low,8,30,3,5,Auristone Chunk,1,
5,Jungle,9,low,8,30,3,5,Machalite Ore,1,
5,Jungle,9,low,8,30,3,5,Disc Stone,1,
85,Jungle,9,high,1,,3,4,Honey,1,
10,Jungle,9,high,1,,3,4,Kut-Ku Scale,1,
5,Jungle,9,high,1,,3,4,Insect Husk,1,
40,Jungle,9,high,2,,3,5,Unique Mushroom,1,
25,Jungle,9,high,2,,3,5,Blue Mushroom,1,
20,Jungle,9,high,2,,3,5,Choice Mushroom,1,
15,Jungle,9,high,2,,3,5,Exciteshroom,1,
20,Jungle,9,high,3,,3,5,Machalite Ore,1,
15,Jungle,9,high,3,,3,5,Iron Ore,1,
15,Jungle,9,high,3,,3,5,Disc Stone,1,
15,Jungle,9,high,3,,3,5,Sunspire Jewel,1,
15,Jungle,9,high,3,,3,5,Auristone Piece,1,
10,Jungle,9,high,3,,3,5,Bloodrun Jewel,1,
10,Jungle,9,high,3,,3,5,Lazurite Jewel,1,
20,Jungle,9,high,4,,4,6,King Scarab,1,
20,Jungle,9,high,4,,4,6,Rare Scarab,1,
15,Jungle,9,high,4,,4,6,Carpenterbug,1,
15,Jungle,9,high,4,,4,6,Shiny Beetle,1,
15,Jungle,9,high,4,,4,6,Hercudrome,1,
10,Jungle,9,high,4,,4,6,Royal Rhino,1,
5,Jungle,9,high,4,,4,6,Divine Rhino,1,
20,Jungle,9,high,5,20,3,5,Nitroshroom,1,
20,Jungle,9,high,5,20,3,5,Parashroom,1,
20,Jungle,9,high,5,20,3,5,Exciteshroom,1,
15,Jungle,9,high,5,20,3,5,Unique Mushroom,3,
15,Jungle,9,high,5,20,3,5,Choice Mushroom,2,
10,Jungle,9,high,5,20,3,5,Blue Mushroom,1,
50,Jungle,9,high,6,80,3,4,Blue Mushroom,1,
15,Jungle,9,high,6,80,3,4,Nitroshroom,1,
15,Jungle,9,high,6,80,3,4,Parashroom,1,
10,Jungle,9,high,6,80,3,4,Exciteshroom,1,
10,Jungle,9,high,6,80,3,4,Unique Mushroom,2,
20,Jungle,9,high,7,70,3,5,Dragonite Ore,1,
15,Jungle,9,high,7,70,3,5,Iron Ore,1,
15,Jungle,9,high,7,70,3,5,Earth Crystal,1,
15,Jungle,9,high,7,70,3,5,Machalite Ore,1,
10,Jungle,9,high,7,70,3,5,Disc Stone,1,
10,Jungle,9,high,7,70,3,5,Lightcrystal,1,
10,Jungle,9,high,7,70,3,5,Auristone Piece,1,
5,Jungle,9,high,7,70,3,5,Mystery Charm,1,
20,Jungle,9,high,8,30,3,5,Dragonite Ore,1,
20,Jungle,9,high,8,30,3,5,Carbalite Ore,1,
20,Jungle,9,high,8,30,3,5,Novacrystal,1,
10,Jungle,9,high,8,30,3,5,Lightcrystal,1,
10,Jungle,9,high,8,30,3,5,Shining Charm,1,
10,Jungle,9,high,8,30,3,5,Auristone Chunk,1,
5,Jungle,9,high,8,30,3,5,Machalite Ore,1,
5,Jungle,9,high,8,30,3,5,Disc Stone,1,
100,Jungle,9,high,9,,,,Sushifish,1,Sushifish Bait
100,Jungle,9,high,10,,,,Burst Arowana,1,Burst Bait
100,Jungle,9,high,11,,,,Goldenfish,1,Goldenfish Bait
60,Jungle,9,high,12,,,,Small Goldenfish,1,Mega Fishing Fly
25,Jungle,9,high,12,,,,Goldenfish,1,Mega Fishing Fly
15,Jungle,9,high,12,,,,Silverfish,1,Mega Fishing Fly
21,Jungle,9,high,13,,,,Pin Tuna,1,
16,Jungle,9,high,13,,,,Sleepyfish,1,
16,Jungle,9,high,13,,,,Burst Arowana,1,
16,Jungle,9,high,13,,,,Small Goldenfish,1,
11,Jungle,9,high,13,,,,Sushifish,1,
10,Jungle,9,high,13,,,,Gastronome Tuna,1,
6,Jungle,9,high,13,,,,Goldenfish,1,
4,Jungle,9,high,13,,,,Silverfish,1,
85,Jungle,9,g,1,,3,4,Honey,1,
10,Jungle,9,g,1,,3,4,Kut-Ku Scale,1,
5,Jungle,9,g,1,,3,4,Insect Husk,1,
40,Jungle,9,g,2,,3,5,Unique Mushroom,1,
25,Jungle,9,g,2,,3,5,Blue Mushroom,1,
20,Jungle,9,g,2,,3,5,Choice Mushroom,1,
15,Jungle,9,g,2,,3,5,Exciteshroom,1,
20,Jungle,9,g,3,,3,5,Auristone Piece,1,
15,Jungle,9,g,3,,3,5,Disc Stone,2,
15,Jungle,9,g,3,,3,5,Eltalite Ore,1,
15,Jungle,9,g,3,,3,5,Lazurite Jewel,1,
15,Jungle,9,g,3,,3,5,Auristone Chunk,1,
10,Jungle,9,g,3,,3,5,Adamant Orb,1,
10,Jungle,9,g,3,,3,5,Sovereign Orb,1,
20,Jungle,9,g,4,,4,6,King Scarab,1,
20,Jungle,9,g,4,,4,6,Rare Scarab,1,
15,Jungle,9,g,4,,4,6,Emperor Hopper,1,
15,Jungle,9,g,4,,4,6,Flutterfly,1,
15,Jungle,9,g,4,,4,6,Stygian Worm,1,
10,Jungle,9,g,4,,4,6,Royal Rhino,1,
5,Jungle,9,g,4,,4,6,Divine Rhino,1,
20,Jungle,9,g,5,20,3,5,Nitroshroom,1,
20,Jungle,9,g,5,20,3,5,Parashroom,1,
20,Jungle,9,g,5,20,3,5,Exciteshroom,1,
15,Jungle,9,g,5,20,3,5,Unique Mushroom,3,
15,Jungle,9,g,5,20,3,5,Choice Mushroom,2,
10,Jungle,9,g,5,20,3,5,Blue Mushroom,1,
50,Jungle,9,g,6,80,3,4,Blue Mushroom,1,
15,Jungle,9,g,6,80,3,4,Nitroshroom,1,
15,Jungle,9,g,6,80,3,4,Parashroom,1,
10,Jungle,9,g,6,80,3,4,Exciteshroom,1,
10,Jungle,9,g,6,80,3,4,Unique Mushroom,2,
25,Jungle,9,g,7,70,3,5,Eltalite Ore,1,
20,Jungle,9,g,7,70,3,5,Lightcrystal,2,
15,Jungle,9,g,7,70,3,5,Novacrystal,1,
10,Jungle,9,g,7,70,3,5,Earth Crystal,3,
10,Jungle,9,g,7,70,3,5,Disc Stone,2,
10,Jungle,9,g,7,70,3,5,Shining Charm,1,
10,Jungle,9,g,7,70,3,5,Auristone Piece,1,
20,Jungle,9,g,8,30,3,5,Eltalite Ore,1,
20,Jungle,9,g,8,30,3,5,Meldspar Ore,1,
20,Jungle,9,g,8,30,3,5,Novacrystal,1,
20,Jungle,9,g,8,30,3,5,Timeworn Charm,1,
10,Jungle,9,g,8,30,3,5,Purecrystal,1,
10,Jungle,9,g,8,30,3,5,Auristone Chunk,1,
100,Jungle,9,g,9,,,,Sushifish,1,Sushifish Bait
100,Jungle,9,g,10,,,,Burst Arowana,1,Burst Bait
50,Jungle,9,g,11,,,,Guardfish,1,Goldenfish Bait
50,Jungle,9,g,11,,,,Goldenfish,1,Goldenfish Bait
35,Jungle,9,g,12,,,,Small Goldenfish,1,Mega Fishing Fly
25,Jungle,9,g,12,,,,Guardfish,1,Mega Fishing Fly
25,Jungle,9,g,12,,,,Goldenfish,1,Mega Fishing Fly
15,Jungle,9,g,12,,,,Silverfish,1,Mega Fishing Fly
20,Jungle,9,g,13,,,,Pin Tuna,1,
15,Jungle,9,g,13,,,,Sleepyfish,1,
15,Jungle,9,g,13,,,,Burst Arowana,1,
15,Jungle,9,g,13,,,,Small Goldenfish,1,
10,Jungle,9,g,13,,,,Sushifish,1,
10,Jungle,9,g,13,,,,Gastronome Tuna,1,
6,Jungle,9,g,13,,,,Goldenfish,1,
5,Jungle,9,g,13,,,,Guardfish,1,
4,Jungle,9,g,13,,,,Silverfish,1,
50,Jungle,10,low,1,,4,6,Spider Web,1,
20,Jungle,10,low,1,,4,6,Hot Pepper,1,
20,Jungle,10,low,1,,4,6,Kut-Ku Scale,1,
10,Jungle,10,low,1,,4,6,Beautiful Shell,1,
25,Jungle,10,low,2,,3,5,Bone Husk,1,
25,Jungle,10,low,2,,3,5,Mystery Bone,1,
25,Jungle,10,low,2,,3,5,Beautiful Shell,1,
15,Jungle,10,low,2,,3,5,Monster Bone S,1,
10,Jungle,10,low,2,,3,5,Unknown Skull,1,
30,Jungle,10,low,3,,3,5,Unique Mushroom,1,
25,Jungle,10,low,3,,3,5,Nitroshroom,1,
25,Jungle,10,low,3,,3,5,Parashroom,1,
20,Jungle,10,low,3,,3,5,Choice Mushroom,1,
55,Jungle,10,low,4,,4,6,Heavy Jelly,1,
25,Jungle,10,low,4,,4,6,Water Ambrosia,1,
10,Jungle,10,low,4,,4,6,Larval Extract,1,
10,Jungle,10,low,4,,4,6,Paralarval Extract,1,
85,Jungle,10,low,5,,1,1,Honey,1,
10,Jungle,10,low,5,,1,1,Kut-Ku Scale,1,
5,Jungle,10,low,5,,1,1,Insect Husk,1,
25,Jungle,10,low,6,70,3,5,Beautiful Shell,1,
20,Jungle,10,low,6,70,3,5,Bone Husk,1,
20,Jungle,10,low,6,70,3,5,Mystery Bone,1,
20,Jungle,10,low,6,70,3,5,Beautiful Shell,2,
15,Jungle,10,low,6,70,3,5,Bone Husk,2,
25,Jungle,10,low,7,30,3,5,Beautiful Shell,2,
20,Jungle,10,low,7,30,3,5,Beautiful Shell,3,
15,Jungle,10,low,7,30,3,5,Bone Husk,3,
15,Jungle,10,low,7,30,3,5,Monster Bone S,1,
15,Jungle,10,low,7,30,3,5,Mystery Bone,2,
10,Jungle,10,low,7,30,3,5,Bone Husk,2,
20,Jungle,10,low,8,70,3,5,Godbug,1,
20,Jungle,10,low,8,70,3,5,Bitterbug,1,
20,Jungle,10,low,8,70,3,5,Royal Rhino,1,
15,Jungle,10,low,8,70,3,5,Shiny Beetle,1,
15,Jungle,10,low,8,70,3,5,King Scarab,1,
10,Jungle,10,low,8,70,3,5,Stinkhopper,1,
25,Jungle,10,low,9,30,4,6,Shiny Beetle,1,
25,Jungle,10,low,9,30,4,6,King Scarab,1,
20,Jungle,10,low,9,30,4,6,Divine Rhino,1,
10,Jungle,10,low,9,30,4,6,Godbug,1,
10,Jungle,10,low,9,30,4,6,Bitterbug,1,
10,Jungle,10,low,9,30,4,6,Royal Rhino,1,
70,Jungle,10,low,10,80,3,5,Heavy Jelly,1,
25,Jungle,10,low,10,80,3,5,Water Ambrosia,1,
5,Jungle,10,low,10,80,3,5,Larval Extract,1,
35,Jungle,10,low,11,20,3,5,Water Ambrosia,1,
25,Jungle,10,low,11,20,3,5,Larval Extract,1,
25,Jungle,10,low,11,20,3,5,Paralarval Extract,1,
15,Jungle,10,low,11,20,3,5,Heavy Jelly,1,
50,Jungle,10,high,1,,4,6,Spider Web,1,
20,Jungle,10,high,1,,4,6,Hot Pepper,1,
20,Jungle,10,high,1,,4,6,Kut-Ku Scale,1,
10,Jungle,10,high,1,,4,6,Beautiful Shell,1,
25,Jungle,10,high,2,,3,5,Bone Husk,1,
25,Jungle,10,high,2,,3,5,Mystery Bone,1,
25,Jungle,10,high,2,,3,5,Beautiful Shell,1,
15,Jungle,10,high,2,,3,5,Monster Bone S,1,
10,Jungle,10,high,2,,3,5,Unknown Skull,1,
30,Jungle,10,high,3,,3,5,Unique Mushroom,1,
25,Jungle,10,high,3,,3,5,Nitroshroom,1,
25,Jungle,10,high,3,,3,5,Parashroom,1,
20,Jungle,10,high,3,,3,5,Choice Mushroom,1,
55,Jungle,10,high,4,,4,6,Heavy Jelly,1,
25,Jungle,10,high,4,,4,6,Water Ambrosia,1,
10,Jungle,10,high,4,,4,6,Larval Extract,1,
10,Jungle,10,high,4,,4,6,Paralarval Extract,1,
100,Jungle,10,high,5,,2,3,Burned Husk,1,
85,Jungle,10,high,6,,1,1,Honey,1,
10,Jungle,10,high,6,,1,1,Kut-Ku Scale,1,
5,Jungle,10,high,6,,1,1,Insect Husk,1,
25,Jungle,10,high,7,70,3,5,Beautiful Shell,1,
20,Jungle,10,high,7,70,3,5,Bone Husk,1,
20,Jungle,10,high,7,70,3,5,Mystery Bone,1,
20,Jungle,10,high,7,70,3,5,Beautiful Shell,2,
15,Jungle,10,high,7,70,3,5,Bone Husk,2,
25,Jungle,10,high,8,30,3,5,Beautiful Shell,2,
20,Jungle,10,high,8,30,3,5,Beautiful Shell,3,
15,Jungle,10,high,8,30,3,5,Bone Husk,3,
15,Jungle,10,high,8,30,3,5,Monster Bone S,1,
15,Jungle,10,high,8,30,3,5,Mystery Bone,2,
10,Jungle,10,high,8,30,3,5,Bone Husk,2,
20,Jungle,10,high,9,70,3,5,Godbug,1,
20,Jungle,10,high,9,70,3,5,Bitterbug,1,
20,Jungle,10,high,9,70,3,5,Royal Rhino,1,
15,Jungle,10,high,9,70,3,5,Shiny Beetle,1,
15,Jungle,10,high,9,70,3,5,King Scarab,1,
10,Jungle,10,high,9,70,3,5,Stinkhopper,1,
25,Jungle,10,high,10,30,4,6,Shiny Beetle,1,
25,Jungle,10,high,10,30,4,6,King Scarab,1,
20,Jungle,10,high,10,30,4,6,Divine Rhino,1,
10,Jungle,10,high,10,30,4,6,Godbug,1,
10,Jungle,10,high,10,30,4,6,Bitterbug,1,
10,Jungle,10,high,10,30,4,6,Royal Rhino,1,
70,Jungle,10,high,11,80,3,5,Heavy Jelly,1,
25,Jungle,10,high,11,80,3,5,Water Ambrosia,1,
5,Jungle,10,high,11,80,3,5,Larval Extract,1,
35,Jungle,10,high,12,20,3,5,Water Ambrosia,1,
25,Jungle,10,high,12,20,3,5,Larval Extract,1,
25,Jungle,10,high,12,20,3,5,Paralarval Extract,1,
15,Jungle,10,high,12,20,3,5,Heavy Jelly,1,
50,Jungle,10,g,1,,4,6,Spider Web,1,
20,Jungle,10,g,1,,4,6,Hot Pepper,1,
20,Jungle,10,g,1,,4,6,Kut-Ku Scale,1,
10,Jungle,10,g,1,,4,6,Beautiful Shell,1,
20,Jungle,10,g,2,,3,5,Huge Unknown Skull,1,
20,Jungle,10,g,2,,3,5,Beautiful Shell,2,
15,Jungle,10,g,2,,3,5,Bone Husk,2,
15,Jungle,10,g,2,,3,5,Mystery Bone,2,
10,Jungle,10,g,2,,3,5,Monster Bone S,1,
10,Jungle,10,g,2,,3,5,Unknown Skull,1,
10,Jungle,10,g,2,,3,5,Beautiful Shell,1,
30,Jungle,10,g,3,,3,5,Unique Mushroom,1,
25,Jungle,10,g,3,,3,5,Nitroshroom,1,
25,Jungle,10,g,3,,3,5,Parashroom,1,
20,Jungle,10,g,3,,3,5,Choice Mushroom,1,
55,Jungle,10,g,4,,4,6,Heavy Jelly,1,
25,Jungle,10,g,4,,4,6,Water Ambrosia,1,
10,Jungle,10,g,4,,4,6,Larval Extract,1,
10,Jungle,10,g,4,,4,6,Paralarval Extract,1,
100,Jungle,10,g,5,,2,3,Burned Husk,1,
85,Jungle,10,g,6,,1,1,Honey,1,
10,Jungle,10,g,6,,1,1,Kut-Ku Scale,1,
5,Jungle,10,g,6,,1,1,Insect Husk,1,
30,Jungle,10,g,7,70,3,5,Beautiful Shell,2,
20,Jungle,10,g,7,70,3,5,Mystery Bone,1,
15,Jungle,10,g,7,70,3,5,Bone Husk,2,
15,Jungle,10,g,7,70,3,5,Beautiful Shell,3,
10,Jungle,10,g,7,70,3,5,Huge Unknown Skull,1,
10,Jungle,10,g,7,70,3,5,Beautiful Shell,1,
30,Jungle,10,g,8,30,3,5,Beautiful Shell,3,
20,Jungle,10,g,8,30,3,5,Beautiful Shell,2,
15,Jungle,10,g,8,30,3,5,Monster Bone S,1,
15,Jungle,10,g,8,30,3,5,Huge Unknown Skull,1,
10,Jungle,10,g,8,30,3,5,Bone Husk,3,
10,Jungle,10,g,8,30,3,5,Mystery Bone,2,
30,Jungle,10,g,9,70,3,5,King Scarab,1,
20,Jungle,10,g,9,70,3,5,Royal Rhino,1,
15,Jungle,10,g,9,70,3,5,Godbug,2,
15,Jungle,10,g,9,70,3,5,Stinkhopper,2,
10,Jungle,10,g,9,70,3,5,Stygian Worm,1,
10,Jungle,10,g,9,70,3,5,Divine Rhino,1,
25,Jungle,10,g,10,30,4,6,King Scarab,1,
25,Jungle,10,g,10,30,4,6,Divine Rhino,1,
20,Jungle,10,g,10,30,4,6,Emperor Hopper,1,
20,Jungle,10,g,10,30,4,6,Stygian Worm,1,
10,Jungle,10,g,10,30,4,6,Royal Rhino,1,
70,Jungle,10,g,11,80,3,5,Heavy Jelly,1,
25,Jungle,10,g,11,80,3,5,Water Ambrosia,1,
5,Jungle,10,g,11,80,3,5,Larval Extract,1,
35,Jungle,10,g,12,20,3,5,Water Ambrosia,1,
25,Jungle,10,g,12,20,3,5,Larval Extract,1,
25,Jungle,10,g,12,20,3,5,Paralarval Extract,1,
15,Jungle,10,g,12,20,3,5,Heavy Jelly,1,
85,Ruined Pinnacle,0,low,1,,1,1,Honey,1,
10,Ruined Pinnacle,0,low,1,,1,1,Snakebee Larva,1,
5,Ruined Pinnacle,0,low,1,,1,1,Insect Husk,1,
90,Ruined Pinnacle,0,low,2,,2,2,Dragonvine,1,
10,Ruined Pinnacle,0,low,2,,2,2,Felvine,1,
40,Ruined Pinnacle,0,low,3,,10,12,Whetstone,1,
25,Ruined Pinnacle,0,low,3,,10,12,Worm,1,
20,Ruined Pinnacle,0,low,3,,10,12,Frog,1,
10,Ruined Pinnacle,0,low,3,,10,12,Stone,2,
5,Ruined Pinnacle,0,low,3,,10,12,Mega Fishing Fly,1,
50,Ruined Pinnacle,0,low,4,,3,4,Psychoserum,1,
20,Ruined Pinnacle,0,low,4,,3,4,Old Pickaxe,1,
20,Ruined Pinnacle,0,low,4,,3,4,Throwing Knife,1,
10,Ruined Pinnacle,0,low,4,,3,4,Net,1,
85,Ruined Pinnacle,0,high,1,,1,1,Honey,1,
10,Ruined Pinnacle,0,high,1,,1,1,Snakebee Larva,1,
5,Ruined Pinnacle,0,high,1,,1,1,Insect Husk,1,
90,Ruined Pinnacle,0,high,2,,2,2,Dragonvine,1,
10,Ruined Pinnacle,0,high,2,,2,2,Felvine,1,
40,Ruined Pinnacle,0,high,3,,10,12,Whetstone,1,
25,Ruined Pinnacle,0,high,3,,10,12,Worm,1,
20,Ruined Pinnacle,0,high,3,,10,12,Frog,1,
10,Ruined Pinnacle,0,high,3,,10,12,Stone,2,
5,Ruined Pinnacle,0,high,3,,10,12,Mega Fishing Fly,1,
50,Ruined Pinnacle,0,high,4,,3,4,Psychoserum,1,
20,Ruined Pinnacle,0,high,4,,3,4,Old Pickaxe,1,
20,Ruined Pinnacle,0,high,4,,3,4,Throwing Knife,1,
10,Ruined Pinnacle,0,high,4,,3,4,Net,1,
100,Ruined Pinnacle,0,high,5,,1,1,Burned Husk,1,
100,Ruined Pinnacle,0,high,6,,,,Small Goldenfish,1,Mega Fishing Fly
50,Ruined Pinnacle,0,high,7,,,,Scatterfish,1,Burst Bait
50,Ruined Pinnacle,0,high,7,,,,Bomb Arowana,1,Burst Bait
20,Ruined Pinnacle,0,high,8,,,,Sleepyfish,1,
20,Ruined Pinnacle,0,high,8,,,,Popfish,1,
20,Ruined Pinnacle,0,high,8,,,,Bomb Arowana,1,
15,Ruined Pinnacle,0,high,8,,,,Whetfish,1,
15,Ruined Pinnacle,0,high,8,,,,Scatterfish,1,
10,Ruined Pinnacle,0,high,8,,,,Small Goldenfish,1,
85,Ruined Pinnacle,0,g,1,,1,1,Honey,1,
10,Ruined Pinnacle,0,g,1,,1,1,Snakebee Larva,1,
5,Ruined Pinnacle,0,g,1,,1,1,Insect Husk,1,
60,Ruined Pinnacle,0,g,2,,2,2,Dragonvine,1,
30,Ruined Pinnacle,0,g,2,,2,2,Tough Dragonvine,1,
10,Ruined Pinnacle,0,g,2,,2,2,Felvine,1,
40,Ruined Pinnacle,0,g,3,,10,12,Whetstone,1,
25,Ruined Pinnacle,0,g,3,,10,12,Worm,1,
20,Ruined Pinnacle,0,g,3,,10,12,Frog,1,
10,Ruined Pinnacle,0,g,3,,10,12,Stone,2,
5,Ruined Pinnacle,0,g,3,,10,12,Mega Fishing Fly,1,
50,Ruined Pinnacle,0,g,4,,3,4,Psychoserum,1,
20,Ruined Pinnacle,0,g,4,,3,4,Old Pickaxe,1,
20,Ruined Pinnacle,0,g,4,,3,4,Throwing Knife,1,
10,Ruined Pinnacle,0,g,4,,3,4,Net,1,
100,Ruined Pinnacle,0,g,5,,1,1,Burned Husk,1,
100,Ruined Pinnacle,0,g,6,,,,Small Goldenfish,1,Mega Fishing Fly
50,Ruined Pinnacle,0,g,7,,,,Scatterfish,1,Burst Bait
50,Ruined Pinnacle,0,g,7,,,,Bomb Arowana,1,Burst Bait
20,Ruined Pinnacle,0,g,8,,,,Sleepyfish,1,
20,Ruined Pinnacle,0,g,8,,,,Popfish,1,
20,Ruined Pinnacle,0,g,8,,,,Bomb Arowana,1,
15,Ruined Pinnacle,0,g,8,,,,Whetfish,1,
15,Ruined Pinnacle,0,g,8,,,,Scatterfish,1,
10,Ruined Pinnacle,0,g,8,,,,Small Goldenfish,1,
85,Ruined Pinnacle,1,low,1,,6,8,Honey,1,
10,Ruined Pinnacle,1,low,1,,6,8,Snakebee Larva,1,
5,Ruined Pinnacle,1,low,1,,6,8,Insect Husk,1,
30,Ruined Pinnacle,1,low,2,,3,4,Ivy,1,
30,Ruined Pinnacle,1,low,2,,3,4,Dragonvine,1,
20,Ruined Pinnacle,1,low,2,,3,4,Herb,1,
20,Ruined Pinnacle,1,low,2,,3,4,Felvine,1,
40,Ruined Pinnacle,1,low,3,,3,4,Huskberry,1,
40,Ruined Pinnacle,1,low,3,,3,4,Needleberry,1,
20,Ruined Pinnacle,1,low,3,,3,4,Paintberry,1,
85,Ruined Pinnacle,1,low,4,,1,1,Honey,1,
10,Ruined Pinnacle,1,low,4,,1,1,Snakebee Larva,1,
5,Ruined Pinnacle,1,low,4,,1,1,Insect Husk,1,
20,Ruined Pinnacle,1,low,5,,3,4,Snow Herb,1,
20,Ruined Pinnacle,1,low,5,,3,4,Dragonvine,1,
15,Ruined Pinnacle,1,low,5,,3,4,Herb,1,
15,Ruined Pinnacle,1,low,5,,3,4,Antidote Herb,1,
15,Ruined Pinnacle,1,low,5,,3,4,Ivy,1,
15,Ruined Pinnacle,1,low,5,,3,4,Sap Plant,1,
20,Ruined Pinnacle,1,low,6,,4,6,Bitterbug,1,
20,Ruined Pinnacle,1,low,6,,4,6,Flashbug,1,
20,Ruined Pinnacle,1,low,6,,4,6,Thunderbug,1,
15,Ruined Pinnacle,1,low,6,,4,6,Stinkhopper,1,
10,Ruined Pinnacle,1,low,6,,4,6,Godbug,1,
10,Ruined Pinnacle,1,low,6,,4,6,Silver Cricket,1,
5,Ruined Pinnacle,1,low,6,,4,6,Mega Fishing Fly,1,
85,Ruined Pinnacle,1,high,1,,6,8,Honey,1,
10,Ruined Pinnacle,1,high,1,,6,8,Snakebee Larva,1,
5,Ruined Pinnacle,1,high,1,,6,8,Insect Husk,1,
30,Ruined Pinnacle,1,high,2,,3,4,Ivy,1,
30,Ruined Pinnacle,1,high,2,,3,4,Dragonvine,1,
20,Ruined Pinnacle,1,high,2,,3,4,Herb,1,
20,Ruined Pinnacle,1,high,2,,3,4,Felvine,1,
40,Ruined Pinnacle,1,high,3,,3,4,Huskberry,1,
40,Ruined Pinnacle,1,high,3,,3,4,Needleberry,1,
20,Ruined Pinnacle,1,high,3,,3,4,Paintberry,1,
85,Ruined Pinnacle,1,high,4,,1,1,Honey,1,
10,Ruined Pinnacle,1,high,4,,1,1,Snakebee Larva,1,
5,Ruined Pinnacle,1,high,4,,1,1,Insect Husk,1,
100,Ruined Pinnacle,1,high,5,,2,3,Burned Husk,1,
20,Ruined Pinnacle,1,high,6,,3,4,Snow Herb,1,
20,Ruined Pinnacle,1,high,6,,3,4,Dragonvine,1,
15,Ruined Pinnacle,1,high,6,,3,4,Herb,1,
15,Ruined Pinnacle,1,high,6,,3,4,Antidote Herb,1,
15,Ruined Pinnacle,1,high,6,,3,4,Ivy,1,
15,Ruined Pinnacle,1,high,6,,3,4,Sap Plant,1,
20,Ruined Pinnacle,1,high,7,,4,6,Bitterbug,1,
20,Ruined Pinnacle,1,high,7,,4,6,Flashbug,1,
20,Ruined Pinnacle,1,high,7,,4,6,Thunderbug,1,
15,Ruined Pinnacle,1,high,7,,4,6,Stinkhopper,1,
10,Ruined Pinnacle,1,high,7,,4,6,Godbug,1,
10,Ruined Pinnacle,1,high,7,,4,6,Silver Cricket,1,
5,Ruined Pinnacle,1,high,7,,4,6,Mega Fishing Fly,1,
85,Ruined Pinnacle,1,g,1,,6,8,Honey,1,
10,Ruined Pinnacle,1,g,1,,6,8,Snakebee Larva,1,
5,Ruined Pinnacle,1,g,1,,6,8,Insect Husk,1,
30,Ruined Pinnacle,1,g,2,,3,4,Dragonvine,1,
20,Ruined Pinnacle,1,g,2,,3,4,Herb,1,
20,Ruined Pinnacle,1,g,2,,3,4,Ivy,1,
15,Ruined Pinnacle,1,g,2,,3,4,Felvine,1,
15,Ruined Pinnacle,1,g,2,,3,4,Tough Dragonvine,1,
40,Ruined Pinnacle,1,g,3,,3,4,Huskberry,1,
40,Ruined Pinnacle,1,g,3,,3,4,Needleberry,1,
20,Ruined Pinnacle,1,g,3,,3,4,Paintberry,1,
85,Ruined Pinnacle,1,g,4,,1,1,Honey,1,
10,Ruined Pinnacle,1,g,4,,1,1,Snakebee Larva,1,
5,Ruined Pinnacle,1,g,4,,1,1,Insect Husk,1,
100,Ruined Pinnacle,1,g,5,,2,3,Burned Husk,1,
20,Ruined Pinnacle,1,g,6,,3,4,Dragonvine,1,
15,Ruined Pinnacle,1,g,6,,3,4,Antidote Herb,1,
15,Ruined Pinnacle,1,g,6,,3,4,Ivy,1,
15,Ruined Pinnacle,1,g,6,,3,4,Sap Plant,1,
15,Ruined Pinnacle,1,g,6,,3,4,Snow Herb,1,
10,Ruined Pinnacle,1,g,6,,3,4,Herb,1,
10,Ruined Pinnacle,1,g,6,,3,4,Tough Dragonvine,1,
20,Ruined Pinnacle,1,g,7,,4,6,Mega Fishing Fly,1,
20,Ruined Pinnacle,1,g,7,,4,6,Flashbug,2,
20,Ruined Pinnacle,1,g,7,,4,6,Stinkhopper,2,
20,Ruined Pinnacle,1,g,7,,4,6,Silver Cricket,1,
10,Ruined Pinnacle,1,g,7,,4,6,Emperor Hopper,1,
10,Ruined Pinnacle,1,g,7,,4,6,Gold Cricket,1,
25,Ruined Pinnacle,2,low,1,,4,6,Earth Crystal,1,
20,Ruined Pinnacle,2,low,1,,4,6,Machalite Ore,1,
15,Ruined Pinnacle,2,low,1,,4,6,Bealite Ore,1,
10,Ruined Pinnacle,2,low,1,,4,6,Lightcrystal,1,
10,Ruined Pinnacle,2,low,1,,4,6,Carbalite Ore,1,
10,Ruined Pinnacle,2,low,1,,4,6,Comet Rock,1,
10,Ruined Pinnacle,2,low,1,,4,6,Comet Rock,2,
25,Ruined Pinnacle,2,low,2,,3,4,Snow Herb,1,
25,Ruined Pinnacle,2,low,2,,3,4,Dragonvine,1,
20,Ruined Pinnacle,2,low,2,,3,4,Antidote Herb,1,
20,Ruined Pinnacle,2,low,2,,3,4,Sap Plant,1,
10,Ruined Pinnacle,2,low,2,,3,4,Herb,1,
25,Ruined Pinnacle,2,low,3,,3,5,Blue Mushroom,1,
25,Ruined Pinnacle,2,low,3,,3,5,Tall Mushroom,1,
20,Ruined Pinnacle,2,low,3,,3,5,Tall Mushroom,2,
10,Ruined Pinnacle,2,low,3,,3,5,Nitroshroom,1,
10,Ruined Pinnacle,2,low,3,,3,5,Exciteshroom,1,
10,Ruined Pinnacle,2,low,3,,3,5,Dragon Toadstool,1,
20,Ruined Pinnacle,2,low,4,,4,6,Bitterbug,1,
20,Ruined Pinnacle,2,low,4,,4,6,Flashbug,1,
20,Ruined Pinnacle,2,low,4,,4,6,Thunderbug,1,
15,Ruined Pinnacle,2,low,4,,4,6,Stinkhopper,1,
10,Ruined Pinnacle,2,low,4,,4,6,Godbug,1,
10,Ruined Pinnacle,2,low,4,,4,6,Silver Cricket,1,
5,Ruined Pinnacle,2,low,4,,4,6,Mega Fishing Fly,1,
85,Ruined Pinnacle,2,low,5,,1,1,Honey,1,
10,Ruined Pinnacle,2,low,5,,1,1,Snakebee Larva,1,
5,Ruined Pinnacle,2,low,5,,1,1,Insect Husk,1,
25,Ruined Pinnacle,2,low,6,70,3,5,Sunspire Jewel,1,
20,Ruined Pinnacle,2,low,6,70,3,5,Earth Crystal,1,
15,Ruined Pinnacle,2,low,6,70,3,5,Bealite Ore,1,
10,Ruined Pinnacle,2,low,6,70,3,5,Carbalite Ore,1,
10,Ruined Pinnacle,2,low,6,70,3,5,Mystery Charm,1,
10,Ruined Pinnacle,2,low,6,70,3,5,Comet Rock,1,
5,Ruined Pinnacle,2,low,6,70,3,5,Bloodrun Jewel,1,
5,Ruined Pinnacle,2,low,6,70,3,5,Comet Rock,2,
25,Ruined Pinnacle,2,low,7,30,4,6,Carbalite Ore,1,
20,Ruined Pinnacle,2,low,7,30,4,6,Shining Charm,1,
15,Ruined Pinnacle,2,low,7,30,4,6,Bealite Ore,1,
15,Ruined Pinnacle,2,low,7,30,4,6,Bloodrun Jewel,1,
15,Ruined Pinnacle,2,low,7,30,4,6,Comet Rock,2,
5,Ruined Pinnacle,2,low,7,30,4,6,Earth Crystal,1,
5,Ruined Pinnacle,2,low,7,30,4,6,Sunspire Jewel,1,
25,Ruined Pinnacle,2,high,1,,4,6,Earth Crystal,1,
20,Ruined Pinnacle,2,high,1,,4,6,Machalite Ore,1,
15,Ruined Pinnacle,2,high,1,,4,6,Bealite Ore,1,
10,Ruined Pinnacle,2,high,1,,4,6,Lightcrystal,1,
10,Ruined Pinnacle,2,high,1,,4,6,Carbalite Ore,1,
10,Ruined Pinnacle,2,high,1,,4,6,Comet Rock,1,
10,Ruined Pinnacle,2,high,1,,4,6,Comet Rock,2,
25,Ruined Pinnacle,2,high,2,,3,4,Snow Herb,1,
25,Ruined Pinnacle,2,high,2,,3,4,Dragonvine,1,
20,Ruined Pinnacle,2,high,2,,3,4,Antidote Herb,1,
20,Ruined Pinnacle,2,high,2,,3,4,Sap Plant,1,
10,Ruined Pinnacle,2,high,2,,3,4,Herb,1,
25,Ruined Pinnacle,2,high,3,,3,5,Blue Mushroom,1,
25,Ruined Pinnacle,2,high,3,,3,5,Tall Mushroom,1,
20,Ruined Pinnacle,2,high,3,,3,5,Tall Mushroom,2,
10,Ruined Pinnacle,2,high,3,,3,5,Nitroshroom,1,
10,Ruined Pinnacle,2,high,3,,3,5,Exciteshroom,1,
10,Ruined Pinnacle,2,high,3,,3,5,Dragon Toadstool,1,
20,Ruined Pinnacle,2,high,4,,4,6,Bitterbug,1,
20,Ruined Pinnacle,2,high,4,,4,6,Flashbug,1,
20,Ruined Pinnacle,2,high,4,,4,6,Thunderbug,1,
15,Ruined Pinnacle,2,high,4,,4,6,Stinkhopper,1,
10,Ruined Pinnacle,2,high,4,,4,6,Godbug,1,
10,Ruined Pinnacle,2,high,4,,4,6,Silver Cricket,1,
5,Ruined Pinnacle,2,high,4,,4,6,Mega Fishing Fly,1,
85,Ruined Pinnacle,2,high,5,,1,1,Honey,1,
10,Ruined Pinnacle,2,high,5,,1,1,Snakebee Larva,1,
5,Ruined Pinnacle,2,high,5,,1,1,Insect Husk,1,
100,Ruined Pinnacle,2,high,6,,2,3,Burned Husk,1,
25,Ruined Pinnacle,2,high,7,70,3,5,Sunspire Jewel,1,
20,Ruined Pinnacle,2,high,7,70,3,5,Earth Crystal,1,
15,Ruined Pinnacle,2,high,7,70,3,5,Bealite Ore,1,
10,Ruined Pinnacle,2,high,7,70,3,5,Carbalite Ore,1,
10,Ruined Pinnacle,2,high,7,70,3,5,Mystery Charm,1,
10,Ruined Pinnacle,2,high,7,70,3,5,Comet Rock,1,
5,Ruined Pinnacle,2,high,7,70,3,5,Bloodrun Jewel,1,
5,Ruined Pinnacle,2,high,7,70,3,5,Comet Rock,2,
25,Ruined Pinnacle,2,high,8,30,4,6,Carbalite Ore,1,
20,Ruined Pinnacle,2,high,8,30,4,6,Shining Charm,1,
15,Ruined Pinnacle,2,high,8,30,4,6,Bealite Ore,1,
15,Ruined Pinnacle,2,high,8,30,4,6,Bloodrun Jewel,1,
15,Ruined Pinnacle,2,high,8,30,4,6,Comet Rock,2,
5,Ruined Pinnacle,2,high,8,30,4,6,Earth Crystal,1,
5,Ruined Pinnacle,2,high,8,30,4,6,Sunspire Jewel,1,
25,Ruined Pinnacle,2,g,1,,4,6,Eltalite Ore,1,
20,Ruined Pinnacle,2,g,1,,4,6,Carbalite Ore,1,
15,Ruined Pinnacle,2,g,1,,4,6,Earth Crystal,3,
10,Ruined Pinnacle,2,g,1,,4,6,Bealite Ore,2,
10,Ruined Pinnacle,2,g,1,,4,6,Lightcrystal,2,
10,Ruined Pinnacle,2,g,1,,4,6,Comet Rock,2,
10,Ruined Pinnacle,2,g,1,,4,6,Comet Rock,3,
25,Ruined Pinnacle,2,g,2,,3,4,Dragonvine,1,
20,Ruined Pinnacle,2,g,2,,3,4,Antidote Herb,1,
15,Ruined Pinnacle,2,g,2,,3,4,Sap Plant,1,
15,Ruined Pinnacle,2,g,2,,3,4,Snow Herb,1,
15,Ruined Pinnacle,2,g,2,,3,4,Tough Dragonvine,1,
10,Ruined Pinnacle,2,g,2,,3,4,Herb,1,
40,Ruined Pinnacle,2,g,3,,3,5,Tall Mushroom,2,
15,Ruined Pinnacle,2,g,3,,3,5,Blue Mushroom,1,
15,Ruined Pinnacle,2,g,3,,3,5,Tall Mushroom,1,
10,Ruined Pinnacle,2,g,3,,3,5,Nitroshroom,1,
10,Ruined Pinnacle,2,g,3,,3,5,Exciteshroom,1,
10,Ruined Pinnacle,2,g,3,,3,5,Dragon Toadstool,1,
20,Ruined Pinnacle,2,g,4,,4,6,Mega Fishing Fly,1,
20,Ruined Pinnacle,2,g,4,,4,6,Flashbug,2,
20,Ruined Pinnacle,2,g,4,,4,6,Stinkhopper,2,
20,Ruined Pinnacle,2,g,4,,4,6,Silver Cricket,1,
10,Ruined Pinnacle,2,g,4,,4,6,Emperor Hopper,1,
10,Ruined Pinnacle,2,g,4,,4,6,Gold Cricket,1,
85,Ruined Pinnacle,2,g,5,,1,1,Honey,1,
10,Ruined Pinnacle,2,g,5,,1,1,Snakebee Larva,1,
5,Ruined Pinnacle,2,g,5,,1,1,Insect Husk,1,
100,Ruined Pinnacle,2,g,6,,2,3,Burned Husk,1,
25,Ruined Pinnacle,2,g,7,70,3,5,Lazurite Jewel,1,
15,Ruined Pinnacle,2,g,7,70,3,5,Eltalite Ore,1,
10,Ruined Pinnacle,2,g,7,70,3,5,Earth Crystal,3,
10,Ruined Pinnacle,2,g,7,70,3,5,Bealite Ore,2,
10,Ruined Pinnacle,2,g,7,70,3,5,Carbalite Ore,1,
10,Ruined Pinnacle,2,g,7,70,3,5,Shining Charm,1,
10,Ruined Pinnacle,2,g,7,70,3,5,Comet Rock,3,
5,Ruined Pinnacle,2,g,7,70,3,5,Adamant Orb,1,
5,Ruined Pinnacle,2,g,7,70,3,5,Comet Rock,2,
30,Ruined Pinnacle,2,g,8,30,4,6,Eltalite Ore,1,
20,Ruined Pinnacle,2,g,8,30,4,6,Timeworn Charm,1,
15,Ruined Pinnacle,2,g,8,30,4,6,Carbalite Ore,1,
15,Ruined Pinnacle,2,g,8,30,4,6,Adamant Orb,1,
15,Ruined Pinnacle,2,g,8,30,4,6,Comet Rock,3,
5,Ruined Pinnacle,2,g,8,30,4,6,Lazurite Jewel,1,
25,Ruined Pinnacle,3,low,1,,3,5,King Scarab,1,
20,Ruined Pinnacle,3,low,1,,3,5,Carpenterbug,1,
20,Ruined Pinnacle,3,low,1,,3,5,Shiny Beetle,1,
20,Ruined Pinnacle,3,low,1,,3,5,Hercudrome,1,
10,Ruined Pinnacle,3,low,1,,3,5,Silver Cricket,1,
5,Ruined Pinnacle,3,low,1,,3,5,Gold Cricket,1,
25,Ruined Pinnacle,3,low,2,,3,5,Blue Mushroom,1,
25,Ruined Pinnacle,3,low,2,,3,5,Tall Mushroom,1,
20,Ruined Pinnacle,3,low,2,,3,5,Tall Mushroom,2,
10,Ruined Pinnacle,3,low,2,,3,5,Nitroshroom,1,
10,Ruined Pinnacle,3,low,2,,3,5,Exciteshroom,1,
10,Ruined Pinnacle,3,low,2,,3,5,Dragon Toadstool,1,
25,Ruined Pinnacle,3,low,3,,3,5,Bone Husk,1,
25,Ruined Pinnacle,3,low,3,,3,5,Mystery Bone,1,
25,Ruined Pinnacle,3,low,3,,3,5,Unknown Skull,1,
15,Ruined Pinnacle,3,low,3,,3,5,Monster Bone S,1,
10,Ruined Pinnacle,3,low,3,,3,5,Dragonbone Relic,1,
40,Ruined Pinnacle,3,low,4,,3,4,Huskberry,1,
40,Ruined Pinnacle,3,low,4,,3,4,Needleberry,1,
20,Ruined Pinnacle,3,low,4,,3,4,Paintberry,1,
20,Ruined Pinnacle,3,low,5,,3,4,Snow Herb,1,
20,Ruined Pinnacle,3,low,5,,3,4,Dragonvine,1,
15,Ruined Pinnacle,3,low,5,,3,4,Herb,1,
15,Ruined Pinnacle,3,low,5,,3,4,Antidote Herb,1,
15,Ruined Pinnacle,3,low,5,,3,4,Ivy,1,
15,Ruined Pinnacle,3,low,5,,3,4,Sap Plant,1,
25,Ruined Pinnacle,3,high,1,,3,5,King Scarab,1,
20,Ruined Pinnacle,3,high,1,,3,5,Carpenterbug,1,
20,Ruined Pinnacle,3,high,1,,3,5,Shiny Beetle,1,
20,Ruined Pinnacle,3,high,1,,3,5,Hercudrome,1,
10,Ruined Pinnacle,3,high,1,,3,5,Silver Cricket,1,
5,Ruined Pinnacle,3,high,1,,3,5,Gold Cricket,1,
25,Ruined Pinnacle,3,high,2,,3,5,Blue Mushroom,1,
25,Ruined Pinnacle,3,high,2,,3,5,Tall Mushroom,1,
20,Ruined Pinnacle,3,high,2,,3,5,Tall Mushroom,2,
10,Ruined Pinnacle,3,high,2,,3,5,Nitroshroom,1,
10,Ruined Pinnacle,3,high,2,,3,5,Exciteshroom,1,
10,Ruined Pinnacle,3,high,2,,3,5,Dragon Toadstool,1,
25,Ruined Pinnacle,3,high,3,,3,5,Bone Husk,1,
25,Ruined Pinnacle,3,high,3,,3,5,Mystery Bone,1,
25,Ruined Pinnacle,3,high,3,,3,5,Unknown Skull,1,
15,Ruined Pinnacle,3,high,3,,3,5,Monster Bone S,1,
10,Ruined Pinnacle,3,high,3,,3,5,Dragonbone Relic,1,
40,Ruined Pinnacle,3,high,4,,3,4,Huskberry,1,
40,Ruined Pinnacle,3,high,4,,3,4,Needleberry,1,
20,Ruined Pinnacle,3,high,4,,3,4,Paintberry,1,
20,Ruined Pinnacle,3,high,5,,3,4,Snow Herb,1,
20,Ruined Pinnacle,3,high,5,,3,4,Dragonvine,1,
15,Ruined Pinnacle,3,high,5,,3,4,Herb,1,
15,Ruined Pinnacle,3,high,5,,3,4,Antidote Herb,1,
15,Ruined Pinnacle,3,high,5,,3,4,Ivy,1,
15,Ruined Pinnacle,3,high,5,,3,4,Sap Plant,1,
100,Ruined Pinnacle,3,high,6,,,,Bomb Arowana,1,Burst Bait
100,Ruined Pinnacle,3,high,7,,,,Small Goldenfish,1,Mega Fishing Fly
21,Ruined Pinnacle,3,high,8,,,,Whetfish,1,
21,Ruined Pinnacle,3,high,8,,,,Popfish,1,
21,Ruined Pinnacle,3,high,8,,,,Bomb Arowana,1,
16,Ruined Pinnacle,3,high,8,,,,Speartuna,1,
11,Ruined Pinnacle,3,high,8,,,,Gastronome Tuna,1,
10,Ruined Pinnacle,3,high,8,,,,Small Goldenfish,1,
35,Ruined Pinnacle,3,g,1,,3,5,King Scarab,1,
15,Ruined Pinnacle,3,g,1,,3,5,Shiny Beetle,2,
15,Ruined Pinnacle,3,g,1,,3,5,Hercudrome,2,
15,Ruined Pinnacle,3,g,1,,3,5,Silver Cricket,1,
10,Ruined Pinnacle,3,g,1,,3,5,Emperor Hopper,1,
10,Ruined Pinnacle,3,g,1,,3,5,Gold Cricket,1,
40,Ruined Pinnacle,3,g,2,,3,5,Tall Mushroom,2,
15,Ruined Pinnacle,3,g,2,,3,5,Blue Mushroom,1,
15,Ruined Pinnacle,3,g,2,,3,5,Tall Mushroom,1,
10,Ruined Pinnacle,3,g,2,,3,5,Nitroshroom,1,
10,Ruined Pinnacle,3,g,2,,3,5,Exciteshroom,1,
10,Ruined Pinnacle,3,g,2,,3,5,Dragon Toadstool,1,
25,Ruined Pinnacle,3,g,3,,3,5,Unknown Skull,1,
20,Ruined Pinnacle,3,g,3,,3,5,Dragonbone Relic,1,
15,Ruined Pinnacle,3,g,3,,3,5,Bone Husk,2,
15,Ruined Pinnacle,3,g,3,,3,5,Monster Bone S,1,
15,Ruined Pinnacle,3,g,3,,3,5,Mystery Bone,2,
10,Ruined Pinnacle,3,g,3,,3,5,Dragonbone Artifact,1,
40,Ruined Pinnacle,3,g,4,,3,4,Huskberry,1,
40,Ruined Pinnacle,3,g,4,,3,4,Needleberry,1,
20,Ruined Pinnacle,3,g,4,,3,4,Paintberry,1,
20,Ruined Pinnacle,3,g,5,,3,4,Dragonvine,1,
15,Ruined Pinnacle,3,g,5,,3,4,Antidote Herb,1,
15,Ruined Pinnacle,3,g,5,,3,4,Ivy,1,
15,Ruined Pinnacle,3,g,5,,3,4,Sap Plant,1,
15,Ruined Pinnacle,3,g,5,,3,4,Snow Herb,1,
10,Ruined Pinnacle,3,g,5,,3,4,Herb,1,
10,Ruined Pinnacle,3,g,5,,3,4,Tough Dragonvine,1,
100,Ruined Pinnacle,3,g,6,,,,Bomb Arowana,1,Burst Bait
100,Ruined Pinnacle,3,g,7,,,,Guardfish,1,Goldenfish Bait
75,Ruined Pinnacle,3,g,8,,,,Small Goldenfish,1,Mega Fishing Fly
25,Ruined Pinnacle,3,g,8,,,,Guardfish,1,Mega Fishing Fly
18,Ruined Pinnacle,3,g,9,,,,Whetfish,1,
18,Ruined Pinnacle,3,g,9,,,,Popfish,1,
18,Ruined Pinnacle,3,g,9,,,,Bomb Arowana,1,
15,Ruined Pinnacle,3,g,9,,,,Guardfish,1,
13,Ruined Pinnacle,3,g,9,,,,Speartuna,1,
10,Ruined Pinnacle,3,g,9,,,,Small Goldenfish,1,
8,Ruined Pinnacle,3,g,9,,,,Gastronome Tuna,1,
30,Ruined Pinnacle,4,low,1,,3,4,Ivy,1,
30,Ruined Pinnacle,4,low,1,,3,4,Dragonvine,1,
20,Ruined Pinnacle,4,low,1,,3,4,Herb,1,
20,Ruined Pinnacle,4,low,1,,3,4,Felvine,1,
20,Ruined Pinnacle,4,low,2,,4,6,Sunspire Jewel,1,
15,Ruined Pinnacle,4,low,2,,4,6,Earth Crystal,1,
15,Ruined Pinnacle,4,low,2,,4,6,Carbalite Ore,1,
15,Ruined Pinnacle,4,low,2,,4,6,Mystery Charm,1,
10,Ruined Pinnacle,4,low,2,,4,6,Armor Sphere+,1,
10,Ruined Pinnacle,4,low,2,,4,6,Comet Rock,1,
10,Ruined Pinnacle,4,low,2,,4,6,Comet Rock,2,
5,Ruined Pinnacle,4,low,2,,4,6,Bloodrun Jewel,1,
25,Ruined Pinnacle,4,low,3,,3,5,Blue Mushroom,1,
25,Ruined Pinnacle,4,low,3,,3,5,Tall Mushroom,1,
20,Ruined Pinnacle,4,low,3,,3,5,Tall Mushroom,2,
10,Ruined Pinnacle,4,low,3,,3,5,Nitroshroom,1,
10,Ruined Pinnacle,4,low,3,,3,5,Exciteshroom,1,
10,Ruined Pinnacle,4,low,3,,3,5,Dragon Toadstool,1,
20,Ruined Pinnacle,4,low,4,70,3,5,Machalite Ore,1,
20,Ruined Pinnacle,4,low,4,70,3,5,Armor Sphere+,1,
15,Ruined Pinnacle,4,low,4,70,3,5,Mystery Charm,1,
10,Ruined Pinnacle,4,low,4,70,3,5,Lightcrystal,1,
10,Ruined Pinnacle,4,low,4,70,3,5,Carbalite Ore,1,
10,Ruined Pinnacle,4,low,4,70,3,5,Shining Charm,1,
10,Ruined Pinnacle,4,low,4,70,3,5,Comet Rock,1,
5,Ruined Pinnacle,4,low,4,70,3,5,Comet Rock,2,
20,Ruined Pinnacle,4,low,5,30,4,6,Lightcrystal,1,
20,Ruined Pinnacle,4,low,5,30,4,6,Carbalite Ore,1,
20,Ruined Pinnacle,4,low,5,30,4,6,Adv Armor Sphere,1,
15,Ruined Pinnacle,4,low,5,30,4,6,Machalite Ore,1,
15,Ruined Pinnacle,4,low,5,30,4,6,Comet Rock,2,
10,Ruined Pinnacle,4,low,5,30,4,6,Shining Charm,1,
20,Ruined Pinnacle,4,low,6,60,3,5,Blue Mushroom,1,
20,Ruined Pinnacle,4,low,6,60,3,5,Nitroshroom,1,
20,Ruined Pinnacle,4,low,6,60,3,5,Exciteshroom,1,
20,Ruined Pinnacle,4,low,6,60,3,5,Tall Mushroom,1,
10,Ruined Pinnacle,4,low,6,60,3,5,Dragon Toadstool,1,
10,Ruined Pinnacle,4,low,6,60,3,5,Tall Mushroom,2,
30,Ruined Pinnacle,4,low,7,40,4,6,Tall Mushroom,2,
20,Ruined Pinnacle,4,low,7,40,4,6,Dragon Toadstool,1,
15,Ruined Pinnacle,4,low,7,40,4,6,Blue Mushroom,1,
15,Ruined Pinnacle,4,low,7,40,4,6,Nitroshroom,1,
15,Ruined Pinnacle,4,low,7,40,4,6,Exciteshroom,1,
5,Ruined Pinnacle,4,low,7,40,4,6,Tall Mushroom,1,
30,Ruined Pinnacle,4,high,1,,3,4,Ivy,1,
30,Ruined Pinnacle,4,high,1,,3,4,Dragonvine,1,
20,Ruined Pinnacle,4,high,1,,3,4,Herb,1,
20,Ruined Pinnacle,4,high,1,,3,4,Felvine,1,
20,Ruined Pinnacle,4,high,2,,4,6,Sunspire Jewel,1,
15,Ruined Pinnacle,4,high,2,,4,6,Earth Crystal,1,
15,Ruined Pinnacle,4,high,2,,4,6,Carbalite Ore,1,
15,Ruined Pinnacle,4,high,2,,4,6,Mystery Charm,1,
10,Ruined Pinnacle,4,high,2,,4,6,Armor Sphere+,1,
10,Ruined Pinnacle,4,high,2,,4,6,Comet Rock,1,
10,Ruined Pinnacle,4,high,2,,4,6,Comet Rock,2,
5,Ruined Pinnacle,4,high,2,,4,6,Bloodrun Jewel,1,
25,Ruined Pinnacle,4,high,3,,3,5,Blue Mushroom,1,
25,Ruined Pinnacle,4,high,3,,3,5,Tall Mushroom,1,
20,Ruined Pinnacle,4,high,3,,3,5,Tall Mushroom,2,
10,Ruined Pinnacle,4,high,3,,3,5,Nitroshroom,1,
10,Ruined Pinnacle,4,high,3,,3,5,Exciteshroom,1,
10,Ruined Pinnacle,4,high,3,,3,5,Dragon Toadstool,1,
20,Ruined Pinnacle,4,high,4,70,3,5,Machalite Ore,1,
20,Ruined Pinnacle,4,high,4,70,3,5,Armor Sphere+,1,
15,Ruined Pinnacle,4,high,4,70,3,5,Mystery Charm,1,
10,Ruined Pinnacle,4,high,4,70,3,5,Lightcrystal,1,
10,Ruined Pinnacle,4,high,4,70,3,5,Carbalite Ore,1,
10,Ruined Pinnacle,4,high,4,70,3,5,Shining Charm,1,
10,Ruined Pinnacle,4,high,4,70,3,5,Comet Rock,1,
5,Ruined Pinnacle,4,high,4,70,3,5,Comet Rock,2,
20,Ruined Pinnacle,4,high,5,30,4,6,Lightcrystal,1,
20,Ruined Pinnacle,4,high,5,30,4,6,Carbalite Ore,1,
20,Ruined Pinnacle,4,high,5,30,4,6,Adv Armor Sphere,1,
15,Ruined Pinnacle,4,high,5,30,4,6,Machalite Ore,1,
15,Ruined Pinnacle,4,high,5,30,4,6,Comet Rock,2,
10,Ruined Pinnacle,4,high,5,30,4,6,Shining Charm,1,
20,Ruined Pinnacle,4,high,6,60,3,5,Blue Mushroom,1,
20,Ruined Pinnacle,4,high,6,60,3,5,Nitroshroom,1,
20,Ruined Pinnacle,4,high,6,60,3,5,Exciteshroom,1,
20,Ruined Pinnacle,4,high,6,60,3,5,Tall Mushroom,1,
10,Ruined Pinnacle,4,high,6,60,3,5,Dragon Toadstool,1,
10,Ruined Pinnacle,4,high,6,60,3,5,Tall Mushroom,2,
30,Ruined Pinnacle,4,high,7,40,4,6,Tall Mushroom,2,
20,Ruined Pinnacle,4,high,7,40,4,6,Dragon Toadstool,1,
15,Ruined Pinnacle,4,high,7,40,4,6,Blue Mushroom,1,
15,Ruined Pinnacle,4,high,7,40,4,6,Nitroshroom,1,
15,Ruined Pinnacle,4,high,7,40,4,6,Exciteshroom,1,
5,Ruined Pinnacle,4,high,7,40,4,6,Tall Mushroom,1,
30,Ruined Pinnacle,4,g,1,,3,4,Dragonvine,1,
20,Ruined Pinnacle,4,g,1,,3,4,Herb,1,
20,Ruined Pinnacle,4,g,1,,3,4,Ivy,1,
15,Ruined Pinnacle,4,g,1,,3,4,Felvine,1,
15,Ruined Pinnacle,4,g,1,,3,4,Tough Dragonvine,1,
20,Ruined Pinnacle,4,g,2,,4,6,Lazurite Jewel,1,
15,Ruined Pinnacle,4,g,2,,4,6,Earth Crystal,3,
15,Ruined Pinnacle,4,g,2,,4,6,Carbalite Ore,1,
15,Ruined Pinnacle,4,g,2,,4,6,Shining Charm,1,
10,Ruined Pinnacle,4,g,2,,4,6,Hard Armor Sphere,1,
10,Ruined Pinnacle,4,g,2,,4,6,Comet Rock,2,
10,Ruined Pinnacle,4,g,2,,4,6,Comet Rock,3,
5,Ruined Pinnacle,4,g,2,,4,6,Adamant Orb,1,
40,Ruined Pinnacle,4,g,3,,3,5,Tall Mushroom,2,
15,Ruined Pinnacle,4,g,3,,3,5,Blue Mushroom,1,
15,Ruined Pinnacle,4,g,3,,3,5,Tall Mushroom,1,
10,Ruined Pinnacle,4,g,3,,3,5,Nitroshroom,1,
10,Ruined Pinnacle,4,g,3,,3,5,Exciteshroom,1,
10,Ruined Pinnacle,4,g,3,,3,5,Dragon Toadstool,1,
20,Ruined Pinnacle,4,g,4,70,3,5,Eltalite Ore,1,
20,Ruined Pinnacle,4,g,4,70,3,5,Hard Armor Sphere,1,
15,Ruined Pinnacle,4,g,4,70,3,5,Shining Charm,1,
10,Ruined Pinnacle,4,g,4,70,3,5,Lightcrystal,2,
10,Ruined Pinnacle,4,g,4,70,3,5,Carbalite Ore,1,
10,Ruined Pinnacle,4,g,4,70,3,5,Timeworn Charm,1,
10,Ruined Pinnacle,4,g,4,70,3,5,Comet Rock,3,
5,Ruined Pinnacle,4,g,4,70,3,5,Comet Rock,2,
25,Ruined Pinnacle,4,g,5,30,4,6,Eltalite Ore,1,
20,Ruined Pinnacle,4,g,5,30,4,6,Novacrystal,1,
20,Ruined Pinnacle,4,g,5,30,4,6,Heavy Armor Sphere,1,
15,Ruined Pinnacle,4,g,5,30,4,6,Comet Rock,3,
10,Ruined Pinnacle,4,g,5,30,4,6,Carbalite Ore,1,
10,Ruined Pinnacle,4,g,5,30,4,6,Timeworn Charm,1,
25,Ruined Pinnacle,4,g,6,60,3,5,Tall Mushroom,2,
20,Ruined Pinnacle,4,g,6,60,3,5,Blue Mushroom,1,
15,Ruined Pinnacle,4,g,6,60,3,5,Nitroshroom,1,
15,Ruined Pinnacle,4,g,6,60,3,5,Exciteshroom,1,
15,Ruined Pinnacle,4,g,6,60,3,5,Tall Mushroom,1,
10,Ruined Pinnacle,4,g,6,60,3,5,Dragon Toadstool,1,
30,Ruined Pinnacle,4,g,7,40,4,6,Tall Mushroom,3,
20,Ruined Pinnacle,4,g,7,40,4,6,Dragon Toadstool,1,
15,Ruined Pinnacle,4,g,7,40,4,6,Blue Mushroom,1,
15,Ruined Pinnacle,4,g,7,40,4,6,Nitroshroom,1,
15,Ruined Pinnacle,4,g,7,40,4,6,Exciteshroom,1,
5,Ruined Pinnacle,4,g,7,40,4,6,Tall Mushroom,2,
25,Ruined Pinnacle,5,low,1,,4,6,Earth Crystal,1,
20,Ruined Pinnacle,5,low,1,,4,6,Machalite Ore,1,
15,Ruined Pinnacle,5,low,1,,4,6,Bealite Ore,1,
10,Ruined Pinnacle,5,low,1,,4,6,Lightcrystal,1,
10,Ruined Pinnacle,5,low,1,,4,6,Carbalite Ore,1,
10,Ruined Pinnacle,5,low,1,,4,6,Comet Rock,1,
10,Ruined Pinnacle,5,low,1,,4,6,Comet Rock,2,
20,Ruined Pinnacle,5,low,2,,4,6,Sunspire Jewel,1,
15,Ruined Pinnacle,5,low,2,,4,6,Earth Crystal,1,
15,Ruined Pinnacle,5,low,2,,4,6,Carbalite Ore,1,
15,Ruined Pinnacle,5,low,2,,4,6,Mystery Charm,1,
10,Ruined Pinnacle,5,low,2,,4,6,Armor Sphere+,1,
10,Ruined Pinnacle,5,low,2,,4,6,Comet Rock,1,
10,Ruined Pinnacle,5,low,2,,4,6,Comet Rock,2,
5,Ruined Pinnacle,5,low,2,,4,6,Bloodrun Jewel,1,
25,Ruined Pinnacle,5,low,3,,3,5,Bone Husk,1,
25,Ruined Pinnacle,5,low,3,,3,5,Mystery Bone,1,
25,Ruined Pinnacle,5,low,3,,3,5,Unknown Skull,1,
15,Ruined Pinnacle,5,low,3,,3,5,Monster Bone S,1,
10,Ruined Pinnacle,5,low,3,,3,5,Dragonbone Relic,1,
25,Ruined Pinnacle,5,low,4,,3,5,Blue Mushroom,1,
25,Ruined Pinnacle,5,low,4,,3,5,Tall Mushroom,1,
20,Ruined Pinnacle,5,low,4,,3,5,Tall Mushroom,2,
10,Ruined Pinnacle,5,low,4,,3,5,Nitroshroom,1,
10,Ruined Pinnacle,5,low,4,,3,5,Exciteshroom,1,
10,Ruined Pinnacle,5,low,4,,3,5,Dragon Toadstool,1,
25,Ruined Pinnacle,5,low,5,70,3,5,King Scarab,1,
20,Ruined Pinnacle,5,low,5,70,3,5,Carpenterbug,1,
20,Ruined Pinnacle,5,low,5,70,3,5,Shiny Beetle,1,
20,Ruined Pinnacle,5,low,5,70,3,5,Hercudrome,1,
10,Ruined Pinnacle,5,low,5,70,3,5,Silver Cricket,1,
5,Ruined Pinnacle,5,low,5,70,3,5,Gold Cricket,1,
30,Ruined Pinnacle,5,low,6,30,4,6,King Scarab,1,
25,Ruined Pinnacle,5,low,6,30,4,6,Hercudrome,1,
20,Ruined Pinnacle,5,low,6,30,4,6,Shiny Beetle,1,
15,Ruined Pinnacle,5,low,6,30,4,6,Gold Cricket,1,
5,Ruined Pinnacle,5,low,6,30,4,6,Carpenterbug,1,
5,Ruined Pinnacle,5,low,6,30,4,6,Silver Cricket,1,
20,Ruined Pinnacle,5,low,7,,3,4,Snow Herb,1,
20,Ruined Pinnacle,5,low,7,,3,4,Dragonvine,1,
15,Ruined Pinnacle,5,low,7,,3,4,Herb,1,
15,Ruined Pinnacle,5,low,7,,3,4,Antidote Herb,1,
15,Ruined Pinnacle,5,low,7,,3,4,Ivy,1,
15,Ruined Pinnacle,5,low,7,,3,4,Sap Plant,1,
25,Ruined Pinnacle,5,high,1,,4,6,Earth Crystal,1,
20,Ruined Pinnacle,5,high,1,,4,6,Machalite Ore,1,
15,Ruined Pinnacle,5,high,1,,4,6,Bealite Ore,1,
10,Ruined Pinnacle,5,high,1,,4,6,Lightcrystal,1,
10,Ruined Pinnacle,5,high,1,,4,6,Carbalite Ore,1,
10,Ruined Pinnacle,5,high,1,,4,6,Comet Rock,1,
10,Ruined Pinnacle,5,high,1,,4,6,Comet Rock,2,
20,Ruined Pinnacle,5,high,2,,4,6,Sunspire Jewel,1,
15,Ruined Pinnacle,5,high,2,,4,6,Earth Crystal,1,
15,Ruined Pinnacle,5,high,2,,4,6,Carbalite Ore,1,
15,Ruined Pinnacle,5,high,2,,4,6,Mystery Charm,1,
10,Ruined Pinnacle,5,high,2,,4,6,Armor Sphere+,1,
10,Ruined Pinnacle,5,high,2,,4,6,Comet Rock,1,
10,Ruined Pinnacle,5,high,2,,4,6,Comet Rock,2,
5,Ruined Pinnacle,5,high,2,,4,6,Bloodrun Jewel,1,
25,Ruined Pinnacle,5,high,3,,3,5,Bone Husk,1,
25,Ruined Pinnacle,5,high,3,,3,5,Mystery Bone,1,
25,Ruined Pinnacle,5,high,3,,3,5,Unknown Skull,1,
15,Ruined Pinnacle,5,high,3,,3,5,Monster Bone S,1,
10,Ruined Pinnacle,5,high,3,,3,5,Dragonbone Relic,1,
25,Ruined Pinnacle,5,high,4,,3,5,Blue Mushroom,1,
25,Ruined Pinnacle,5,high,4,,3,5,Tall Mushroom,1,
20,Ruined Pinnacle,5,high,4,,3,5,Tall Mushroom,2,
10,Ruined Pinnacle,5,high,4,,3,5,Nitroshroom,1,
10,Ruined Pinnacle,5,high,4,,3,5,Exciteshroom,1,
10,Ruined Pinnacle,5,high,4,,3,5,Dragon Toadstool,1,
25,Ruined Pinnacle,5,high,5,70,3,5,King Scarab,1,
20,Ruined Pinnacle,5,high,5,70,3,5,Carpenterbug,1,
20,Ruined Pinnacle,5,high,5,70,3,5,Shiny Beetle,1,
20,Ruined Pinnacle,5,high,5,70,3,5,Hercudrome,1,
10,Ruined Pinnacle,5,high,5,70,3,5,Silver Cricket,1,
5,Ruined Pinnacle,5,high,5,70,3,5,Gold Cricket,1,
30,Ruined Pinnacle,5,high,6,30,4,6,King Scarab,1,
25,Ruined Pinnacle,5,high,6,30,4,6,Hercudrome,1,
20,Ruined Pinnacle,5,high,6,30,4,6,Shiny Beetle,1,
15,Ruined Pinnacle,5,high,6,30,4,6,Gold Cricket,1,
5,Ruined Pinnacle,5,high,6,30,4,6,Carpenterbug,1,
5,Ruined Pinnacle,5,high,6,30,4,6,Silver Cricket,1,
20,Ruined Pinnacle,5,high,7,,3,4,Snow Herb,1,
20,Ruined Pinnacle,5,high,7,,3,4,Dragonvine,1,
15,Ruined Pinnacle,5,high,7,,3,4,Herb,1,
15,Ruined Pinnacle,5,high,7,,3,4,Antidote Herb,1,
15,Ruined Pinnacle,5,high,7,,3,4,Ivy,1,
15,Ruined Pinnacle,5,high,7,,3,4,Sap Plant,1,
25,Ruined Pinnacle,5,g,1,,4,6,Eltalite Ore,1,
20,Ruined Pinnacle,5,g,1,,4,6,Carbalite Ore,1,
15,Ruined Pinnacle,5,g,1,,4,6,Earth Crystal,3,
10,Ruined Pinnacle,5,g,1,,4,6,Bealite Ore,2,
10,Ruined Pinnacle,5,g,1,,4,6,Lightcrystal,2,
10,Ruined Pinnacle,5,g,1,,4,6,Comet Rock,2,
10,Ruined Pinnacle,5,g,1,,4,6,Comet Rock,3,
20,Ruined Pinnacle,5,g,2,,4,6,Lazurite Jewel,1,
15,Ruined Pinnacle,5,g,2,,4,6,Earth Crystal,3,
15,Ruined Pinnacle,5,g,2,,4,6,Carbalite Ore,1,
15,Ruined Pinnacle,5,g,2,,4,6,Shining Charm,1,
10,Ruined Pinnacle,5,g,2,,4,6,Hard Armor Sphere,1,
10,Ruined Pinnacle,5,g,2,,4,6,Comet Rock,2,
10,Ruined Pinnacle,5,g,2,,4,6,Comet Rock,3,
5,Ruined Pinnacle,5,g,2,,4,6,Adamant Orb,1,
25,Ruined Pinnacle,5,g,3,,3,5,Unknown Skull,1,
20,Ruined Pinnacle,5,g,3,,3,5,Dragonbone Relic,1,
15,Ruined Pinnacle,5,g,3,,3,5,Bone Husk,2,
15,Ruined Pinnacle,5,g,3,,3,5,Monster Bone S,1,
15,Ruined Pinnacle,5,g,3,,3,5,Mystery Bone,2,
10,Ruined Pinnacle,5,g,3,,3,5,Dragonbone Artifact,1,
40,Ruined Pinnacle,5,g,4,,3,5,Tall Mushroom,2,
15,Ruined Pinnacle,5,g,4,,3,5,Blue Mushroom,1,
15,Ruined Pinnacle,5,g,4,,3,5,Tall Mushroom,1,
10,Ruined Pinnacle,5,g,4,,3,5,Nitroshroom,1,
10,Ruined Pinnacle,5,g,4,,3,5,Exciteshroom,1,
10,Ruined Pinnacle,5,g,4,,3,5,Dragon Toadstool,1,
35,Ruined Pinnacle,5,g,5,70,3,5,King Scarab,1,
15,Ruined Pinnacle,5,g,5,70,3,5,Shiny Beetle,2,
15,Ruined Pinnacle,5,g,5,70,3,5,Hercudrome,2,
15,Ruined Pinnacle,5,g,5,70,3,5,Silver Cricket,1,
10,Ruined Pinnacle,5,g,5,70,3,5,Emperor Hopper,1,
10,Ruined Pinnacle,5,g,5,70,3,5,Gold Cricket,1,
25,Ruined Pinnacle,5,g,6,30,4,6,King Scarab,1,
25,Ruined Pinnacle,5,g,6,30,4,6,Emperor Hopper,1,
25,Ruined Pinnacle,5,g,6,30,4,6,Silver Cricket,1,
25,Ruined Pinnacle,5,g,6,30,4,6,Gold Cricket,1,
20,Ruined Pinnacle,5,g,7,,3,4,Dragonvine,1,
15,Ruined Pinnacle,5,g,7,,3,4,Antidote Herb,1,
15,Ruined Pinnacle,5,g,7,,3,4,Ivy,1,
15,Ruined Pinnacle,5,g,7,,3,4,Sap Plant,1,
15,Ruined Pinnacle,5,g,7,,3,4,Snow Herb,1,
10,Ruined Pinnacle,5,g,7,,3,4,Herb,1,
10,Ruined Pinnacle,5,g,7,,3,4,Tough Dragonvine,1,
50,Ruined Pinnacle,6,low,1,,3,5,Lagniapple,1,
25,Ruined Pinnacle,6,low,1,,3,5,Big Lagniapple,1,
15,Ruined Pinnacle,6,low,1,,3,5,Paintberry,1,
10,Ruined Pinnacle,6,low,1,,3,5,Needleberry,1,
25,Ruined Pinnacle,6,low,2,,3,4,Snow Herb,1,
25,Ruined Pinnacle,6,low,2,,3,4,Dragonvine,1,
20,Ruined Pinnacle,6,low,2,,3,4,Antidote Herb,1,
20,Ruined Pinnacle,6,low,2,,3,4,Sap Plant,1,
10,Ruined Pinnacle,6,low,2,,3,4,Herb,1,
25,Ruined Pinnacle,6,low,3,,3,5,Blue Mushroom,1,
25,Ruined Pinnacle,6,low,3,,3,5,Tall Mushroom,1,
20,Ruined Pinnacle,6,low,3,,3,5,Tall Mushroom,2,
10,Ruined Pinnacle,6,low,3,,3,5,Nitroshroom,1,
10,Ruined Pinnacle,6,low,3,,3,5,Exciteshroom,1,
10,Ruined Pinnacle,6,low,3,,3,5,Dragon Toadstool,1,
50,Ruined Pinnacle,6,low,4,,3,5,Dragon Ambrosia,2,
10,Ruined Pinnacle,6,low,4,,3,5,Fire Ambrosia,1,
10,Ruined Pinnacle,6,low,4,,3,5,Water Ambrosia,1,
10,Ruined Pinnacle,6,low,4,,3,5,Thunder Ambrosia,1,
10,Ruined Pinnacle,6,low,4,,3,5,Ice Ambrosia,1,
5,Ruined Pinnacle,6,low,4,,3,5,Larval Extract,1,
5,Ruined Pinnacle,6,low,4,,3,5,Paralarval Extract,1,
20,Ruined Pinnacle,6,low,5,,3,4,Snow Herb,1,
20,Ruined Pinnacle,6,low,5,,3,4,Dragonvine,1,
15,Ruined Pinnacle,6,low,5,,3,4,Herb,1,
15,Ruined Pinnacle,6,low,5,,3,4,Antidote Herb,1,
15,Ruined Pinnacle,6,low,5,,3,4,Ivy,1,
15,Ruined Pinnacle,6,low,5,,3,4,Sap Plant,1,
26,Ruined Pinnacle,6,low,6,70,3,5,Dragon Ambrosia,2,
16,Ruined Pinnacle,6,low,6,70,3,5,Fire Ambrosia,1,
16,Ruined Pinnacle,6,low,6,70,3,5,Water Ambrosia,1,
16,Ruined Pinnacle,6,low,6,70,3,5,Thunder Ambrosia,1,
16,Ruined Pinnacle,6,low,6,70,3,5,Ice Ambrosia,1,
10,Ruined Pinnacle,6,low,6,70,3,5,Larval Extract,1,
26,Ruined Pinnacle,6,low,7,30,4,6,Dragon Ambrosia,2,
15,Ruined Pinnacle,6,low,7,30,4,6,Larval Extract,1,
15,Ruined Pinnacle,6,low,7,30,4,6,Paralarval Extract,1,
11,Ruined Pinnacle,6,low,7,30,4,6,Fire Ambrosia,1,
11,Ruined Pinnacle,6,low,7,30,4,6,Water Ambrosia,1,
11,Ruined Pinnacle,6,low,7,30,4,6,Thunder Ambrosia,1,
11,Ruined Pinnacle,6,low,7,30,4,6,Ice Ambrosia,1,
50,Ruined Pinnacle,6,high,1,,3,5,Lagniapple,1,
25,Ruined Pinnacle,6,high,1,,3,5,Big Lagniapple,1,
15,Ruined Pinnacle,6,high,1,,3,5,Paintberry,1,
10,Ruined Pinnacle,6,high,1,,3,5,Needleberry,1,
25,Ruined Pinnacle,6,high,2,,3,4,Snow Herb,1,
25,Ruined Pinnacle,6,high,2,,3,4,Dragonvine,1,
20,Ruined Pinnacle,6,high,2,,3,4,Antidote Herb,1,
20,Ruined Pinnacle,6,high,2,,3,4,Sap Plant,1,
10,Ruined Pinnacle,6,high,2,,3,4,Herb,1,
25,Ruined Pinnacle,6,high,3,,3,5,Blue Mushroom,1,
25,Ruined Pinnacle,6,high,3,,3,5,Tall Mushroom,1,
20,Ruined Pinnacle,6,high,3,,3,5,Tall Mushroom,2,
10,Ruined Pinnacle,6,high,3,,3,5,Nitroshroom,1,
10,Ruined Pinnacle,6,high,3,,3,5,Exciteshroom,1,
10,Ruined Pinnacle,6,high,3,,3,5,Dragon Toadstool,1,
50,Ruined Pinnacle,6,high,4,,3,5,Dragon Ambrosia,2,
10,Ruined Pinnacle,6,high,4,,3,5,Fire Ambrosia,1,
10,Ruined Pinnacle,6,high,4,,3,5,Water Ambrosia,1,
10,Ruined Pinnacle,6,high,4,,3,5,Thunder Ambrosia,1,
10,Ruined Pinnacle,6,high,4,,3,5,Ice Ambrosia,1,
5,Ruined Pinnacle,6,high,4,,3,5,Larval Extract,1,
5,Ruined Pinnacle,6,high,4,,3,5,Paralarval Extract,1,
20,Ruined Pinnacle,6,high,5,,3,4,Snow Herb,1,
20,Ruined Pinnacle,6,high,5,,3,4,Dragonvine,1,
15,Ruined Pinnacle,6,high,5,,3,4,Herb,1,
15,Ruined Pinnacle,6,high,5,,3,4,Antidote Herb,1,
15,Ruined Pinnacle,6,high,5,,3,4,Ivy,1,
15,Ruined Pinnacle,6,high,5,,3,4,Sap Plant,1,
26,Ruined Pinnacle,6,high,6,70,3,5,Dragon Ambrosia,2,
16,Ruined Pinnacle,6,high,6,70,3,5,Fire Ambrosia,1,
16,Ruined Pinnacle,6,high,6,70,3,5,Water Ambrosia,1,
16,Ruined Pinnacle,6,high,6,70,3,5,Thunder Ambrosia,1,
16,Ruined Pinnacle,6,high,6,70,3,5,Ice Ambrosia,1,
10,Ruined Pinnacle,6,high,6,70,3,5,Larval Extract,1,
26,Ruined Pinnacle,6,high,7,30,4,6,Dragon Ambrosia,2,
15,Ruined Pinnacle,6,high,7,30,4,6,Larval Extract,1,
15,Ruined Pinnacle,6,high,7,30,4,6,Paralarval Extract,1,
11,Ruined Pinnacle,6,high,7,30,4,6,Fire Ambrosia,1,
11,Ruined Pinnacle,6,high,7,30,4,6,Water Ambrosia,1,
11,Ruined Pinnacle,6,high,7,30,4,6,Thunder Ambrosia,1,
11,Ruined Pinnacle,6,high,7,30,4,6,Ice Ambrosia,1,
50,Ruined Pinnacle,6,g,1,,3,5,Big Lagniapple,1,
25,Ruined Pinnacle,6,g,1,,3,5,Huge Lagniapple,1,
15,Ruined Pinnacle,6,g,1,,3,5,Paintberry,1,
10,Ruined Pinnacle,6,g,1,,3,5,Needleberry,1,
25,Ruined Pinnacle,6,g,2,,3,4,Dragonvine,1,
20,Ruined Pinnacle,6,g,2,,3,4,Antidote Herb,1,
15,Ruined Pinnacle,6,g,2,,3,4,Sap Plant,1,
15,Ruined Pinnacle,6,g,2,,3,4,Snow Herb,1,
15,Ruined Pinnacle,6,g,2,,3,4,Tough Dragonvine,1,
10,Ruined Pinnacle,6,g,2,,3,4,Herb,1,
40,Ruined Pinnacle,6,g,3,,3,5,Tall Mushroom,2,
15,Ruined Pinnacle,6,g,3,,3,5,Blue Mushroom,1,
15,Ruined Pinnacle,6,g,3,,3,5,Tall Mushroom,1,
10,Ruined Pinnacle,6,g,3,,3,5,Nitroshroom,1,
10,Ruined Pinnacle,6,g,3,,3,5,Exciteshroom,1,
10,Ruined Pinnacle,6,g,3,,3,5,Dragon Toadstool,1,
40,Ruined Pinnacle,6,g,4,,3,5,Dragon Ambrosia,2,
20,Ruined Pinnacle,6,g,4,,3,5,Larval Extract,1,
20,Ruined Pinnacle,6,g,4,,3,5,Paralarval Extract,1,
5,Ruined Pinnacle,6,g,4,,3,5,Fire Ambrosia,2,
5,Ruined Pinnacle,6,g,4,,3,5,Water Ambrosia,2,
5,Ruined Pinnacle,6,g,4,,3,5,Thunder Ambrosia,2,
5,Ruined Pinnacle,6,g,4,,3,5,Ice Ambrosia,2,
20,Ruined Pinnacle,6,g,5,,3,4,Dragonvine,1,
15,Ruined Pinnacle,6,g,5,,3,4,Antidote Herb,1,
15,Ruined Pinnacle,6,g,5,,3,4,Ivy,1,
15,Ruined Pinnacle,6,g,5,,3,4,Sap Plant,1,
15,Ruined Pinnacle,6,g,5,,3,4,Snow Herb,1,
10,Ruined Pinnacle,6,g,5,,3,4,Herb,1,
10,Ruined Pinnacle,6,g,5,,3,4,Tough Dragonvine,1,
25,Ruined Pinnacle,6,g,6,70,3,5,Dragon Ambrosia,2,
15,Ruined Pinnacle,6,g,6,70,3,5,Larval Extract,1,
15,Ruined Pinnacle,6,g,6,70,3,5,Fire Ambrosia,1,
15,Ruined Pinnacle,6,g,6,70,3,5,Water Ambrosia,1,
15,Ruined Pinnacle,6,g,6,70,3,5,Thunder Ambrosia,1,
15,Ruined Pinnacle,6,g,6,70,3,5,Ice Ambrosia,1,
25,Ruined Pinnacle,6,g,7,30,4,6,Dragon Ambrosia,2,
20,Ruined Pinnacle,6,g,7,30,4,6,Paralarval Extract,1,
15,Ruined Pinnacle,6,g,7,30,4,6,Larval Extract,1,
10,Ruined Pinnacle,6,g,7,30,4,6,Fire Ambrosia,2,
10,Ruined Pinnacle,6,g,7,30,4,6,Water Ambrosia,2,
10,Ruined Pinnacle,6,g,7,30,4,6,Thunder Ambrosia,2,
10,Ruined Pinnacle,6,g,7,30,4,6,Ice Ambrosia,2,
30,Ruined Pinnacle,7,low,1,,3,4,Ivy,1,
30,Ruined Pinnacle,7,low,1,,3,4,Dragonvine,1,
20,Ruined Pinnacle,7,low,1,,3,4,Herb,1,
20,Ruined Pinnacle,7,low,1,,3,4,Felvine,1,
25,Ruined Pinnacle,7,low,2,,4,6,Earth Crystal,1,
20,Ruined Pinnacle,7,low,2,,4,6,Machalite Ore,1,
15,Ruined Pinnacle,7,low,2,,4,6,Bealite Ore,1,
10,Ruined Pinnacle,7,low,2,,4,6,Lightcrystal,1,
10,Ruined Pinnacle,7,low,2,,4,6,Carbalite Ore,1,
10,Ruined Pinnacle,7,low,2,,4,6,Comet Rock,1,
10,Ruined Pinnacle,7,low,2,,4,6,Comet Rock,2,
30,Ruined Pinnacle,7,low,3,,3,4,Novacrystal,1,
20,Ruined Pinnacle,7,low,3,,3,4,Bloodrun Jewel,1,
20,Ruined Pinnacle,7,low,3,,3,4,Adv Armor Sphere,1,
20,Ruined Pinnacle,7,low,3,,3,4,Rustshard,1,
10,Ruined Pinnacle,7,low,3,,3,4,Carbalite Ore,1,
25,Ruined Pinnacle,7,low,4,,3,4,Dragonvine,2,
25,Ruined Pinnacle,7,low,4,,3,4,Shining Charm,1,
20,Ruined Pinnacle,7,low,4,,3,4,Dragonfell Berry,1,
15,Ruined Pinnacle,7,low,4,,3,4,Might Seed,1,
15,Ruined Pinnacle,7,low,4,,3,4,Adamant Seed,1,
30,Ruined Pinnacle,7,low,5,,3,4,Hercudrome,1,
30,Ruined Pinnacle,7,low,5,,3,4,King Scarab,1,
25,Ruined Pinnacle,7,low,5,,3,4,Shiny Beetle,1,
15,Ruined Pinnacle,7,low,5,,3,4,Gold Cricket,1,
85,Ruined Pinnacle,7,low,6,,1,1,Honey,1,
10,Ruined Pinnacle,7,low,6,,1,1,Snakebee Larva,1,
5,Ruined Pinnacle,7,low,6,,1,1,Insect Husk,1,
25,Ruined Pinnacle,7,low,7,70,3,5,Sunspire Jewel,1,
20,Ruined Pinnacle,7,low,7,70,3,5,Earth Crystal,1,
15,Ruined Pinnacle,7,low,7,70,3,5,Bealite Ore,1,
10,Ruined Pinnacle,7,low,7,70,3,5,Carbalite Ore,1,
10,Ruined Pinnacle,7,low,7,70,3,5,Mystery Charm,1,
10,Ruined Pinnacle,7,low,7,70,3,5,Comet Rock,1,
5,Ruined Pinnacle,7,low,7,70,3,5,Bloodrun Jewel,1,
5,Ruined Pinnacle,7,low,7,70,3,5,Comet Rock,2,
25,Ruined Pinnacle,7,low,8,30,4,6,Carbalite Ore,1,
20,Ruined Pinnacle,7,low,8,30,4,6,Shining Charm,1,
15,Ruined Pinnacle,7,low,8,30,4,6,Bealite Ore,1,
15,Ruined Pinnacle,7,low,8,30,4,6,Bloodrun Jewel,1,
15,Ruined Pinnacle,7,low,8,30,4,6,Comet Rock,2,
5,Ruined Pinnacle,7,low,8,30,4,6,Earth Crystal,1,
5,Ruined Pinnacle,7,low,8,30,4,6,Sunspire Jewel,1,
25,Ruined Pinnacle,7,low,9,70,3,5,King Scarab,1,
20,Ruined Pinnacle,7,low,9,70,3,5,Carpenterbug,1,
20,Ruined Pinnacle,7,low,9,70,3,5,Shiny Beetle,1,
20,Ruined Pinnacle,7,low,9,70,3,5,Hercudrome,1,
10,Ruined Pinnacle,7,low,9,70,3,5,Silver Cricket,1,
5,Ruined Pinnacle,7,low,9,70,3,5,Gold Cricket,1,
30,Ruined Pinnacle,7,low,10,30,4,6,King Scarab,1,
25,Ruined Pinnacle,7,low,10,30,4,6,Hercudrome,1,
20,Ruined Pinnacle,7,low,10,30,4,6,Shiny Beetle,1,
15,Ruined Pinnacle,7,low,10,30,4,6,Gold Cricket,1,
5,Ruined Pinnacle,7,low,10,30,4,6,Carpenterbug,1,
5,Ruined Pinnacle,7,low,10,30,4,6,Silver Cricket,1,
20,Ruined Pinnacle,7,low,11,60,3,5,Blue Mushroom,1,
20,Ruined Pinnacle,7,low,11,60,3,5,Nitroshroom,1,
20,Ruined Pinnacle,7,low,11,60,3,5,Exciteshroom,1,
20,Ruined Pinnacle,7,low,11,60,3,5,Tall Mushroom,1,
10,Ruined Pinnacle,7,low,11,60,3,5,Dragon Toadstool,1,
10,Ruined Pinnacle,7,low,11,60,3,5,Tall Mushroom,2,
30,Ruined Pinnacle,7,low,12,40,4,6,Tall Mushroom,2,
20,Ruined Pinnacle,7,low,12,40,4,6,Dragon Toadstool,1,
15,Ruined Pinnacle,7,low,12,40,4,6,Blue Mushroom,1,
15,Ruined Pinnacle,7,low,12,40,4,6,Nitroshroom,1,
15,Ruined Pinnacle,7,low,12,40,4,6,Exciteshroom,1,
5,Ruined Pinnacle,7,low,12,40,4,6,Tall Mushroom,1,
30,Ruined Pinnacle,7,high,1,,3,4,Ivy,1,
30,Ruined Pinnacle,7,high,1,,3,4,Dragonvine,1,
20,Ruined Pinnacle,7,high,1,,3,4,Herb,1,
20,Ruined Pinnacle,7,high,1,,3,4,Felvine,1,
25,Ruined Pinnacle,7,high,2,,4,6,Earth Crystal,1,
20,Ruined Pinnacle,7,high,2,,4,6,Machalite Ore,1,
15,Ruined Pinnacle,7,high,2,,4,6,Bealite Ore,1,
10,Ruined Pinnacle,7,high,2,,4,6,Lightcrystal,1,
10,Ruined Pinnacle,7,high,2,,4,6,Carbalite Ore,1,
10,Ruined Pinnacle,7,high,2,,4,6,Comet Rock,1,
10,Ruined Pinnacle,7,high,2,,4,6,Comet Rock,2,
30,Ruined Pinnacle,7,high,3,,3,4,Novacrystal,1,
20,Ruined Pinnacle,7,high,3,,3,4,Bloodrun Jewel,1,
20,Ruined Pinnacle,7,high,3,,3,4,Adv Armor Sphere,1,
20,Ruined Pinnacle,7,high,3,,3,4,Rustshard,1,
10,Ruined Pinnacle,7,high,3,,3,4,Carbalite Ore,1,
25,Ruined Pinnacle,7,high,4,,3,4,Dragonvine,2,
25,Ruined Pinnacle,7,high,4,,3,4,Shining Charm,1,
20,Ruined Pinnacle,7,high,4,,3,4,Dragonfell Berry,1,
15,Ruined Pinnacle,7,high,4,,3,4,Might Seed,1,
15,Ruined Pinnacle,7,high,4,,3,4,Adamant Seed,1,
30,Ruined Pinnacle,7,high,5,,3,4,Hercudrome,1,
30,Ruined Pinnacle,7,high,5,,3,4,King Scarab,1,
25,Ruined Pinnacle,7,high,5,,3,4,Shiny Beetle,1,
15,Ruined Pinnacle,7,high,5,,3,4,Gold Cricket,1,
100,Ruined Pinnacle,7,high,6,,2,3,Burned Husk,1,
85,Ruined Pinnacle,7,high,7,,1,1,Honey,1,
10,Ruined Pinnacle,7,high,7,,1,1,Snakebee Larva,1,
5,Ruined Pinnacle,7,high,7,,1,1,Insect Husk,1,
25,Ruined Pinnacle,7,high,8,70,3,5,Sunspire Jewel,1,
20,Ruined Pinnacle,7,high,8,70,3,5,Earth Crystal,1,
15,Ruined Pinnacle,7,high,8,70,3,5,Bealite Ore,1,
10,Ruined Pinnacle,7,high,8,70,3,5,Carbalite Ore,1,
10,Ruined Pinnacle,7,high,8,70,3,5,Mystery Charm,1,
10,Ruined Pinnacle,7,high,8,70,3,5,Comet Rock,1,
5,Ruined Pinnacle,7,high,8,70,3,5,Bloodrun Jewel,1,
5,Ruined Pinnacle,7,high,8,70,3,5,Comet Rock,2,
25,Ruined Pinnacle,7,high,9,30,4,6,Carbalite Ore,1,
20,Ruined Pinnacle,7,high,9,30,4,6,Shining Charm,1,
15,Ruined Pinnacle,7,high,9,30,4,6,Bealite Ore,1,
15,Ruined Pinnacle,7,high,9,30,4,6,Bloodrun Jewel,1,
15,Ruined Pinnacle,7,high,9,30,4,6,Comet Rock,2,
5,Ruined Pinnacle,7,high,9,30,4,6,Earth Crystal,1,
5,Ruined Pinnacle,7,high,9,30,4,6,Sunspire Jewel,1,
25,Ruined Pinnacle,7,high,10,70,3,5,King Scarab,1,
20,Ruined Pinnacle,7,high,10,70,3,5,Carpenterbug,1,
20,Ruined Pinnacle,7,high,10,70,3,5,Shiny Beetle,1,
20,Ruined Pinnacle,7,high,10,70,3,5,Hercudrome,1,
10,Ruined Pinnacle,7,high,10,70,3,5,Silver Cricket,1,
5,Ruined Pinnacle,7,high,10,70,3,5,Gold Cricket,1,
30,Ruined Pinnacle,7,high,11,30,4,6,King Scarab,1,
25,Ruined Pinnacle,7,high,11,30,4,6,Hercudrome,1,
20,Ruined Pinnacle,7,high,11,30,4,6,Shiny Beetle,1,
15,Ruined Pinnacle,7,high,11,30,4,6,Gold Cricket,1,
5,Ruined Pinnacle,7,high,11,30,4,6,Carpenterbug,1,
5,Ruined Pinnacle,7,high,11,30,4,6,Silver Cricket,1,
20,Ruined Pinnacle,7,high,12,60,3,5,Blue Mushroom,1,
20,Ruined Pinnacle,7,high,12,60,3,5,Nitroshroom,1,
20,Ruined Pinnacle,7,high,12,60,3,5,Exciteshroom,1,
20,Ruined Pinnacle,7,high,12,60,3,5,Tall Mushroom,1,
10,Ruined Pinnacle,7,high,12,60,3,5,Dragon Toadstool,1,
10,Ruined Pinnacle,7,high,12,60,3,5,Tall Mushroom,2,
30,Ruined Pinnacle,7,high,13,40,4,6,Tall Mushroom,2,
20,Ruined Pinnacle,7,high,13,40,4,6,Dragon Toadstool,1,
15,Ruined Pinnacle,7,high,13,40,4,6,Blue Mushroom,1,
15,Ruined Pinnacle,7,high,13,40,4,6,Nitroshroom,1,
15,Ruined Pinnacle,7,high,13,40,4,6,Exciteshroom,1,
5,Ruined Pinnacle,7,high,13,40,4,6,Tall Mushroom,1,
30,Ruined Pinnacle,7,g,1,,3,4,Dragonvine,1,
20,Ruined Pinnacle,7,g,1,,3,4,Herb,1,
20,Ruined Pinnacle,7,g,1,,3,4,Ivy,1,
15,Ruined Pinnacle,7,g,1,,3,4,Felvine,1,
15,Ruined Pinnacle,7,g,1,,3,4,Tough Dragonvine,1,
25,Ruined Pinnacle,7,g,2,,4,6,Eltalite Ore,1,
20,Ruined Pinnacle,7,g,2,,4,6,Carbalite Ore,1,
15,Ruined Pinnacle,7,g,2,,4,6,Earth Crystal,3,
10,Ruined Pinnacle,7,g,2,,4,6,Bealite Ore,2,
10,Ruined Pinnacle,7,g,2,,4,6,Lightcrystal,2,
10,Ruined Pinnacle,7,g,2,,4,6,Comet Rock,2,
10,Ruined Pinnacle,7,g,2,,4,6,Comet Rock,3,
30,Ruined Pinnacle,7,g,3,,3,4,Purecrystal,1,
20,Ruined Pinnacle,7,g,3,,3,4,Adamant Orb,1,
20,Ruined Pinnacle,7,g,3,,3,4,Heavy Armor Sphere,1,
20,Ruined Pinnacle,7,g,3,,3,4,Ancient Shard,1,
10,Ruined Pinnacle,7,g,3,,3,4,Eltalite Ore,1,
25,Ruined Pinnacle,7,g,4,,3,4,Tough Dragonvine,2,
25,Ruined Pinnacle,7,g,4,,3,4,Timeworn Charm,1,
20,Ruined Pinnacle,7,g,4,,3,4,Dragonfell Berry,1,
15,Ruined Pinnacle,7,g,4,,3,4,Might Seed,1,
15,Ruined Pinnacle,7,g,4,,3,4,Adamant Seed,1,
40,Ruined Pinnacle,7,g,5,,3,4,Emperor Hopper,1,
30,Ruined Pinnacle,7,g,5,,3,4,King Scarab,1,
30,Ruined Pinnacle,7,g,5,,3,4,Gold Cricket,1,
100,Ruined Pinnacle,7,g,6,,2,3,Burned Husk,1,
85,Ruined Pinnacle,7,g,7,,1,1,Honey,1,
10,Ruined Pinnacle,7,g,7,,1,1,Snakebee Larva,1,
5,Ruined Pinnacle,7,g,7,,1,1,Insect Husk,1,
25,Ruined Pinnacle,7,g,8,70,3,5,Lazurite Jewel,1,
15,Ruined Pinnacle,7,g,8,70,3,5,Eltalite Ore,1,
10,Ruined Pinnacle,7,g,8,70,3,5,Earth Crystal,3,
10,Ruined Pinnacle,7,g,8,70,3,5,Bealite Ore,2,
10,Ruined Pinnacle,7,g,8,70,3,5,Carbalite Ore,1,
10,Ruined Pinnacle,7,g,8,70,3,5,Shining Charm,1,
10,Ruined Pinnacle,7,g,8,70,3,5,Comet Rock,3,
5,Ruined Pinnacle,7,g,8,70,3,5,Adamant Orb,1,
5,Ruined Pinnacle,7,g,8,70,3,5,Comet Rock,2,
30,Ruined Pinnacle,7,g,9,30,4,6,Eltalite Ore,1,
20,Ruined Pinnacle,7,g,9,30,4,6,Timeworn Charm,1,
15,Ruined Pinnacle,7,g,9,30,4,6,Carbalite Ore,1,
15,Ruined Pinnacle,7,g,9,30,4,6,Adamant Orb,1,
15,Ruined Pinnacle,7,g,9,30,4,6,Comet Rock,3,
5,Ruined Pinnacle,7,g,9,30,4,6,Lazurite Jewel,1,
35,Ruined Pinnacle,7,g,10,70,3,5,King Scarab,1,
15,Ruined Pinnacle,7,g,10,70,3,5,Shiny Beetle,2,
15,Ruined Pinnacle,7,g,10,70,3,5,Hercudrome,2,
15,Ruined Pinnacle,7,g,10,70,3,5,Silver Cricket,1,
10,Ruined Pinnacle,7,g,10,70,3,5,Emperor Hopper,1,
10,Ruined Pinnacle,7,g,10,70,3,5,Gold Cricket,1,
25,Ruined Pinnacle,7,g,11,30,4,6,King Scarab,1,
25,Ruined Pinnacle,7,g,11,30,4,6,Emperor Hopper,1,
25,Ruined Pinnacle,7,g,11,30,4,6,Silver Cricket,1,
25,Ruined Pinnacle,7,g,11,30,4,6,Gold Cricket,1,
25,Ruined Pinnacle,7,g,12,60,3,5,Tall Mushroom,2,
20,Ruined Pinnacle,7,g,12,60,3,5,Blue Mushroom,1,
15,Ruined Pinnacle,7,g,12,60,3,5,Nitroshroom,1,
15,Ruined Pinnacle,7,g,12,60,3,5,Exciteshroom,1,
15,Ruined Pinnacle,7,g,12,60,3,5,Tall Mushroom,1,
10,Ruined Pinnacle,7,g,12,60,3,5,Dragon Toadstool,1,
30,Ruined Pinnacle,7,g,13,40,4,6,Tall Mushroom,3,
20,Ruined Pinnacle,7,g,13,40,4,6,Dragon Toadstool,1,
15,Ruined Pinnacle,7,g,13,40,4,6,Blue Mushroom,1,
15,Ruined Pinnacle,7,g,13,40,4,6,Nitroshroom,1,
15,Ruined Pinnacle,7,g,13,40,4,6,Exciteshroom,1,
5,Ruined Pinnacle,7,g,13,40,4,6,Tall Mushroom,2,
20,Ruined Pinnacle,8,low,1,,4,6,Sunspire Jewel,1,
15,Ruined Pinnacle,8,low,1,,4,6,Earth Crystal,1,
15,Ruined Pinnacle,8,low,1,,4,6,Carbalite Ore,1,
15,Ruined Pinnacle,8,low,1,,4,6,Mystery Charm,1,
10,Ruined Pinnacle,8,low,1,,4,6,Armor Sphere+,1,
10,Ruined Pinnacle,8,low,1,,4,6,Comet Rock,1,
10,Ruined Pinnacle,8,low,1,,4,6,Comet Rock,2,
5,Ruined Pinnacle,8,low,1,,4,6,Bloodrun Jewel,1,
40,Ruined Pinnacle,8,low,2,,3,4,Dragonfell Berry,1,
30,Ruined Pinnacle,8,low,2,,3,4,Might Seed,1,
30,Ruined Pinnacle,8,low,2,,3,4,Adamant Seed,1,
95,Ruined Pinnacle,8,low,3,,,,Wyvern Egg,1,∞
5,Ruined Pinnacle,8,low,3,,,,Monster Bone S,1,∞
20,Ruined Pinnacle,8,low,4,70,3,5,Machalite Ore,1,
20,Ruined Pinnacle,8,low,4,70,3,5,Armor Sphere+,1,
15,Ruined Pinnacle,8,low,4,70,3,5,Mystery Charm,1,
10,Ruined Pinnacle,8,low,4,70,3,5,Lightcrystal,1,
10,Ruined Pinnacle,8,low,4,70,3,5,Carbalite Ore,1,
10,Ruined Pinnacle,8,low,4,70,3,5,Shining Charm,1,
10,Ruined Pinnacle,8,low,4,70,3,5,Comet Rock,1,
5,Ruined Pinnacle,8,low,4,70,3,5,Comet Rock,2,
20,Ruined Pinnacle,8,low,5,30,4,6,Lightcrystal,1,
20,Ruined Pinnacle,8,low,5,30,4,6,Carbalite Ore,1,
20,Ruined Pinnacle,8,low,5,30,4,6,Adv Armor Sphere,1,
15,Ruined Pinnacle,8,low,5,30,4,6,Machalite Ore,1,
15,Ruined Pinnacle,8,low,5,30,4,6,Comet Rock,2,
10,Ruined Pinnacle,8,low,5,30,4,6,Shining Charm,1,
30,Ruined Pinnacle,8,low,6,,3,5,Dragonfell Berry,1,
15,Ruined Pinnacle,8,low,6,,3,5,Huskberry,2,
15,Ruined Pinnacle,8,low,6,,3,5,Might Seed,1,
15,Ruined Pinnacle,8,low,6,,3,5,Adamant Seed,1,
15,Ruined Pinnacle,8,low,6,,3,5,Needleberry,2,
10,Ruined Pinnacle,8,low,6,,3,5,Paintberry,1,
20,Ruined Pinnacle,8,high,1,,4,6,Sunspire Jewel,1,
15,Ruined Pinnacle,8,high,1,,4,6,Earth Crystal,1,
15,Ruined Pinnacle,8,high,1,,4,6,Carbalite Ore,1,
15,Ruined Pinnacle,8,high,1,,4,6,Mystery Charm,1,
10,Ruined Pinnacle,8,high,1,,4,6,Armor Sphere+,1,
10,Ruined Pinnacle,8,high,1,,4,6,Comet Rock,1,
10,Ruined Pinnacle,8,high,1,,4,6,Comet Rock,2,
5,Ruined Pinnacle,8,high,1,,4,6,Bloodrun Jewel,1,
40,Ruined Pinnacle,8,high,2,,3,4,Dragonfell Berry,1,
30,Ruined Pinnacle,8,high,2,,3,4,Might Seed,1,
30,Ruined Pinnacle,8,high,2,,3,4,Adamant Seed,1,
95,Ruined Pinnacle,8,high,3,,,,Wyvern Egg,1,∞
5,Ruined Pinnacle,8,high,3,,,,Monster Bone S,1,∞
20,Ruined Pinnacle,8,high,4,70,3,5,Machalite Ore,1,
20,Ruined Pinnacle,8,high,4,70,3,5,Armor Sphere+,1,
15,Ruined Pinnacle,8,high,4,70,3,5,Mystery Charm,1,
10,Ruined Pinnacle,8,high,4,70,3,5,Lightcrystal,1,
10,Ruined Pinnacle,8,high,4,70,3,5,Carbalite Ore,1,
10,Ruined Pinnacle,8,high,4,70,3,5,Shining Charm,1,
10,Ruined Pinnacle,8,high,4,70,3,5,Comet Rock,1,
5,Ruined Pinnacle,8,high,4,70,3,5,Comet Rock,2,
20,Ruined Pinnacle,8,high,5,30,4,6,Lightcrystal,1,
20,Ruined Pinnacle,8,high,5,30,4,6,Carbalite Ore,1,
20,Ruined Pinnacle,8,high,5,30,4,6,Adv Armor Sphere,1,
15,Ruined Pinnacle,8,high,5,30,4,6,Machalite Ore,1,
15,Ruined Pinnacle,8,high,5,30,4,6,Comet Rock,2,
10,Ruined Pinnacle,8,high,5,30,4,6,Shining Charm,1,
30,Ruined Pinnacle,8,high,6,,3,5,Dragonfell Berry,1,
15,Ruined Pinnacle,8,high,6,,3,5,Huskberry,2,
15,Ruined Pinnacle,8,high,6,,3,5,Might Seed,1,
15,Ruined Pinnacle,8,high,6,,3,5,Adamant Seed,1,
15,Ruined Pinnacle,8,high,6,,3,5,Needleberry,2,
10,Ruined Pinnacle,8,high,6,,3,5,Paintberry,1,
20,Ruined Pinnacle,8,g,1,,4,6,Lazurite Jewel,1,
15,Ruined Pinnacle,8,g,1,,4,6,Earth Crystal,3,
15,Ruined Pinnacle,8,g,1,,4,6,Carbalite Ore,1,
15,Ruined Pinnacle,8,g,1,,4,6,Shining Charm,1,
10,Ruined Pinnacle,8,g,1,,4,6,Hard Armor Sphere,1,
10,Ruined Pinnacle,8,g,1,,4,6,Comet Rock,2,
10,Ruined Pinnacle,8,g,1,,4,6,Comet Rock,3,
5,Ruined Pinnacle,8,g,1,,4,6,Adamant Orb,1,
40,Ruined Pinnacle,8,g,2,,3,4,Dragonfell Berry,1,
30,Ruined Pinnacle,8,g,2,,3,4,Might Seed,1,
30,Ruined Pinnacle,8,g,2,,3,4,Adamant Seed,1,
95,Ruined Pinnacle,8,g,3,,,,Wyvern Egg,1,∞
5,Ruined Pinnacle,8,g,3,,,,Monster Bone S,1,∞
20,Ruined Pinnacle,8,g,4,70,3,5,Eltalite Ore,1,
20,Ruined Pinnacle,8,g,4,70,3,5,Hard Armor Sphere,1,
15,Ruined Pinnacle,8,g,4,70,3,5,Shining Charm,1,
10,Ruined Pinnacle,8,g,4,70,3,5,Lightcrystal,2,
10,Ruined Pinnacle,8,g,4,70,3,5,Carbalite Ore,1,
10,Ruined Pinnacle,8,g,4,70,3,5,Timeworn Charm,1,
10,Ruined Pinnacle,8,g,4,70,3,5,Comet Rock,3,
5,Ruined Pinnacle,8,g,4,70,3,5,Comet Rock,2,
25,Ruined Pinnacle,8,g,5,30,4,6,Eltalite Ore,1,
20,Ruined Pinnacle,8,g,5,30,4,6,Novacrystal,1,
20,Ruined Pinnacle,8,g,5,30,4,6,Heavy Armor Sphere,1,
15,Ruined Pinnacle,8,g,5,30,4,6,Comet Rock,3,
10,Ruined Pinnacle,8,g,5,30,4,6,Carbalite Ore,1,
10,Ruined Pinnacle,8,g,5,30,4,6,Timeworn Charm,1,
30,Ruined Pinnacle,8,g,6,,3,5,Dragonfell Berry,1,
15,Ruined Pinnacle,8,g,6,,3,5,Huskberry,2,
15,Ruined Pinnacle,8,g,6,,3,5,Might Seed,1,
15,Ruined Pinnacle,8,g,6,,3,5,Adamant Seed,1,
15,Ruined Pinnacle,8,g,6,,3,5,Needleberry,2,
10,Ruined Pinnacle,8,g,6,,3,5,Paintberry,1,
85,Ruined Pinnacle,9,low,1,,1,1,Honey,1,
10,Ruined Pinnacle,9,low,1,,1,1,Snakebee Larva,1,
5,Ruined Pinnacle,9,low,1,,1,1,Insect Husk,1,
25,Ruined Pinnacle,9,low,2,,5,7,Carbalite Ore,1,
15,Ruined Pinnacle,9,low,2,,5,7,Bloodrun Jewel,1,
15,Ruined Pinnacle,9,low,2,,5,7,Adv Armor Sphere,1,
15,Ruined Pinnacle,9,low,2,,5,7,Shining Charm,1,
15,Ruined Pinnacle,9,low,2,,5,7,Comet Rock,2,
5,Ruined Pinnacle,9,low,2,,5,7,Bealite Ore,1,
5,Ruined Pinnacle,9,low,2,,5,7,Lightcrystal,1,
5,Ruined Pinnacle,9,low,2,,5,7,Rustshard,1,
40,Ruined Pinnacle,9,low,3,,3,4,Dragonfell Berry,1,
30,Ruined Pinnacle,9,low,3,,3,4,Might Seed,1,
30,Ruined Pinnacle,9,low,3,,3,4,Adamant Seed,1,
25,Ruined Pinnacle,9,low,4,,3,5,Bone Husk,1,
25,Ruined Pinnacle,9,low,4,,3,5,Mystery Bone,1,
25,Ruined Pinnacle,9,low,4,,3,5,Unknown Skull,1,
15,Ruined Pinnacle,9,low,4,,3,5,Monster Bone S,1,
10,Ruined Pinnacle,9,low,4,,3,5,Dragonbone Relic,1,
25,Ruined Pinnacle,9,low,5,70,3,5,Sunspire Jewel,1,
20,Ruined Pinnacle,9,low,5,70,3,5,Earth Crystal,1,
15,Ruined Pinnacle,9,low,5,70,3,5,Bealite Ore,1,
10,Ruined Pinnacle,9,low,5,70,3,5,Carbalite Ore,1,
10,Ruined Pinnacle,9,low,5,70,3,5,Mystery Charm,1,
10,Ruined Pinnacle,9,low,5,70,3,5,Comet Rock,1,
5,Ruined Pinnacle,9,low,5,70,3,5,Bloodrun Jewel,1,
5,Ruined Pinnacle,9,low,5,70,3,5,Comet Rock,2,
25,Ruined Pinnacle,9,low,6,30,4,6,Carbalite Ore,1,
20,Ruined Pinnacle,9,low,6,30,4,6,Shining Charm,1,
15,Ruined Pinnacle,9,low,6,30,4,6,Bealite Ore,1,
15,Ruined Pinnacle,9,low,6,30,4,6,Bloodrun Jewel,1,
15,Ruined Pinnacle,9,low,6,30,4,6,Comet Rock,2,
5,Ruined Pinnacle,9,low,6,30,4,6,Earth Crystal,1,
5,Ruined Pinnacle,9,low,6,30,4,6,Sunspire Jewel,1,
85,Ruined Pinnacle,9,high,1,,1,1,Honey,1,
10,Ruined Pinnacle,9,high,1,,1,1,Snakebee Larva,1,
5,Ruined Pinnacle,9,high,1,,1,1,Insect Husk,1,
25,Ruined Pinnacle,9,high,2,,5,7,Carbalite Ore,1,
15,Ruined Pinnacle,9,high,2,,5,7,Bloodrun Jewel,1,
15,Ruined Pinnacle,9,high,2,,5,7,Adv Armor Sphere,1,
15,Ruined Pinnacle,9,high,2,,5,7,Shining Charm,1,
15,Ruined Pinnacle,9,high,2,,5,7,Comet Rock,2,
5,Ruined Pinnacle,9,high,2,,5,7,Bealite Ore,1,
5,Ruined Pinnacle,9,high,2,,5,7,Lightcrystal,1,
5,Ruined Pinnacle,9,high,2,,5,7,Rustshard,1,
40,Ruined Pinnacle,9,high,3,,3,4,Dragonfell Berry,1,
30,Ruined Pinnacle,9,high,3,,3,4,Might Seed,1,
30,Ruined Pinnacle,9,high,3,,3,4,Adamant Seed,1,
25,Ruined Pinnacle,9,high,4,,3,5,Bone Husk,1,
25,Ruined Pinnacle,9,high,4,,3,5,Mystery Bone,1,
25,Ruined Pinnacle,9,high,4,,3,5,Unknown Skull,1,
15,Ruined Pinnacle,9,high,4,,3,5,Monster Bone S,1,
10,Ruined Pinnacle,9,high,4,,3,5,Dragonbone Relic,1,
100,Ruined Pinnacle,9,high,5,,2,3,Burned Husk,1,
25,Ruined Pinnacle,9,high,6,70,3,5,Sunspire Jewel,1,
20,Ruined Pinnacle,9,high,6,70,3,5,Earth Crystal,1,
15,Ruined Pinnacle,9,high,6,70,3,5,Bealite Ore,1,
10,Ruined Pinnacle,9,high,6,70,3,5,Carbalite Ore,1,
10,Ruined Pinnacle,9,high,6,70,3,5,Mystery Charm,1,
10,Ruined Pinnacle,9,high,6,70,3,5,Comet Rock,1,
5,Ruined Pinnacle,9,high,6,70,3,5,Bloodrun Jewel,1,
5,Ruined Pinnacle,9,high,6,70,3,5,Comet Rock,2,
25,Ruined Pinnacle,9,high,7,30,4,6,Carbalite Ore,1,
20,Ruined Pinnacle,9,high,7,30,4,6,Shining Charm,1,
15,Ruined Pinnacle,9,high,7,30,4,6,Bealite Ore,1,
15,Ruined Pinnacle,9,high,7,30,4,6,Bloodrun Jewel,1,
15,Ruined Pinnacle,9,high,7,30,4,6,Comet Rock,2,
5,Ruined Pinnacle,9,high,7,30,4,6,Earth Crystal,1,
5,Ruined Pinnacle,9,high,7,30,4,6,Sunspire Jewel,1,
85,Ruined Pinnacle,9,g,1,,1,1,Honey,1,
10,Ruined Pinnacle,9,g,1,,1,1,Snakebee Larva,1,
5,Ruined Pinnacle,9,g,1,,1,1,Insect Husk,1,
20,Ruined Pinnacle,9,g,2,,5,7,Eltalite Ore,1,
15,Ruined Pinnacle,9,g,2,,5,7,Novacrystal,1,
15,Ruined Pinnacle,9,g,2,,5,7,Adamant Orb,1,
15,Ruined Pinnacle,9,g,2,,5,7,Heavy Armor Sphere,1,
15,Ruined Pinnacle,9,g,2,,5,7,Timeworn Charm,1,
15,Ruined Pinnacle,9,g,2,,5,7,Comet Rock,3,
5,Ruined Pinnacle,9,g,2,,5,7,Ancient Shard,1,
40,Ruined Pinnacle,9,g,3,,3,4,Dragonfell Berry,1,
30,Ruined Pinnacle,9,g,3,,3,4,Might Seed,1,
30,Ruined Pinnacle,9,g,3,,3,4,Adamant Seed,1,
25,Ruined Pinnacle,9,g,4,,3,5,Unknown Skull,1,
20,Ruined Pinnacle,9,g,4,,3,5,Dragonbone Relic,1,
15,Ruined Pinnacle,9,g,4,,3,5,Bone Husk,2,
15,Ruined Pinnacle,9,g,4,,3,5,Monster Bone S,1,
15,Ruined Pinnacle,9,g,4,,3,5,Mystery Bone,2,
10,Ruined Pinnacle,9,g,4,,3,5,Dragonbone Artifact,1,
100,Ruined Pinnacle,9,g,5,,2,3,Burned Husk,1,
25,Ruined Pinnacle,9,g,6,70,3,5,Lazurite Jewel,1,
15,Ruined Pinnacle,9,g,6,70,3,5,Eltalite Ore,1,
10,Ruined Pinnacle,9,g,6,70,3,5,Earth Crystal,3,
10,Ruined Pinnacle,9,g,6,70,3,5,Bealite Ore,2,
10,Ruined Pinnacle,9,g,6,70,3,5,Carbalite Ore,1,
10,Ruined Pinnacle,9,g,6,70,3,5,Shining Charm,1,
10,Ruined Pinnacle,9,g,6,70,3,5,Comet Rock,3,
5,Ruined Pinnacle,9,g,6,70,3,5,Adamant Orb,1,
5,Ruined Pinnacle,9,g,6,70,3,5,Comet Rock,2,
30,Ruined Pinnacle,9,g,7,30,4,6,Eltalite Ore,1,
20,Ruined Pinnacle,9,g,7,30,4,6,Timeworn Charm,1,
15,Ruined Pinnacle,9,g,7,30,4,6,Carbalite Ore,1,
15,Ruined Pinnacle,9,g,7,30,4,6,Adamant Orb,1,
15,Ruined Pinnacle,9,g,7,30,4,6,Comet Rock,3,
5,Ruined Pinnacle,9,g,7,30,4,6,Lazurite Jewel,1,
100,Castle Schrade,1,low,1,,1,1,One-shot Binder,1,
100,Castle Schrade,1,low,2,,10,10,Ballista Ammo,1,
100,Castle Schrade,1,low,3,,10,10,Cannon Ammo,1,
100,Castle Schrade,1,low,4,,10,10,Cannon Ammo,1,
100,Castle Schrade,1,low,5,70,3,3,Cannon Ammo,1,
100,Castle Schrade,1,low,6,30,5,5,Cannon Ammo,1,
100,Castle Schrade,1,low,7,70,3,3,Ballista Ammo,1,
100,Castle Schrade,1,low,8,30,5,5,Ballista Ammo,1,
100,Castle Schrade,1,high,1,,1,1,One-shot Binder,1,
100,Castle Schrade,1,high,2,,10,10,Ballista Ammo,1,
100,Castle Schrade,1,high,3,,10,10,Cannon Ammo,1,
100,Castle Schrade,1,high,4,,10,10,Cannon Ammo,1,
100,Castle Schrade,1,high,5,70,3,3,Cannon Ammo,1,
100,Castle Schrade,1,high,6,30,5,5,Cannon Ammo,1,
100,Castle Schrade,1,high,7,70,3,3,Ballista Ammo,1,
100,Castle Schrade,1,high,8,30,5,5,Ballista Ammo,1,
100,Castle Schrade,1,g,1,,1,1,One-shot Binder,1,
100,Castle Schrade,1,g,2,,10,10,Ballista Ammo,1,
100,Castle Schrade,1,g,3,,10,10,Cannon Ammo,1,
100,Castle Schrade,1,g,4,,10,10,Cannon Ammo,1,
100,Castle Schrade,1,g,5,70,3,3,Cannon Ammo,1,
100,Castle Schrade,1,g,6,30,5,5,Cannon Ammo,1,
100,Castle Schrade,1,g,7,70,3,3,Ballista Ammo,1,
100,Castle Schrade,1,g,8,30,5,5,Ballista Ammo,1,
100,Fortress,0,low,1,,10,10,Ballista Ammo,1,
100,Fortress,0,low,2,,10,10,Cannon Ammo,1,
100,Fortress,0,high,1,,10,10,Ballista Ammo,1,
100,Fortress,0,high,2,,10,10,Cannon Ammo,1,
100,Fortress,0,g,1,,10,10,Ballista Ammo,1,
100,Fortress,0,g,2,,10,10,Cannon Ammo,1,
100,Fortress,1,low,1,,4,4,Cannon Ammo,1,
100,Fortress,1,low,2,,4,4,Cannon Ammo,1,
100,Fortress,1,low,3,,4,4,Cannon Ammo,1,
100,Fortress,1,low,4,,7,7,Cannon Ammo,1,
100,Fortress,1,low,5,,5,5,Ballista Ammo,1,
100,Fortress,1,low,6,,5,5,Ballista Ammo,1,
100,Fortress,1,low,7,,10,10,Ballista Ammo,1,
100,Fortress,1,high,1,,4,4,Cannon Ammo,1,
100,Fortress,1,high,2,,4,4,Cannon Ammo,1,
100,Fortress,1,high,3,,4,4,Cannon Ammo,1,
100,Fortress,1,high,4,,7,7,Cannon Ammo,1,
100,Fortress,1,high,5,,5,5,Ballista Ammo,1,
100,Fortress,1,high,6,,5,5,Ballista Ammo,1,
100,Fortress,1,high,7,,10,10,Ballista Ammo,1,
100,Fortress,1,g,1,,4,4,Cannon Ammo,1,
100,Fortress,1,g,2,,4,4,Cannon Ammo,1,
100,Fortress,1,g,3,,4,4,Cannon Ammo,1,
100,Fortress,1,g,4,,7,7,Cannon Ammo,1,
100,Fortress,1,g,5,,5,5,Ballista Ammo,1,
100,Fortress,1,g,6,,5,5,Ballista Ammo,1,
100,Fortress,1,g,7,,10,10,Ballista Ammo,1,
100,Fortress,2,low,1,,5,5,Cannon Ammo,1,
100,Fortress,2,low,2,,8,8,Cannon Ammo,1,
100,Fortress,2,low,3,,10,10,Ballista Ammo,1,
100,Fortress,2,low,4,,5,5,Ballista Ammo,1,
100,Fortress,2,high,1,,5,5,Cannon Ammo,1,
100,Fortress,2,high,2,,8,8,Cannon Ammo,1,
100,Fortress,2,high,3,,10,10,Ballista Ammo,1,
100,Fortress,2,high,4,,5,5,Ballista Ammo,1,
100,Fortress,2,g,1,,5,5,Cannon Ammo,1,
100,Fortress,2,g,2,,8,8,Cannon Ammo,1,
100,Fortress,2,g,3,,10,10,Ballista Ammo,1,
100,Fortress,2,g,4,,5,5,Ballista Ammo,1,
