icon,name,rarity,value,description,monster_name
https://static.wikia.nocookie.net/monsterhunter/images/8/8a/FourthGen-Shell_Icon_Pink.png,Giant Lobstershell,9,6540,A large shell from a King Lobster that was used as bait. Very rare.,Miscellaneous
https://static.wikia.nocookie.net/monsterhunter/images/1/14/MH4G-Hide_Icon_Dark_Green.png,Larinoth Finehide,8,630,The hide of the gigantic Larinoth. Lauded for its beautiful hues and all-around toughness.,Larinoth
https://static.wikia.nocookie.net/monsterhunter/images/d/de/MH4G-Webbing_Icon_Light_Blue.png,Gargwa Finefeather,8,1120,"A high quality feather plucked from a Gargwa. Stylish, and can be used to reinforce armor.",Gargwa
https://static.wikia.nocookie.net/monsterhunter/images/7/70/MH4G-Claw_Icon_Yellow.png,Moofah Heavyhorn,8,450,"The hefty horn of a Moofah. Resilient and easy to craft, it's a material with many uses.",Moofah
https://static.wikia.nocookie.net/monsterhunter/images/4/44/MH4G-Hide_Icon_Green.png,Prized Pelt,8,360,A quality pelt from a small animal. Often used in clothing for its comfort.,Kelbi
https://static.wikia.nocookie.net/monsterhunter/images/4/44/MH4G-Hide_Icon_Green.png,Prized Pelt,8,360,A quality pelt from a small animal. Often used in clothing for its comfort.,Anteka
https://static.wikia.nocookie.net/monsterhunter/images/4/46/MH4G-Claw_Icon_Orange.png,Anteka Proud Antler,8,520,A hefty antler that's valued by seasoned hunters and collectors alike.,Anteka
https://static.wikia.nocookie.net/monsterhunter/images/f/f0/MH4G-Webbing_Icon_Yellow.png,Bnahabra Razorwing,8,675,A wing that slices like a well-honed knife. Difficult to use in forging.,Bnahabra
https://static.wikia.nocookie.net/monsterhunter/images/7/72/MH4G-Sac_Icon_Light_Green.png,Premium Stomach,8,1000,"A rare find, as Altaroth stomachs go. It can never be torn, or so they say.",Altaroth
https://static.wikia.nocookie.net/monsterhunter/images/f/f0/MH4G-Webbing_Icon_Yellow.png,Vespoid Razorwing,8,1530,Much sharper than a Vespoid Innerwing. A simple graze is more than enough to cut.,Vespoid
https://static.wikia.nocookie.net/monsterhunter/images/0/07/MH4G-Webbing_Icon_Grey.png,Hornetaur Razorwing,8,1530,Much sharper than a Hornetaur Innerwing. A simple graze is more than enough to cut.,Hornetaur
https://static.wikia.nocookie.net/monsterhunter/images/7/78/FourthGen-Carapace_Icon_Brown.png,Konchu Cortex,8,960,A shield-like insect shell so hard that only a supreme craftsman can forge it.,Konchu
https://static.wikia.nocookie.net/monsterhunter/images/c/c7/MH4G-Medicine_Icon_Yellow.png,Shocking Extract,6,250,A concentrate of Thunderbug essence that releases an electrical discharge when struck.,Great Thunderbug
https://static.wikia.nocookie.net/monsterhunter/images/c/c7/MH4G-Medicine_Icon_Yellow.png,Shocking Jelly,8,1000,A gelatinous substance made from Great Thunderbugs. Easy to use and generates high voltage.,Great Thunderbug
https://static.wikia.nocookie.net/monsterhunter/images/4/40/MH4G-Hide_Icon_Grey.png,Remobra Finehide,8,1080,The highest quality in Remobra skins. It shines with a luster reminiscent of a black pearl.,Remobra
https://static.wikia.nocookie.net/monsterhunter/images/4/40/MH4G-Hide_Icon_Grey.png,Striped Finehide,8,1160,Classy Remobra stripes on a resilient hide--a winner in any hunter's book.,Remobra
https://static.wikia.nocookie.net/monsterhunter/images/e/e8/MH4G-Monster_Parts_Icon_Grey.png,Mighty Remobra Head,8,1500,The snake-like head of a Remobra. Being in its presence may induce mild panic.,Remobra
https://static.wikia.nocookie.net/monsterhunter/images/6/6e/MH4G-Scale_Icon_Dark_Green.png,Maccao Shard,8,330,An especially tough scale carved from a Maccao that offers resistance to vicious attacks.,Maccao
https://static.wikia.nocookie.net/monsterhunter/images/a/aa/MH4G-Scale_Icon_Purple.png,Jaggi Shard,8,340,An excellent Jaggi scale favored by hunters as it can be easily worked into the toughest gear.,Jaggi
https://static.wikia.nocookie.net/monsterhunter/images/c/c6/MH4G-Hide_Icon_Purple.png,Jaggi Piel,8,225,"Very thick, even for Jaggi hide. A distinctively smooth material that's easy to work with.",Jaggi
https://static.wikia.nocookie.net/monsterhunter/images/a/aa/MH4G-Scale_Icon_Purple.png,Jaggi Shard,8,340,An excellent Jaggi scale favored by hunters as it can be easily worked into the toughest gear.,Jaggia
https://static.wikia.nocookie.net/monsterhunter/images/c/c6/MH4G-Hide_Icon_Purple.png,Jaggi Piel,8,225,"Very thick, even for Jaggi hide. A distinctively smooth material that's easy to work with.",Jaggia
https://static.wikia.nocookie.net/monsterhunter/images/7/73/MH4G-Scale_Icon_Blue.png,Velociprey Shard,8,360,"A thick scale carved from a Velociprey. It's light and easy to carry, yet hardy.",Velociprey
https://static.wikia.nocookie.net/monsterhunter/images/1/18/MH4G-Scale_Icon_Green.png,Genprey Shard,8,540,"Superior scale taken from a Genprey, that not even the sharpest of fangs can pierce.",Genprey
https://static.wikia.nocookie.net/monsterhunter/images/2/21/MH4G-Scale_Icon_Red.png,Ioprey Shard,8,720,A massive poisonous scale from an Ioprey. Those who can work it safely are few and far between.,Ioprey
https://static.wikia.nocookie.net/monsterhunter/images/3/3f/MH4G-Scale_Icon_White.png,Giaprey Shard,8,360,"A superior scale carved from a Giaprey, used to forge high performance armor.",Giaprey
https://static.wikia.nocookie.net/monsterhunter/images/1/14/MH4G-Hide_Icon_Pink.png,Conga Pelt+,6,180,The hard pelt of a Conga. The thick fur can be used to make long-lasting equipment.,Conga
https://static.wikia.nocookie.net/monsterhunter/images/1/14/MH4G-Hide_Icon_Pink.png,Conga Fur,8,540,"The hard fur of a Conga has to be sanitized before use, but its toughness is top notch.",Conga
https://static.wikia.nocookie.net/monsterhunter/images/3/39/MH4G-Hide_Icon_White.png,Blango Fur,8,540,This tough Blango fur is as beautiful as it is fascinating to craft items with.,Blango
https://static.wikia.nocookie.net/monsterhunter/images/1/18/MH4G-Hide_Icon_Light_Green.png,Hydro Piel,8,1080,"This thick, durable hide of an aquatic monster is highly water-resistant.",Ludroth
https://static.wikia.nocookie.net/monsterhunter/images/7/7a/MH4G-Hide_Icon_Orange.png,Supple Piel,8,1380,"A flexible, elastic hide from a leviathan. A useful material that requires effort to obtain.",Ludroth
https://static.wikia.nocookie.net/monsterhunter/images/2/21/MH4G-Scale_Icon_Red.png,Uroktor Shard,8,1510,"A superior-quality Uroktor scale. Heat-resistant, bright crimson, and popular with the ladies.",Uroktor
https://static.wikia.nocookie.net/monsterhunter/images/7/7a/MH4G-Hide_Icon_Orange.png,Supple Piel,8,1380,"A flexible, elastic hide from a leviathan. A useful material that requires effort to obtain.",Uroktor
https://static.wikia.nocookie.net/monsterhunter/images/9/9c/FourthGen-Carapace_Icon_Red.png,Tiny Hermitaur Shell,8,400,A tiny piece of bone from a giant Carapaceon. It may be small but its value depends on its use.,Hermitaur
https://static.wikia.nocookie.net/monsterhunter/images/1/14/MH4G-Hide_Icon_Pink.png,Mosswine Thick Hide,9,320,"A thick, musty hide covered in moss.",Mosswine
https://static.wikia.nocookie.net/monsterhunter/images/7/7a/MH4G-Hide_Icon_Orange.png,Bullfango Thickfur,8,600,A top-quality pelt from a Bullfango. The fur is particularly dense and bristly.,Bullfango
https://static.wikia.nocookie.net/monsterhunter/images/6/6e/MH4G-Scale_Icon_Dark_Green.png,Great Maccao Shard,8,1320,An especially thick Great Maccao scale that's become hardened over the years.,Great Maccao
https://static.wikia.nocookie.net/monsterhunter/images/3/32/MH4G-Hide_Icon_Red.png,Great Maccao Piel,8,1500,"The high quality hide of a Great Maccao, made resilient from old wounds.",Great Maccao
https://static.wikia.nocookie.net/monsterhunter/images/b/b1/MH4G-Monster_Parts_Icon_Yellow.png,Glorious Crest,8,2400,This eye-catching plumage indicates alpha status in the Great Maccao hierarchy.,Great Maccao
https://static.wikia.nocookie.net/monsterhunter/images/b/b1/MH4G-Monster_Parts_Icon_Yellow.png,Maccao Tailspear,8,2160,"A particularly hefty tailspike, even by Maccao standards. Indispensable for crafting.",Great Maccao
https://static.wikia.nocookie.net/monsterhunter/images/1/16/MH4G-Ball_Icon_Yellow.png,Fey Wyvern Gem,9,9700,An exceptionally pure gem taken from a bird wyvern. Its fragility makes it difficult to carve.,Great Maccao
https://static.wikia.nocookie.net/monsterhunter/images/3/3e/MH4G-Hide_Icon_Blue.png,Velocidrome Piel,8,1440,"Dense Velocidrome hide. It can take a lot of punishment, as evidenced by all the scars.",Velocidrome
https://static.wikia.nocookie.net/monsterhunter/images/a/a4/MH4G-Claw_Icon_Blue.png,Velocidrome Talon,8,1200,"The sharpest of Velocidrome claws, allowing it to mercilessly rip its prey to shreds.",Velocidrome
https://static.wikia.nocookie.net/monsterhunter/images/1/16/MH4G-Ball_Icon_Yellow.png,Fey Wyvern Gem,9,9700,An exceptionally pure gem taken from a bird wyvern. Its fragility makes it difficult to carve.,Velocidrome
https://static.wikia.nocookie.net/monsterhunter/images/4/44/MH4G-Hide_Icon_Green.png,Gendrome Piel,8,2520,"Superior Gendrome hide, toughened by long years of leading the herd.",Gendrome
https://static.wikia.nocookie.net/monsterhunter/images/c/c2/MH4G-Claw_Icon_Green.png,Gendrome Hardfang,8,1200,"A mighty Gendrome fang, able to rend the flesh of prey and inject a vicious neurotoxin.",Gendrome
https://static.wikia.nocookie.net/monsterhunter/images/1/16/MH4G-Ball_Icon_Yellow.png,Fey Wyvern Gem,9,9700,An exceptionally pure gem taken from a bird wyvern. Its fragility makes it difficult to carve.,Gendrome
https://static.wikia.nocookie.net/monsterhunter/images/3/32/MH4G-Hide_Icon_Red.png,Iodrome Piel,8,2520,"High-grade Iodrome hide. Unbelievably strong, perfect for leading a large herd.",Iodrome
https://static.wikia.nocookie.net/monsterhunter/images/a/aa/MH4G-Scale_Icon_Purple.png,Iodrome Violet Shard,8,1200,"An Iodrome scale of the highest caliber, proven by its deep hue, virtually black.",Iodrome
https://static.wikia.nocookie.net/monsterhunter/images/1/16/MH4G-Ball_Icon_Yellow.png,Fey Wyvern Gem,9,9700,An exceptionally pure gem taken from a bird wyvern. Its fragility makes it difficult to carve.,Iodrome
https://static.wikia.nocookie.net/monsterhunter/images/3/39/MH4G-Hide_Icon_White.png,Giadrome Hide+,6,720,Extra-high quality hide carved from a Giadrome. Often used to forge powerful armor.,Giadrome
https://static.wikia.nocookie.net/monsterhunter/images/3/39/MH4G-Hide_Icon_White.png,Giadrome Piel,8,1440,"The best Giadrome hide one can find, used by any hunter wishing to survive the frozen wastes.",Giadrome
https://static.wikia.nocookie.net/monsterhunter/images/e/e4/MH4G-Claw_Icon_White.png,Giadrome Claw+,6,550,"Sharp claw recovered from a Giadrome. Used for weaponry, but also for decoration.",Giadrome
https://static.wikia.nocookie.net/monsterhunter/images/e/e4/MH4G-Claw_Icon_White.png,Giadrome Talon,8,1100,A thickened Giadrome claw. Keen-edged and able to cut like a blade.,Giadrome
https://static.wikia.nocookie.net/monsterhunter/images/b/b4/MH4G-Monster_Parts_Icon_White.png,Giadrome Head,7,1680,Giadromes seem quite proud of their beautifully colored crests. Wouldn't you be?,Giadrome
https://static.wikia.nocookie.net/monsterhunter/images/a/ac/MH4G-Ball_Icon_Blue.png,Bird Wyvern Gem,7,4850,A valuable gem that can be harvested from Jaggi and other bird wyverns.,Giadrome
https://static.wikia.nocookie.net/monsterhunter/images/1/16/MH4G-Ball_Icon_Yellow.png,Fey Wyvern Gem,9,9700,An exceptionally pure gem taken from a bird wyvern. Its fragility makes it difficult to carve.,Giadrome
https://static.wikia.nocookie.net/monsterhunter/images/3/3e/MH4G-Hide_Icon_Blue.png,Arzuros Fur,8,1980,"Exceptional Arzuros fur. Perfect for hunters to wrap up in, owing to it being both soft and tough.",Arzuros
https://static.wikia.nocookie.net/monsterhunter/images/1/14/FourthGen-Carapace_Icon_Blue.png,Arzuros Cortex,8,2430,A superior Arzuros cortex. This highly-developed shell is a huge thorn in all hunters' sides.,Arzuros
https://static.wikia.nocookie.net/monsterhunter/images/c/c2/MH4G-Monster_Parts_Icon_Blue.png,Arzuros Allbrace,8,3240,"A supreme brace found only on certain Arzuros. Its tough, thornlike protrusions silence foes.",Arzuros
https://static.wikia.nocookie.net/monsterhunter/images/3/32/MH4G-Hide_Icon_Red.png,Redhelm Fur,9,2790,The bristles in the Redhelm's fur show how shockingly ferocious it can be.,Redhelm Arzuros
https://static.wikia.nocookie.net/monsterhunter/images/9/9c/FourthGen-Carapace_Icon_Red.png,Redhelm Cortex,9,3420,"A superior Redhelm cortex. Extremely tough, evincing a ferocity that can dazzle the eye.",Redhelm Arzuros
https://static.wikia.nocookie.net/monsterhunter/images/3/32/MH4G-Hide_Icon_Red.png,Redhelm Zenith Furyhair,9,5130,"Redhelm head hair of the highest quality. Extremely thick, showing off the creature's pure rage.",Redhelm Arzuros
https://static.wikia.nocookie.net/monsterhunter/images/3/39/MH4G-Hide_Icon_White.png,Lagombi Fur,8,2520,"The very finest Lagombi fur, durable and yet surprisingly soft. A top-shelf item.",Lagombi
https://static.wikia.nocookie.net/monsterhunter/images/b/b4/MH4G-Monster_Parts_Icon_White.png,Lagombi Cuirass,8,2880,"Tougher and thicker even than Lagombi Plastrons, and glints from many ice-polishings.",Lagombi
https://static.wikia.nocookie.net/monsterhunter/images/e/e4/MH4G-Claw_Icon_White.png,Lagombi Frigidclaw,8,1890,"Fearsomely sharp and tough, even among Lagombi claws, able to tear up and freeze prey.",Lagombi
https://static.wikia.nocookie.net/monsterhunter/images/8/85/MH4G-Hide_Icon_Brown.png,Snowbaron Fur,9,3540,Particularly durable fur. The hairs feel wiry but the prickly sensation is actually quite comfortable.,Snowbaron Lagombi
https://static.wikia.nocookie.net/monsterhunter/images/4/44/MH4G-Monster_Parts_Icon_Purple.png,Snowbaron Cuirass,9,4050,"Even better than the Snowbaron Lagombi plastron, its pleasing shape approaches fine art.",Snowbaron Lagombi
https://static.wikia.nocookie.net/monsterhunter/images/9/9c/FourthGen-Carapace_Icon_Red.png,Volvidon Cortex,8,3150,"A heavy Volvidon cortex. Difficult to forge with, but can produce very powerful gear.",Volvidon
https://static.wikia.nocookie.net/monsterhunter/images/c/c9/MH4G-Claw_Icon_Red.png,Volvidon Talon,8,2520,A punishing Volvidon claw. Its solidity and sharpness is almost overwhelming.,Volvidon
https://static.wikia.nocookie.net/monsterhunter/images/8/8b/MH4G-Monster_Parts_Icon_Red.png,Large Volvi Rickrack,8,4500,A larger variety of Volvidon shell. It combines flexibility and durability in one package.,Volvidon
https://static.wikia.nocookie.net/monsterhunter/images/3/32/MH4G-Scale_Icon_Pink.png,Kut-Ku Shard,8,2250,A superb Kut-Ku scale. It's rare to see scales mature to this degree.,Yian Kut-Ku
https://static.wikia.nocookie.net/monsterhunter/images/b/b7/FourthGen-Carapace_Icon_Pink.png,Kut-Ku Cortex,8,3105,"A stout outer shell, much harder than a carapace. Also called Mediastinum.",Yian Kut-Ku
https://static.wikia.nocookie.net/monsterhunter/images/9/9f/MH4G-Monster_Parts_Icon_Pink.png,Kut-Ku Luckear,8,5120,A full grown Kut-Ku ear. Considered a good luck charm due to its texture and form.,Yian Kut-Ku
https://static.wikia.nocookie.net/monsterhunter/images/c/c3/MH4G-Webbing_Icon_Pink.png,Kut-Ku Weave,8,5850,"Bulky webbing from a Kut-Ku wing, valued for its greater than normal powers of endurance.",Yian Kut-Ku
https://static.wikia.nocookie.net/monsterhunter/images/3/32/MH4G-Scale_Icon_Pink.png,Hyper Kut-Ku Shard,8,2700,"Darker than normal Kut-Ku scales, this tough Hyper scale emits an ominous glow.",Yian Kut-Ku
https://static.wikia.nocookie.net/monsterhunter/images/a/aa/MH4G-Scale_Icon_Purple.png,Garuga Shard,8,4410,A top-grade Garuga scale. It sparkles like purple quartz and is just as hard.,Yian Garuga
https://static.wikia.nocookie.net/monsterhunter/images/1/1e/FourthGen-Carapace_Icon_Purple.png,Garuga Cortex,8,5850,"A heavy, dark purple outer shell with an unusually intimidating air about it.",Yian Garuga
https://static.wikia.nocookie.net/monsterhunter/images/4/44/MH4G-Monster_Parts_Icon_Purple.png,Garuga Fellwing,8,7800,"A large, well-developed Garuga wing. It's highly sought after by crafters the world round.",Yian Garuga
https://static.wikia.nocookie.net/monsterhunter/images/4/44/MH4G-Monster_Parts_Icon_Purple.png,Garuga Lash,8,8000,"A tough, hard tail that stores within a deadly poison that kills its target in seconds.",Yian Garuga
https://static.wikia.nocookie.net/monsterhunter/images/b/b4/MH4G-Monster_Parts_Icon_White.png,Garuga Silverpelt,8,7200,A shimmering silver pelt that mesmerizes all with its beauty when it flutters.,Yian Garuga
https://static.wikia.nocookie.net/monsterhunter/images/a/aa/MH4G-Scale_Icon_Purple.png,Hyper Garuga Shard,8,5280,"Darker than normal Garuga scales, this tough Hyper scale emits an ominous glow.",Yian Garuga
https://static.wikia.nocookie.net/monsterhunter/images/e/e7/FourthGen-Scale_Icon_Dark_Purple.png,Deadeye Shard,9,6210,The thick top shell of a Deadeye Yian Garuga. Bears the scars of many hard-fought battles.,Deadeye Yian Garuga
https://static.wikia.nocookie.net/monsterhunter/images/5/5d/FourthGen-Carapace_Icon_Dark_Purple.png,Deadeye Cortex,9,8190,A very hard Deadeye Yian Garuga shell. Bears the scars of many hard-fought battles.,Deadeye Yian Garuga
https://static.wikia.nocookie.net/monsterhunter/images/3/3e/MH4G-Hide_Icon_Blue.png,Rubbery Finehide,8,3330,"A special, highly elastic Gypceros hide. It absorbs any attack.",Gypceros
https://static.wikia.nocookie.net/monsterhunter/images/5/58/MH4G-Webbing_Icon_Blue.png,Gypceros Weave,8,5520,Bulky webbing from a Gypceros wing. Its improved insulation and toxin resistance make it valuable.,Gypceros
https://static.wikia.nocookie.net/monsterhunter/images/c/c2/MH4G-Monster_Parts_Icon_Blue.png,Gypceros Hardhead,9,8800,"The hard, rubber-like head of a Gypceros. The rock-like noggin's popular among Gypceros fans.",Gypceros
https://static.wikia.nocookie.net/monsterhunter/images/3/3e/MH4G-Hide_Icon_Blue.png,Hyper Gypceros Piel,8,3960,"Darker than normal Gypceros hide, this hardy Hyper hide emits an ominous glow.",Gypceros
https://static.wikia.nocookie.net/monsterhunter/images/0/0e/FourthGen-Monster_Parts_Icon_Dark_Blue.png,Azure Plume,8,3510,A scalefeather only found on a small number of Malfestios. Shines with ethereal colors.,Malfestio
https://static.wikia.nocookie.net/monsterhunter/images/0/0e/FourthGen-Monster_Parts_Icon_Dark_Blue.png,Malfestio Grandwing,8,6750,"Malfestio wing with a refined curve, whose vivid blue color dazzles anyone who sees it.",Malfestio
https://static.wikia.nocookie.net/monsterhunter/images/7/7f/FourthGen-Claw_Icon_Dark_Blue.png,Malfestio Hrd Wingtalon,8,4320,A high-quality talon from a Malfestio wing. Very hard and can be made exquisitely sharp.,Malfestio
https://static.wikia.nocookie.net/monsterhunter/images/0/0e/FourthGen-Monster_Parts_Icon_Dark_Blue.png,Malfestio Luckear,8,4080,A big fleshy piece of Malfestio ear which has a multitude of uses.,Malfestio
https://static.wikia.nocookie.net/monsterhunter/images/0/0e/FourthGen-Monster_Parts_Icon_Dark_Blue.png,Malfestio Tailblade,8,5580,A high-quality tail feather taken from a Malfestio. As beautiful as it is dangerous.,Malfestio
https://static.wikia.nocookie.net/monsterhunter/images/0/0e/FourthGen-Monster_Parts_Icon_Dark_Blue.png,Malfestio Goldfeather+,9,10790,A particularly high quality golden feather which enchants anyone who gazes upon it.,Malfestio
https://static.wikia.nocookie.net/monsterhunter/images/0/0e/FourthGen-Monster_Parts_Icon_Dark_Blue.png,Hyper Azurefeather+,8,4200,"Darker than normal Malfestio scalefeathers, this tough Hyper feather emits an ominous glow.",Malfestio
https://static.wikia.nocookie.net/monsterhunter/images/4/4f/FourthGen-Scale_Icon_Dark_Blue.png,Nightcloak Plume,9,4910,A fine feather taken from a Nightcloak Malfestio. The color changes with viewing angle.,Nightcloak Malfestio
https://static.wikia.nocookie.net/monsterhunter/images/8/8b/MH4G-Monster_Parts_Icon_Red.png,Nightcloak Grandwing,9,9450,The plumage taken from a Nightcloak Malfestio is extra fine and deep in color.,Nightcloak Malfestio
https://static.wikia.nocookie.net/monsterhunter/images/8/82/MH4G-Sac_Icon_White.png,Nightcloak Clearscale,9,6380,"Camouflages a Nightcloak in the wild, but weapons fashioned with them stand out in a crowd.",Nightcloak Malfestio
https://static.wikia.nocookie.net/monsterhunter/images/3/39/MH4G-Hide_Icon_White.png,Bulldrome Thickhide,8,2070,The thick skin from a Bulldrome. It's too tough to get scratched through regular use.,Bulldrome
https://static.wikia.nocookie.net/monsterhunter/images/e/e4/MH4G-Claw_Icon_White.png,Bulldrome Hardtusk,8,2340,"The large, hard tusk of a majestic Bulldrome. Hardened through countless battles.",Bulldrome
https://static.wikia.nocookie.net/monsterhunter/images/1/14/MH4G-Hide_Icon_Pink.png,Congalala Pelt+,6,1100,The stout fur of a Congalala. Important crafting material.,Congalala
https://static.wikia.nocookie.net/monsterhunter/images/1/14/MH4G-Hide_Icon_Pink.png,Congalala Fur,8,3300,"The stout hairs of this pelt, coupled with its glossy coat make it highly valuable.",Congalala
https://static.wikia.nocookie.net/monsterhunter/images/2/2b/MH4G-Claw_Icon_Pink.png,Congalala Fang,6,770,The fang of a Congalala. Solid enough to crunch objects into dust.,Congalala
https://static.wikia.nocookie.net/monsterhunter/images/7/70/MH4G-Claw_Icon_Yellow.png,Beastly Fang,8,3850,A large fang from a Fanged Beast that can chomp the hardest of boulders in half.,Congalala
https://static.wikia.nocookie.net/monsterhunter/images/2/2b/MH4G-Claw_Icon_Pink.png,Congalala Claw+,6,1500,"A long, hard, sharp claw with a wild nature that makes crafting difficult.",Congalala
https://static.wikia.nocookie.net/monsterhunter/images/2/2b/MH4G-Claw_Icon_Pink.png,Congalala Hardclaw,8,4500,Talons evolved specifically for combat. The natural weapon of Congalala.,Congalala
https://static.wikia.nocookie.net/monsterhunter/images/1/19/MH4G-Hide_Icon_Yellow.png,Vibrant Pelt,6,1200,Vibrant hair that grows on the head of a Congalala. The colors are lovely.,Congalala
https://static.wikia.nocookie.net/monsterhunter/images/1/19/MH4G-Hide_Icon_Yellow.png,Vibrant Fur,8,5400,The best vibrant hair from the head of a Congalala is beautiful and tough.,Congalala
https://static.wikia.nocookie.net/monsterhunter/images/1/14/MH4G-Hide_Icon_Pink.png,Hyper Congalala Pelt+,8,3960,"Darker than normal Congalala fur, this Hyper fur emits an ominous glow.",Congalala
https://static.wikia.nocookie.net/monsterhunter/images/3/39/MH4G-Hide_Icon_White.png,Blangonga Fur,8,3420,The tough fur of a Blangonga is harder than the depths of winter.,Blangonga
https://static.wikia.nocookie.net/monsterhunter/images/e/e4/MH4G-Claw_Icon_White.png,Blangonga Hardfang,8,6450,A Blangonga tooth that looks sharp enough to use as a skewer for cooking with.,Blangonga
https://static.wikia.nocookie.net/monsterhunter/images/b/b4/MH4G-Monster_Parts_Icon_White.png,Leather Beast Pelt,8,4100,The fine tough skin of a Blangonga troop leader displays its authority and might.,Blangonga
https://static.wikia.nocookie.net/monsterhunter/images/b/b4/MH4G-Monster_Parts_Icon_White.png,Blangonga Lash,8,5880,The tail of this Blangonga is silkier to the touch than fresh powder snow.,Blangonga
https://static.wikia.nocookie.net/monsterhunter/images/3/39/MH4G-Hide_Icon_White.png,Hyper Blangonga Pelt+,8,4440,"Darker than normal Blangonga pelt, this Hyper pelt emits an ominous glow.",Blangonga
https://static.wikia.nocookie.net/monsterhunter/images/7/7a/MH4G-Hide_Icon_Orange.png,Kecha Fur,8,2520,"A fine Kecha Wacha pelt with a warm color and soft, sturdy coat. Very popular.",Kecha Wacha
https://static.wikia.nocookie.net/monsterhunter/images/e/e6/MH4G-Bone_Icon_Orange.png,Kecha Leadbone,8,4410,A dense arm bone whose slender sturdiness makes it fine weapon material.,Kecha Wacha
https://static.wikia.nocookie.net/monsterhunter/images/4/46/MH4G-Claw_Icon_Orange.png,Kecha Ripper,8,3360,A unique hooked talon for crossing vines. Poses a threat in battle as well.,Kecha Wacha
https://static.wikia.nocookie.net/monsterhunter/images/f/f5/MH4G-Monster_Parts_Icon_Orange.png,Kecha Auricle,8,5200,One of the Kecha Wacha's unique ears. Filters noise for tremendous hearing.,Kecha Wacha
https://static.wikia.nocookie.net/monsterhunter/images/f/f5/MH4G-Monster_Parts_Icon_Orange.png,Kecha Lash,8,4320,"A quality Kecha Wacha tail. Strong and supple, it may as well count as a third arm.",Kecha Wacha
https://static.wikia.nocookie.net/monsterhunter/images/7/7a/MH4G-Hide_Icon_Orange.png,Hyper Kecha Pelt+,8,3030,"Darker than normal Kecha pelt, this tough Hyper pelt emits an ominous glow.",Kecha Wacha
https://static.wikia.nocookie.net/monsterhunter/images/8/80/MH4G-Scale_Icon_Light_Blue.png,Cephalos Shard,8,3600,"A thick scale packed with moisture, giving it a weird texture hunters go for.",Cephadrome
https://static.wikia.nocookie.net/monsterhunter/images/f/f8/MH4G-Monster_Parts_Icon_Light_Blue.png,Cephalos Grandfin,8,3790,A high-quality Cephalos fin. Much sharper than your run-of-the-mill fin.,Cephadrome
https://static.wikia.nocookie.net/monsterhunter/images/d/d7/MH4G-Claw_Icon_Light_Blue.png,Cephalos Hardfang,8,2520,An evolved fang. Strong and sharp enough to chew right through a Carapaceon.,Cephadrome
https://static.wikia.nocookie.net/monsterhunter/images/7/73/MH4G-Scale_Icon_Blue.png,Plesioth Shard,8,4320,A thick Plesioth scale with a lapis lazuli glow. It fends off claw and fang attacks.,Plesioth
https://static.wikia.nocookie.net/monsterhunter/images/c/c2/MH4G-Monster_Parts_Icon_Blue.png,Plesioth Grandfin,8,4920,The finest and most lovely of all Plesioth fins. Produces top-class armor when forged.,Plesioth
https://static.wikia.nocookie.net/monsterhunter/images/a/a4/MH4G-Claw_Icon_Blue.png,Plesioth Hardfang,8,2250,"A powerful, highly-developed Plesioth Fang. It can crush large Carapaceons with ease.",Plesioth
https://static.wikia.nocookie.net/monsterhunter/images/5/58/MH4G-Webbing_Icon_Blue.png,Hrd Ples Webbing,8,7320,"Stronger than normal webbing, and just as water-retentive. Ideal for lining armor.",Plesioth
https://static.wikia.nocookie.net/monsterhunter/images/c/c2/MH4G-Monster_Parts_Icon_Blue.png,Uber Plesio Head,8,8670,A frighteningly hard head found on a select few Plesioth. Among the very best in armor materials.,Plesioth
https://static.wikia.nocookie.net/monsterhunter/images/7/73/MH4G-Scale_Icon_Blue.png,Hyper Plesioth Shard,8,5190,"Darker than normal Plesioth scales, this tough Hyper scale emits an ominous glow.",Plesioth
https://static.wikia.nocookie.net/monsterhunter/images/d/d3/MH4G-Scale_Icon_Grey.png,Lavasioth Shard,8,5940,A thick Lavasioth scale. Under the encrusted lava lies a golden treasure.,Lavasioth
https://static.wikia.nocookie.net/monsterhunter/images/1/1c/FourthGen-Carapace_Icon_Grey.png,Lavasioth Cortex,8,6625,"Heavy Lavasioth carapace covered in hardened minerals, making for excellent armor.",Lavasioth
https://static.wikia.nocookie.net/monsterhunter/images/5/5c/MH4G-Claw_Icon_Grey.png,Lavasioth Hardfang,8,4050,"A hard, sharp Lavasioth fang. Its size is unusual for a Piscine Wyvern.",Lavasioth
https://static.wikia.nocookie.net/monsterhunter/images/e/e8/MH4G-Monster_Parts_Icon_Grey.png,Lavasioth Grandfin,8,7450,A top-grade Lavasioth fin. The magma has endowed it with an extremely sharp edge.,Lavasioth
https://static.wikia.nocookie.net/monsterhunter/images/d/d3/MH4G-Scale_Icon_Grey.png,Hyper Lavasioth Shard,8,6570,"Darker than normal Lavasioth scales, this tough Hyper scale emits an ominous glow.",Lavasioth
https://static.wikia.nocookie.net/monsterhunter/images/1/19/MH4G-Hide_Icon_Yellow.png,Spongy Piel,8,2880,Nearly flawless elastic hide that retains water better than any comparable item.,Royal Ludroth
https://static.wikia.nocookie.net/monsterhunter/images/0/0f/MH4G-Scale_Icon_Yellow.png,R.Ludroth Shard,8,1980,The ultimate Royal Ludroth scale. A rainbow of colors shimmer on its surface.,Royal Ludroth
https://static.wikia.nocookie.net/monsterhunter/images/7/70/MH4G-Claw_Icon_Yellow.png,R.Ludroth Talon,8,5220,A menacingly powerful Royal Ludroth claw that enables it to charge through any terrain.,Royal Ludroth
https://static.wikia.nocookie.net/monsterhunter/images/1/19/MH4G-Hide_Icon_Yellow.png,Chic Crest,8,6120,"A proud, strong crest befitting a pack leader. Its sharp horns shine magnificently.",Royal Ludroth
https://static.wikia.nocookie.net/monsterhunter/images/b/b1/MH4G-Monster_Parts_Icon_Yellow.png,R.Ludroth Lash,8,4320,A superior tail from a Royal Ludroth. Its strength shows it was honed in harsh conditions.,Royal Ludroth
https://static.wikia.nocookie.net/monsterhunter/images/0/0f/MH4G-Scale_Icon_Yellow.png,Hyper R.Ludroth Shard,8,2370,"Darker than normal R.Ludroth scales, this tough Hyper scale emits an ominous glow.",Royal Ludroth
https://static.wikia.nocookie.net/monsterhunter/images/7/78/FourthGen-Carapace_Icon_Brown.png,Nibelsnarf Cortex,8,4320,"A heavy Nibelsnarf cortex. Difficult to forge, but capable of producing impressive gear.",Nibelsnarf
https://static.wikia.nocookie.net/monsterhunter/images/8/85/MH4G-Hide_Icon_Brown.png,Nibelsnarf Piel,8,5400,"Honed by exposure to sand, this top-quality Nibelsnarf hide boasts great strength and elasticity.",Nibelsnarf
https://static.wikia.nocookie.net/monsterhunter/images/0/05/MH4G-Claw_Icon_Brown.png,Nibelsnarf Talon,8,7380,"The sharp talon of a Nibelsnarf, perfectly adapted to burrow through sand. A quality item.",Nibelsnarf
https://static.wikia.nocookie.net/monsterhunter/images/7/7b/MH4G-Monster_Parts_Icon_Brown.png,Nibelsnarf Crown,9,8280,The heavy scalp of a Nibelsnarf is difficult to work with but it's an extremely versatile material,Nibelsnarf
https://static.wikia.nocookie.net/monsterhunter/images/c/c9/MH4G-Medicine_Icon_Blue.png,Dazzling Fluid,8,3150,A sparkling fluid with impressive water-retention ability. Improves equipment performance and style.,Nibelsnarf
https://static.wikia.nocookie.net/monsterhunter/images/7/78/FourthGen-Carapace_Icon_Brown.png,Hyper Nibelsnarf Cortex,8,5190,"Darker than normal Nibelsnarf shell, this tough Hyper shell emits an ominous glow.",Nibelsnarf
https://static.wikia.nocookie.net/monsterhunter/images/4/4b/MH4G-Hide_Icon_Light_Blue.png,Lagiacrus Piel,8,3870,"The strong, flexible hide of a Lagiacrus. Used in expensive leatherwear, among other items.",Lagiacrus
https://static.wikia.nocookie.net/monsterhunter/images/8/80/MH4G-Scale_Icon_Light_Blue.png,Lagiacrus Shard,8,3450,The ultimate specimen of Lagiacrus Scale. Special skills are required to craft with it.,Lagiacrus
https://static.wikia.nocookie.net/monsterhunter/images/f/f8/MH4G-Monster_Parts_Icon_Light_Blue.png,Deathly Shocker,8,6300,A thick shell found on a select few Lagiacrus. It releases huge bolts of electricity.,Lagiacrus
https://static.wikia.nocookie.net/monsterhunter/images/d/d7/MH4G-Claw_Icon_Light_Blue.png,Lagia Hardhorn,8,6300,"A fine horn from an especially strong Lagiacrus. So unique, it's almost legendary.",Lagiacrus
https://static.wikia.nocookie.net/monsterhunter/images/f/f8/MH4G-Monster_Parts_Icon_Light_Blue.png,Lagiacrus Flail,8,6600,"Not only do these serve for weaponcraft, they also wind up on Moga dinner plates.",Lagiacrus
https://static.wikia.nocookie.net/monsterhunter/images/d/d7/MH4G-Claw_Icon_Light_Blue.png,Lagiacrus Talon,8,4740,A thick talon found on only a select few Lagiacrus. Adds both power and dignity to weapons.,Lagiacrus
https://static.wikia.nocookie.net/monsterhunter/images/e/e5/MH4G-Mantle_Icon_Light_Blue.png,Lagiacrus Mantle,9,15000,A valuable azure scale found on select Lagiacrus. Said to greatly boost equipment performance.,Lagiacrus
https://static.wikia.nocookie.net/monsterhunter/images/4/4b/MH4G-Hide_Icon_Light_Blue.png,Hyper Lagiacrus Piel,8,4650,"Darker than normal Lagiacrus hide, this Hyper hide emits an ominous glow.",Lagiacrus
https://static.wikia.nocookie.net/monsterhunter/images/9/9c/FourthGen-Carapace_Icon_Red.png,Agnaktor Cortex,8,5040,"The rigid cortex of an Agnaktor. Highly heat-resistant, creates bright red items when forged.",Agnaktor
https://static.wikia.nocookie.net/monsterhunter/images/3/32/MH4G-Hide_Icon_Red.png,Agnaktor Piel,8,6300,Top-quality Agnaktor hide with fantastic heat resistance. Thick but sufficiently supple.,Agnaktor
https://static.wikia.nocookie.net/monsterhunter/images/c/c9/MH4G-Claw_Icon_Red.png,Agnaktor Talon,8,7290,A powerful talon found only on certain Agnaktor. Even magma cowers before it.,Agnaktor
https://static.wikia.nocookie.net/monsterhunter/images/8/8b/MH4G-Monster_Parts_Icon_Red.png,Agnaktor Grandfin,8,7020,A premium fin lovely enough to have been painted by an artist. Behold the mystery of nature!,Agnaktor
https://static.wikia.nocookie.net/monsterhunter/images/8/8b/MH4G-Monster_Parts_Icon_Red.png,Scorching Pleura,8,6480,A burning chestplate tempered for ages. The various ores fused within are the key to its strength.,Agnaktor
https://static.wikia.nocookie.net/monsterhunter/images/9/9c/FourthGen-Carapace_Icon_Red.png,Hyper Agnaktor Cortex,8,6030,"Darker than normal Agnaktor shell, this tough Hyper shell emits an ominous glow.",Agnaktor
https://static.wikia.nocookie.net/monsterhunter/images/2/21/MH4G-Scale_Icon_Red.png,Tetsucabra Shard,8,2880,"A thick, red-and-black scale so hard that people justi- fiably mistake it for rock.",Tetsucabra
https://static.wikia.nocookie.net/monsterhunter/images/9/9c/FourthGen-Carapace_Icon_Red.png,Tetsucabra Cortex,8,1980,"Tough, rubbery plating that is difficult to break. A popular equipment material.",Tetsucabra
https://static.wikia.nocookie.net/monsterhunter/images/c/c9/MH4G-Claw_Icon_Red.png,Tetsucabra Hardclaw,8,5220,A powerful claw that can smash through boulders. Challenging to forge with.,Tetsucabra
https://static.wikia.nocookie.net/monsterhunter/images/c/c9/MH4G-Claw_Icon_Red.png,Tetsucabra Gnawrl,8,9180,A fang that grows like a mighty tree. Lost fangs are replaced by stronger ones.,Tetsucabra
https://static.wikia.nocookie.net/monsterhunter/images/f/f5/MH4G-Bone_Icon_Red.png,Vicious Visage,9,6840,A skull with opposing fangs and a sturdy lower jaw whose evolution warrants study.,Tetsucabra
https://static.wikia.nocookie.net/monsterhunter/images/c/c7/MH4G-Medicine_Icon_Yellow.png,Paddock Cream,8,1800,A mysterious oil found only in nature. Used at the Smithy as a lubricant and additive.,Tetsucabra
https://static.wikia.nocookie.net/monsterhunter/images/2/21/MH4G-Scale_Icon_Red.png,Hyper Tetsu. Shard,8,3450,"Darker than normal Tetsucabra scales, this tough Hyper scale emits an ominous glow.",Tetsucabra
https://static.wikia.nocookie.net/monsterhunter/images/0/09/FourthGen-Scale_Icon_Dark_Red.png,Drilltusk Shard,9,4050,A thick scale of a Drilltusk Tetsucabra. Unbelievably hard with a unique pattern.,Drilltusk Tetsucabra
https://static.wikia.nocookie.net/monsterhunter/images/0/0f/FourthGen-Carapace_Icon_Dark_Red.png,Drilltusk Cortex,9,2790,An unbelievably tough Drilltusk Tetsucabra carapace with a unique pattern.,Drilltusk Tetsucabra
https://static.wikia.nocookie.net/monsterhunter/images/7/71/FourthGen-Claw_Icon_Dark_Red.png,Drilltusk Gnawrl,9,10720,A giant fang that is hard and sharp enough to grind a mountain to powder.,Drilltusk Tetsucabra
https://static.wikia.nocookie.net/monsterhunter/images/4/4b/MH4G-Hide_Icon_Light_Blue.png,Zamtrios Piel,8,3690,"A thick, elastic hide with high Ice resistance. Like wearing winter, yet warm.",Zamtrios
https://static.wikia.nocookie.net/monsterhunter/images/8/80/MH4G-Scale_Icon_Light_Blue.png,Zamtrios Shard,8,6660,"One of many thick, razor- sharp scales that shred any foolish enough to touch.",Zamtrios
https://static.wikia.nocookie.net/monsterhunter/images/f/f8/MH4G-Monster_Parts_Icon_Light_Blue.png,Zamtrios Grandfin,8,7470,A huge dorsal fin that cuts gracefully through the ice. Loved by artisans and hunters.,Zamtrios
https://static.wikia.nocookie.net/monsterhunter/images/d/d7/MH4G-Claw_Icon_Light_Blue.png,Zamtrios Sawtooth+,8,9000,"Triangular, saw-like teeth for biting and crushing. Will grow back if pulled out.",Zamtrios
https://static.wikia.nocookie.net/monsterhunter/images/f/f8/MH4G-Monster_Parts_Icon_Light_Blue.png,Zamtrios Tailbrand,8,8100,A large tail whose meaty swings can knock prey out with a single lash.,Zamtrios
https://static.wikia.nocookie.net/monsterhunter/images/c/c7/MH4G-Medicine_Icon_Yellow.png,Paddock Cream,8,1800,A mysterious oil found only in nature. Used at the Smithy as a lubricant and additive.,Zamtrios
https://static.wikia.nocookie.net/monsterhunter/images/4/4b/MH4G-Hide_Icon_Light_Blue.png,Hyper Zamtrios Piel,8,4440,"Darker than normal Zamtrios hide, this tough Hyper hide emits an ominous glow.",Zamtrios
https://static.wikia.nocookie.net/monsterhunter/images/7/78/FourthGen-Carapace_Icon_Brown.png,Najarala Cortex,8,4320,"The hardest part of the carapace. Multiple, layered plates provide durability.",Najarala
https://static.wikia.nocookie.net/monsterhunter/images/8/85/MH4G-Hide_Icon_Brown.png,Najarala Piel,8,5400,The finest of Najarala hides. Often used in all kinds of leatherwork.,Najarala
https://static.wikia.nocookie.net/monsterhunter/images/7/7b/MH4G-Monster_Parts_Icon_Brown.png,Najarala Ampsounder,8,7380,"A special plate that ampli- fies sound, getting messages across loud and clear.",Najarala
https://static.wikia.nocookie.net/monsterhunter/images/a/a6/MH4G-Bone_Icon_Brown.png,Heart-stopping Beak,9,9600,The Najarala's unique beak. Fangs inside it neutralize prey in ghastly fashion.,Najarala
https://static.wikia.nocookie.net/monsterhunter/images/7/78/FourthGen-Carapace_Icon_Brown.png,Hyper Najarala Cortex,8,5190,"Darker than normal Najarala shell, this tough Hyper shell emits an ominous glow.",Najarala
https://static.wikia.nocookie.net/monsterhunter/images/d/d3/MH4G-Scale_Icon_Grey.png,Fine Black Pearl,8,1950,Largest and most beautiful of all black pearls. Very valuable and hard to find.,Daimyo Hermitaur
https://static.wikia.nocookie.net/monsterhunter/images/c/c9/MH4G-Claw_Icon_Red.png,Timeworn Crimson Horn,8,4130,A faded horn which has been weathered over time but still has some value.,Daimyo Hermitaur
https://static.wikia.nocookie.net/monsterhunter/images/f/f6/FourthGen-Shell_Icon_Red.png,Hermitaur Cortex,8,4290,A Daimyo Hermitaur's tough bone shell. Its thickness makes for strong armor.,Daimyo Hermitaur
https://static.wikia.nocookie.net/monsterhunter/images/c/c9/MH4G-Claw_Icon_Red.png,Hermitaur Hardclaw,8,7600,A Daimyo Hermitaur's tough bone shell. Its thickness makes for strong armor.,Daimyo Hermitaur
https://static.wikia.nocookie.net/monsterhunter/images/f/f6/FourthGen-Shell_Icon_Red.png,Hyper Hermitaur Cortex,8,5940,"Darker than normal Hermitaur scales, this tough Hyper scale emits an ominous glow.",Daimyo Hermitaur
https://static.wikia.nocookie.net/monsterhunter/images/2/2a/FourthGen-Shell_Icon_Dark_Red.png,Stonefist Cortex,9,6930,A very hard Stonefist Hermitaur shell. It has grown hard and dark over its many years.,Stonefist Hermitaur
https://static.wikia.nocookie.net/monsterhunter/images/7/71/FourthGen-Claw_Icon_Dark_Red.png,Stonefist Talon,9,9000,A very sharp Stonefist Hermitaur claw. It has grown hard and dark over its many years.,Stonefist Hermitaur
https://static.wikia.nocookie.net/monsterhunter/images/d/d3/MH4G-Scale_Icon_Grey.png,Fine Black Pearl,8,1950,Largest and most beautiful of all black pearls. Very valuable and hard to find.,Shogun Ceanataur
https://static.wikia.nocookie.net/monsterhunter/images/e/e8/MH4G-Monster_Parts_Icon_Grey.png,Heavy Wyvern Scalp,8,7020,A Carapaceon shell made from a wyvern's skull that is harder than normal.,Shogun Ceanataur
https://static.wikia.nocookie.net/monsterhunter/images/9/9b/FourthGen-Shell_Icon_Blue.png,Ceanataur Cortex,8,5400,"Thicker than normal Ceanataur bone, this high quality material demands a master craftsman.",Shogun Ceanataur
https://static.wikia.nocookie.net/monsterhunter/images/9/9b/FourthGen-Shell_Icon_Blue.png,Heavy Ceanataur Leg,8,5620,An extremely thick Shogun Ceanataur leg. The shape is perfect for making weapons.,Shogun Ceanataur
https://static.wikia.nocookie.net/monsterhunter/images/a/a4/MH4G-Claw_Icon_Blue.png,Ceanataur Hardclaw,8,8750,A top quality claw from a giant Shogun Ceanataur. Reserved for use in the finest equipment.,Shogun Ceanataur
https://static.wikia.nocookie.net/monsterhunter/images/9/9b/FourthGen-Shell_Icon_Blue.png,Hyper Ceanataur Crtx,8,7770,"Darker than normal Ceanataur shell, this tough Hyper shell emits an ominous glow.",Shogun Ceanataur
https://static.wikia.nocookie.net/monsterhunter/images/9/9b/FourthGen-Shell_Icon_Blue.png,Rustrazor Cortex,9,7560,A thick and durable Rustrazor Ceanataur carapace used only by the finest craftsmen.,Rustrazor Ceanataur
https://static.wikia.nocookie.net/monsterhunter/images/7/7f/FourthGen-Claw_Icon_Dark_Blue.png,Rustrazor Hardclaw,9,10500,A hard Rustrazor Ceanataur claw that possesses unrivaled beauty and toughness.,Rustrazor Ceanataur
https://static.wikia.nocookie.net/monsterhunter/images/0/0e/FourthGen-Monster_Parts_Icon_Dark_Blue.png,Heavy Rustrazor Scalp,9,9820,A thick and durable skull bone from inside a Rustrazor Ceanataur.,Rustrazor Ceanataur
https://static.wikia.nocookie.net/monsterhunter/images/4/45/FourthGen-Carapace_Icon_White.png,Nerscylla Carapace,6,1170,A white shell popular with women and treated as a top- class material.,Nerscylla
https://static.wikia.nocookie.net/monsterhunter/images/4/45/FourthGen-Carapace_Icon_White.png,Nerscylla Cortex,8,3510,"Thick, opalescent plating with nary a scratch. Trades at an extremely high price.",Nerscylla
https://static.wikia.nocookie.net/monsterhunter/images/e/e4/MH4G-Claw_Icon_White.png,Nerscylla Shear,6,1440,A venomous fang that expands and contracts at will. Beware its lethal poison!,Nerscylla
https://static.wikia.nocookie.net/monsterhunter/images/e/e4/MH4G-Claw_Icon_White.png,Nerscylla Scishorn,8,4320,"Stretching, poison-laden fangs found in a Nerscylla's mouth. Perfect for weapons.",Nerscylla
https://static.wikia.nocookie.net/monsterhunter/images/e/e4/MH4G-Claw_Icon_White.png,Nerscylla Sharpclaw,6,1560,One of the Nerscylla's sharp claws. Prey attacked by this never survives.,Nerscylla
https://static.wikia.nocookie.net/monsterhunter/images/e/e4/MH4G-Claw_Icon_White.png,Nerscylla Hardclaw,8,4680,An impressive specimen used once its web-weaving owner has danced prey in circles.,Nerscylla
https://static.wikia.nocookie.net/monsterhunter/images/b/b4/MH4G-Monster_Parts_Icon_White.png,Nerscylla Spike+,6,2800,A dorsal spike that is prized for its lethal poison sac more than its sharpness.,Nerscylla
https://static.wikia.nocookie.net/monsterhunter/images/b/b4/MH4G-Monster_Parts_Icon_White.png,Nerscylla Surspike,8,5600,Spikes from the back whose concentrated poison requires very careful handling.,Nerscylla
https://static.wikia.nocookie.net/monsterhunter/images/4/45/FourthGen-Carapace_Icon_White.png,Hyper Nerscylla Cortex,8,4210,"Darker than normal Nerscylla shell, this tough Hyper Shell emits an ominous glow.",Nerscylla
https://static.wikia.nocookie.net/monsterhunter/images/c/cb/FourthGen-Carapace_Icon_Green.png,Seltas Cortex,8,1980,A thick but shockingly light piece of exoskeleton made of shock-resistant layers.,Seltas
https://static.wikia.nocookie.net/monsterhunter/images/7/79/MH4G-Webbing_Icon_Green.png,Seltas Razorwing,8,2430,Fluid-filled wings that beat at high speeds to grant the Seltas flight.,Seltas
https://static.wikia.nocookie.net/monsterhunter/images/c/c2/MH4G-Claw_Icon_Green.png,Seltas Hardhorn,8,3240,A vicious horn that the Seltas sharpens on boulders as if whetting a blade.,Seltas
https://static.wikia.nocookie.net/monsterhunter/images/a/ad/FourthGen-Carapace_Icon_Dark_Green.png,S.Queen Cortex,8,5600,"An especially thick, iridescent carapace used in impressive Decorations.",Seltas Queen
https://static.wikia.nocookie.net/monsterhunter/images/5/53/MH4G-Monster_Parts_Icon_Dark_Green.png,S.Queen Pectus+,8,5940,Especially thick chest plating. Nearby gas holes have given it an odd aroma.,Seltas Queen
https://static.wikia.nocookie.net/monsterhunter/images/c/c0/MH4G-Claw_Icon_Dark_Green.png,S.Queen Hardclaw,8,8910,"A beefy Seltas Queen claw. Dull, but its high durability suits it for equipment.",Seltas Queen
https://static.wikia.nocookie.net/monsterhunter/images/5/53/MH4G-Monster_Parts_Icon_Dark_Green.png,S.Queen Maw,8,6320,A large jaw that opens laterally to chew through meals with ease.,Seltas Queen
https://static.wikia.nocookie.net/monsterhunter/images/5/53/MH4G-Monster_Parts_Icon_Dark_Green.png,S.Queen Moonlash,8,7080,"Large shears from the tip of the tail. Inspires servitude from Seltas, fear in humans.",Seltas Queen
https://static.wikia.nocookie.net/monsterhunter/images/a/ab/MH4G-Medicine_Icon_Dark_Green.png,D.S.QueenConcentrate,8,14000,An abnormally secreted substance acclaimed for its use in Neopteron forging.,Seltas Queen
https://static.wikia.nocookie.net/monsterhunter/images/a/ad/FourthGen-Carapace_Icon_Dark_Green.png,Hyper S.Queen Cortex,8,9510,"Darker than normal Seltas Queen shell, this tough Hyper shell emits an ominous glow.",Seltas Queen
https://static.wikia.nocookie.net/monsterhunter/images/6/61/FourthGen-Carapace_Icon_Orange.png,Barroth Carapace,6,1170,"A Barroth's carapace coated in multiple layers of mud, making it quite rigid.",Barroth
https://static.wikia.nocookie.net/monsterhunter/images/6/61/FourthGen-Carapace_Icon_Orange.png,Barroth Cortex,8,3510,A Barroth's cortex. Years' worth of mud have hardened it beyond all measure.,Barroth
https://static.wikia.nocookie.net/monsterhunter/images/f/f5/MH4G-Monster_Parts_Icon_Orange.png,Barroth Ridge+,6,1440,"A thick, sturdy part of a Barroth backplate. Mud and sunlight have helped to harden it further.",Barroth
https://static.wikia.nocookie.net/monsterhunter/images/f/f5/MH4G-Monster_Parts_Icon_Orange.png,Barroth Chine,8,4320,"The thickest part of a Barroth's backplate. Mud, sun, and age have made it rock-hard.",Barroth
https://static.wikia.nocookie.net/monsterhunter/images/4/46/MH4G-Claw_Icon_Orange.png,Barroth Claw+,6,1560,A polished claw sharpened by sand and dirt. It can dig through even the toughest earth.,Barroth
https://static.wikia.nocookie.net/monsterhunter/images/4/46/MH4G-Claw_Icon_Orange.png,Barroth Talon,8,4680,A strong claw found on only the most formidable of Barroth. It can easily dig through solid rock.,Barroth
https://static.wikia.nocookie.net/monsterhunter/images/f/f5/MH4G-Monster_Parts_Icon_Orange.png,Barroth Scalp,6,3600,This durable part of a Barroth's skull is also the hardest to remove.,Barroth
https://static.wikia.nocookie.net/monsterhunter/images/f/f5/MH4G-Monster_Parts_Icon_Orange.png,Barroth Crown,8,7200,The heavy scalp of a formidable Barroth. As hard to remove as it is durable.,Barroth
https://static.wikia.nocookie.net/monsterhunter/images/f/f5/MH4G-Monster_Parts_Icon_Orange.png,Barroth Tail,6,2160,"Barroth tails aren't very valuable, but the meat is hailed as a delicacy.",Barroth
https://static.wikia.nocookie.net/monsterhunter/images/f/f5/MH4G-Monster_Parts_Icon_Orange.png,Barroth Lash,8,4320,"A rigid tail carved from a select few Barroth. Inexpensive, but surprisingly versatile.",Barroth
https://static.wikia.nocookie.net/monsterhunter/images/c/c0/MH4G-Dung_Icon_Orange.png,Fertile Mud,6,600,Mud that Barroth roll around in. Nutrient-rich and great for farming.,Barroth
https://static.wikia.nocookie.net/monsterhunter/images/6/61/FourthGen-Carapace_Icon_Orange.png,Hyper Barroth Cortex,8,4210,"Darker than normal Barroth shell, this tough Hyper shell emits an ominous glow.",Barroth
https://static.wikia.nocookie.net/monsterhunter/images/0/0f/MH4G-Scale_Icon_Yellow.png,Uragaan Shard,8,4950,An impenetrable scale found on certain Uragaan. Formed when layers of hard ore bonded.,Uragaan
https://static.wikia.nocookie.net/monsterhunter/images/0/09/FourthGen-Carapace_Icon_Yellow.png,Uragaan Cortex,8,6690,"An especially hard Uragaan cortex. Crafting with it can be a trying task, to say the least.",Uragaan
https://static.wikia.nocookie.net/monsterhunter/images/b/b1/MH4G-Monster_Parts_Icon_Yellow.png,Uragaan Jaw+,8,7560,An exceptionally heavy Uragaan jaw. Its destructive power comes from a makeup of dense ore.,Uragaan
https://static.wikia.nocookie.net/monsterhunter/images/b/b1/MH4G-Monster_Parts_Icon_Yellow.png,Uragaan Scute+,8,8700,A highly heat-resistant Uragaan scute. Its thermal insulation promises new armor possibilities.,Uragaan
https://static.wikia.nocookie.net/monsterhunter/images/a/aa/MH4G-Mantle_Icon_Yellow.png,Uragaan Pallium,9,12750,A legendary Uragaan shell. Those who craft it rule the earth and seize the sky.,Uragaan
https://static.wikia.nocookie.net/monsterhunter/images/0/0f/MH4G-Scale_Icon_Yellow.png,Hyper Uragaan Shard,8,5940,"Darker than normal Uragaan scales, this tough Hyper scale emits an ominous glow.",Uragaan
https://static.wikia.nocookie.net/monsterhunter/images/6/63/MH4G-Scale_Icon_Brown.png,Crystalbeard Shard,9,6930,An exquisite Crystalbeard Uragaan scale. Has exceptional shock-absorbing ability.,Crystalbeard Uragaan
https://static.wikia.nocookie.net/monsterhunter/images/4/44/MH4G-Monster_Parts_Icon_Purple.png,Crystalbeard Mandible,9,10560,An exceptional Crystalbeard Uragaan jaw. Contains so much ore that it is dazzlingly bright.,Crystalbeard Uragaan
https://static.wikia.nocookie.net/monsterhunter/images/9/9d/MH4G-Ore_Icon_Purple.png,Large Treasure Nugget,9,20000,A large stone shard taken from a Crystalbeard Uragaan. Prized for the rare minerals within it.,Crystalbeard Uragaan
https://static.wikia.nocookie.net/monsterhunter/images/1/14/FourthGen-Carapace_Icon_Blue.png,Brach Cortex,8,4500,Thick cortex of a Brachydios. Its stoic beauty adds strength and dignity to equipment.,Brachydios
https://static.wikia.nocookie.net/monsterhunter/images/c/c2/MH4G-Monster_Parts_Icon_Blue.png,Fine Brach Ebonshell,8,5700,"A premium Brachydios brace. The slime coating may contain weird bacteria, so be careful.",Brachydios
https://static.wikia.nocookie.net/monsterhunter/images/c/c2/MH4G-Monster_Parts_Icon_Blue.png,Brach Crown,8,7290,A large head projection that continually produces potent slime from within.,Brachydios
https://static.wikia.nocookie.net/monsterhunter/images/0/01/MH4G-Medicine_Icon_Light_Green.png,Glowing Slime,8,3690,A highly volatile fluid used by especially savage Brachydios. Handle very carefully!,Brachydios
https://static.wikia.nocookie.net/monsterhunter/images/c/c2/MH4G-Monster_Parts_Icon_Blue.png,Brach Pounder+,8,8220,"The arm of an especially angry Brachydios. Strong and heavy, as if made of iron.",Brachydios
https://static.wikia.nocookie.net/monsterhunter/images/c/c2/MH4G-Monster_Parts_Icon_Blue.png,Brach Lash,8,9000,A strong tail that hits like a cudgel and smashes through boulders like so much dust.,Brachydios
https://static.wikia.nocookie.net/monsterhunter/images/f/f0/MH4G-Mantle_Icon_Blue.png,Brach Pallium,9,14400,A legendary Brachydios shell. Those who craft it rule the earth and seize the sky.,Brachydios
https://static.wikia.nocookie.net/monsterhunter/images/1/14/FourthGen-Carapace_Icon_Blue.png,Hyper Brach Cortex,8,5400,"Darker than normal Brachydios shell, this tough Hyper shell emits an ominous glow.",Brachydios
https://static.wikia.nocookie.net/monsterhunter/images/c/c2/MH4G-Monster_Parts_Icon_Blue.png,Brach Warhead,8,9470,A skull that rage has turned into something far worse. The pinnacle of materials.,Raging Brachydios
https://static.wikia.nocookie.net/monsterhunter/images/1/1f/MH4G-Medicine_Icon_Red.png,Flashpoint Slime,8,4790,Red Brachydios slime at its most volatile: right before an all-or-nothing attack.,Raging Brachydios
https://static.wikia.nocookie.net/monsterhunter/images/c/c2/MH4G-Monster_Parts_Icon_Blue.png,Brach Obliterator,8,10680,A violent mass that triggers blasts well beyond anything a Barrel Bomb L can do.,Raging Brachydios
https://static.wikia.nocookie.net/monsterhunter/images/f/f0/MH4G-Mantle_Icon_Blue.png,Immortal Reactor,9,18720,A hard-to-obtain Brachydios organ. Used to render slime more volatile when in peril.,Raging Brachydios
https://static.wikia.nocookie.net/monsterhunter/images/c/cb/FourthGen-Carapace_Icon_Green.png,Duramboros Cortex,8,7470,"A Duramboros cortex. This heavy, strong armor saps an opponent's will to fight.",Duramboros
https://static.wikia.nocookie.net/monsterhunter/images/4/44/MH4G-Hide_Icon_Green.png,Heavy Mossplate,8,7920,A Duramboros cortex covered in moss. Its weight and mossy shock absorber make it impenetrable.,Duramboros
https://static.wikia.nocookie.net/monsterhunter/images/b/b4/MH4G-Monster_Parts_Icon_White.png,Marbled Hump,8,12600,A quality hump found on select Duramboros. Currently being researched as a possible delicacy.,Duramboros
https://static.wikia.nocookie.net/monsterhunter/images/3/30/MH4G-Monster_Parts_Icon_Green.png,Duram Hardtail,8,9100,A rigid shell from a Duramboros's tail. Powerful and heavy enough to smash through mountains.,Duramboros
https://static.wikia.nocookie.net/monsterhunter/images/c/c2/MH4G-Claw_Icon_Green.png,Duramboros Hardhorn,8,9375,An incredibly hard Duramboros horn that somehow manages to amplify the monster's ferocity.,Duramboros
https://static.wikia.nocookie.net/monsterhunter/images/5/5f/MH4G-Ore_Icon_White.png,Durambolite,9,14000,"Legendary gem rarely produced inside a Duramboros's body. Elegant, though gloomy.",Duramboros
https://static.wikia.nocookie.net/monsterhunter/images/c/cb/FourthGen-Carapace_Icon_Green.png,Hyper Duram Cortex,8,8970,"Darker than normal Duramboros shell, this tough Hyper shell emits an ominous glow.",Duramboros
https://static.wikia.nocookie.net/monsterhunter/images/3/39/MH4G-Hide_Icon_White.png,Pearl Glosshide,8,4560,Top-quality Khezu hide. Hunters must take caution not to be enraptured by its luster.,Khezu
https://static.wikia.nocookie.net/monsterhunter/images/b/b4/MH4G-Monster_Parts_Icon_White.png,Khezu Special Cut,8,10740,An extremely high-quality cut of red Khezu flesh. ...Yuck.,Khezu
https://static.wikia.nocookie.net/monsterhunter/images/3/39/MH4G-Hide_Icon_White.png,Hyper Khezu Glosshide,8,5460,"Darker than normal Khezu hide, this tough Hyper hide emits an ominous glow.",Khezu
https://static.wikia.nocookie.net/monsterhunter/images/d/d3/MH4G-Scale_Icon_Grey.png,Nargacuga Shard,8,4200,"A tough, black Nargacuga scale. Thicker than standard scales, but still lightweight.",Nargacuga
https://static.wikia.nocookie.net/monsterhunter/images/4/40/MH4G-Hide_Icon_Grey.png,Nargacuga Blackfur+,8,5400,"A Nargacuga's highly evolved black fur. Glossy and resilient, it fends off claws and fangs.",Nargacuga
https://static.wikia.nocookie.net/monsterhunter/images/e/e8/MH4G-Monster_Parts_Icon_Grey.png,Nargacuga Lash,8,8630,A top-flight Nargacuga tail. An ideal crafting material due to its flexibility and strength.,Nargacuga
https://static.wikia.nocookie.net/monsterhunter/images/e/e8/MH4G-Monster_Parts_Icon_Grey.png,Nargacuga Tailspear,8,4500,"A first-class spike from a Nargacuga tail. Heavy and sharp, it can be shockingly deadly.",Nargacuga
https://static.wikia.nocookie.net/monsterhunter/images/e/e8/MH4G-Monster_Parts_Icon_Grey.png,Nargacuga Cutwing+,8,7650,"A stronger Nargacuga cutwing. Extra-hard, it can cleave foes in twain with a single swing.",Nargacuga
https://static.wikia.nocookie.net/monsterhunter/images/5/5c/MH4G-Claw_Icon_Grey.png,Nargacuga Hardfang,8,3900,"A highly developed Nargacuga fang. Bold and sharp, it can easily slice prey to pieces.",Nargacuga
https://static.wikia.nocookie.net/monsterhunter/images/5/55/MH4G-Mantle_Icon_Grey.png,Nargacuga Mantle,9,14200,A legendary Nargacuga scale. Those who craft it rule the earth and seize the sky.,Nargacuga
https://static.wikia.nocookie.net/monsterhunter/images/d/d3/MH4G-Scale_Icon_Grey.png,Hyper Narga Shard,8,5040,"Darker than normal Nargacuga scales, this tough Hyper scale emits an ominous glow.",Nargacuga
https://static.wikia.nocookie.net/monsterhunter/images/3/3f/MH4G-Scale_Icon_White.png,Silverwind Shard,9,5850,A Silverwind Nargacuga scale. Its quality is denoted by its flexibility and strength.,Silverwind Nargacuga
https://static.wikia.nocookie.net/monsterhunter/images/1/14/FourthGen-Hide_Icon_Dark_Blue.png,Silverwind Blackpelage,9,7560,Refined fur from a Silverwind Nargacuga. Its lightness allows swift and free movement.,Silverwind Nargacuga
https://static.wikia.nocookie.net/monsterhunter/images/4/45/FourthGen-Carapace_Icon_White.png,Barioth Carapace,6,1230,A Barioth carapace with an impressive shine. Strongly resembles an ice floe.,Barioth
https://static.wikia.nocookie.net/monsterhunter/images/4/45/FourthGen-Carapace_Icon_White.png,Barioth Cortex,8,3690,A cortex from a formidable Barioth. Surprisingly strong and impressively lightweight.,Barioth
https://static.wikia.nocookie.net/monsterhunter/images/3/39/MH4G-Hide_Icon_White.png,Barioth Pelt+,6,2220,A high-quality white pelt with a lovely texture. Nobles use it as a symbol of authority.,Barioth
https://static.wikia.nocookie.net/monsterhunter/images/3/39/MH4G-Hide_Icon_White.png,Barioth Thickfur,8,6660,Top quality white fur from a Barioth. It feels like being wrapped in angel wings.,Barioth
https://static.wikia.nocookie.net/monsterhunter/images/e/e4/MH4G-Claw_Icon_White.png,Barioth Claw+,6,2490,A claw honed in the harsh Tundra environment. It can take down prey with a single swipe.,Barioth
https://static.wikia.nocookie.net/monsterhunter/images/e/e4/MH4G-Claw_Icon_White.png,Barioth Talon,8,7470,"A strong, hard talon found on select Barioth. It can slice through hard shells like butter.",Barioth
https://static.wikia.nocookie.net/monsterhunter/images/4/46/MH4G-Claw_Icon_Orange.png,Amber Fang+,6,3550,Amber tusks sharpened by countless kills. They can smash through gigantic ice blocks.,Barioth
https://static.wikia.nocookie.net/monsterhunter/images/4/46/MH4G-Claw_Icon_Orange.png,Amber Hardfang,8,8875,"A thick, heavy tusk found on select Barioth. Strong enough to shatter almost anything.",Barioth
https://static.wikia.nocookie.net/monsterhunter/images/b/b4/MH4G-Monster_Parts_Icon_White.png,Barioth Spike,6,3240,These come in many sizes and assist the Barioth in clinging to walls of ice.,Barioth
https://static.wikia.nocookie.net/monsterhunter/images/b/b4/MH4G-Monster_Parts_Icon_White.png,Barioth Tail,8,3600,Barioth tails are covered in hard plate and surprisingly tough to sever.,Barioth
https://static.wikia.nocookie.net/monsterhunter/images/b/b4/MH4G-Monster_Parts_Icon_White.png,Barioth Lash,8,7200,"A top-quality Barioth Tail. Covered in hard plate, it requires considerable skill to remove.",Barioth
https://static.wikia.nocookie.net/monsterhunter/images/3/39/MH4G-Hide_Icon_White.png,Hyper Barioth Piel,8,7990,"Darker than normal Barioth hide, this tough Hyper hide emits an ominous glow.",Barioth
https://static.wikia.nocookie.net/monsterhunter/images/1/1c/FourthGen-Carapace_Icon_Grey.png,Basarios Carapace,6,2200,"Harder than Basarios shell, this material is also known as Gravite.",Basarios
https://static.wikia.nocookie.net/monsterhunter/images/1/1c/FourthGen-Carapace_Icon_Grey.png,Basarios Cortex,8,3960,A heavy Basarios shell encrusted with quality ore. Perfectly mimics a stone wall.,Basarios
https://static.wikia.nocookie.net/monsterhunter/images/e/e8/MH4G-Monster_Parts_Icon_Grey.png,Basarios Wing,6,3300,The wing of a Basarios. Very hard to work as a material.,Basarios
https://static.wikia.nocookie.net/monsterhunter/images/e/e8/MH4G-Monster_Parts_Icon_Grey.png,Basarios Fellwing,8,9900,"A top-grade Basarios wing. It's not great for flying, but highly sought after as material.",Basarios
https://static.wikia.nocookie.net/monsterhunter/images/9/9e/MH4G-Ore_Icon_Pink.png,Basarios Tears,6,8888,Faintly pink gems found near the tear ducts of a Basarios.,Basarios
https://static.wikia.nocookie.net/monsterhunter/images/5/55/MH4G-Mantle_Icon_Grey.png,Basarios Pallium,9,11000,A legendary Basarios shell. Those who craft it rule the earth and seize the sky.,Basarios
https://static.wikia.nocookie.net/monsterhunter/images/1/1c/FourthGen-Carapace_Icon_Grey.png,Hyper Basarios Cortex,8,4750,"Darker than normal Basarios shell, this tough Hyper shell emits an ominous glow.",Basarios
https://static.wikia.nocookie.net/monsterhunter/images/4/45/FourthGen-Carapace_Icon_White.png,Gravios Carapace,6,1880,"Harder than Gravios Shell, this material is also known as Gravite.",Gravios
https://static.wikia.nocookie.net/monsterhunter/images/4/45/FourthGen-Carapace_Icon_White.png,Gravios Cortex,6,5640,"A stout outer shell, heavier than a carapace. Also known as Mediastinum.",Gravios
https://static.wikia.nocookie.net/monsterhunter/images/b/b4/MH4G-Monster_Parts_Icon_White.png,Gravios Scalp,6,2550,A part carved from the head of a Gravios. Incredibly hard to work with.,Gravios
https://static.wikia.nocookie.net/monsterhunter/images/b/b4/MH4G-Monster_Parts_Icon_White.png,Gravios Crown,8,7650,Robust head plating whose splendid shapes are weapon- worthy already.,Gravios
https://static.wikia.nocookie.net/monsterhunter/images/b/b4/MH4G-Monster_Parts_Icon_White.png,Gravios Wing,6,2400,A hefty-looking Gravios wing. Its value is on the up due to its uses in crafting.,Gravios
https://static.wikia.nocookie.net/monsterhunter/images/b/b4/MH4G-Monster_Parts_Icon_White.png,Gravios Fellwing,8,7200,"A thick, heavy wing. The distinct webbing once full grown fetches high prices.",Gravios
https://static.wikia.nocookie.net/monsterhunter/images/8/8b/MH4G-Monster_Parts_Icon_Red.png,Gravios Medulla,7,6260,This brain stem is a precious but hard to craft Gravios part.,Gravios
https://static.wikia.nocookie.net/monsterhunter/images/d/d3/MH4G-Mantle_Icon_White.png,Gravios Pallium,9,16000,A legendary Gravios shell. Those who craft it rule the earth and seize the sky.,Gravios
https://static.wikia.nocookie.net/monsterhunter/images/4/45/FourthGen-Carapace_Icon_White.png,Hyper Gravios Cortex,8,6760,"Darker than normal Gravios shell, this tough Hyper shell emits an ominous glow.",Gravios
https://static.wikia.nocookie.net/monsterhunter/images/1/18/MH4G-Scale_Icon_Green.png,Rathian Shard,8,4410,A particularly thick Rathian scale. Its large size proves its owner's advanced age.,Rathian
https://static.wikia.nocookie.net/monsterhunter/images/c/cb/FourthGen-Carapace_Icon_Green.png,Rathian Cortex,8,5850,A Rathian shell that is heavier than the carapace. Used to reinforce parts of equipment.,Rathian
https://static.wikia.nocookie.net/monsterhunter/images/7/79/MH4G-Webbing_Icon_Green.png,Rathian Weave,8,7020,Excellent heat retention but it's so difficult to work with that it has a legendary reputation.,Rathian
https://static.wikia.nocookie.net/monsterhunter/images/3/30/MH4G-Monster_Parts_Icon_Green.png,Rathian Surspike,9,9180,Only a few of these superior spikes grow on a Rathian. It is both sharp and highly toxic.,Rathian
https://static.wikia.nocookie.net/monsterhunter/images/f/f3/MH4G-Mantle_Icon_Green.png,Rathian Mantle,9,15000,A legendary Rathian scale. Those who craft it rule the earth and seize the sky.,Rathian
https://static.wikia.nocookie.net/monsterhunter/images/c/c9/MH4G-Claw_Icon_Red.png,Rath Wingtalon+,8,5400,A powerful talon from a wyvern's wing. Hard and sharp enough to rend boulders like paper.,Rathian
https://static.wikia.nocookie.net/monsterhunter/images/1/18/MH4G-Scale_Icon_Green.png,Hyper Rathian Shard,8,5280,"Darker than normal Rathian scales, this tough Hyper scale emits an ominous glow.",Rathian
https://static.wikia.nocookie.net/monsterhunter/images/a/aa/MH4G-Scale_Icon_Purple.png,Dreadqueen Shard,9,6120,A hardened Dreadqueen Rathian scale so poisonous that it can only be handled by professionals.,Dreadqueen Rathian
https://static.wikia.nocookie.net/monsterhunter/images/1/1e/FourthGen-Carapace_Icon_Purple.png,Dreadqueen Cortex,9,8190,A hardened Dreadqueen Rathian carapace so poisonous that it can only be handled by professionals.,Dreadqueen Rathian
https://static.wikia.nocookie.net/monsterhunter/images/0/0f/MH4G-Scale_Icon_Yellow.png,G.Rathian Shard,8,6600,A thick Gold Rathian scale unlike anything seen before. Sunlight gives it an almost sacred glow.,Gold Rathian
https://static.wikia.nocookie.net/monsterhunter/images/0/09/FourthGen-Carapace_Icon_Yellow.png,G.Rathian Cortex,8,8775,A cortex carved from a Gold Rathian. All who see it gasp at its intense glow.,Gold Rathian
https://static.wikia.nocookie.net/monsterhunter/images/b/b1/MH4G-Monster_Parts_Icon_Yellow.png,G.Rath Surspike,9,12000,A poisonous spike found on Gold Rathians in rare circumstances. It can pierce through anything.,Gold Rathian
https://static.wikia.nocookie.net/monsterhunter/images/c/c7/MH4G-Medicine_Icon_Yellow.png,Firegleam Dollop,8,7500,"A shining fluid produced only in rare wyverns. Even now, it continues to boil.",Gold Rathian
https://static.wikia.nocookie.net/monsterhunter/images/0/0f/MH4G-Scale_Icon_Yellow.png,Hyper G.Rathian Shard,8,7920,"Darker than normal Gold Rathian scales, this tough Hyper scale emits an ominous glow.",Gold Rathian
https://static.wikia.nocookie.net/monsterhunter/images/2/21/MH4G-Scale_Icon_Red.png,Rathalos Shard,8,4410,A Rathalos part made of several overlapping scales. Its strength is a natural wonder.,Rathalos
https://static.wikia.nocookie.net/monsterhunter/images/9/9c/FourthGen-Carapace_Icon_Red.png,Rathalos Cortex,8,5850,A robust Rathalos shell that is harder and sturdier than the carapace.,Rathalos
https://static.wikia.nocookie.net/monsterhunter/images/8/8b/MH4G-Monster_Parts_Icon_Red.png,Rathalos Fellwing,8,7650,"A top-grade Rathalos wing, removed in full. Such majesty befits the King of the Skies.",Rathalos
https://static.wikia.nocookie.net/monsterhunter/images/8/8b/MH4G-Monster_Parts_Icon_Red.png,Rathalos Lash,8,7200,"Top-grade Rathalos tail. Strong ones like this are precious, and only used in select equipment.",Rathalos
https://static.wikia.nocookie.net/monsterhunter/images/8/81/MH4G-Mantle_Icon_Red.png,Rathalos Mantle,9,15000,A legendary Rathalos scale. Those who craft it rule the earth and seize the sky.,Rathalos
https://static.wikia.nocookie.net/monsterhunter/images/c/c9/MH4G-Claw_Icon_Red.png,Rath Wingtalon+,8,5400,A powerful talon from a wyvern's wing. Hard and sharp enough to rend boulders like paper.,Rathalos
https://static.wikia.nocookie.net/monsterhunter/images/2/21/MH4G-Scale_Icon_Red.png,Hyper Rathalos Shard,8,5280,"Darker than normal Rathalos scales, this tough Hyper scale emits an ominous glow.",Rathalos
https://static.wikia.nocookie.net/monsterhunter/images/0/09/FourthGen-Scale_Icon_Dark_Red.png,Dreadking Shard,9,6120,"A hardened Dreadking Rathalos scale so red-hot, it should only be handled by professionals.",Dreadking Rathalos
https://static.wikia.nocookie.net/monsterhunter/images/0/0f/FourthGen-Carapace_Icon_Dark_Red.png,Dreadking Cortex,9,8190,"A hardened Dreadking Rathalos shell so red-hot, it should only be handled by professionals.",Dreadking Rathalos
https://static.wikia.nocookie.net/monsterhunter/images/3/3f/MH4G-Scale_Icon_White.png,S.Rathalos Shard,8,5880,A Silver Rathalos part made of several overlapping scales. Makes for a nice accessory.,Silver Rathalos
https://static.wikia.nocookie.net/monsterhunter/images/4/45/FourthGen-Carapace_Icon_White.png,S.Rath Cortex,8,7800,"A heavy Silver Rathalos cortex. This legendary item shines like moonlight, even in darkness.",Silver Rathalos
https://static.wikia.nocookie.net/monsterhunter/images/b/b4/MH4G-Monster_Parts_Icon_White.png,S.Rath Lash,8,9000,A top-grade Silver Rathalos tail. Beauty like this is worth far more than actual silver.,Silver Rathalos
https://static.wikia.nocookie.net/monsterhunter/images/c/c7/MH4G-Medicine_Icon_Yellow.png,Firegleam Dollop,8,7500,"A shining fluid produced only in rare wyverns. Even now, it continues to boil.",Silver Rathalos
https://static.wikia.nocookie.net/monsterhunter/images/3/3f/MH4G-Scale_Icon_White.png,Hyper S.Rath. Shard,8,7920,"Darker than normal Rathalos scales, this tough Hyper scale emits an ominous glow.",Silver Rathalos
https://static.wikia.nocookie.net/monsterhunter/images/1/1f/FourthGen-Carapace_Icon_Teal.png,Zinogre Cortex,8,5850,The teal cortex of a Zinogre. The monarch's armor crushes wills with its immense power.,Zinogre
https://static.wikia.nocookie.net/monsterhunter/images/3/39/MH4G-Hide_Icon_White.png,Zinogre Electrofur+,8,4410,Zinogre fur said to store an endless amount of electricity. Shines with intense light.,Zinogre
https://static.wikia.nocookie.net/monsterhunter/images/0/0c/MH4G-Claw_Icon_Teal.png,Zinogre Hardhorn,8,7560,"A mighty Zinogre horn. None can stand before its sky-shattering, awe-inspiring power.",Zinogre
https://static.wikia.nocookie.net/monsterhunter/images/0/0c/MH4G-Claw_Icon_Teal.png,Zinogre Hardclaw,8,6300,"A rigid, high-voltage Zinogre talon. Its electrified attacks threaten all existence.",Zinogre
https://static.wikia.nocookie.net/monsterhunter/images/6/69/MH4G-Monster_Parts_Icon_Teal.png,Zinogre Lash,8,9200,A superior Zinogre tail that wields incomparable destructive power.,Zinogre
https://static.wikia.nocookie.net/monsterhunter/images/6/69/MH4G-Monster_Parts_Icon_Teal.png,Zinogre D-Shocker,8,7200,A shell with electric power that shames even lightning. Its effect on forged equipment is vast.,Zinogre
https://static.wikia.nocookie.net/monsterhunter/images/5/52/MH4G-Mantle_Icon_Teal.png,Zinogre Skymerald,9,14200,An extremely rare gem found only in select Zinogres. Proof of the overwhelming warrior.,Zinogre
https://static.wikia.nocookie.net/monsterhunter/images/1/1f/FourthGen-Carapace_Icon_Teal.png,Hyper Zinogre Cortex,8,7020,"Darker than normal Zinogre shell, this tough Hyper shell emits an ominous glow.",Zinogre
https://static.wikia.nocookie.net/monsterhunter/images/1/1c/FourthGen-Carapace_Icon_Light_Green.png,Thunderlord Cortex,9,8190,A tough Thunderlord Zinogre shell. It shines even more brilliantly than gold.,Thunderlord Zinogre
https://static.wikia.nocookie.net/monsterhunter/images/1/19/MH4G-Hide_Icon_Yellow.png,Thunderlord Boltfur,9,6120,"A fine Thunderlord Zinogre pelt that keeps its charge, so care should be taken when holding it.",Thunderlord Zinogre
https://static.wikia.nocookie.net/monsterhunter/images/7/70/MH4G-Claw_Icon_Yellow.png,Thunderlord Gleamhorn,9,10530,A high grade Thunderlord Zinogre horn. It shines even more brilliantly than gold.,Thunderlord Zinogre
https://static.wikia.nocookie.net/monsterhunter/images/6/6e/MH4G-Scale_Icon_Dark_Green.png,Astalos Shard,8,4680,"A high quality scale carved from an Astalos. Looks tough, but is actually quite flexible.",Astalos
https://static.wikia.nocookie.net/monsterhunter/images/a/ad/FourthGen-Carapace_Icon_Dark_Green.png,Heavy Astalos Shell,8,5220,The spiny shell of an Astalos that covers it like armor. Try to keep a safe distance!,Astalos
https://static.wikia.nocookie.net/monsterhunter/images/5/5d/MH4G-Webbing_Icon_Light_Green.png,Astalos Wingmembrane,8,7560,High quality wing membrane. Pulses green and continues to conduct electricity.,Astalos
https://static.wikia.nocookie.net/monsterhunter/images/c/c0/MH4G-Claw_Icon_Dark_Green.png,Astalos Wingripper,8,6480,"A sharp Astalos wingtalon, capable of cutting through its prey with just a touch.",Astalos
https://static.wikia.nocookie.net/monsterhunter/images/a/ad/FourthGen-Carapace_Icon_Dark_Green.png,Heavy Astalos Crest+,8,9000,A special highly-conductive material pulsing with electricity taken from an Astalos head.,Astalos
https://static.wikia.nocookie.net/monsterhunter/images/5/53/MH4G-Monster_Parts_Icon_Dark_Green.png,Astalos Scissortailblade,8,7200,The scissors-shaped tail of an Astalos. Watch out for its dangerously high voltage.,Astalos
https://static.wikia.nocookie.net/monsterhunter/images/1/1c/FourthGen-Carapace_Icon_Light_Green.png,Boltscale,8,5850,"An Astalos scale that bristles with electricity, even after being separated from its body.",Astalos
https://static.wikia.nocookie.net/monsterhunter/images/c/cc/MH4G-Mantle_Icon_Dark_Green.png,Astalos Mantle,9,14550,A legendary Astalos scale. Those who craft it rule the earth and seize the sky.,Astalos
https://static.wikia.nocookie.net/monsterhunter/images/6/6e/MH4G-Scale_Icon_Dark_Green.png,Hyper Astalos Shard,8,5610,"Darker than normal Astalos scales, this Hyper scale emits a steady, ominous glow.",Astalos
https://static.wikia.nocookie.net/monsterhunter/images/9/99/MH4G-Scale_Icon_Teal.png,Boltreaver Shard,9,6550,"A Boltreaver Astalos scale, whose rigidity and amazing ductility make it highly coveted.",Boltreaver Astalos
https://static.wikia.nocookie.net/monsterhunter/images/1/1f/FourthGen-Carapace_Icon_Teal.png,Heavy Boltreaver Shell,9,7300,This Boltreaver Astalos shell is so sharp it should only be handled by professionals.,Boltreaver Astalos
https://static.wikia.nocookie.net/monsterhunter/images/6/69/MH4G-Monster_Parts_Icon_Teal.png,Boltreaver Electric Barb,9,9490,A Boltreaver Astalos barb that can withstand immense electrical currents.,Boltreaver Astalos
https://static.wikia.nocookie.net/monsterhunter/images/1/14/FourthGen-Hide_Icon_Dark_Blue.png,Gammoth Fur,8,4140,This fine Gammoth fur boasts both weatherproof durability and luxuriant suppleness.,Gammoth
https://static.wikia.nocookie.net/monsterhunter/images/7/78/FourthGen-Carapace_Icon_Brown.png,Gammoth Cortex,8,7020,The shock absorption qualities of this tough Gammoth shell can take a craftsman's breath away.,Gammoth
https://static.wikia.nocookie.net/monsterhunter/images/0/05/MH4G-Claw_Icon_Brown.png,Gammoth Hardfang,8,8100,This weighty Gammoth fang can destroy an eye-opening array of materials without a scratch.,Gammoth
https://static.wikia.nocookie.net/monsterhunter/images/0/0e/FourthGen-Monster_Parts_Icon_Dark_Blue.png,Trunkspine+,8,3660,A hard spine taken from the trunk of a Gammoth. So sharp it can be used to drill through solid rock.,Gammoth
https://static.wikia.nocookie.net/monsterhunter/images/5/5f/MH4G-Ore_Icon_White.png,Giant Snowclod,8,4770,A huge clump of the snow that protects a Gammoth's legs. It's surprisingly sturdy.,Gammoth
https://static.wikia.nocookie.net/monsterhunter/images/9/96/MH4G-Mantle_Icon_Brown.png,Gammoth Pallium,9,14550,A legendary Gammoth shell. Those who craft it rule the earth and seize the sky.,Gammoth
https://static.wikia.nocookie.net/monsterhunter/images/1/14/FourthGen-Hide_Icon_Dark_Blue.png,Hyper Gammoth Fur X,8,4950,"Darker than normal Gammoth fur, this Hyper fur emits a steady, ominous glow.",Gammoth
https://static.wikia.nocookie.net/monsterhunter/images/3/39/MH4G-Hide_Icon_White.png,Elderfrost Pelt,9,5795,"Hugely stout and supple to match, this Elderfrost Gammoth pelt is a great material to work with.",Elderfrost Gammoth
https://static.wikia.nocookie.net/monsterhunter/images/4/45/FourthGen-Carapace_Icon_White.png,Elderfrost Cortex,9,9825,This Elderfrost Gammoth shell won't let anything or anyone near you. Peerless strength.,Elderfrost Gammoth
https://static.wikia.nocookie.net/monsterhunter/images/b/b4/MH4G-Monster_Parts_Icon_White.png,Elderfrost Trunkspine,9,5120,A spine taken from the trunk of an Elderfrost Gammoth. Artisans would kill to work with it.,Elderfrost Gammoth
https://static.wikia.nocookie.net/monsterhunter/images/3/3f/MH4G-Scale_Icon_White.png,Mizutsune Shard,8,4950,A top-quality Mizutsune scale. Its glossy appearance belies a surprising toughness.,Mizutsune
https://static.wikia.nocookie.net/monsterhunter/images/f/f5/FourthGen-Hide_Icon_Dark_Purple.png,Mizutsune Purplefell,8,4410,Luxuriant purple fur of great toughness. Works amazingly with bubblefoam.,Mizutsune
https://static.wikia.nocookie.net/monsterhunter/images/3/3e/FourthGen-Claw_Icon_Dark_Purple.png,Mizutsune Hardclaw,8,8640,"A Mizutsune claw of unparalleled hardness, able to pierce any enemy.",Mizutsune
https://static.wikia.nocookie.net/monsterhunter/images/8/8b/MH4G-Monster_Parts_Icon_Red.png,Mizutsune Silkfin,8,7200,A fin so beautiful it wouldn't look out of place as a sacred raiment in a ritual dance.,Mizutsune
https://static.wikia.nocookie.net/monsterhunter/images/8/88/FourthGen-Monster_Parts_Icon_Dark_Purple.png,Purple Mizutsune Tail,8,4320,This flowing Mizutsune tail whose lush fur and gorgeous scales make it a top dance accessory.,Mizutsune
https://static.wikia.nocookie.net/monsterhunter/images/5/53/MH4G-Medicine_Icon_Purple.png,Distilled Bubblefoam,8,4500,"The top layer of a Mizutsune's fluid, strained and distilled to the highest purity.",Mizutsune
https://static.wikia.nocookie.net/monsterhunter/images/2/27/MH4G-Mantle_Icon_Pink.png,Mizutsune Pallium,9,14550,A legendary Mizutsune scale. Those who craft it rule the earth and seize the sky.,Mizutsune
https://static.wikia.nocookie.net/monsterhunter/images/3/3f/MH4G-Scale_Icon_White.png,Hyper Mizutsune Scale X,8,5940,"Darker than normal Mizutsune scales, this Hyper scale emits a steady, ominous glow.",Mizutsune
https://static.wikia.nocookie.net/monsterhunter/images/3/3f/MH4G-Scale_Icon_White.png,Soulseer Shard,9,6930,A Soulseer Mizutsune scale. Those who gaze on its polished surface will find their way once more.,Soulseer Mizutsune
https://static.wikia.nocookie.net/monsterhunter/images/f/f5/FourthGen-Hide_Icon_Dark_Purple.png,Soulseer Purplehide,9,6170,A beautiful Soulseer Mizutsune pelt. One stroke of its soft fur is enough to bring calm.,Soulseer Mizutsune
https://static.wikia.nocookie.net/monsterhunter/images/b/be/FourthGen-Monster_Parts_Icon_Dark_Red.png,Soulseer Tail,9,6045,Those who touch this Soulseer Mizutsune tail are captivated by its loveliness. A priceless article.,Soulseer Mizutsune
https://static.wikia.nocookie.net/monsterhunter/images/2/21/MH4G-Scale_Icon_Red.png,Glavenus Shard,8,4950,A Glavenus scale whose heat resistance and protection could probably withstand hellfire.,Glavenus
https://static.wikia.nocookie.net/monsterhunter/images/a/ac/FourthGen-Carapace_Icon_Dark_Blue.png,Glavenus Cortex,8,7020,"The tough shell of a Glavenus. When forged to its limit, it makes completely impenetrable armor.",Glavenus
https://static.wikia.nocookie.net/monsterhunter/images/7/7f/FourthGen-Claw_Icon_Dark_Blue.png,Glavenus Hardfang,8,7920,This Glavenus fang is so hard and sharp that it can crunch through anything unscathed.,Glavenus
https://static.wikia.nocookie.net/monsterhunter/images/a/ac/FourthGen-Carapace_Icon_Dark_Blue.png,Glavenus Hellshell,8,6750,"A shell that resembles flickering flames. One touch will reduce you to ash, so handle with care.",Glavenus
https://static.wikia.nocookie.net/monsterhunter/images/0/0e/FourthGen-Monster_Parts_Icon_Dark_Blue.png,Glavenus Tailedge,8,8400,"The tailblade of a Glavenus. So sharp, anything in its path will be cleaved in two.",Glavenus
https://static.wikia.nocookie.net/monsterhunter/images/1/15/MH4G-Sac_Icon_Red.png,Molten Bursa,8,6300,"A fully-developed bursa carved from a strong Glavenus. Can't even be lightly scorched, ever.",Glavenus
https://static.wikia.nocookie.net/monsterhunter/images/8/81/MH4G-Mantle_Icon_Red.png,Glavenus Pallium,9,14550,A legendary Glavenus scale. Those who craft it rule the earth and seize the sky.,Glavenus
https://static.wikia.nocookie.net/monsterhunter/images/2/21/MH4G-Scale_Icon_Red.png,Hyper Glavenus Scale X,8,5940,"Darker than normal Glavenus scales, this Hyper scale emits a steady, ominous glow.",Glavenus
https://static.wikia.nocookie.net/monsterhunter/images/0/09/FourthGen-Scale_Icon_Dark_Red.png,Hellblade Shard,9,6930,A Hellblade Glavenus scale. A thoughtless slip with it will reduce the surrounding land to rubble.,Hellblade Glavenus
https://static.wikia.nocookie.net/monsterhunter/images/0/0f/FourthGen-Carapace_Icon_Dark_Red.png,Hellblade Cortex,9,9180,"A hard Hellblade Glavenus shell. Handled carelessly, it can reduce the world to eternal wasteland.",Hellblade Glavenus
https://static.wikia.nocookie.net/monsterhunter/images/0/0f/MH4G-Scale_Icon_Yellow.png,Tigrex Shard,8,4680,A thick Tigrex scale. Made to withstand both the searing heat and the shivering cold.,Tigrex
https://static.wikia.nocookie.net/monsterhunter/images/0/09/FourthGen-Carapace_Icon_Yellow.png,Tigrex Cortex,8,6750,A heavy Tigrex shell. Even the terrible forces of nature cannot penetrate it.,Tigrex
https://static.wikia.nocookie.net/monsterhunter/images/b/b1/MH4G-Monster_Parts_Icon_Yellow.png,Tigrex Lash,8,7500,A top-grade tail from a violent Tigrex. Requires a veteran artisan's skill and experience.,Tigrex
https://static.wikia.nocookie.net/monsterhunter/images/7/70/MH4G-Claw_Icon_Yellow.png,Tigrex Hardclaw,8,6300,A highly durable Tigrex claw. Tempered by the flesh and blood of its prey.,Tigrex
https://static.wikia.nocookie.net/monsterhunter/images/7/70/MH4G-Claw_Icon_Yellow.png,Tigrex Hardfang,8,5400,"A thick, large Tigrex fang that tore prey into unrecognizable pieces.",Tigrex
https://static.wikia.nocookie.net/monsterhunter/images/a/aa/MH4G-Mantle_Icon_Yellow.png,Tigrex Mantle,9,15000,A phantasmal scale of a Tigrex. Those who craft it rule the earth and seize the sky.,Tigrex
https://static.wikia.nocookie.net/monsterhunter/images/0/0f/MH4G-Scale_Icon_Yellow.png,Hyper Tigrex Scale X,8,5610,"Darker than normal Tigrex scales, this Hyper scale emits a steady, ominous glow.",Tigrex
https://static.wikia.nocookie.net/monsterhunter/images/7/73/MH4G-Scale_Icon_Blue.png,Grimclaw Shard,9,6570,A scale from a Grimclaw Tigrex. Even the dark inner layers are exceptionally hard.,Grimclaw Tigrex
https://static.wikia.nocookie.net/monsterhunter/images/1/14/FourthGen-Carapace_Icon_Blue.png,Grimclaw Cortex,9,9450,You can see the blue blood vessels pulsating violently on the shell's exterior.,Grimclaw Tigrex
https://static.wikia.nocookie.net/monsterhunter/images/7/7f/FourthGen-Claw_Icon_Dark_Blue.png,Grimclaw Hardclaw,9,8820,This high-quality Grimclaw Tigrex claw is the embodiment of ferocity.,Grimclaw Tigrex
https://static.wikia.nocookie.net/monsterhunter/images/0/0f/MH4G-Scale_Icon_Yellow.png,Seregios Slavescale+,8,4410,A sharp scale that stands on end as its master angers and rips prey to awful pieces.,Seregios
https://static.wikia.nocookie.net/monsterhunter/images/0/0f/MH4G-Scale_Icon_Yellow.png,Seregios Airblade,8,5850,One of a seemingly limitless supply of wild blades shot at any who dare approach.,Seregios
https://static.wikia.nocookie.net/monsterhunter/images/7/70/MH4G-Claw_Icon_Yellow.png,Seregios Carver+,8,7650,"Hooked talons that strike like lightning, sharp enough to rend the very air.",Seregios
https://static.wikia.nocookie.net/monsterhunter/images/b/b1/MH4G-Monster_Parts_Icon_Yellow.png,Seregios Impaler+,8,7200,"A spear-like tail so hard and sharp, it passes through prey as if they were air.",Seregios
https://static.wikia.nocookie.net/monsterhunter/images/7/70/MH4G-Claw_Icon_Yellow.png,Seregios Breacher+,8,6300,"A sharp, robust horn with ripples as lovely as those in the most famed blades.",Seregios
https://static.wikia.nocookie.net/monsterhunter/images/7/70/MH4G-Claw_Icon_Yellow.png,Seregios Scraper+,8,5400,A sharp wing talon. This fine specimen is as good a material as a hindleg claw.,Seregios
https://static.wikia.nocookie.net/monsterhunter/images/a/aa/MH4G-Mantle_Icon_Yellow.png,Seregios Lens,9,15000,A rare pearl formed inside the body. Said to reveal invisible truths.,Seregios
https://static.wikia.nocookie.net/monsterhunter/images/0/0f/MH4G-Scale_Icon_Yellow.png,Hyper Seregios Scale X,8,5280,"Darker than normal Seregios scales, this Hyper scale emits a steady, ominous glow.",Seregios
https://static.wikia.nocookie.net/monsterhunter/images/7/78/FourthGen-Carapace_Icon_Brown.png,Diablos Carapace,6,1950,A sturdy Diablos carapace. Even harder than a normal Diablos Shell.,Diablos
https://static.wikia.nocookie.net/monsterhunter/images/7/78/FourthGen-Carapace_Icon_Brown.png,Diablos Cortex,8,5850,"The rigid cortex of a Diablos, both harder and sturdier than its carapace.",Diablos
https://static.wikia.nocookie.net/monsterhunter/images/7/7b/MH4G-Monster_Parts_Icon_Brown.png,Diablos Ridge+,6,4020,The hardest part of a Diablos's backplate. Very difficult to carve off.,Diablos
https://static.wikia.nocookie.net/monsterhunter/images/7/7b/MH4G-Monster_Parts_Icon_Brown.png,Diablos Chine,8,7500,"Tough Diablos backplate, strengthened by burning sands. An ideal material for armor.",Diablos
https://static.wikia.nocookie.net/monsterhunter/images/0/05/MH4G-Claw_Icon_Brown.png,Twisted Horn,6,2400,A twisted Diablos horn. Used in this region for many (less twisted) purposes.,Diablos
https://static.wikia.nocookie.net/monsterhunter/images/0/05/MH4G-Claw_Icon_Brown.png,Majestic Horn,6,7200,A twisted Diablos horn in great shape. Use it to make more powerful weapons.,Diablos
https://static.wikia.nocookie.net/monsterhunter/images/0/05/MH4G-Claw_Icon_Brown.png,Diablos Hardhorn,9,11520,An especially elegant Diablos horn with almost perfect shape. An extremely rare material.,Diablos
https://static.wikia.nocookie.net/monsterhunter/images/0/05/MH4G-Claw_Icon_Brown.png,Diablos Fang,6,1950,"A large, sturdy fang used in everything from weapons to ornaments.",Diablos
https://static.wikia.nocookie.net/monsterhunter/images/7/7b/MH4G-Monster_Parts_Icon_Brown.png,Diablos Tailcase,6,3840,An armored tailcase that puts iron hammers to shame. This material is a keeper.,Diablos
https://static.wikia.nocookie.net/monsterhunter/images/7/7b/MH4G-Monster_Parts_Icon_Brown.png,Diablos Tailcase+,8,7680,A tailcase heavy enough to bend a steel hammer. Unimaginably powerful.,Diablos
https://static.wikia.nocookie.net/monsterhunter/images/8/8b/MH4G-Monster_Parts_Icon_Red.png,Blos Medulla,7,6300,"A rare medulla. Difficult to remove, but of great interest to researchers.",Diablos
https://static.wikia.nocookie.net/monsterhunter/images/7/78/FourthGen-Carapace_Icon_Brown.png,Hyper Diablos Cortex,8,7020,"Darker than normal Diablos shell, this Hyper shell emits a steady, ominous glow.",Diablos
https://static.wikia.nocookie.net/monsterhunter/images/a/ac/FourthGen-Carapace_Icon_Dark_Blue.png,Bloodbath Cortex,9,8190,A Bloodbath Diablos hard outer shell. It wears the scars of previous battles with honor.,Bloodbath Diablos
https://static.wikia.nocookie.net/monsterhunter/images/0/0e/FourthGen-Monster_Parts_Icon_Dark_Blue.png,Bloodbath Chine,9,10500,A Bloodbath Diablos carapace. Tempered thoroughly by the blows of brave warriors.,Bloodbath Diablos
https://static.wikia.nocookie.net/monsterhunter/images/7/71/FourthGen-Claw_Icon_Dark_Red.png,Bloodbath Grimhorn,9,10800,A Bloodbath Diablos horn. Vile enough to recall the tragedies the beast has caused.,Bloodbath Diablos
https://static.wikia.nocookie.net/monsterhunter/images/d/d3/MH4G-Scale_Icon_Grey.png,Gore Magala Shard,8,3870,"A quality scale whose jet black, lusterless surface bewitches unwary beholders.",Gore Magala
https://static.wikia.nocookie.net/monsterhunter/images/1/1c/FourthGen-Carapace_Icon_Grey.png,Gore Magala Cortex,8,3450,"A heavy, dark carapace which offers solid equipment, but no guarantees of sanity.",Gore Magala
https://static.wikia.nocookie.net/monsterhunter/images/e/e8/MH4G-Monster_Parts_Icon_Grey.png,Gore Magala Eclipse,8,6300,"Calamitous wings that go unseen in the night, sowing disease and reaping death.",Gore Magala
https://static.wikia.nocookie.net/monsterhunter/images/5/5c/MH4G-Claw_Icon_Grey.png,Gore Magala Shredder,8,4740,"A grotesque claw that sows madness. Some Smithies shun it, fearing infection.",Gore Magala
https://static.wikia.nocookie.net/monsterhunter/images/e/e8/MH4G-Monster_Parts_Icon_Grey.png,Gore Magala Lash,8,3300,A black tail covered in sharp inverted scales that shred prey at a stroke.,Gore Magala
https://static.wikia.nocookie.net/monsterhunter/images/5/55/MH4G-Mantle_Icon_Grey.png,Gore Magala Mantle,9,12000,A scale considered unfind- able. Equipment made with it yields superhuman power.,Gore Magala
https://static.wikia.nocookie.net/monsterhunter/images/5/5c/MH4G-Claw_Icon_Grey.png,Gore Magala Sensor,8,6300,A large horn that pulses purple -- an ill omen that made this a forbidden spoil.,Gore Magala
https://static.wikia.nocookie.net/monsterhunter/images/d/d3/MH4G-Scale_Icon_Grey.png,Hyper G.Magala Scale X,8,4650,"Darker than normal Gore Magala scales, this Hyper scale emits a steady, ominous glow.",Gore Magala
https://static.wikia.nocookie.net/monsterhunter/images/d/d3/MH4G-Scale_Icon_Grey.png,Chaos Scale,8,5030,A shape-shifting scale whose jet-black cornified layer has turned a golden white.,Chaotic Gore Magala
https://static.wikia.nocookie.net/monsterhunter/images/5/5c/MH4G-Claw_Icon_Grey.png,Diametrical Horn,8,8190,A sensory organ full of golden fibers that squeaks eerily as it hardens.,Chaotic Gore Magala
https://static.wikia.nocookie.net/monsterhunter/images/e/e8/MH4G-Monster_Parts_Icon_Grey.png,Antinomic Wing,8,8190,A strange harmony between darkness and rainbow light peeking between the bones.,Chaotic Gore Magala
https://static.wikia.nocookie.net/monsterhunter/images/d/d3/MH4G-Scale_Icon_Grey.png,Contary Scale,9,15600,A scale with a mix of white and black that seem to be trying to devour each other.,Chaotic Gore Magala
https://static.wikia.nocookie.net/monsterhunter/images/3/3f/MH4G-Scale_Icon_White.png,S.Magala Shard,8,4950,"An especially thick, white scale. Fully matured, it boasts wall-like resistance.",Shagaru Magala
https://static.wikia.nocookie.net/monsterhunter/images/4/45/FourthGen-Carapace_Icon_White.png,S.Magala Cortex,8,4500,Impregnable armor. It is said humankind possesses no means of breaching it.,Shagaru Magala
https://static.wikia.nocookie.net/monsterhunter/images/b/b4/MH4G-Monster_Parts_Icon_White.png,S.Magala Lightwing,8,8190,A divine wing that guides the living toward both prosperity and ruin.,Shagaru Magala
https://static.wikia.nocookie.net/monsterhunter/images/e/e4/MH4G-Claw_Icon_White.png,S.Magala Purifier,8,6150,A Shagaru Magala claw in its hardest form. Proof of the beast's death and rebirth.,Shagaru Magala
https://static.wikia.nocookie.net/monsterhunter/images/b/b4/MH4G-Monster_Parts_Icon_White.png,S.Magala Lash,8,8580,A strong tail with inverted scales. Its pure white color is proof of its fine quality.,Shagaru Magala
https://static.wikia.nocookie.net/monsterhunter/images/d/d3/MH4G-Mantle_Icon_White.png,S.Magala Mantle,9,15000,A white scale believed lost. It can be used to create gear with superhuman power.,Shagaru Magala
https://static.wikia.nocookie.net/monsterhunter/images/e/e4/MH4G-Claw_Icon_White.png,S.Magala Hardhorn,8,9000,A Shagaru Magala horn. These are said to withstand the test of time and never decay.,Shagaru Magala
https://static.wikia.nocookie.net/monsterhunter/images/7/70/MH4G-Claw_Icon_Yellow.png,Rajang Hardhorn,8,8000,"A large, majestic golden horn. All who see it feel the over- whelming bravery of its owner.",Rajang
https://static.wikia.nocookie.net/monsterhunter/images/7/70/MH4G-Claw_Icon_Yellow.png,Rajang Hardfang,8,6750,A Rajang fang that cuts through anything. A prey's life vanishes in an instant once caught.,Rajang
https://static.wikia.nocookie.net/monsterhunter/images/4/40/MH4G-Hide_Icon_Grey.png,Rajang Wildpelt,8,5700,"A wild set of fur from a Rajang. When forged, the jet-black fur causes the wearer to rage.",Rajang
https://static.wikia.nocookie.net/monsterhunter/images/5/5c/MH4G-Claw_Icon_Grey.png,Rajang Hardclaw,8,7500,A hard Rajang claw that's taken a multitude of lives in a manner best left unsaid.,Rajang
https://static.wikia.nocookie.net/monsterhunter/images/1/19/MH4G-Hide_Icon_Yellow.png,Gold Rajang Pelt+,8,15000,A golden pelt that shimmers with the same furious power as a Rajang.,Rajang
https://static.wikia.nocookie.net/monsterhunter/images/4/40/MH4G-Hide_Icon_Grey.png,Hyper Rajang Fur X,8,8190,"Darker than normal Rajang fur, this Hyper fur emits a steady, ominous glow.",Rajang
https://static.wikia.nocookie.net/monsterhunter/images/1/19/MH4G-Hide_Icon_Yellow.png,Rajang Apoplexy,8,8550,"A long mane which still bristles with rage. The hairs are fine, but robust.",Furious Rajang
https://static.wikia.nocookie.net/monsterhunter/images/8/8b/MH4G-Monster_Parts_Icon_Red.png,Rajang Heart,9,12000,A symbol of flesh-searing rage that releases massive power with every beat.,Furious Rajang
https://static.wikia.nocookie.net/monsterhunter/images/7/70/MH4G-Claw_Icon_Yellow.png,Ghoulish Gold Gorer,8,30000,A golden horn that seethes with rage even now. Not to be touched with bare hands.,Furious Rajang
https://static.wikia.nocookie.net/monsterhunter/images/6/6e/MH4G-Scale_Icon_Dark_Green.png,Deviljho Shard,8,6300,"A heavy, high-quality Deviljho scale. Rumored to be bad luck, but is excellent material.",Deviljho
https://static.wikia.nocookie.net/monsterhunter/images/1/14/MH4G-Hide_Icon_Dark_Green.png,Deviljho Blackpiel,8,5400,Thick hide taken from a violent Deviljho. Especially slimy and difficult to forge with.,Deviljho
https://static.wikia.nocookie.net/monsterhunter/images/c/c0/MH4G-Claw_Icon_Dark_Green.png,Deviljho Hardfang,8,8940,"A massive fang that tears, crushes, and grinds prey without mercy.",Deviljho
https://static.wikia.nocookie.net/monsterhunter/images/c/c0/MH4G-Claw_Icon_Dark_Green.png,Deviljho Ripper,8,6300,"An incredibly sharp, rigid talon. Even experienced handlers can be injured if not careful.",Deviljho
https://static.wikia.nocookie.net/monsterhunter/images/5/53/MH4G-Monster_Parts_Icon_Dark_Green.png,Deviljho Flail,8,9200,A large slab of a Deviljho's leech-like tail. Even so-called experts are shocked by it.,Deviljho
https://static.wikia.nocookie.net/monsterhunter/images/c/cc/MH4G-Mantle_Icon_Dark_Green.png,Deviljho Crook,9,15000,An unsettling scale that became warped as it absorbed the hate of the Deviljho's various prey.,Deviljho
https://static.wikia.nocookie.net/monsterhunter/images/6/6e/MH4G-Scale_Icon_Dark_Green.png,Hyper Deviljho Scale X,8,7560,"Darker than normal Deviljho scales, this Hyper scale emits a steady, ominous glow.",Deviljho
https://static.wikia.nocookie.net/monsterhunter/images/4/40/MH4G-Hide_Icon_Grey.png,Bloodied Ebonhide,8,10410,A hide bloodied and battered from ceaseless hunts that give it no time to dry.,Savage Deviljho
https://static.wikia.nocookie.net/monsterhunter/images/c/c0/MH4G-Claw_Icon_Dark_Green.png,Vile Fang,8,8940,"A massive, overgrown fang that can chomp through anything. Filled with pure evil.",Savage Deviljho
https://static.wikia.nocookie.net/monsterhunter/images/3/39/MH4G-Hide_Icon_White.png,Kirin Finehide,8,9750,Beautiful Kirin hide that hunters can only fantasize of obtaining.,Kirin
https://static.wikia.nocookie.net/monsterhunter/images/b/b4/MH4G-Monster_Parts_Icon_White.png,Platinum Mane,8,15620,Kirin mane that sparkles like platinum. It shimmers when kissed by the wind. Priceless.,Kirin
https://static.wikia.nocookie.net/monsterhunter/images/b/b4/MH4G-Monster_Parts_Icon_White.png,Kirin Thunderlash,8,10000,The highly rare tail of Kirin. The electricity stored within causes it to glimmer.,Kirin
https://static.wikia.nocookie.net/monsterhunter/images/a/a4/MH4G-Claw_Icon_Blue.png,Kirin Azure Peak,8,13500,A dangerous horn containing the charge of the thousand bolts that struck it.,Kirin
https://static.wikia.nocookie.net/monsterhunter/images/1/1c/FourthGen-Carapace_Icon_Grey.png,Daora Cortex,8,7800,The repeated molting of skin has made this shell near impregnable.,Kushala Daora
https://static.wikia.nocookie.net/monsterhunter/images/d/d3/MH4G-Scale_Icon_Grey.png,Daora Shard,8,9750,A thick scale from Kushala Daora. The winters have made it strong and cold to the touch.,Kushala Daora
https://static.wikia.nocookie.net/monsterhunter/images/e/e8/MH4G-Monster_Parts_Icon_Grey.png,Daora Fellwing,8,16000,"A curious wing that's strong as steel, but soft to the touch. Highly sought after material.",Kushala Daora
https://static.wikia.nocookie.net/monsterhunter/images/5/5c/MH4G-Claw_Icon_Grey.png,Daora Hardhorn,8,18000,"A hard, ferocious horn that engulfs everything in a freezing wind on impact.",Kushala Daora
https://static.wikia.nocookie.net/monsterhunter/images/e/e8/MH4G-Monster_Parts_Icon_Grey.png,Daora Lash,8,17500,"The durable tail of Kushala Daora. As strong as any storm, but flexible as well.",Kushala Daora
https://static.wikia.nocookie.net/monsterhunter/images/5/5c/MH4G-Claw_Icon_Grey.png,Daora Hardclaw,8,13750,A robust claw one might mistake for steel. Enhances equipment capabilities.,Kushala Daora
https://static.wikia.nocookie.net/monsterhunter/images/7/75/MH4G-Ball_Icon_Purple.png,Lrg Elder Dragon Gem,9,18000,"A giant, ultra-rare stone that forms inside an Elder Dragon once in a millennium.",Kushala Daora
https://static.wikia.nocookie.net/monsterhunter/images/c/c6/MH4G-Hide_Icon_Purple.png,Chameleos Finehide,8,9500,Top-grade Chameleos hide. Its strange texture calms the soul of those who touch it.,Chameleos
https://static.wikia.nocookie.net/monsterhunter/images/7/7c/MH4G-Claw_Icon_Purple.png,Chameleos Hardhorn,8,22250,A super-hard horn that refracts light. A highly sought commodity.,Chameleos
https://static.wikia.nocookie.net/monsterhunter/images/7/7c/MH4G-Claw_Icon_Purple.png,Chameleos Hardclaw,8,23520,A tough Chameleos claw. Its slender sharpness and strength make it an exceptional weapon.,Chameleos
https://static.wikia.nocookie.net/monsterhunter/images/4/44/MH4G-Monster_Parts_Icon_Purple.png,Chameleos Fellwing,8,14620,"A top-grade Chameleos wing. The strong, firm frame makes it invaluable as material.",Chameleos
https://static.wikia.nocookie.net/monsterhunter/images/4/44/MH4G-Monster_Parts_Icon_Purple.png,Chameleos Lash,8,17620,"The tough, hard tail of Chameleos. The unique texture makes for excellent material.",Chameleos
https://static.wikia.nocookie.net/monsterhunter/images/7/75/MH4G-Ball_Icon_Purple.png,Lrg Elder Dragon Gem,9,18000,"A giant, ultra-rare stone that forms inside an Elder Dragon once in a millennium.",Chameleos
https://static.wikia.nocookie.net/monsterhunter/images/9/9c/FourthGen-Carapace_Icon_Red.png,Teostra Cortex,8,9000,Merely looking upon this heavy shell is enough to shatter the hearts of hardened warriors.,Teostra
https://static.wikia.nocookie.net/monsterhunter/images/8/8b/MH4G-Monster_Parts_Icon_Red.png,Teostra Lash,8,17750,The stone-hard tail of Teostra. A lash from this tail unleashes unimaginable explosions.,Teostra
https://static.wikia.nocookie.net/monsterhunter/images/c/c9/MH4G-Claw_Icon_Red.png,Teostra Hardhorn,8,22000,A majestic horn that commands all who gaze upon it to bend the knee.,Teostra
https://static.wikia.nocookie.net/monsterhunter/images/2/21/MH4G-Scale_Icon_Red.png,Flame Shard,8,9250,The highest quality scale from Teostra. Hunters can only dream of finding one.,Teostra
https://static.wikia.nocookie.net/monsterhunter/images/c/c9/MH4G-Claw_Icon_Red.png,Fire Dragon Hardclaw,8,13250,"A hard, fiery Teostra claw. It causes anything it scratches to burst into flames.",Teostra
https://static.wikia.nocookie.net/monsterhunter/images/7/75/MH4G-Ball_Icon_Purple.png,Lrg Elder Dragon Gem,9,18000,"A giant, ultra-rare stone that forms inside an Elder Dragon once in a millennium.",Teostra
https://static.wikia.nocookie.net/monsterhunter/images/f/f0/MH4G-Ore_Icon_Light_Blue.png,Great Wyvern Crystal,8,12900,A mysterious crystal of light and dark spirits. The owner is said to gain godlike powers.,Akantor
https://static.wikia.nocookie.net/monsterhunter/images/d/d3/MH4G-Scale_Icon_Grey.png,Akantor Shard,8,10680,A splendid scale with a faint glow. Requires cooling after all that time in lava.,Akantor
https://static.wikia.nocookie.net/monsterhunter/images/1/1c/FourthGen-Carapace_Icon_Grey.png,Akantor Cortex,8,13950,Bulky plating with a faint glow. Deters most attacks and repels the rest.,Akantor
https://static.wikia.nocookie.net/monsterhunter/images/e/e8/MH4G-Monster_Parts_Icon_Grey.png,Akantor Flail,8,20000,A barbed tail that razes the earth and knocks the fight right out of prey.,Akantor
https://static.wikia.nocookie.net/monsterhunter/images/5/5c/MH4G-Claw_Icon_Grey.png,Akantor Shredtalon,8,14250,An earth-shredding claw that destroys anything caught in the Akantor's charge.,Akantor
https://static.wikia.nocookie.net/monsterhunter/images/5/5c/MH4G-Claw_Icon_Grey.png,Akantor Greatfang,8,21250,One of a pair of towering fangs. The hard base makes it ideal equipment material.,Akantor
https://static.wikia.nocookie.net/monsterhunter/images/e/e8/MH4G-Monster_Parts_Icon_Grey.png,Akantor Thickspike,8,23750,"A thick, sturdy shell spike believed to have evolved as defense against larger foes.",Akantor
https://static.wikia.nocookie.net/monsterhunter/images/8/81/MH4G-Mantle_Icon_Red.png,Conquest Sphere,9,30000,A gem said to grant dominion over everything under the sun. Courses with ambition.,Akantor
https://static.wikia.nocookie.net/monsterhunter/images/f/f0/MH4G-Ore_Icon_Light_Blue.png,Great Wyvern Crystal,8,12900,A mysterious crystal of light and dark spirits. The owner is said to gain godlike powers.,Ukanlos
https://static.wikia.nocookie.net/monsterhunter/images/4/45/FourthGen-Carapace_Icon_White.png,Ukanlos Cortex,8,15250,The minerals encrusted in this cold-infused cortex make it surprisingly strong.,Ukanlos
https://static.wikia.nocookie.net/monsterhunter/images/3/3f/MH4G-Scale_Icon_White.png,Ukanlos Underscale+,8,11250,"A thick, sharp belly scale. Used to get around by cutting through the ice.",Ukanlos
https://static.wikia.nocookie.net/monsterhunter/images/b/b4/MH4G-Monster_Parts_Icon_White.png,Ukanlos Flail,8,20000,"A giant, icy Ukanlos tail. One swipe makes the air scream and glaciers crack.",Ukanlos
https://static.wikia.nocookie.net/monsterhunter/images/e/e4/MH4G-Claw_Icon_White.png,Ukanlos Digger+,8,14250,An impossibly massive claw with ridges used to pull the monster onto the ice.,Ukanlos
https://static.wikia.nocookie.net/monsterhunter/images/b/b4/MH4G-Monster_Parts_Icon_White.png,Ukanlos Shoveljaw+,8,23750,A prominent jaw that makes for a real spectacle when it smashes apart hunks of ice.,Ukanlos
https://static.wikia.nocookie.net/monsterhunter/images/b/b4/MH4G-Monster_Parts_Icon_White.png,Ukanlos Strongfin,8,21250,"A giant, saw-like fin that runs along the Ukanlos's back. Cuts through all.",Ukanlos
https://static.wikia.nocookie.net/monsterhunter/images/d/d3/MH4G-Mantle_Icon_White.png,Ukanlos Stone,9,30000,A legendary Ukanlos stone. Those who craft it rule the earth and seize the sky.,Ukanlos
https://static.wikia.nocookie.net/monsterhunter/images/1/1e/FourthGen-Carapace_Icon_Purple.png,Alatreon Pallium,8,10760,A miraculous plate impervious to all attacks. Legend says the bearer receives heaven's love.,Alatreon
https://static.wikia.nocookie.net/monsterhunter/images/a/aa/MH4G-Scale_Icon_Purple.png,Alatreon Mantle,8,16250,"The mantle of Alatreon is the stuff of legend, containing traces of every element within.",Alatreon
https://static.wikia.nocookie.net/monsterhunter/images/7/7c/MH4G-Claw_Icon_Purple.png,Alatreon Riptalon,8,22750,The mere sight of this deadly talon calls forth images of terrible weapons made from it.,Alatreon
https://static.wikia.nocookie.net/monsterhunter/images/4/44/MH4G-Monster_Parts_Icon_Purple.png,Alatreo Direwing,8,14400,This vile wing can cut through time and space to destroy the entire world...say the rumors.,Alatreon
https://static.wikia.nocookie.net/monsterhunter/images/4/44/MH4G-Monster_Parts_Icon_Purple.png,Alatreo Diretail,8,14580,"Is this a dream? ""Am I alive?"" Those who grasp this tail begin to harbor such doubts.",Alatreon
https://static.wikia.nocookie.net/monsterhunter/images/7/7c/MH4G-Claw_Icon_Purple.png,Skyswayer,9,16000,Part of an Alatreon's convoluted horns. The finest specimen known to exist.,Alatreon
https://static.wikia.nocookie.net/monsterhunter/images/f/f0/MH4G-Mantle_Icon_Blue.png,Azure Dragonsphire,9,40000,Legend says the discovery of this brilliant gem heralds the end of the world.,Alatreon
https://static.wikia.nocookie.net/monsterhunter/images/4/45/FourthGen-Carapace_Icon_White.png,Amatsu Cortex,8,11000,"This black armor, forged by the storm for a malevolent god, is almost unmatched in strength.",Amatsu
https://static.wikia.nocookie.net/monsterhunter/images/b/b4/MH4G-Monster_Parts_Icon_White.png,Amatsu Membrane,8,8800,"Legendary material that, when worn, can even allow the wearer to float for a short time.",Amatsu
https://static.wikia.nocookie.net/monsterhunter/images/e/e4/MH4G-Claw_Icon_White.png,Amatsu Hardhorn,8,22000,A horn carved from an Amatsu. It was grown in the midst of ferocious storms.,Amatsu
https://static.wikia.nocookie.net/monsterhunter/images/e/e4/MH4G-Claw_Icon_White.png,Amatsu Hardclaw,8,13200,The incredibly sharp claw of an Amatsu. Just seeing the claw inspires intense fear.,Amatsu
https://static.wikia.nocookie.net/monsterhunter/images/b/b4/MH4G-Monster_Parts_Icon_White.png,Amatsu Stormtail,8,20900,The gorgeous tail of the Storm Dragon. Its dancing movements are said to call the storm.,Amatsu
https://static.wikia.nocookie.net/monsterhunter/images/b/b4/MH4G-Monster_Parts_Icon_White.png,Amatsu Heavypleura,8,19800,A heavy chestplate whose light emits despair. The passion it inspires is particularly strong.,Amatsu
https://static.wikia.nocookie.net/monsterhunter/images/8/82/MH4G-Sac_Icon_White.png,Storm Vesicle Clump,8,10560,A particularly well-developed organ that stores enough water to wash away the world.,Amatsu
https://static.wikia.nocookie.net/monsterhunter/images/e/e5/MH4G-Mantle_Icon_Light_Blue.png,Heavenly Dragonsphire,9,30000,The root of the celestial gods' power. It grants their far-reaching vision.,Amatsu
https://static.wikia.nocookie.net/monsterhunter/images/2/21/MH4G-Scale_Icon_Red.png,Lao-Shan Shard,8,11250,The thick scale of Lao-Shan. Its hardness is on par with any wyvern cortex.,Lao-Shan Lung
https://static.wikia.nocookie.net/monsterhunter/images/9/9c/FourthGen-Carapace_Icon_Red.png,Lao-Shan Cortex,8,15250,An unbelievably heavy shell from Lao-Shan. The ages have made this shell immortal.,Lao-Shan Lung
https://static.wikia.nocookie.net/monsterhunter/images/c/c9/MH4G-Claw_Icon_Red.png,Lao-Shan Hardhorn,8,16000,Horn from a Lao-Shan Lung snout. Perfectly formed even without forging -- a true luxury item.,Lao-Shan Lung
https://static.wikia.nocookie.net/monsterhunter/images/c/c9/MH4G-Claw_Icon_Red.png,Lao-Shan Megaclaw,8,12960,A Lao-Shan Lung claw. So gigantic that even skilled artisans find themselves unable to work it.,Lao-Shan Lung
https://static.wikia.nocookie.net/monsterhunter/images/8/81/MH4G-Mantle_Icon_Red.png,Lao-Shan Mantle,9,30000,A legendary scale of Lao-Shan. Those who craft it rule the earth and seize the sky.,Lao-Shan Lung
https://static.wikia.nocookie.net/monsterhunter/images/d/d3/MH4G-Scale_Icon_Grey.png,Fatalis Shard,8,13950,"A thick, jet-black scale that covers the body of Fatalis. Grows thick with age.",Fatalis
https://static.wikia.nocookie.net/monsterhunter/images/1/1c/FourthGen-Carapace_Icon_Grey.png,Fatalis Cortex,8,10680,"Harder than a Fatalis shell, it's also known as Mediastinum.",Fatalis
https://static.wikia.nocookie.net/monsterhunter/images/5/5c/MH4G-Claw_Icon_Grey.png,Fatalis Hardhorn,8,19650,A horn of immense strength. The black glow of the horn gives off a strange attraction.,Fatalis
https://static.wikia.nocookie.net/monsterhunter/images/b/b1/MH4G-Monster_Parts_Icon_Yellow.png,Fatalis Evil Eye,8,28000,An unusual aura surrounds the eye of Fatalis. Perhaps it's possessed...,Fatalis
https://static.wikia.nocookie.net/monsterhunter/images/e/e8/MH4G-Monster_Parts_Icon_Grey.png,Fatalis Fellwing,8,22500,"A wing hard as any metal, yet still very malleable. Only the most skilled can work with it.",Fatalis
https://static.wikia.nocookie.net/monsterhunter/images/2/21/MH4G-Scale_Icon_Red.png,Crimson Fatalis Scale,8,13650,The scale of a Fatalis overcome with rage. Crimson fire hides a deep darkness.,Crimson Fatalis
https://static.wikia.nocookie.net/monsterhunter/images/9/9c/FourthGen-Carapace_Icon_Red.png,Crimson Fatalis Shell,8,10680,The shell of a Fatalis overcome with rage. It shines an unforgiving crimson.,Crimson Fatalis
https://static.wikia.nocookie.net/monsterhunter/images/c/c9/MH4G-Claw_Icon_Red.png,Crimson Fatalis Horn,8,19650,The horn of a Fatalis overcome with rage. It looks ready to tear down the sky.,Crimson Fatalis
https://static.wikia.nocookie.net/monsterhunter/images/8/8b/MH4G-Monster_Parts_Icon_Red.png,Crimson Fatalis Wing,8,23750,The wing of a Fatalis overcome with rage. The air fears its crimson pulse.,Crimson Fatalis
https://static.wikia.nocookie.net/monsterhunter/images/8/8b/MH4G-Monster_Parts_Icon_Red.png,Fatalis Devileye+,8,32500,The eye of a Fatalis overcome with rage. Its wicked gaze devours one's courage.,Crimson Fatalis
https://static.wikia.nocookie.net/monsterhunter/images/3/3f/MH4G-Scale_Icon_White.png,Old Fatalis Shard,8,18130,A sparkling white scale of an ancient Fatalis. Its beauty can capture your heart.,White Fatalis
https://static.wikia.nocookie.net/monsterhunter/images/4/45/FourthGen-Carapace_Icon_White.png,Old Fatalis Cortex,8,17391,A sparkling white shell of an ancient Fatalis. Heavier and stronger than most parts.,White Fatalis
https://static.wikia.nocookie.net/monsterhunter/images/e/e4/MH4G-Claw_Icon_White.png,Old Fatalis Hardhorn,8,25540,A sparkling white horn of an ancient Fatalis. Said to be lightning personified.,White Fatalis
https://static.wikia.nocookie.net/monsterhunter/images/b/b4/MH4G-Monster_Parts_Icon_White.png,Old Fatalis Fellwing,8,29250,A sparkling white wing of an ancient Fatalis. To gaze upon it is to know true oppression.,White Fatalis
https://static.wikia.nocookie.net/monsterhunter/images/8/8b/MH4G-Monster_Parts_Icon_Red.png,Old Fatalis Souleye,8,33800,"A crimson eye, fierce and unforgiving, that gazes back with red, electric finality.",White Fatalis
https://static.wikia.nocookie.net/monsterhunter/images/f/ff/MH4G-Bone_Icon_White.png,Heavy Nakarkos Husk,8,13250,These bones have become impossibly hard after years of soaking in Nakarkos fluid.,Nakarkos
https://static.wikia.nocookie.net/monsterhunter/images/4/45/FourthGen-Carapace_Icon_White.png,Nakarkos Hardshell,8,10250,The outer shell covering the Nakarkos. Its hardness makes truly top-class armor.,Nakarkos
https://static.wikia.nocookie.net/monsterhunter/images/f/ff/MH4G-Bone_Icon_White.png,Nakarkos Hardskull,8,7500,A hair-raisingly frightening skull. Said to induce fainting in those who gaze upon its horror.,Nakarkos
https://static.wikia.nocookie.net/monsterhunter/images/f/ff/MH4G-Bone_Icon_White.png,Nakarkos Hardvertebra,8,6000,The echoing sound of this bone brings madness to all who hear it. Valuable and easy to work with.,Nakarkos
https://static.wikia.nocookie.net/monsterhunter/images/1/14/FourthGen-Hide_Icon_Dark_Blue.png,Nakarkos Azurehide,8,10000,The beautiful blue hide of a Nakarkos. Both incredibly strong and highly-prized.,Nakarkos
https://static.wikia.nocookie.net/monsterhunter/images/a/ac/FourthGen-Carapace_Icon_Dark_Blue.png,Scary Nakarkos ArmBrce,8,14500,A keratinized brace from the oral arm of a Nakarkos. Stickier and harder than ever.,Nakarkos
https://static.wikia.nocookie.net/monsterhunter/images/f/ff/MH4G-Bone_Icon_White.png,Lrg Nakarkos Cuttlebone,8,15250,"A huge white bone found inside the body of a Nakarkos. Though called a bone, it's more of a shell.",Nakarkos
https://static.wikia.nocookie.net/monsterhunter/images/f/f0/MH4G-Mantle_Icon_Blue.png,Nakarkos SecretSoulOrb,9,30000,An extremely rare jewel formed inside a Nakarkos from the remains of its prey.,Nakarkos
https://static.wikia.nocookie.net/monsterhunter/images/c/c9/MH4G-Medicine_Icon_Blue.png,Viscous Radiant Mucus,8,9600,Good quality Narkakos mucus. Keeps bone in good condition and can harden it too.,Nakarkos
https://static.wikia.nocookie.net/monsterhunter/images/3/3f/MH4G-Scale_Icon_White.png,Valstrax Scale+,6,1800,A high-quality Valstrax scale that can withstand movement at the speed of sound.,Valstrax
https://static.wikia.nocookie.net/monsterhunter/images/3/3f/MH4G-Scale_Icon_White.png,Valstrax Shard,8,5400,A faintly glittering silver Valstrax scale. Precious dragon scales like these were once used in rituals.,Valstrax
https://static.wikia.nocookie.net/monsterhunter/images/4/45/FourthGen-Carapace_Icon_White.png,Valstrax Carapace,6,1650,A sturdy Valstrax outer shell. Not even impacts at the speed of sound can mar it.,Valstrax
https://static.wikia.nocookie.net/monsterhunter/images/4/45/FourthGen-Carapace_Icon_White.png,Valstrax Cortex,8,4950,"A particularly hard shell inside Valstrax's outer shell. Light and strong, it's of the finest quality.",Valstrax
https://static.wikia.nocookie.net/monsterhunter/images/5/5c/MH4G-Claw_Icon_Grey.png,Valstrax Claw+,6,2190,This piece of Valstrax claw is remarkably hard and sharp. It's torn up countless peacetimes.,Valstrax
https://static.wikia.nocookie.net/monsterhunter/images/5/5c/MH4G-Claw_Icon_Grey.png,Valstrax Hardclaw,8,6570,A fierce-looking Valstrax claw. Just the sight of this disaster- bringing claw chills the blood.,Valstrax
https://static.wikia.nocookie.net/monsterhunter/images/b/b4/MH4G-Monster_Parts_Icon_White.png,Valstrax Tail,6,1480,A large Valstrax tail that shines like a comet. Effortlessly sweeps aside all tranquility.,Valstrax
https://static.wikia.nocookie.net/monsterhunter/images/b/b4/MH4G-Monster_Parts_Icon_White.png,Valstrax Helixtail,8,8880,A beautifully sharp section of Valstrax tail. Glows eerily like the tail of a comet.,Valstrax
https://static.wikia.nocookie.net/monsterhunter/images/b/b4/MH4G-Monster_Parts_Icon_White.png,Valstrax Lancewing,6,3000,"A Valstrax wing, capable of infinite subtle variety. Requires special handling to work with.",Valstrax
https://static.wikia.nocookie.net/monsterhunter/images/b/b4/MH4G-Monster_Parts_Icon_White.png,Valstrax Lancewing+,8,9000,"A rare piece of Valstrax wing, the pointed tip changes shape and is used to attack prey.",Valstrax
https://static.wikia.nocookie.net/monsterhunter/images/1/1c/FourthGen-Carapace_Icon_Grey.png,Valstrax Spineshell,6,1980,"A Valstrax shell used to protect its back. Its sharp, glittering points look like sharpened blades.",Valstrax
https://static.wikia.nocookie.net/monsterhunter/images/1/1c/FourthGen-Carapace_Icon_Grey.png,Valstrax Spineshell+,8,5940,A very rare piece of spine- protecting Valstrax shell that gleams like a giant mirror.,Valstrax
https://static.wikia.nocookie.net/monsterhunter/images/3/35/MH4G-Ball_Icon_Red.png,Red Dragon Mindstone,7,11000,The source of evil heavenly omens. The owner gains the power of the red comet.,Valstrax
https://static.wikia.nocookie.net/monsterhunter/images/5/5d/FourthGen-Mantle_Icon_Dark_Red.png,Ruby Dragon Mindstone,9,16000,The source of evil heavenly omens. The owner gains the power to bring disaster.,Valstrax
https://static.wikia.nocookie.net/monsterhunter/images/1/1c/FourthGen-Carapace_Icon_Grey.png,Burned Husk,6,800,"An object that dropped from a comet, of great interest to the Wycademy researchers.",Valstrax
https://static.wikia.nocookie.net/monsterhunter/images/1/1f/MH4G-Medicine_Icon_Red.png,Shimmering Dragonfluid,8,7020,The red light this Valstrax fluid emits is always slightly warm.,Valstrax
https://static.wikia.nocookie.net/monsterhunter/images/8/82/MH4G-Spiderweb_Icon_Yellow.png,Golden Silk,8,11250,Golden thread left behind by an Ahtal-Ka. Its tensile strength and great beauty give it value.,Ahtal-Ka
https://static.wikia.nocookie.net/monsterhunter/images/0/09/FourthGen-Carapace_Icon_Yellow.png,Ahtal-Ka Gold Cocoon,8,15300,A shimmering golden Ahtal-Ka shell. Its ancient surface is filled with mysterious beauty.,Ahtal-Ka
https://static.wikia.nocookie.net/monsterhunter/images/1/1e/FourthGen-Carapace_Icon_Purple.png,Ahtal-Ka Purple Cocoon,8,16650,A purple piece of Ahtal-Ka shell. Worth much more than the ordinary shells.,Ahtal-Ka
https://static.wikia.nocookie.net/monsterhunter/images/7/70/MH4G-Claw_Icon_Yellow.png,Ahtal-Ka Foreblade,8,20250,A piece of sharp Ahtal-Ka foreleg. Note its fantastic cutting ability and attractive glitter.,Ahtal-Ka
https://static.wikia.nocookie.net/monsterhunter/images/c/c2/MH4G-Monster_Parts_Icon_Blue.png,Iridescent Carapace,8,21960,A piece of Ahtal-Ka shell. Its color changes depending on the angle of the light.,Ahtal-Ka
https://static.wikia.nocookie.net/monsterhunter/images/0/01/MH4G-Medicine_Icon_Light_Green.png,Ahtal-Ka Pheromone,8,11700,A fragrant liquid secreted by an Ahtal-Ka. Its scent is so strong it can be detected for miles.,Ahtal-Ka
https://static.wikia.nocookie.net/monsterhunter/images/b/b1/MH4G-Monster_Parts_Icon_Yellow.png,Ahtal-Ka Fine Silk,8,24930,A bright thread spun by an Ahtal-Ka. Contains beautiful crystalline patterns.,Ahtal-Ka
https://static.wikia.nocookie.net/monsterhunter/images/2/27/MH4G-Mantle_Icon_Pink.png,Ahtal-Ka Alluring Gem,9,30000,A jewel that will bewitch a beholder forever. Created after an eternity deep in the ruins.,Ahtal-Ka
https://static.wikia.nocookie.net/monsterhunter/images/9/94/MH4G-Ore_Icon_Yellow.png,Royal Pyroxene,8,18000,The pyroxene throne created such fear among the people that they could only kneel before it.,Ahtal-Ka
