icon,name,rarity,value,description,monster_name
https://static.wikia.nocookie.net/monsterhunter/images/2/21/MH4G-Scale_Icon_Red.png,Agnaktor Scale,6,1140,"A scale so bright that it looks like it's on fire. Not worth very much, though.",Agnaktor
https://static.wikia.nocookie.net/monsterhunter/images/9/9c/FourthGen-Carapace_Icon_Red.png,Agnaktor Carapace,6,1680,Sturdier and more heat-resistant than the Shell. It produces a vivid red color when crafted.,Agnaktor
https://static.wikia.nocookie.net/monsterhunter/images/3/32/MH4G-Hide_Icon_Red.png,Agnaktor Hide+,6,2100,"Precious, high-quality Agnaktor hide tempered by frequent exposure to magma.",Agnaktor
https://static.wikia.nocookie.net/monsterhunter/images/c/c9/MH4G-Claw_Icon_Red.png,Agnaktor Claw+,6,2430,A claw sharpened by magma so hot it can melt rock. Almost as strong as a volcano itself.,Agnaktor
https://static.wikia.nocookie.net/monsterhunter/images/8/8b/MH4G-Monster_Parts_Icon_Red.png,Agnaktor Fin+,6,2340,An Agnaktor fin with an elegant dappled pattern. Apparently a popular item with collectors.,Agnaktor
https://static.wikia.nocookie.net/monsterhunter/images/f/f5/MH4G-Bone_Icon_Red.png,Agnaktor Beak,6,4140,"An Agnaktor's distinguishing beak, which allows it to tunnel beneath the earth.",Agnaktor
https://static.wikia.nocookie.net/monsterhunter/images/8/8b/MH4G-Monster_Parts_Icon_Red.png,Agnaktor Tail,6,3750,A tail carved from an Agnaktor. The going price is low due to lack of demand.,Agnaktor
https://static.wikia.nocookie.net/monsterhunter/images/8/8b/MH4G-Monster_Parts_Icon_Red.png,Scalding Pleura+,6,2160,"A chestplate made from ore fusing together over a number of years. Won't melt, despite the heat.",Agnaktor
https://static.wikia.nocookie.net/monsterhunter/images/9/9c/FourthGen-Carapace_Icon_Red.png,Hyper Agnaktor Shell,(?),(?),"Darker than normal Agnaktor shell, this Hyper shell emits an ominous glow.",Agnaktor
https://static.wikia.nocookie.net/monsterhunter/images/f/f0/MH4G-Ore_Icon_Light_Blue.png,Wyvern Crystal,6,4300,A mysterious crystal that glows with the energy of both light and dark spirits.,Akantor
https://static.wikia.nocookie.net/monsterhunter/images/d/d3/MH4G-Scale_Icon_Grey.png,Akantor Scale+,6,4272,"Faintly glittering Akantor Scale. It will not melt, even if dipped in lava.",Akantor
https://static.wikia.nocookie.net/monsterhunter/images/1/1c/FourthGen-Carapace_Icon_Grey.png,Akantor Carapace,6,5580,"Shining Akantor Shell. Exceptionally hard, and thus difficult to craft.",Akantor
https://static.wikia.nocookie.net/monsterhunter/images/e/e8/MH4G-Monster_Parts_Icon_Grey.png,Akantor Tail,6,8000,The large rock-like tail of an Akantor. Strong enough to gouge the earth.,Akantor
https://static.wikia.nocookie.net/monsterhunter/images/5/5c/MH4G-Claw_Icon_Grey.png,Akantor Hardclaw,6,5700,Hard Akantor claw that can smash bedrock. Its victims are left unrecognizable.,Akantor
https://static.wikia.nocookie.net/monsterhunter/images/5/5c/MH4G-Claw_Icon_Grey.png,Akantor Tallfang,6,8500,Huge fang that can pierce the heavens. It has passed through many foes.,Akantor
https://static.wikia.nocookie.net/monsterhunter/images/e/e8/MH4G-Monster_Parts_Icon_Grey.png,Akantor Spike,6,9500,A flawless spike from an Akantor. It can easily scar rock.,Akantor
https://static.wikia.nocookie.net/monsterhunter/images/3/35/MH4G-Ball_Icon_Red.png,Akantor Gem,7,15000,A gem that once belonged to the Ancient World-King. Its aura resists new ownership.,Akantor
https://static.wikia.nocookie.net/monsterhunter/images/3/3e/MH4G-Hide_Icon_Blue.png,Arzuros Pelt,4,220,"A pelt carved from an Arzuros. The white portion is soft, while the blue is short and taut.",Arzuros
https://static.wikia.nocookie.net/monsterhunter/images/3/3e/MH4G-Hide_Icon_Blue.png,Arzuros Pelt+,6,660,A splendid Arzuros pelt. Sturdy enough to survive in harsh mountainous terrain,Arzuros
https://static.wikia.nocookie.net/monsterhunter/images/1/14/FourthGen-Carapace_Icon_Blue.png,Arzuros Shell,4,270,A shell of piece from an Arzuro's head or back. Bends willingly and is easy to forge.,Arzuros
https://static.wikia.nocookie.net/monsterhunter/images/1/14/FourthGen-Carapace_Icon_Blue.png,Arzuros Carapace,6,810,A quality Arzuros carapace. The thick shell can withstand bites from ordinary fangs.,Arzuros
https://static.wikia.nocookie.net/monsterhunter/images/c/c2/MH4G-Monster_Parts_Icon_Blue.png,Arzuros Brace,4,360,A brace from an Arzuro's foreleg. Its sharp portions give forged equipment a wild flavor.,Arzuros
https://static.wikia.nocookie.net/monsterhunter/images/c/c2/MH4G-Monster_Parts_Icon_Blue.png,Arzuros Brace+,6,1080,A strong Arzuros brace. Its thorn-like protrusions make paw swipes deadly.,Arzuros
https://static.wikia.nocookie.net/monsterhunter/images/3/32/MH4G-Hide_Icon_Red.png,Redhelm Pelt,6,310,A pelt hard enough to pierce flesh. Its looks embody the Redhelm Arzuros's brutality.,Redhelm Arzuros
https://static.wikia.nocookie.net/monsterhunter/images/3/32/MH4G-Hide_Icon_Red.png,Redhelm Pelt+,7,930,A quality pelt that's hard and durable. Epitomizes the Redhelm's viciousness.,Redhelm Arzuros
https://static.wikia.nocookie.net/monsterhunter/images/9/9c/FourthGen-Carapace_Icon_Red.png,Redhelm Shell,6,380,A shell from a Redhelm Arzuros. Even its hard and sturdy shell looks fierce.,Redhelm Arzuros
https://static.wikia.nocookie.net/monsterhunter/images/9/9c/FourthGen-Carapace_Icon_Red.png,Redhelm Carapace,7,1140,A superior Redhelm Arzuros scale. Even its thick and sturdy shell looks ferocious.,Redhelm Arzuros
https://static.wikia.nocookie.net/monsterhunter/images/3/32/MH4G-Hide_Icon_Red.png,Redhelm Ragehair,6,570,The hair from the head of a Redhelm Arzuros. Its looks befit the beast's wild nature.,Redhelm Arzuros
https://static.wikia.nocookie.net/monsterhunter/images/3/32/MH4G-Hide_Icon_Red.png,Redhelm Furyhair,7,1710,High quality hair from the head of a Redhelm Arzuros that embodies its ferocity.,Redhelm Arzuros
https://static.wikia.nocookie.net/monsterhunter/images/6/6e/MH4G-Scale_Icon_Dark_Green.png,Astalos Scale,4,520,"An Astalos scale that reflects sunlight, giving it a rainbow-like appearance.",Astalos
https://static.wikia.nocookie.net/monsterhunter/images/6/6e/MH4G-Scale_Icon_Dark_Green.png,Astalos Scale+,6,1560,"A quality scale carved from an Astalos. Looks tough, but is actually quite flexible.",Astalos
https://static.wikia.nocookie.net/monsterhunter/images/a/ad/FourthGen-Carapace_Icon_Dark_Green.png,Astalos Shell,4,580,The spiny shell of an Astalos that covers it like armor. Try to keep a safe distance.,Astalos
https://static.wikia.nocookie.net/monsterhunter/images/a/ad/FourthGen-Carapace_Icon_Dark_Green.png,Astalos Shell+,6,1740,"An Astalos's tough, spiny shell. Hard and sharp, it's a favored material for armor.",Astalos
https://static.wikia.nocookie.net/monsterhunter/images/5/5d/MH4G-Webbing_Icon_Light_Green.png,Astalos Membrane,4,840,An Astalos wing membrane. It glows when exposed to electricity. Thin but tough.,Astalos
https://static.wikia.nocookie.net/monsterhunter/images/5/5d/MH4G-Webbing_Icon_Light_Green.png,Astalos Membrane+,6,2520,Quality Astalos wing membrane. Pulses green and continues to conduct electricity.,Astalos
https://static.wikia.nocookie.net/monsterhunter/images/c/c0/MH4G-Claw_Icon_Dark_Green.png,Astalos Wingtalon,4,720,"An Astalos wingtalon. Black, but turns green when exposed to electricity.",Astalos
https://static.wikia.nocookie.net/monsterhunter/images/c/c0/MH4G-Claw_Icon_Dark_Green.png,Astalos Wingtalon+,6,2160,"A sharp Astalos wingtalon, capable of cutting through its prey in one fell swoop.",Astalos
https://static.wikia.nocookie.net/monsterhunter/images/a/ad/FourthGen-Carapace_Icon_Dark_Green.png,Astalos Crest,4,1200,Conductive material can be harvested from an Astalos's head when it's threatened.,Astalos
https://static.wikia.nocookie.net/monsterhunter/images/a/ad/FourthGen-Carapace_Icon_Dark_Green.png,Astalos Crest+,6,3600,A highly conductive material pulsing with electricity that is harvested from an Astalos.,Astalos
https://static.wikia.nocookie.net/monsterhunter/images/5/53/MH4G-Monster_Parts_Icon_Dark_Green.png,Astalos Scissortail,4,1200,The scissors-shaped tail of an Astalos. It's able to store large amounts of electricity.,Astalos
https://static.wikia.nocookie.net/monsterhunter/images/1/1c/FourthGen-Carapace_Icon_Light_Green.png,Electroscale,4,650,Highly conductive scale from an Astalos. Its unique shape is hard to work with.,Astalos
https://static.wikia.nocookie.net/monsterhunter/images/1/1c/FourthGen-Carapace_Icon_Light_Green.png,Electroscale+,6,1950,"An Astalos scale that generates electricity, even after being separated from its body.",Astalos
https://static.wikia.nocookie.net/monsterhunter/images/6/6e/MH4G-Scale_Icon_Dark_Green.png,Astalos Plate,5,4850,A scale carved from an Astalos. It glows a bright green and is very rare.,Astalos
https://static.wikia.nocookie.net/monsterhunter/images/9/91/MH4G-Ball_Icon_Light_Green.png,Astalos Electrogem,7,9700,A brilliant green gem found inside an Astalos. It pulsates with an intense energy.,Astalos
https://static.wikia.nocookie.net/monsterhunter/images/6/6e/MH4G-Scale_Icon_Dark_Green.png,Hyper Astalos Scale,6,1870,"Darker than normal Astalos scales, this Hyper scale emits an ominous glow.",Astalos
https://static.wikia.nocookie.net/monsterhunter/images/3/39/MH4G-Hide_Icon_White.png,Blangonga Pelt,4,570,White fur with astounding thermal properties and as strong as an iron chain.,Blangonga
https://static.wikia.nocookie.net/monsterhunter/images/3/39/MH4G-Hide_Icon_White.png,Blangonga Pelt+,6,1140,The hardened pelt of a Blangonga. The needle-like hairs are prized material.,Blangonga
https://static.wikia.nocookie.net/monsterhunter/images/e/e4/MH4G-Claw_Icon_White.png,Blangonga Fang,4,1350,The fang of the killer Blangonga. As sharp and deadly as a dagger.,Blangonga
https://static.wikia.nocookie.net/monsterhunter/images/e/e4/MH4G-Claw_Icon_White.png,Blangonga Fang+,6,2490,"A Blangonga dogtooth. As large as a human thigh, it has potential as a weapon.",Blangonga
https://static.wikia.nocookie.net/monsterhunter/images/b/b4/MH4G-Monster_Parts_Icon_White.png,Blangonga Whisker,4,2220,A fine hair that sprouted from the face of a Blangonga troop leader.,Blangonga
https://static.wikia.nocookie.net/monsterhunter/images/b/b4/MH4G-Monster_Parts_Icon_White.png,Blangonga Tail,4,980,The smooth feeling of a Blangonga Tail is undeniably appealing.,Blangonga
https://static.wikia.nocookie.net/monsterhunter/images/3/39/MH4G-Hide_Icon_White.png,Hyper Blangonga Pelt,(?),(?),"Darker than normal Blangonga pelt, this Hyper pelt emits an ominous glow.",Blangonga
https://static.wikia.nocookie.net/monsterhunter/images/1/14/FourthGen-Carapace_Icon_Blue.png,Brach Shell,4,1000,"A dark green Brachydios shell. Glossy like obsidian, it adds a refined beauty to crafted gear.",Brachydios
https://static.wikia.nocookie.net/monsterhunter/images/1/14/FourthGen-Carapace_Icon_Blue.png,Brach Carapace,6,1500,"A hard Brachydios carapace. Glossy like obsidian, it adds a refined beauty to crafted gear.",Brachydios
https://static.wikia.nocookie.net/monsterhunter/images/c/c2/MH4G-Monster_Parts_Icon_Blue.png,Brach Ebonshell,4,980,"An obsidian Brachydios brace. Makes especially strong armor, perhaps due to the slime mold.",Brachydios
https://static.wikia.nocookie.net/monsterhunter/images/c/c2/MH4G-Monster_Parts_Icon_Blue.png,Brach Ebonshell+,6,1900,An obsidian shell from the foreleg. It has evolved to withstand slime blasts.,Brachydios
https://static.wikia.nocookie.net/monsterhunter/images/c/c2/MH4G-Monster_Parts_Icon_Blue.png,Brach Scalp,4,1180,"The large, protruding scalp of a Brachydios, covered in an explosive green substance.",Brachydios
https://static.wikia.nocookie.net/monsterhunter/images/c/c2/MH4G-Monster_Parts_Icon_Blue.png,Brach Scalp+,6,2430,A hard and sharp scalp piece from a fierce Brachydios. Even more explosive than usual.,Brachydios
https://static.wikia.nocookie.net/monsterhunter/images/0/01/MH4G-Medicine_Icon_Light_Green.png,Mystery Slime,4,1230,The explosive green substance found on Brachydios monsters. Handle with extreme care.,Brachydios
https://static.wikia.nocookie.net/monsterhunter/images/c/c2/MH4G-Monster_Parts_Icon_Blue.png,Brach Hammer,4,1280,An arm that has crushed the courage out of many a hunter. Slime makes forging tricky.,Brachydios
https://static.wikia.nocookie.net/monsterhunter/images/c/c2/MH4G-Monster_Parts_Icon_Blue.png,Brach Pounder,6,2740,A Brachydios arm that buried countless foolhardy hunters. It's covered in green slime.,Brachydios
https://static.wikia.nocookie.net/monsterhunter/images/c/c2/MH4G-Monster_Parts_Icon_Blue.png,Brach Tail,6,1500,"While most focus on Brachydios's arms, its tail is also strong. Beware the explosive slime!",Brachydios
https://static.wikia.nocookie.net/monsterhunter/images/c/c2/MH4G-Monster_Parts_Icon_Blue.png,Brach Marrow,5,2100,"Stickier than normal marrow. A top-class welding material, if you're in the market.",Brachydios
https://static.wikia.nocookie.net/monsterhunter/images/a/ac/MH4G-Ball_Icon_Blue.png,Brach Gem,7,9300,A rare gem from a Brachydios. Perhaps the secret of its dreadful slime is hidden inside?,Brachydios
https://static.wikia.nocookie.net/monsterhunter/images/1/14/FourthGen-Carapace_Icon_Blue.png,Hyper Brach Shell,(?),(?),"Darker than normal Brachydios shell, this Hyper shell emits an ominous glow.",Brachydios
https://static.wikia.nocookie.net/monsterhunter/images/3/39/MH4G-Hide_Icon_White.png,Bulldrome Hide,4,230,The hide of a Bulldrome. Its bristliness has a certain beauty to it.,Bulldrome
https://static.wikia.nocookie.net/monsterhunter/images/3/39/MH4G-Hide_Icon_White.png,Bulldrome Hide+,6,690,"The tough, unblemished hide of a Bulldrome.",Bulldrome
https://static.wikia.nocookie.net/monsterhunter/images/e/e4/MH4G-Claw_Icon_White.png,Bulldrome Tusk,4,260,A majestic Bulldrome Tusk. The damaged surface tells the tale of many battles.,Bulldrome
https://static.wikia.nocookie.net/monsterhunter/images/e/e4/MH4G-Claw_Icon_White.png,Bulldrome Tusk+,6,780,The large tusk of a majestic Bulldrome. It has been hardened through battle.,Bulldrome
https://static.wikia.nocookie.net/monsterhunter/images/8/80/MH4G-Scale_Icon_Light_Blue.png,Cephalos Scale,4,400,A sand wyvern scale. Its color is a brilliant blue. Retains moisture.,Cephadrome
https://static.wikia.nocookie.net/monsterhunter/images/8/80/MH4G-Scale_Icon_Light_Blue.png,Cephalos Scale+,6,(?),"High-quality sand wyvern scale. It absorbs moisture, leaving it glowing blue.",Cephadrome
https://static.wikia.nocookie.net/monsterhunter/images/f/f8/MH4G-Monster_Parts_Icon_Light_Blue.png,Cephalos Fin,4,550,"A sand wyvern fin. It isn't poisonous, but it's very sharp.",Cephadrome
https://static.wikia.nocookie.net/monsterhunter/images/f/f8/MH4G-Monster_Parts_Icon_Light_Blue.png,Cephalos Fin+,6,1650,A quality fin that is sharper than other comparable samples.,Cephadrome
https://static.wikia.nocookie.net/monsterhunter/images/d/d7/MH4G-Claw_Icon_Light_Blue.png,Cephalos Fang,4,280,"The fang of a Cephalos, which are known for their rows of jagged and razor-sharp teeth.",Cephadrome
https://static.wikia.nocookie.net/monsterhunter/images/d/d7/MH4G-Claw_Icon_Light_Blue.png,Cephalos Fang+,6,840,A sharp row of teeth made for sinking deep into prey.,Cephadrome
https://static.wikia.nocookie.net/monsterhunter/images/e/e8/MH4G-Monster_Parts_Icon_Grey.png,Wyvern Scalp,4,780,A Carapaceon shell made from a wyvern's skull.,Daimyo Hermitaur
https://static.wikia.nocookie.net/monsterhunter/images/d/d3/MH4G-Scale_Icon_Grey.png,Black Pearl,4,150,A pearl with a black glow. Fetches a high price.,Daimyo Hermitaur
https://static.wikia.nocookie.net/monsterhunter/images/c/c9/MH4G-Claw_Icon_Red.png,Decayed Crimson Horn,4,530,"A red horn from a shelled monster. Despite the decay, it remains extremely durable.",Daimyo Hermitaur
https://static.wikia.nocookie.net/monsterhunter/images/f/f6/FourthGen-Shell_Icon_Red.png,Hermitaur Shell,4,550,A large piece of exoskeleton that's surprisingly light and easy to use in crafting.,Daimyo Hermitaur
https://static.wikia.nocookie.net/monsterhunter/images/f/f6/FourthGen-Shell_Icon_Red.png,Hermitaur Carapace,6,1650,The hard carapace of a Daimyo Hermitaur. Harder than shell to work.,Daimyo Hermitaur
https://static.wikia.nocookie.net/monsterhunter/images/c/c9/MH4G-Claw_Icon_Red.png,Hermitaur Claw,4,975,A giant claw from a Daimyo Hermitaur. The sharp claw can slice through rock.,Daimyo Hermitaur
https://static.wikia.nocookie.net/monsterhunter/images/c/c9/MH4G-Claw_Icon_Red.png,Hermitaur Claw+,6,2930,Sharp claw from a Daimyo Hermitaur. As hard as metal.,Daimyo Hermitaur
https://static.wikia.nocookie.net/monsterhunter/images/f/f6/FourthGen-Shell_Icon_Red.png,Hyper Hermitaur Shell,(?),(?),"Darker than normal Hermitaur scales, this Hyper scale emits an ominous glow.",Daimyo Hermitaur
https://static.wikia.nocookie.net/monsterhunter/images/2/2a/FourthGen-Shell_Icon_Dark_Red.png,Stonefist Shell,6,770,The shell from a Stonefist Hermitaur. It has grown hard and dark over its many years.,Stonefist Hermitaur
https://static.wikia.nocookie.net/monsterhunter/images/2/2a/FourthGen-Shell_Icon_Dark_Red.png,Stonefist Carapace,7,2310,A hardened Stonefist Hermitaur shell. It has grown hard and dark over its many years.,Stonefist Hermitaur
https://static.wikia.nocookie.net/monsterhunter/images/7/71/FourthGen-Claw_Icon_Dark_Red.png,Stonefist Claw,6,1365,A claw taken from a Stonefist Hermitaur. It has grown hard and dark over its many years.,Stonefist Hermitaur
https://static.wikia.nocookie.net/monsterhunter/images/7/71/FourthGen-Claw_Icon_Dark_Red.png,Stonefist Claw+,7,4095,A sharp claw from a Stonefist Hermitaur. It has grown hard and dark over its many years.,Stonefist Hermitaur
https://static.wikia.nocookie.net/monsterhunter/images/6/6e/MH4G-Scale_Icon_Dark_Green.png,Deviljho Scale,6,2100,"A greenish-black Deviljho scale. It's not often sold, as rumors claim it brings misfortune.",Deviljho
https://static.wikia.nocookie.net/monsterhunter/images/1/14/MH4G-Hide_Icon_Dark_Green.png,Deviljho Hide,6,2800,Black hide that is oddly slimy and difficult to forge with.,Deviljho
https://static.wikia.nocookie.net/monsterhunter/images/c/c0/MH4G-Claw_Icon_Dark_Green.png,Deviljho Tallfang,6,2980,A large fang from a maw of alarming size. Helps the vile beast sate its hunger.,Deviljho
https://static.wikia.nocookie.net/monsterhunter/images/c/c0/MH4G-Claw_Icon_Dark_Green.png,Deviljho Talon,6,2600,"A dangerously sharp, hooked talon. Inexperienced crafters risk serious injury.",Deviljho
https://static.wikia.nocookie.net/monsterhunter/images/5/53/MH4G-Monster_Parts_Icon_Dark_Green.png,Deviljho Scalp,6,3800,Removing this part of a Deviljho's skull releases an unimaginably putrid odor.,Deviljho
https://static.wikia.nocookie.net/monsterhunter/images/5/53/MH4G-Monster_Parts_Icon_Dark_Green.png,Deviljho Tail,6,4000,A massive tail resembling a giant leech. Some folks are out to collect these exclusively.,Deviljho
https://static.wikia.nocookie.net/monsterhunter/images/a/ab/MH4G-Medicine_Icon_Dark_Green.png,Deviljho Saliva,6,1700,The symbol of a Deviljho's insatiable appetite. The strong acid corrodes all it touches.,Deviljho
https://static.wikia.nocookie.net/monsterhunter/images/7/7d/MH4G-Ball_Icon_Dark_Green.png,Deviljho Gem,7,9700,A precious gem said to contain a Deviljho's might. Used in shady rituals.,Deviljho
https://static.wikia.nocookie.net/monsterhunter/images/6/6e/MH4G-Scale_Icon_Dark_Green.png,Hyper Deviljho Scale,(?),(?),"Darker than normal Deviljho scales, this Hyper scale emits an ominous glow.",Deviljho
https://static.wikia.nocookie.net/monsterhunter/images/1/1f/MH4G-Medicine_Icon_Red.png,Black Blood,6,5100,Dark black blood characteristic of a Deviljho. It feels like it may jump up and attack at any time.,Deviljho
https://static.wikia.nocookie.net/monsterhunter/images/4/40/MH4G-Hide_Icon_Grey.png,Spattered Hide,6,5400,"A jet black hide with a slimy, tar-like sheen: dried blood spatter, some insist.",Deviljho
https://static.wikia.nocookie.net/monsterhunter/images/c/cb/FourthGen-Carapace_Icon_Green.png,Duram Carapace,6,2490,A stiff Duramboros carapace. It can withstand attacks like an impenetrable aegis.,Duramboros
https://static.wikia.nocookie.net/monsterhunter/images/4/44/MH4G-Hide_Icon_Green.png,Hard Mossplate,6,2640,"A shell covered in moss. Not only is it hard, the moss absorbs the shock of physical blows.",Duramboros
https://static.wikia.nocookie.net/monsterhunter/images/3/30/MH4G-Monster_Parts_Icon_Green.png,Duramboros Hump,6,4200,"The hump of a Duramboros's back. The fatty skin produces sturdy, pliable equipment when crafted.",Duramboros
https://static.wikia.nocookie.net/monsterhunter/images/3/30/MH4G-Monster_Parts_Icon_Green.png,Duram Tailcase+,6,3960,A superior Duramboros tailcase. Slices and crushes using sharp shell and heavy bone.,Duramboros
https://static.wikia.nocookie.net/monsterhunter/images/c/c2/MH4G-Claw_Icon_Green.png,Duramboros Horn+,6,3750,A rigid Duramboros horn. Nothing in the world can stop it during a vicious charge.,Duramboros
https://static.wikia.nocookie.net/monsterhunter/images/3/3d/MH4G-Bone_Icon_Green.png,Duram Sacrum,7,(?),"A striking Duramboros sacrum. Such tough, symmetrical bones are considered rare materials.",Duramboros
https://static.wikia.nocookie.net/monsterhunter/images/c/cb/FourthGen-Carapace_Icon_Green.png,Hyper Duram Shell,6,2990,"Darker than normal Duramboros shell, this Hyper shell emits an ominous glow.",Duramboros
https://static.wikia.nocookie.net/monsterhunter/images/1/14/FourthGen-Hide_Icon_Dark_Blue.png,Gammoth Pelt,4,460,A pelt carved from a Gammoth. It's very durable as well as resistant to cold.,Gammoth
https://static.wikia.nocookie.net/monsterhunter/images/1/14/FourthGen-Hide_Icon_Dark_Blue.png,Gammoth Pelt+,6,1380,A high-quality pelt from a Gammoth. It absorbs physical blows without losing durability.,Gammoth
https://static.wikia.nocookie.net/monsterhunter/images/7/78/FourthGen-Carapace_Icon_Brown.png,Gammoth Shell,4,780,"A shell from a Gammoth leg. It is designed to adhere to snow, and is utilized in armor joints.",Gammoth
https://static.wikia.nocookie.net/monsterhunter/images/7/78/FourthGen-Carapace_Icon_Brown.png,Gammoth Carapace,6,2340,An especially hard shell taken from a Gammoth leg. It's used to protect vulnerable areas.,Gammoth
https://static.wikia.nocookie.net/monsterhunter/images/0/05/MH4G-Claw_Icon_Brown.png,Gammoth Fang,4,1350,"A large fang taken from a Gammoth. Valued for being tough, yet still pliable.",Gammoth
https://static.wikia.nocookie.net/monsterhunter/images/0/05/MH4G-Claw_Icon_Brown.png,Gammoth Fang+,6,4050,"An extremely hard and tough Gammoth fang. Difficult to work with, but versatile.",Gammoth
https://static.wikia.nocookie.net/monsterhunter/images/0/0e/FourthGen-Monster_Parts_Icon_Dark_Blue.png,Trunkspine,4,1220,A spine taken from the trunk of a Gammoth. Strong enough to pierce the ground.,Gammoth
https://static.wikia.nocookie.net/monsterhunter/images/7/77/FourthGen-Hide_Icon_Dark_Red.png,Gammoth Redfur,4,630,"Thick fur made of hard, red hair taken from the lengthy mane of a Gammoth.",Gammoth
https://static.wikia.nocookie.net/monsterhunter/images/5/5f/MH4G-Ore_Icon_White.png,Snowclod,4,530,A clump of snow hardened by the material secreted from a Gammoth's leg.,Gammoth
https://static.wikia.nocookie.net/monsterhunter/images/5/5f/MH4G-Ore_Icon_White.png,Large Snowclod,6,1590,A large clump of snow stuck to a Gammoth's leg. It is very hard and doesn't melt easily.,Gammoth
https://static.wikia.nocookie.net/monsterhunter/images/7/7b/MH4G-Monster_Parts_Icon_Brown.png,Gammoth Scalp,5,4850,"A shell from a Gammoth's head. Difficult to work with, but worth the effort.",Gammoth
https://static.wikia.nocookie.net/monsterhunter/images/3/38/MH4G-Ball_Icon_White.png,Gammoth Ice Orb,7,9700,A gem from inside a Gammoth. Named for its ice-like clarity and being as shiny as a jewel.,Gammoth
https://static.wikia.nocookie.net/monsterhunter/images/1/14/FourthGen-Hide_Icon_Dark_Blue.png,Hyper Gammoth Pelt,6,1650,"Darker than normal Gammoth fur, this Hyper fur emits an ominous glow.",Gammoth
https://static.wikia.nocookie.net/monsterhunter/images/4/44/MH4G-Hide_Icon_Green.png,Gendrome Hide,4,560,Sturdy green hide from a Gendrome. Perfect for making strong armor.,Gendrome
https://static.wikia.nocookie.net/monsterhunter/images/4/44/MH4G-Hide_Icon_Green.png,Gendrome Hide+,6,1680,A high-quality green hide from a Gendrome. The hides of leaders are especially tough.,Gendrome
https://static.wikia.nocookie.net/monsterhunter/images/c/c2/MH4G-Claw_Icon_Green.png,Gendrome Fang,4,200,The large and developed fang of a Gendrome. Be careful of its powerful neurotoxin.,Gendrome
https://static.wikia.nocookie.net/monsterhunter/images/c/c2/MH4G-Claw_Icon_Green.png,Gendrome Fang+,6,600,The large and sharpened fang of a Gendrome. Its tip excretes a deadly neurotoxin.,Gendrome
https://static.wikia.nocookie.net/monsterhunter/images/3/30/MH4G-Monster_Parts_Icon_Green.png,Gendrome Head,4,665,The head of a Gendrome. Noted for its two crests.,Gendrome
https://static.wikia.nocookie.net/monsterhunter/images/a/ac/MH4G-Ball_Icon_Blue.png,Bird Wyvern Gem,7,4850,A valuable gem that can be harvested from Jaggi and other bird wyverns.,Gendrome
https://static.wikia.nocookie.net/monsterhunter/images/2/21/MH4G-Scale_Icon_Red.png,Glavenus Scale,4,550,"A Glavenus scale. Along with the shell, they cover its body's vulnerable parts.",Glavenus
https://static.wikia.nocookie.net/monsterhunter/images/2/21/MH4G-Scale_Icon_Red.png,Glavenus Scale+,6,1650,A quality scale taken from a Glavenus. It possesses excellent heat and damage resistance.,Glavenus
https://static.wikia.nocookie.net/monsterhunter/images/a/ac/FourthGen-Carapace_Icon_Dark_Blue.png,Glavenus Shell,4,780,A shell covering the entire body of a Glavenus. It easily deflects all but the strongest blows.,Glavenus
https://static.wikia.nocookie.net/monsterhunter/images/a/ac/FourthGen-Carapace_Icon_Dark_Blue.png,Glavenus Carapace,6,2340,The hard shell of a Glavenus. It has been tempered many times due to its high body heat.,Glavenus
https://static.wikia.nocookie.net/monsterhunter/images/7/7f/FourthGen-Claw_Icon_Dark_Blue.png,Glavenus Fang,4,880,"A fang from a Glavenus. Razor sharp, it makes a formidable weapon.",Glavenus
https://static.wikia.nocookie.net/monsterhunter/images/7/7f/FourthGen-Claw_Icon_Dark_Blue.png,Glavenus Fang+,6,2640,"Durable enough to withstand the jaws of a Glavenus's pressure, this fang can cut through anything.",Glavenus
https://static.wikia.nocookie.net/monsterhunter/images/a/ac/FourthGen-Carapace_Icon_Dark_Blue.png,Glavenus Pyroshell,4,730,A shell that resembles flickering flames. Its heat resistance is quite high.,Glavenus
https://static.wikia.nocookie.net/monsterhunter/images/a/ac/FourthGen-Carapace_Icon_Dark_Blue.png,Glavenus Pyroshell+,6,2250,A shell that looks like a raging inferno. The constant heat makes it hard to work with.,Glavenus
https://static.wikia.nocookie.net/monsterhunter/images/0/0e/FourthGen-Monster_Parts_Icon_Dark_Blue.png,Glavenus Tail,4,1400,The tailblade of a Glavenus. Constant heating and cooling have forged a sturdy blade.,Glavenus
https://static.wikia.nocookie.net/monsterhunter/images/0/0e/FourthGen-Monster_Parts_Icon_Dark_Blue.png,Glavenus Tailpiece,4,250,"A detached piece of a Glavenus tail. Only a piece, but it'll still cut through most swords.",Glavenus
https://static.wikia.nocookie.net/monsterhunter/images/1/15/MH4G-Sac_Icon_Red.png,Flaming Bursa,4,700,A furnace-like organ located in the throat. It enables the beast to breathe red-hot magma.,Glavenus
https://static.wikia.nocookie.net/monsterhunter/images/1/15/MH4G-Sac_Icon_Red.png,Solar Bursa,6,2100,"A highly developed flaming bursa. Cotton-thin, but can resist even white-hot magma.",Glavenus
https://static.wikia.nocookie.net/monsterhunter/images/2/21/MH4G-Scale_Icon_Red.png,Glavenus Plate,5,4850,"A sharp scale that grows near the Glavenus's tail, it has the same role -- a short blade.",Glavenus
https://static.wikia.nocookie.net/monsterhunter/images/3/35/MH4G-Ball_Icon_Red.png,Glavenus Fire Orb,7,9700,A red orb that grows within a flaming bursa. One peek can set even your soul aflame.,Glavenus
https://static.wikia.nocookie.net/monsterhunter/images/2/21/MH4G-Scale_Icon_Red.png,Hyper Glavenus Scale,6,1980,"Darker than normal Glavenus scales, this Hyper scale emits an ominous glow.",Glavenus
https://static.wikia.nocookie.net/monsterhunter/images/0/09/FourthGen-Scale_Icon_Dark_Red.png,Hellblade Scale,6,770,A Hellblade Glavenus scale. Explodes violently if not handled with care.,Hellblade Glavenus
https://static.wikia.nocookie.net/monsterhunter/images/0/09/FourthGen-Scale_Icon_Dark_Red.png,Hellblade Scale+,7,2310,A superior Hellblade Glavenus scale. Explodes violently if not handled with care.,Hellblade Glavenus
https://static.wikia.nocookie.net/monsterhunter/images/0/0f/FourthGen-Carapace_Icon_Dark_Red.png,Hellblade Shell,6,1090,A shell taken from a Hellblade Glavenus. Explodes violently if not handled with care.,Hellblade Glavenus
https://static.wikia.nocookie.net/monsterhunter/images/0/0f/FourthGen-Carapace_Icon_Dark_Red.png,Hellblade Carapace,7,3270,A hard Hellblade Glavenus shell. Explodes violently if not handled with care.,Hellblade Glavenus
https://static.wikia.nocookie.net/monsterhunter/images/a/a3/FourthGen-Sac_Icon_Dark_Red.png,Hellblade Powder,6,1540,Powder taken from a Hellblade Glavenus. Explodes violently if not handled with care.,Hellblade Glavenus
https://static.wikia.nocookie.net/monsterhunter/images/d/d3/MH4G-Scale_Icon_Grey.png,Gore Magala Scale,4,540,A black scale artisans fear because of the ill fortune said to surround it.,Gore Magala
https://static.wikia.nocookie.net/monsterhunter/images/d/d3/MH4G-Scale_Icon_Grey.png,Gore Magala Scale+,6,1290,"A deep black scale that seems to devour surrounding light, not reflect it.",Gore Magala
https://static.wikia.nocookie.net/monsterhunter/images/1/1c/FourthGen-Carapace_Icon_Grey.png,Gore Magala Shell,4,420,"The Gore Magala's outer shell, said to eat the flesh of half-hearted attackers.",Gore Magala
https://static.wikia.nocookie.net/monsterhunter/images/1/1c/FourthGen-Carapace_Icon_Grey.png,Gore Magala Carapace,6,1150,"The Gore Magala's handsome black suit of armor, said to negate all blows.",Gore Magala
https://static.wikia.nocookie.net/monsterhunter/images/e/e8/MH4G-Monster_Parts_Icon_Grey.png,Gore Magala Wing,4,980,"A writhing, jet black flight organ almost too hideous to be called a ""wing"".",Gore Magala
https://static.wikia.nocookie.net/monsterhunter/images/e/e8/MH4G-Monster_Parts_Icon_Grey.png,Gore Magala Wing+,6,2100,A horrifying wing that casts a hungry shadow over prey and drives them insane.,Gore Magala
https://static.wikia.nocookie.net/monsterhunter/images/5/5c/MH4G-Claw_Icon_Grey.png,Gore Magala Ripclaw,4,680,"A menacing claw that carves beautiful, indelible curves through soft, pink flesh.",Gore Magala
https://static.wikia.nocookie.net/monsterhunter/images/5/5c/MH4G-Claw_Icon_Grey.png,Gore Magala Ripclaw+,6,1580,A claw from a third foreleg that inflicts Frenzy and generations of suffering.,Gore Magala
https://static.wikia.nocookie.net/monsterhunter/images/e/e8/MH4G-Monster_Parts_Icon_Grey.png,Gore Magala Tail,4,1100,"A plient tail covered in reverse scales that strikes like a whip, not a blade.",Gore Magala
https://static.wikia.nocookie.net/monsterhunter/images/d/d3/MH4G-Scale_Icon_Grey.png,Gore Magala Plate,5,5040,Plating from the wing-limbs of the Gore Magala. Hunger and madness deepen the hue.,Gore Magala
https://static.wikia.nocookie.net/monsterhunter/images/5/5b/MH4G-Ball_Icon_Grey.png,Gore Magala Nyctgem,7,8000,"A pure, dark jewel that imprisons and then destroys all nearby light.",Gore Magala
https://static.wikia.nocookie.net/monsterhunter/images/5/5c/MH4G-Claw_Icon_Grey.png,Gore Magala Feeler,4,1240,The Gore Magala's versatile sensory organ and lifeline. It serves many purposes.,Gore Magala
https://static.wikia.nocookie.net/monsterhunter/images/5/5c/MH4G-Claw_Icon_Grey.png,Gore Magala Feeler+,6,2100,A well-honed sensory organ that oozes violet melancholy from its infected tip.,Gore Magala
https://static.wikia.nocookie.net/monsterhunter/images/d/d3/MH4G-Scale_Icon_Grey.png,Defiled Scale,4,560,A Frenzy-infested scale with patches of sickly color that make for a dangerous weapon.,Gore Magala
https://static.wikia.nocookie.net/monsterhunter/images/d/d3/MH4G-Scale_Icon_Grey.png,Hyper G. Magala Scale,(?),(?),"Darker than normal Gore Magala scales, this Hyper scale emits an ominous glow.",Gore Magala
https://static.wikia.nocookie.net/monsterhunter/images/6/6e/MH4G-Scale_Icon_Dark_Green.png,Great Maccao Scale,4,220,A scale that gets stronger when struck. Scales from the hands and feet are especially tough.,Great Maccao
https://static.wikia.nocookie.net/monsterhunter/images/6/6e/MH4G-Scale_Icon_Dark_Green.png,Great Maccao Scale+,6,660,"A superior Great Maccao scale. The rarer, yellow scales are often used as decorations.",Great Maccao
https://static.wikia.nocookie.net/monsterhunter/images/3/32/MH4G-Hide_Icon_Red.png,Great Maccao Hide,4,250,"The braver the specimen, the duller and stronger this red hide becomes. Highly prized.",Great Maccao
https://static.wikia.nocookie.net/monsterhunter/images/3/32/MH4G-Hide_Icon_Red.png,Great Maccao Hide+,6,(?),"Top-grade red Great Maccao hide. It is valued for its scars, and is used to reward valor.",Great Maccao
https://static.wikia.nocookie.net/monsterhunter/images/b/b1/MH4G-Monster_Parts_Icon_Yellow.png,Champion's Crest,4,600,"Maccao males have decorative feathers, whose beauty is directly related to strength.",Great Maccao
https://static.wikia.nocookie.net/monsterhunter/images/b/b1/MH4G-Monster_Parts_Icon_Yellow.png,Maccao Tailspike,4,540,"Extremely hard, it provides balance, gripping the ground like claws.",Great Maccao
https://static.wikia.nocookie.net/monsterhunter/images/3/3e/MH4G-Hide_Icon_Blue.png,Rubbery Hide,4,370,"Highly elastic Gypceros hide. A good insulator, resistant to electricity.",Gypceros
https://static.wikia.nocookie.net/monsterhunter/images/3/3e/MH4G-Hide_Icon_Blue.png,Rubbery Hide+,6,1110,"High-quality, highly elastic Gypceros hide. Gives off a strange scent.",Gypceros
https://static.wikia.nocookie.net/monsterhunter/images/5/58/MH4G-Webbing_Icon_Blue.png,Gypceros Webbing,4,780,"Webbing from a Gypceros wing. A good insulator, it is also resistant to poison.",Gypceros
https://static.wikia.nocookie.net/monsterhunter/images/c/c2/MH4G-Monster_Parts_Icon_Blue.png,Gypceros Wing,6,1840,(?),Gypceros
https://static.wikia.nocookie.net/monsterhunter/images/c/c2/MH4G-Monster_Parts_Icon_Blue.png,Gypceros Head,4,2200,The uniquely shaped head of a Gypceros. A must have for Gypceros lovers!,Gypceros
https://static.wikia.nocookie.net/monsterhunter/images/3/3e/MH4G-Hide_Icon_Blue.png,Hyper Gypceros Hide,6,1320,"Darker than normal Gypceros hide, this Hyper hide emits an ominous glow.",Gypceros
https://static.wikia.nocookie.net/monsterhunter/images/3/32/MH4G-Hide_Icon_Red.png,Iodrome Hide,4,560,Sturdy red hide from an Iodrome. Perfect for making strong armor.,Iodrome
https://static.wikia.nocookie.net/monsterhunter/images/3/32/MH4G-Hide_Icon_Red.png,Iodrome Hide+,6,1680,Sturdy red hide from an Iodrome. Perfect for making strong armor.,Iodrome
https://static.wikia.nocookie.net/monsterhunter/images/a/aa/MH4G-Scale_Icon_Purple.png,Iodrome Violet Scale,4,200,A violet scale carved from an Iodrome. It is more difficult to obtain than regular scales.,Iodrome
https://static.wikia.nocookie.net/monsterhunter/images/a/aa/MH4G-Scale_Icon_Purple.png,Iodrome Violet Scale+,6,600,A quality violet Iodrome scale. Its deep color borders on black--a sign of its quality.,Iodrome
https://static.wikia.nocookie.net/monsterhunter/images/8/8b/MH4G-Monster_Parts_Icon_Red.png,Iodrome Head,4,770,"An Iodrome head with a large, eye-catching crest.",Iodrome
https://static.wikia.nocookie.net/monsterhunter/images/a/ac/MH4G-Ball_Icon_Blue.png,Bird Wyvern Gem,7,4850,A valuable gem that can be harvested from Jaggi and other bird wyverns.,Iodrome
https://static.wikia.nocookie.net/monsterhunter/images/7/7a/MH4G-Hide_Icon_Orange.png,Kecha Pelt+,6,840,"A quality Kecha Wacha pelt that manages to be durable, yet still soft to the touch.",Kecha Wacha
https://static.wikia.nocookie.net/monsterhunter/images/e/e6/MH4G-Bone_Icon_Orange.png,Kecha Grandbone,6,1470,"A quality, hardened arm bone that makes excellent armor in a gifted forger's hands.",Kecha Wacha
https://static.wikia.nocookie.net/monsterhunter/images/4/46/MH4G-Claw_Icon_Orange.png,Kecha Talon,4,560,"A thick, sharp talon that evolved for climbing up ivy.",Kecha Wacha
https://static.wikia.nocookie.net/monsterhunter/images/f/f5/MH4G-Monster_Parts_Icon_Orange.png,Kecha Ear+,6,2600,"The unmistakable, ocellated ear of a Kecha Wacha. Larger spots fetch a higher price.",Kecha Wacha
https://static.wikia.nocookie.net/monsterhunter/images/f/f5/MH4G-Monster_Parts_Icon_Orange.png,Kecha Tail,4,720,A tail with soft strands of hair. It feels wonderful to the touch.,Kecha Wacha
https://static.wikia.nocookie.net/monsterhunter/images/7/7a/MH4G-Hide_Icon_Orange.png,Hyper Kecha Wacha Pelt,(?),(?),"Darker than normal Kecha pelt, this Hyper pelt emits an ominous glow.",Kecha Wacha
https://static.wikia.nocookie.net/monsterhunter/images/3/39/MH4G-Hide_Icon_White.png,Flabby Hide,4,760,Finally useable as a material thanks to recent advances. Has mysterious properties.,Khezu
https://static.wikia.nocookie.net/monsterhunter/images/3/39/MH4G-Hide_Icon_White.png,Pearl Hide,6,1520,The hide of a Khezu. Its strange properties are still not fully understood.,Khezu
https://static.wikia.nocookie.net/monsterhunter/images/b/b4/MH4G-Monster_Parts_Icon_White.png,Pale Bone,4,2380,The rib bone from a Khezu. Still has chunks of meat attached.,Khezu
https://static.wikia.nocookie.net/monsterhunter/images/b/b4/MH4G-Monster_Parts_Icon_White.png,Pale Steak,6,3580,"Fatty meat from a Pale Khezu. Looks tasty, but cannot be eaten.",Khezu
https://static.wikia.nocookie.net/monsterhunter/images/8/80/MH4G-Ball_Icon_Light_Blue.png,Wyvern Gem,7,6000,"Throughout a wyvern's life, impurities gather and form this peculiar gem.",Khezu
https://static.wikia.nocookie.net/monsterhunter/images/3/39/MH4G-Hide_Icon_White.png,Hyper Khezu Hide,6,1820,"Darker than normal Khezu hide, this Hyper hide emits an ominous glow.",Khezu
https://static.wikia.nocookie.net/monsterhunter/images/4/4b/MH4G-Hide_Icon_Light_Blue.png,Lagiacrus Hide,4,540,"Not especially durable, but soft and workable. Use it to forge valuable leatherware.",Lagiacrus
https://static.wikia.nocookie.net/monsterhunter/images/4/4b/MH4G-Hide_Icon_Light_Blue.png,Lagiacrus Hide+,6,1290,A fine hide taken from a Lagiacrus. It's quite strong and immensely flexible.,Lagiacrus
https://static.wikia.nocookie.net/monsterhunter/images/8/80/MH4G-Scale_Icon_Light_Blue.png,Lagiacrus Scale,4,420,A supple scale that turns myriad shades of blue in the light. In high demand.,Lagiacrus
https://static.wikia.nocookie.net/monsterhunter/images/8/80/MH4G-Scale_Icon_Light_Blue.png,Lagiacrus Scale+,6,1150,A fine example of a supple Lagiacrus Scale. Its beauty is truly breathtaking.,Lagiacrus
https://static.wikia.nocookie.net/monsterhunter/images/f/f8/MH4G-Monster_Parts_Icon_Light_Blue.png,Shell Shocker,4,980,"This shell is actually used to release electricity, not generate it. Safe to handle.",Lagiacrus
https://static.wikia.nocookie.net/monsterhunter/images/f/f8/MH4G-Monster_Parts_Icon_Light_Blue.png,Shell Shocker+,6,(?),A superior shell found only on certain Lagiacrus. Its structure permits greater electric output.,Lagiacrus
https://static.wikia.nocookie.net/monsterhunter/images/d/d7/MH4G-Claw_Icon_Light_Blue.png,Lagiacrus Horn,4,1240,The power of Lagiacrus horns has been sung of for ages. In high demand.,Lagiacrus
https://static.wikia.nocookie.net/monsterhunter/images/d/d7/MH4G-Claw_Icon_Light_Blue.png,Lagiacrus Horn+,6,(?),A fine horn taken from a strong Lagiacrus. A horn like this is sure to catch people's attention.,Lagiacrus
https://static.wikia.nocookie.net/monsterhunter/images/f/f8/MH4G-Monster_Parts_Icon_Light_Blue.png,Lagiacrus Tail,4,1100,"Not only do these serve for weaponcraft, they also wind up on Moga dinner plates.",Lagiacrus
https://static.wikia.nocookie.net/monsterhunter/images/d/d7/MH4G-Claw_Icon_Light_Blue.png,Lagiacrus Claw,4,680,A sharp claw that grows on the fin. Not pretty enough to command good money.,Lagiacrus
https://static.wikia.nocookie.net/monsterhunter/images/d/d7/MH4G-Claw_Icon_Light_Blue.png,Lagiacrus Claw+,6,(?),A very sharp claw found on certain Lagiacrus. Its mundane appearance belies its strength.,Lagiacrus
https://static.wikia.nocookie.net/monsterhunter/images/8/80/MH4G-Scale_Icon_Light_Blue.png,Lagiacrus Plate,5,(?),The largest and most prized of Lagiacrus scales. Boosts the efficacy of equipment.,Lagiacrus
https://static.wikia.nocookie.net/monsterhunter/images/8/80/MH4G-Ball_Icon_Light_Blue.png,Lagiacrus Sapphire,7,(?),A gem only rarely plucked from a Lagiacrus. Craft with it to boost Resistances.,Lagiacrus
https://static.wikia.nocookie.net/monsterhunter/images/4/4b/MH4G-Hide_Icon_Light_Blue.png,Hyper Lagiacrus Hide,(?),(?),"Darker than normal Lagiacrus hide, this Hyper hide emits an ominous glow.",Lagiacrus
https://static.wikia.nocookie.net/monsterhunter/images/3/39/MH4G-Hide_Icon_White.png,Lagombi Pelt,4,280,"A white pelt carved from a Lagombi. One touch and you'll be hooked on its soft, fluffy fur.",Lagombi
https://static.wikia.nocookie.net/monsterhunter/images/3/39/MH4G-Hide_Icon_White.png,Lagombi Pelt+,6,840,"A quality white Lagombi pelt. Its glossy, frosty shine makes it a sought-after luxury item.",Lagombi
https://static.wikia.nocookie.net/monsterhunter/images/b/b4/MH4G-Monster_Parts_Icon_White.png,Lagombi Ear,4,420,The long ear of a Lagombi. A lifetime in frigid environments has made it hard as a shell.,Lagombi
https://static.wikia.nocookie.net/monsterhunter/images/b/b4/MH4G-Monster_Parts_Icon_White.png,Lagombi Ear+,6,1260,"An impressive Lagombi ear. Highly-developed, it can become sharp as steel if polished.",Lagombi
https://static.wikia.nocookie.net/monsterhunter/images/b/b4/MH4G-Monster_Parts_Icon_White.png,Lagombi Plastron,4,320,A shell piece from a Lagombi's belly. Its ridges are what allow the Lagombi to slide on ice.,Lagombi
https://static.wikia.nocookie.net/monsterhunter/images/b/b4/MH4G-Monster_Parts_Icon_White.png,Lagombi Plastron+,6,960,"A strong, sticky, and thick Lagombi Plastron. Used to make superior equipment.",Lagombi
https://static.wikia.nocookie.net/monsterhunter/images/e/e4/MH4G-Claw_Icon_White.png,Lagombi Iceclaw,4,210,A Lagombi claw that's cold to the touch. Permanently covered in ice from a frigid climate.,Lagombi
https://static.wikia.nocookie.net/monsterhunter/images/e/e4/MH4G-Claw_Icon_White.png,Lagombi Frozenclaw,6,630,A Lagombi claw surrounded by cold air. Wounds it causes freeze over in an instant.,Lagombi
https://static.wikia.nocookie.net/monsterhunter/images/8/85/MH4G-Hide_Icon_Brown.png,Snowbaron Pelt,6,390,A pelt that was carved from a Snowbaron Lagombi. It looks fluffy and is soft to the touch.,Snowbaron Lagombi
https://static.wikia.nocookie.net/monsterhunter/images/8/85/MH4G-Hide_Icon_Brown.png,Snowbaron Pelt+,7,(?),"A hardened pelt taken from a Snowbaron Lagombi. Although stiff, it has a pleasing feel to it.",Snowbaron Lagombi
https://static.wikia.nocookie.net/monsterhunter/images/4/44/MH4G-Monster_Parts_Icon_Purple.png,Snowbaron Plastron,6,450,A shell piece from a Snowbaron Lagombi's belly. It is known for its deep ridges.,Snowbaron Lagombi
https://static.wikia.nocookie.net/monsterhunter/images/4/44/MH4G-Monster_Parts_Icon_Purple.png,Snowbaron Plastron+,7,(?),A high-quality Snowbaron Lagombi plastron. Its deep ridges give it a nice shape.,Snowbaron Lagombi
https://static.wikia.nocookie.net/monsterhunter/images/d/d3/MH4G-Scale_Icon_Grey.png,Lavasioth Scale+,6,1830,A superior Lavasioth scale. The encrusted lava leaves behind a brilliant gold sheen.,Lavasioth
https://static.wikia.nocookie.net/monsterhunter/images/1/1c/FourthGen-Carapace_Icon_Grey.png,Lavasioth Carapace,6,2210,"Lavasioth carapace encrusted with rare hardened minerals, making for excellent armor.",Lavasioth
https://static.wikia.nocookie.net/monsterhunter/images/5/5c/MH4G-Claw_Icon_Grey.png,Lavasioth Fang+,6,1350,A sharp fang from a Lavasioth. Its size is unusual for a Piscine Wyvern.,Lavasioth
https://static.wikia.nocookie.net/monsterhunter/images/e/e8/MH4G-Monster_Parts_Icon_Grey.png,Lavasioth Fin+,6,2490,A high-quality fin that has been sharpened into a virtual weapon due to the lava's heat.,Lavasioth
https://static.wikia.nocookie.net/monsterhunter/images/d/d3/MH4G-Scale_Icon_Grey.png,Hyper Lavasioth Scale,6,2190,"Darker than normal Lavasioth scales, this Hyper scale emits an ominous glow.",Lavasioth
https://static.wikia.nocookie.net/monsterhunter/images/0/0e/FourthGen-Monster_Parts_Icon_Dark_Blue.png,Azurefeather,4,390,"The blue scalefeather of a Malfestio, the secret behind its silent flight.",Malfestio
https://static.wikia.nocookie.net/monsterhunter/images/0/0e/FourthGen-Monster_Parts_Icon_Dark_Blue.png,Azurefeather+,6,1170,A high-quality Malfestio scalefeather. Used in clothing as well as armor.,Malfestio
https://static.wikia.nocookie.net/monsterhunter/images/5/58/MH4G-Webbing_Icon_Blue.png,Malfestio Webbing,4,750,Webbing from a Malfestio wing. Its scales gather sound and emit a strange echo pattern.,Malfestio
https://static.wikia.nocookie.net/monsterhunter/images/0/0e/FourthGen-Monster_Parts_Icon_Dark_Blue.png,Malfestio Wing,6,2250,The deep blue wing of a Malfestio. Widely known for its beautiful curves.,Malfestio
https://static.wikia.nocookie.net/monsterhunter/images/7/7f/FourthGen-Claw_Icon_Dark_Blue.png,Malfestio Wingtalon,4,480,A hard talon found at the end of a Malfestio wing. It's as sharp as a sword.,Malfestio
https://static.wikia.nocookie.net/monsterhunter/images/7/7f/FourthGen-Claw_Icon_Dark_Blue.png,Malfestio Wingtalon+,6,1440,"A high-quality talon from a Malfestio wing. Hard and sharp, it's difficult to work with.",Malfestio
https://static.wikia.nocookie.net/monsterhunter/images/0/0e/FourthGen-Monster_Parts_Icon_Dark_Blue.png,Malfestio Ear,4,1360,"The ear of a Malfestio. Smooth to the touch, it's quite muscular due to its constant movement.",Malfestio
https://static.wikia.nocookie.net/monsterhunter/images/0/0e/FourthGen-Monster_Parts_Icon_Dark_Blue.png,Malfestio Tailfeather,4,1860,The flamboyant tail feather of a Malfestio. Its color gradually changes from blue to gold.,Malfestio
https://static.wikia.nocookie.net/monsterhunter/images/0/0e/FourthGen-Monster_Parts_Icon_Dark_Blue.png,Malfestio Goldfeather,7,8300,The magnificent golden feather of a Malfestio. Collectors prize it for its sense of flair.,Malfestio
https://static.wikia.nocookie.net/monsterhunter/images/0/0e/FourthGen-Monster_Parts_Icon_Dark_Blue.png,Hyper Azurefeather,6,1400,"Darker than normal Malfestio scalefeathers, it emits an ominous glow.",Malfestio
https://static.wikia.nocookie.net/monsterhunter/images/7/78/FourthGen-Carapace_Icon_Brown.png,Najarala Shell,4,480,A shell that grows both large and small -- whatever won't impede movement.,Najarala
https://static.wikia.nocookie.net/monsterhunter/images/7/78/FourthGen-Carapace_Icon_Brown.png,Najarala Carapace,6,1440,A long shell that covers the Najarala and may have evolved from a scale.,Najarala
https://static.wikia.nocookie.net/monsterhunter/images/8/85/MH4G-Hide_Icon_Brown.png,Najarala Hide,4,600,Comparatively flexible hide found under the shell and on the underbelly.,Najarala
https://static.wikia.nocookie.net/monsterhunter/images/8/85/MH4G-Hide_Icon_Brown.png,Najarala Hide+,6,1800,"A fine, silky-smooth hide that sells well at market as a top-class material.",Najarala
https://static.wikia.nocookie.net/monsterhunter/images/7/7b/MH4G-Monster_Parts_Icon_Brown.png,Najarala Marrow,5,2100,Marrow known to cause paralysis if handled improperly.,Najarala
https://static.wikia.nocookie.net/monsterhunter/images/7/7b/MH4G-Monster_Parts_Icon_Brown.png,Najarala Medulla,7,6300,A mass of tissue used as a coagulant in all manner of crafts.,Najarala
https://static.wikia.nocookie.net/monsterhunter/images/7/7b/MH4G-Monster_Parts_Icon_Brown.png,Najarala Sounder,4,820,A Najarala shell with unique acoustic properties that amplify sound.,Najarala
https://static.wikia.nocookie.net/monsterhunter/images/7/7b/MH4G-Monster_Parts_Icon_Brown.png,Najarala Sounder+,6,2460,A shell with unique acoustic properties. Fragile and a real challenge to work with.,Najarala
https://static.wikia.nocookie.net/monsterhunter/images/0/05/MH4G-Claw_Icon_Brown.png,Najarala Fang,4,750,A fang containing an organ that induces neurogenic paralysis.,Najarala
https://static.wikia.nocookie.net/monsterhunter/images/a/a6/MH4G-Bone_Icon_Brown.png,Chilling Beak,5,2400,"The Najarala's bird-like beak, which it uses to instantaneously seize prey.",Najarala
https://static.wikia.nocookie.net/monsterhunter/images/8/80/MH4G-Ball_Icon_Light_Blue.png,Wyvern Gem,7,6000,"Throughout a wyvern's life, impurities gather and form this peculiar gem.",Najarala
https://static.wikia.nocookie.net/monsterhunter/images/7/78/FourthGen-Carapace_Icon_Brown.png,Hyper Najarala Shell,(?),(?),"Darker than normal Najarala shell, this Hyper shell emits an ominous glow.",Najarala
https://static.wikia.nocookie.net/monsterhunter/images/d/d3/MH4G-Scale_Icon_Grey.png,Nargacuga Scale,4,466,A scale from a Nargacuga. The surface is covered with the beast's black fur.,Nargacuga
https://static.wikia.nocookie.net/monsterhunter/images/d/d3/MH4G-Scale_Icon_Grey.png,Nargacuga Scale+,6,1400,"A black Nargacuga scale. Despite its hardness, it's surprisingly light and smooth.",Nargacuga
https://static.wikia.nocookie.net/monsterhunter/images/4/40/MH4G-Hide_Icon_Grey.png,Nargacuga Blackfur,4,600,Black fur that grows on scales. Covers the animal in jet-black darkness.,Nargacuga
https://static.wikia.nocookie.net/monsterhunter/images/4/40/MH4G-Hide_Icon_Grey.png,Nargacuga Pelt+,6,1800,Pitch-black fur from a Nargacuga. It absorbs all light and emits pure darkness.,Nargacuga
https://static.wikia.nocookie.net/monsterhunter/images/e/e8/MH4G-Monster_Parts_Icon_Grey.png,Nargacuga Tail,4,1150,A Nargacuga's impressive tail. Might be mistaken for a weapon if seen out of context.,Nargacuga
https://static.wikia.nocookie.net/monsterhunter/images/e/e8/MH4G-Monster_Parts_Icon_Grey.png,Narga Tailspike,4,500,A spiky scale from a Nargacuga tail. It stands up when the beast is enraged.,Nargacuga
https://static.wikia.nocookie.net/monsterhunter/images/e/e8/MH4G-Monster_Parts_Icon_Grey.png,Nargacuga Cutwing,4,850,Blade-like Nargacuga wing. Evolved to cut down prey on the fly.,Nargacuga
https://static.wikia.nocookie.net/monsterhunter/images/e/e8/MH4G-Monster_Parts_Icon_Grey.png,Narga Razor,6,2550,"The large, sharp bladewing of a Nargacuga. It can slice through foes in a flash.",Nargacuga
https://static.wikia.nocookie.net/monsterhunter/images/5/5c/MH4G-Claw_Icon_Grey.png,Nargacuga Fang,4,440,"Although small, the jagged placement of these fangs increase their cutting ability.",Nargacuga
https://static.wikia.nocookie.net/monsterhunter/images/5/5c/MH4G-Claw_Icon_Grey.png,Nargacuga Fang+,6,1300,A Nargacuga's incredibly sharp fang. Evolved to tear rather than chew.,Nargacuga
https://static.wikia.nocookie.net/monsterhunter/images/e/e8/MH4G-Monster_Parts_Icon_Grey.png,Nargacuga Marrow,5,1800,Marrow as nimble as the Nargacuga itself; requires talent to properly harvest.,Nargacuga
https://static.wikia.nocookie.net/monsterhunter/images/8/8b/MH4G-Monster_Parts_Icon_Red.png,Narga Medulla,7,6000,"A Nargacuga's medulla. Merely touching it causes extreme pain, making crafting quite difficult.",Nargacuga
https://static.wikia.nocookie.net/monsterhunter/images/d/d3/MH4G-Scale_Icon_Grey.png,Hyper Narga Scale,(?),(?),"Darker than normal Nargacuga scales, this Hyper scale emits an ominous glow.",Nargacuga
https://static.wikia.nocookie.net/monsterhunter/images/3/3f/MH4G-Scale_Icon_White.png,Silverwind Scale,6,650,A Silverwind Nargacuga scale. Its lightness allows free and swift movement.,Silverwind Nargacuga
https://static.wikia.nocookie.net/monsterhunter/images/3/3f/MH4G-Scale_Icon_White.png,Silverwind Scale+,7,1950,"Although extremely hard, this scale's lightness allows free and swift movement.",Silverwind Nargacuga
https://static.wikia.nocookie.net/monsterhunter/images/1/14/FourthGen-Hide_Icon_Dark_Blue.png,Silverwind Blackfur,6,840,Black fur from a Silverwind Nargacuga. Its lightness allows swift and free movement.,Silverwind Nargacuga
https://static.wikia.nocookie.net/monsterhunter/images/1/14/FourthGen-Hide_Icon_Dark_Blue.png,Silverwind Pelt+,7,2520,Quality fur from a Silverwind Nargacuga. Its lightness allows swift and free movement.,Silverwind Nargacuga
https://static.wikia.nocookie.net/monsterhunter/images/7/78/FourthGen-Carapace_Icon_Brown.png,Nibelsnarf Shell,4,480,A shell piece from a Nibelsnarf. Its great strength and hornlike bulges produce unique gear.,Nibelsnarf
https://static.wikia.nocookie.net/monsterhunter/images/7/78/FourthGen-Carapace_Icon_Brown.png,Nibelsnarf Carapace,6,(?),"A rigid Nibelsnarf carapace. Hard to forge, but the resulting equipment is worth the effort.",Nibelsnarf
https://static.wikia.nocookie.net/monsterhunter/images/8/85/MH4G-Hide_Icon_Brown.png,Nibelsnarf Hide,4,600,"Hide from a Nibelsnarf. Many are surprised by its bright colors, in contrast to the outer shell.",Nibelsnarf
https://static.wikia.nocookie.net/monsterhunter/images/8/85/MH4G-Hide_Icon_Brown.png,Nibelsnarf Hide+,6,(?),Quality Nibelsnarf hide often used as lining for armor. Strong enough to withstand the desert.,Nibelsnarf
https://static.wikia.nocookie.net/monsterhunter/images/0/05/MH4G-Claw_Icon_Brown.png,Nibelsnarf Claw,4,820,Nibelsnarf claws have evolved to be able to quickly and easily burrow through desert sand.,Nibelsnarf
https://static.wikia.nocookie.net/monsterhunter/images/0/05/MH4G-Claw_Icon_Brown.png,Nibelsnarf Claw+,6,(?),"A bold, firm Nibelsnarf claw. Ideal as material for crafting superior equipment parts.",Nibelsnarf
https://static.wikia.nocookie.net/monsterhunter/images/7/7b/MH4G-Monster_Parts_Icon_Brown.png,Nibelsnarf Scalp,5,1380,A part of the skull that holds various organs. The useful bits must be cut out carefully.,Nibelsnarf
https://static.wikia.nocookie.net/monsterhunter/images/2/2d/MH4G-Medicine_Icon_Light_Blue.png,Vivid Fluid,4,350,A fluid which helps retain water in a Nibelsnarf and allows the beast to thrive in the desert.,Nibelsnarf
https://static.wikia.nocookie.net/monsterhunter/images/2/2d/MH4G-Medicine_Icon_Light_Blue.png,Brilliant Fluid,6,(?),A fluid with strong water-retention ability. Improves equipment performance.,Nibelsnarf
https://static.wikia.nocookie.net/monsterhunter/images/7/78/FourthGen-Carapace_Icon_Brown.png,Hyper Nibelsnarf Shell,(?),(?),"Darker than normal Nibelsnarf shell, this Hyper shell emits an ominous glow.",Nibelsnarf
https://static.wikia.nocookie.net/monsterhunter/images/7/73/MH4G-Scale_Icon_Blue.png,Plesioth Scale+,6,1440,A high-grade Plesioth scale with a lapis lazuli glow. It shines even when dry.,Plesioth
https://static.wikia.nocookie.net/monsterhunter/images/c/c2/MH4G-Monster_Parts_Icon_Blue.png,Plesioth Fin+,6,1640,A radiant Plesioth fin. Below the surface lie sharp barbs with a deadly neurotoxin.,Plesioth
https://static.wikia.nocookie.net/monsterhunter/images/a/a4/MH4G-Claw_Icon_Blue.png,Plesioth Fang+,6,750,A finely honed Plesioth Fang. Sharp enough to shatter the shells of small Carapaceons.,Plesioth
https://static.wikia.nocookie.net/monsterhunter/images/5/58/MH4G-Webbing_Icon_Blue.png,Plesioth Webbing,6,2440,"Difficult to forge with, but its water-retention properties make it popular as armor lining.",Plesioth
https://static.wikia.nocookie.net/monsterhunter/images/c/c2/MH4G-Monster_Parts_Icon_Blue.png,Plesioth Head,6,2890,"A surprisingly hard head prized as armor material. Might make for a great party gag, too.",Plesioth
https://static.wikia.nocookie.net/monsterhunter/images/7/73/MH4G-Scale_Icon_Blue.png,Hyper Plesioth Scale,(?),(?),"Darker than normal Plesioth scales, this Hyper scale emits an ominous glow.",Plesioth
https://static.wikia.nocookie.net/monsterhunter/images/7/70/MH4G-Claw_Icon_Yellow.png,Rajang Horn+,6,3200,The majestic golden horn of a Rajang. Hunters yearn for the heroism it represents.,Rajang
https://static.wikia.nocookie.net/monsterhunter/images/7/70/MH4G-Claw_Icon_Yellow.png,Rajang Fang+,6,2700,This sharpened fang can cut through anything dumb enough to touch it.,Rajang
https://static.wikia.nocookie.net/monsterhunter/images/4/40/MH4G-Hide_Icon_Grey.png,Rajang Blackfur,6,2280,"Black Rajang fur. When crafted, the resulting fabric is desired even by royalty.",Rajang
https://static.wikia.nocookie.net/monsterhunter/images/5/5c/MH4G-Claw_Icon_Grey.png,Rajang Claw+,6,3000,A sharp Rajang claw. Difficult to carve and more difficult to craft.,Rajang
https://static.wikia.nocookie.net/monsterhunter/images/b/b1/MH4G-Monster_Parts_Icon_Yellow.png,Rajang Tail,6,4500,The glistening tail of a Rajang. The golden fur is beautiful and elegant.,Rajang
https://static.wikia.nocookie.net/monsterhunter/images/1/19/MH4G-Hide_Icon_Yellow.png,Gold Rajang Pelt,6,9600,Fur taken from a Rajang's body. The golden hair is treasured by tailors.,Rajang
https://static.wikia.nocookie.net/monsterhunter/images/4/40/MH4G-Hide_Icon_Grey.png,Hyper Rajang Pelt,(?),(?),"Darker than normal Rajang fur, this Hyper scale emits an ominous glow.",Rajang
https://static.wikia.nocookie.net/monsterhunter/images/1/19/MH4G-Hide_Icon_Yellow.png,Rajang Ragehair,6,3420,Hair that hardens when a Rajang becomes furious. Armorsmiths line up for it.,Rajang
https://static.wikia.nocookie.net/monsterhunter/images/1/16/MH4G-Ball_Icon_Yellow.png,Rajang Nerve,6,4800,"The source of a Rajang's power, which continues its mystic pulsing after death.",Rajang
https://static.wikia.nocookie.net/monsterhunter/images/7/70/MH4G-Claw_Icon_Yellow.png,Ghoulish Gold Horn,7,12000,The golden horn of a furious Rajang. It seems almost too lovely to waste on equipment.,Rajang
https://static.wikia.nocookie.net/monsterhunter/images/2/21/MH4G-Scale_Icon_Red.png,Rathalos Scale,4,490,A Rathalos scale. Wyvern scales and shells such as this are fundamental forging materials.,Rathalos
https://static.wikia.nocookie.net/monsterhunter/images/2/21/MH4G-Scale_Icon_Red.png,Rathalos Scale+,6,1470,An extraordinarily durable scale carved from the body of a Rathalos.,Rathalos
https://static.wikia.nocookie.net/monsterhunter/images/9/9c/FourthGen-Carapace_Icon_Red.png,Rathalos Shell,4,650,"A shell piece comprised of layered scales, making it much harder than just one.",Rathalos
https://static.wikia.nocookie.net/monsterhunter/images/9/9c/FourthGen-Carapace_Icon_Red.png,Rathalos Carapace,6,1950,A rigid Rathalos carapace. Even harder than a normal Rathalos Shell.,Rathalos
https://static.wikia.nocookie.net/monsterhunter/images/b/b9/MH4G-Webbing_Icon_Red.png,Rathalos Webbing,4,880,This heat-resistant material is often used as armor lining.,Rathalos
https://static.wikia.nocookie.net/monsterhunter/images/8/8b/MH4G-Monster_Parts_Icon_Red.png,Rathalos Wing,6,2550,A wing that has been removed. Skilled artisans can craft it into strong equipment.,Rathalos
https://static.wikia.nocookie.net/monsterhunter/images/8/8b/MH4G-Monster_Parts_Icon_Red.png,Rathalos Tail,4,1200,The severed tail of a Rathalos. It has any number of uses.,Rathalos
https://static.wikia.nocookie.net/monsterhunter/images/2/21/MH4G-Scale_Icon_Red.png,Rathalos Plate,5,4850,A searing tail scale. Hard to come by and as fiery as the wyvern it came from.,Rathalos
https://static.wikia.nocookie.net/monsterhunter/images/3/35/MH4G-Ball_Icon_Red.png,Rathalos Ruby,7,9700,"A rare, precious gem from inside a wyvern. Almost too nice to use.",Rathalos
https://static.wikia.nocookie.net/monsterhunter/images/c/c9/MH4G-Claw_Icon_Red.png,Rath Wingtalon,4,600,A talon that grows on a wyvern's wing. Break it off in battle and you may just be rewarded.,Rathalos
https://static.wikia.nocookie.net/monsterhunter/images/8/8b/MH4G-Monster_Parts_Icon_Red.png,Rath Marrow,5,2100,Recent advances allow this marrow to be extracted. It ignites on air contact.,Rathalos
https://static.wikia.nocookie.net/monsterhunter/images/8/8b/MH4G-Monster_Parts_Icon_Red.png,Rath Medulla,7,6300,Only recently extractable thanks to advances in carving techniques. Difficult to process.,Rathalos
https://static.wikia.nocookie.net/monsterhunter/images/2/21/MH4G-Scale_Icon_Red.png,Hyper Rathalos Scale,6,1760,"Darker than normal Rathalos scales, this Hyper scale emits an ominous glow.",Rathalos
https://static.wikia.nocookie.net/monsterhunter/images/0/09/FourthGen-Scale_Icon_Dark_Red.png,Dreadking Scale,6,680,A Dreadking Rathalos scale. It remains red-hot. Not recommended to touch.,Dreadking Rathalos
https://static.wikia.nocookie.net/monsterhunter/images/0/09/FourthGen-Scale_Icon_Dark_Red.png,Dreadking Scale+,7,2040,A hardened Dreadking Rathalos scale. It remains red-hot. Not recommended to touch.,Dreadking Rathalos
https://static.wikia.nocookie.net/monsterhunter/images/0/0f/FourthGen-Carapace_Icon_Dark_Red.png,Dreadking Shell,6,910,A Dreadking Rathalos shell. It remains red-hot. Not recommended to touch.,Dreadking Rathalos
https://static.wikia.nocookie.net/monsterhunter/images/0/0f/FourthGen-Carapace_Icon_Dark_Red.png,Dreadking Carapace,7,2730,A hardened Dreadking Rathalos shell. It remains red-hot. Not recommended to touch.,Dreadking Rathalos
https://static.wikia.nocookie.net/monsterhunter/images/3/3f/MH4G-Scale_Icon_White.png,S.Rathalos Scale+,6,2200,Quality scale carved from a Silver Rathalos. It has a moon-like shine.,Silver Rathalos
https://static.wikia.nocookie.net/monsterhunter/images/4/45/FourthGen-Carapace_Icon_White.png,S.Rathalos Carapace,6,3900,Carapace carved from a Silver Rathalos. The silver scales have an icy shine.,Silver Rathalos
https://static.wikia.nocookie.net/monsterhunter/images/b/b4/MH4G-Monster_Parts_Icon_White.png,S.Rathalos Tail,6,4800,Severed tail of a Silver Rathalos. Sells at a high price due to its rarity.,Silver Rathalos
https://static.wikia.nocookie.net/monsterhunter/images/c/c9/MH4G-Claw_Icon_Red.png,Rath Wingtalon,4,600,A talon that grows on a wyvern's wing. Break it off in battle and you may just be rewarded.,Silver Rathalos
https://static.wikia.nocookie.net/monsterhunter/images/8/8b/MH4G-Monster_Parts_Icon_Red.png,Rath Medulla,7,6300,Only recently extractable thanks to advances in carving techniques. Difficult to process.,Silver Rathalos
https://static.wikia.nocookie.net/monsterhunter/images/c/c7/MH4G-Medicine_Icon_Yellow.png,Rath Gleem,7,2500,A liquid produced only by a rare species of fire wyverns. It glows faintly in the dark.,Silver Rathalos
https://static.wikia.nocookie.net/monsterhunter/images/3/3f/MH4G-Scale_Icon_White.png,Hyper S.Rath. Scale,6,2640,"Darker than normal Silver Rathalos scales, this Hyper scale emits an ominous glow.",Silver Rathalos
https://static.wikia.nocookie.net/monsterhunter/images/1/18/MH4G-Scale_Icon_Green.png,Rathian Scale,4,490,"The scale of a Rathian, the mate of Rathalos.",Rathian
https://static.wikia.nocookie.net/monsterhunter/images/1/18/MH4G-Scale_Icon_Green.png,Rathian Scale+,6,1470,"A superior Rathian scale. Looks like a normal Rathian scale, but is extremely hard.",Rathian
https://static.wikia.nocookie.net/monsterhunter/images/c/cb/FourthGen-Carapace_Icon_Green.png,Rathian Shell,4,650,"A shell piece comprised of layered scales, making it much harder than just one.",Rathian
https://static.wikia.nocookie.net/monsterhunter/images/c/cb/FourthGen-Carapace_Icon_Green.png,Rathian Carapace,6,1950,A sturdy Rathian carapace. Even harder than a normal Rathian Shell.,Rathian
https://static.wikia.nocookie.net/monsterhunter/images/7/79/MH4G-Webbing_Icon_Green.png,Rathian Webbing,4,780,This heat-resistant material is often used as armor lining.,Rathian
https://static.wikia.nocookie.net/monsterhunter/images/3/30/MH4G-Monster_Parts_Icon_Green.png,Rathian Spike,5,2000,Needle-like hair found on a Rathian's back and wings. They contain poison.,Rathian
https://static.wikia.nocookie.net/monsterhunter/images/3/30/MH4G-Monster_Parts_Icon_Green.png,Rathian Spike+,7,4000,As sharp as the keenest blade. It is longer and sturdier than other spikes.,Rathian
https://static.wikia.nocookie.net/monsterhunter/images/1/18/MH4G-Scale_Icon_Green.png,Rathian Plate,5,4850,A searing tail scale. Hard to come by and as fiery as the wyvern it came from.,Rathian
https://static.wikia.nocookie.net/monsterhunter/images/f/f7/MH4G-Ball_Icon_Green.png,Rathian Ruby,7,9700,"A rare, precious gem from inside a wyvern. Almost too nice to use.",Rathian
https://static.wikia.nocookie.net/monsterhunter/images/c/c9/MH4G-Claw_Icon_Red.png,Rath Wingtalon,4,600,A talon that grows on a wyvern's wing. Break it off in battle and you may just be rewarded.,Rathian
https://static.wikia.nocookie.net/monsterhunter/images/8/8b/MH4G-Monster_Parts_Icon_Red.png,Rath Marrow,5,2100,Recent advances allow this marrow to be extracted. It ignites on air contact.,Rathian
https://static.wikia.nocookie.net/monsterhunter/images/8/8b/MH4G-Monster_Parts_Icon_Red.png,Rath Medulla,7,6300,Only recently extractable thanks to advances in carving techniques. Difficult to process.,Rathian
https://static.wikia.nocookie.net/monsterhunter/images/1/18/MH4G-Scale_Icon_Green.png,Hyper Rathian Scale,6,1760,"Darker than normal Rathian scales, this Hyper scale emits an ominous glow.",Rathian
https://static.wikia.nocookie.net/monsterhunter/images/a/aa/MH4G-Scale_Icon_Purple.png,Dreadqueen Scale,6,690,A Dreadqueen Rathian scale. Its deadly poison makes it too dangerous to even touch.,Dreadqueen Rathian
https://static.wikia.nocookie.net/monsterhunter/images/a/aa/MH4G-Scale_Icon_Purple.png,Dreadqueen Scale+,7,(?),A hardened Dreadqueen Rathian scale. Its poison makes it too dangerous to even touch.,Dreadqueen Rathian
https://static.wikia.nocookie.net/monsterhunter/images/1/1e/FourthGen-Carapace_Icon_Purple.png,Dreadqueen Shell,6,910,A Dreadqueen Rathian shell. Its deadly poison makes it too dangerous to even touch.,Dreadqueen Rathian
https://static.wikia.nocookie.net/monsterhunter/images/1/1e/FourthGen-Carapace_Icon_Purple.png,Dreadqueen Carapace,7,(?),A Dreadqueen Rathian carapace. Its deadly poison makes it too dangerous to even touch.,Dreadqueen Rathian
https://static.wikia.nocookie.net/monsterhunter/images/0/0f/MH4G-Scale_Icon_Yellow.png,G.Rathian Scale+,6,2200,"Scale carved from the body of a Gold Rathian. Brilliant, even at night.",Gold Rathian
https://static.wikia.nocookie.net/monsterhunter/images/0/09/FourthGen-Carapace_Icon_Yellow.png,G.Rathian Carapace,6,3900,A hard shell covered in shining gold scales. As gorgeous as a gold bar.,Gold Rathian
https://static.wikia.nocookie.net/monsterhunter/images/b/b1/MH4G-Monster_Parts_Icon_Yellow.png,G.Rathian Spike+,6,5600,"A sharp, poison-tipped hair strand from the Gold Rathian that resembles a sword.",Gold Rathian
https://static.wikia.nocookie.net/monsterhunter/images/c/c9/MH4G-Claw_Icon_Red.png,Rath Wingtalon,4,600,A talon that grows on a wyvern's wing. Break it off in battle and you may just be rewarded.,Gold Rathian
https://static.wikia.nocookie.net/monsterhunter/images/8/8b/MH4G-Monster_Parts_Icon_Red.png,Rath Medulla,7,6300,Only recently extractable thanks to advances in carving techniques. Difficult to process.,Gold Rathian
https://static.wikia.nocookie.net/monsterhunter/images/c/c7/MH4G-Medicine_Icon_Yellow.png,Rath Gleem,7,2500,A liquid produced only by a rare species of fire wyverns. It glows faintly in the dark.,Gold Rathian
https://static.wikia.nocookie.net/monsterhunter/images/0/0f/MH4G-Scale_Icon_Yellow.png,Hyper G.Rathian Scale,(?),(?),"Darker than normal Gold Rathian scales, this Hyper scale emits an ominous glow.",Gold Rathian
https://static.wikia.nocookie.net/monsterhunter/images/1/19/MH4G-Hide_Icon_Yellow.png,Spongy Hide,4,320,Hide that is highly resistant to Water. Don't expect it to sell for much.,Royal Ludroth
https://static.wikia.nocookie.net/monsterhunter/images/1/19/MH4G-Hide_Icon_Yellow.png,Spongy Hide+,6,960,High-grade elastic hide that boasts a remarkable ability to retain water.,Royal Ludroth
https://static.wikia.nocookie.net/monsterhunter/images/0/0f/MH4G-Scale_Icon_Yellow.png,R.Ludroth Scale,4,220,A small scale that enables graceful movement. Several needed to forge equipment.,Royal Ludroth
https://static.wikia.nocookie.net/monsterhunter/images/0/0f/MH4G-Scale_Icon_Yellow.png,R.Ludroth Scale+,6,660,"A large, strong scale from a Royal Ludroth. It reflects light in every direction.",Royal Ludroth
https://static.wikia.nocookie.net/monsterhunter/images/7/70/MH4G-Claw_Icon_Yellow.png,R.Ludroth Claw,4,580,A claw from a Royal Ludroth. Adapted better to movement than to attacking.,Royal Ludroth
https://static.wikia.nocookie.net/monsterhunter/images/7/70/MH4G-Claw_Icon_Yellow.png,R.Ludroth Claw+,6,1740,"A sharp, pointed Royal Ludroth claw. It plunges deep into the earth with each step taken.",Royal Ludroth
https://static.wikia.nocookie.net/monsterhunter/images/1/19/MH4G-Hide_Icon_Yellow.png,R.Ludroth Crest,4,1020,These crests become rigid when the beast is angry; quantity indicates status.,Royal Ludroth
https://static.wikia.nocookie.net/monsterhunter/images/1/19/MH4G-Hide_Icon_Yellow.png,R.Ludroth Crest+,6,3060,"A proud, strong crest befitting a pack leader. Its sharp horns shine magnificently.",Royal Ludroth
https://static.wikia.nocookie.net/monsterhunter/images/b/b1/MH4G-Monster_Parts_Icon_Yellow.png,R.Ludroth Tail,4,720,"The finned tail of a Royal Ludroth, used by fishermen for their boats.",Royal Ludroth
https://static.wikia.nocookie.net/monsterhunter/images/0/0f/MH4G-Scale_Icon_Yellow.png,Hyper R.Ludroth Scale,6,790,"Darker than normal R.Ludroth scales, this Hyper scale emits an ominous glow.",Royal Ludroth
https://static.wikia.nocookie.net/monsterhunter/images/c/cb/FourthGen-Carapace_Icon_Green.png,Seltas Carapace,6,660,A hard piece of exoskeleton whose smooth surface reduces air resistance while flying.,Seltas
https://static.wikia.nocookie.net/monsterhunter/images/7/79/MH4G-Webbing_Icon_Green.png,Seltas Innerwing,6,810,A vital organ for the flying Seltas. In high demand as a household material.,Seltas
https://static.wikia.nocookie.net/monsterhunter/images/c/c2/MH4G-Claw_Icon_Green.png,Seltas Horn+,6,1080,"A sharp horn popular with artisans because, frankly, it's pretty deadly as is.",Seltas
https://static.wikia.nocookie.net/monsterhunter/images/a/ad/FourthGen-Carapace_Icon_Dark_Green.png,S.Queen Carapace,6,2490,A hard piece of exoskeleton that once made a Seltas Queen a veritable fortress.,Seltas Queen
https://static.wikia.nocookie.net/monsterhunter/images/5/53/MH4G-Monster_Parts_Icon_Dark_Green.png,S.Queen Hardpectus,6,2640,A hard shell from the chest. Its non-slip surface exists so males can mount easily.,Seltas Queen
https://static.wikia.nocookie.net/monsterhunter/images/c/c0/MH4G-Claw_Icon_Dark_Green.png,S.Queen Sharpclaw,6,3960,A claw with a non-slip coating. Used mostly for movement and tunneling.,Seltas Queen
https://static.wikia.nocookie.net/monsterhunter/images/5/53/MH4G-Monster_Parts_Icon_Dark_Green.png,S.Queen Jaw,6,3750,A shell that serves as the Seltas Queen's jaw. Used to expel potent breath.,Seltas Queen
https://static.wikia.nocookie.net/monsterhunter/images/5/53/MH4G-Monster_Parts_Icon_Dark_Green.png,S.Queen Crescent,6,4200,Moon-shaped shears that double as a tail. Used for defense when foes approach.,Seltas Queen
https://static.wikia.nocookie.net/monsterhunter/images/a/ab/MH4G-Medicine_Icon_Dark_Green.png,S.Queen Extract,6,7500,A fluid that circulates through the body. Acidifies when it touches the air.,Seltas Queen
https://static.wikia.nocookie.net/monsterhunter/images/a/ad/FourthGen-Carapace_Icon_Dark_Green.png,Hyper S.Queen Shell,(?),(?),"Darker than normal S.Queen shell, this Hyper shell emits an ominous glow.",Seltas Queen
https://static.wikia.nocookie.net/monsterhunter/images/0/0f/MH4G-Scale_Icon_Yellow.png,Seregios Bladescale,4,490,A dangerous scale that opens at the tip to viscerally attack the beast's foes.,Seregios
https://static.wikia.nocookie.net/monsterhunter/images/0/0f/MH4G-Scale_Icon_Yellow.png,Seregios Slavescale,6,1470,A sharp scale the Seregios can make stand on end. Gouges anything it touches.,Seregios
https://static.wikia.nocookie.net/monsterhunter/images/0/0f/MH4G-Scale_Icon_Yellow.png,Airblade Shard,4,650,"A fragment from a Seregios's Airblade. Despite its small size, it shouldn't be underestimated.",Seregios
https://static.wikia.nocookie.net/monsterhunter/images/0/0f/MH4G-Scale_Icon_Yellow.png,Seregios Airblade,6,1950,A blade shot from the body and carried on the wind toward unsuspecting hunters.,Seregios
https://static.wikia.nocookie.net/monsterhunter/images/7/70/MH4G-Claw_Icon_Yellow.png,Seregios Talon,4,850,The hard and sharp talon of a Seregios. It is capable of tearing most armor to shreds.,Seregios
https://static.wikia.nocookie.net/monsterhunter/images/7/70/MH4G-Claw_Icon_Yellow.png,Seregios Carver,6,2550,Hooked hindleg talons that tear through armor and flesh without mercy.,Seregios
https://static.wikia.nocookie.net/monsterhunter/images/b/b1/MH4G-Monster_Parts_Icon_Yellow.png,Seregios Impaler,4,800,A spear-like tail covered in blade-like scales. Capable of truly horrific things.,Seregios
https://static.wikia.nocookie.net/monsterhunter/images/7/70/MH4G-Claw_Icon_Yellow.png,Seregios Sunderer,4,700,"The horn from a Seregios. Sturdy yet agile as a blade, it is perfect for crafting them.",Seregios
https://static.wikia.nocookie.net/monsterhunter/images/7/70/MH4G-Claw_Icon_Yellow.png,Seregios Breacher,6,2100,"A sharp horn like a hefty axe that, not surprisingly, makes for fine equipment..",Seregios
https://static.wikia.nocookie.net/monsterhunter/images/7/70/MH4G-Claw_Icon_Yellow.png,Seregios Wingtalon,4,600,A talon that grows on the wing of a Seregios. Enables superior flight and handling capabilities.,Seregios
https://static.wikia.nocookie.net/monsterhunter/images/7/70/MH4G-Claw_Icon_Yellow.png,Seregios Scraper,6,1800,A wing talon. Most attacks come from the hindlegs; the wings serve to shift weight.,Seregios
https://static.wikia.nocookie.net/monsterhunter/images/0/0f/MH4G-Scale_Icon_Yellow.png,Seregios Dissenter,7,9700,A single scale that points defiantly in a different direction from its brethren.,Seregios
https://static.wikia.nocookie.net/monsterhunter/images/0/0f/MH4G-Scale_Icon_Yellow.png,Hyper Seregios Scale,6,1760,"Darker than normal Seregios scales, this Hyper scale emits an ominous glow.",Seregios
https://static.wikia.nocookie.net/monsterhunter/images/9/9b/FourthGen-Shell_Icon_Blue.png,Ceanataur Shell,4,720,A giant Shogun Ceanataur Shell. Has a distinctive color and shape.,Shogun Ceanataur
https://static.wikia.nocookie.net/monsterhunter/images/9/9b/FourthGen-Shell_Icon_Blue.png,Ceanataur Carapace,6,2160,"Harder than a Ceanataur Shell, this carapace is harder to work with.",Shogun Ceanataur
https://static.wikia.nocookie.net/monsterhunter/images/9/9b/FourthGen-Shell_Icon_Blue.png,Ceanataur Leg,4,750,A Shogun Ceanataur leg. Incredibly strong to support the beast's massive body.,Shogun Ceanataur
https://static.wikia.nocookie.net/monsterhunter/images/9/9b/FourthGen-Shell_Icon_Blue.png,Ceanataur Leg+,6,2250,A giant Shogun Ceanataur leg. Extremely strong to support the beast's massive body.,Shogun Ceanataur
https://static.wikia.nocookie.net/monsterhunter/images/a/a4/MH4G-Claw_Icon_Blue.png,Ceanataur Claw,4,1200,A giant Shogun Ceanataur claw. Those who fall in this path pay a dear price.,Shogun Ceanataur
https://static.wikia.nocookie.net/monsterhunter/images/a/a4/MH4G-Claw_Icon_Blue.png,Ceanataur Claw+,6,3500,The sharp claw of a giant Shogun Ceanataur. It's a true menace to hunters.,Shogun Ceanataur
https://static.wikia.nocookie.net/monsterhunter/images/9/9b/FourthGen-Shell_Icon_Blue.png,Hyper Ceanataur Shell,(?),(?),"Darker than normal Ceanataur shell, this Hyper shell emits an ominous glow.",Shogun Ceanataur
https://static.wikia.nocookie.net/monsterhunter/images/3/3f/MH4G-Scale_Icon_White.png,Mizutsune Scale,4,550,A transparent Mizutsune scale. Its irregular shape refracts light into many bright colors.,Mizutsune
https://static.wikia.nocookie.net/monsterhunter/images/3/3f/MH4G-Scale_Icon_White.png,Mizutsune Scale+,6,1650,A quality Mizutsune scale. Older scales polished over time can be very valuable.,Mizutsune
https://static.wikia.nocookie.net/monsterhunter/images/f/f5/FourthGen-Hide_Icon_Dark_Purple.png,Mizutsune Purplefur,4,490,"The purple fur of a Mizutsune. Stiff, but is soft as silk when soaked with bubblefoam.",Mizutsune
https://static.wikia.nocookie.net/monsterhunter/images/f/f5/FourthGen-Hide_Icon_Dark_Purple.png,Mizutsune Purplefur+,6,1470,High-quality purple fur. More foam-absorbent than its lighter counterpart.,Mizutsune
https://static.wikia.nocookie.net/monsterhunter/images/3/3e/FourthGen-Claw_Icon_Dark_Purple.png,Mizutsune Claw,4,960,"A claw that flies freely through bubblefoam, allowing it to be used as a spike.",Mizutsune
https://static.wikia.nocookie.net/monsterhunter/images/3/3e/FourthGen-Claw_Icon_Dark_Purple.png,Mizutsune Claw+,6,2880,Friction-reducing bubblefoam helps this deadly claw slice through prey like sushi.,Mizutsune
https://static.wikia.nocookie.net/monsterhunter/images/8/8b/MH4G-Monster_Parts_Icon_Red.png,Mizutsune Fin,4,800,A beautiful brocade-like fin. Males have large fins turn red to match their mood.,Mizutsune
https://static.wikia.nocookie.net/monsterhunter/images/8/8b/MH4G-Monster_Parts_Icon_Red.png,Mizutsune Fin+,6,2400,A high-quality fin. Bubble-foam gives it an elegant pattern prettier than dye.,Mizutsune
https://static.wikia.nocookie.net/monsterhunter/images/8/88/FourthGen-Monster_Parts_Icon_Dark_Purple.png,Mizutsune Tail,4,1440,The flowing tail of a Mizutsune. It's prized for its supple fur and beautiful scales.,Mizutsune
https://static.wikia.nocookie.net/monsterhunter/images/5/53/MH4G-Medicine_Icon_Purple.png,Bubblefoam,4,500,Fluid secreted by a Mizutsune. Just a few drops can turn a swamp into a bubble bath.,Mizutsune
https://static.wikia.nocookie.net/monsterhunter/images/5/53/MH4G-Medicine_Icon_Purple.png,Bubblefoam+,6,1500,The top layer of a Mizutsune's fluid. It removes impurities and is used in religious rituals.,Mizutsune
https://static.wikia.nocookie.net/monsterhunter/images/3/32/MH4G-Scale_Icon_Pink.png,Mizutsune Plate,5,4850,A very old scale present since the creature's birth. It can even create a rainbow from light.,Mizutsune
https://static.wikia.nocookie.net/monsterhunter/images/4/42/FourthGen-Ball_Icon_Dark_Purple.png,Mizutsune Water Orb,7,9700,A multicolored orb formed from a crystalized Mizutsune scale and bubblefoam.,Mizutsune
https://static.wikia.nocookie.net/monsterhunter/images/3/3f/MH4G-Scale_Icon_White.png,Hyper Mizutsune Scale,6,1980,"Darker than normal Mizutsune scales, this Hyper scale emits an ominous glow.",Mizutsune
https://static.wikia.nocookie.net/monsterhunter/images/2/21/MH4G-Scale_Icon_Red.png,Tetsucabra Scale,4,320,A scale with red and black patches that blends in well with cavern environments.,Tetsucabra
https://static.wikia.nocookie.net/monsterhunter/images/2/21/MH4G-Scale_Icon_Red.png,Tetsucabra Scale+,6,960,A fine red-and-black scale. The top pick for artisans who want the time-hardened best.,Tetsucabra
https://static.wikia.nocookie.net/monsterhunter/images/9/9c/FourthGen-Carapace_Icon_Red.png,Tetsucabra Shell,4,220,A flexible yet hard rubber-like shell. In high demand as an armor forging material.,Tetsucabra
https://static.wikia.nocookie.net/monsterhunter/images/9/9c/FourthGen-Carapace_Icon_Red.png,Tetsucabra Carapace,6,660,"A flexible, highly durable shell that makes comfortable and easy-to-move-in armor.",Tetsucabra
https://static.wikia.nocookie.net/monsterhunter/images/c/c9/MH4G-Claw_Icon_Red.png,Tetsucabra Claw,4,580,"A powerful claw that can pulverize rock. Short, but worth the effort to obtain.",Tetsucabra
https://static.wikia.nocookie.net/monsterhunter/images/c/c9/MH4G-Claw_Icon_Red.png,Tetsucabra Claw+,6,1740,A powerful claw that can pulverize rock. Creates scratch-proof equipment.,Tetsucabra
https://static.wikia.nocookie.net/monsterhunter/images/c/c9/MH4G-Claw_Icon_Red.png,Tetsucabra Tusks,4,1020,"A giant, shovel-like jaw, complete with tusks used for attacking and movement.",Tetsucabra
https://static.wikia.nocookie.net/monsterhunter/images/c/c9/MH4G-Claw_Icon_Red.png,Tetsucabra Tusks+,6,3060,A jaw with oversized tusks. Recent finds reveal damaged tusks grow back even harder.,Tetsucabra
https://static.wikia.nocookie.net/monsterhunter/images/f/f5/MH4G-Bone_Icon_Red.png,Dignified Skull,5,760,A distinctly warped skull that is far more durable than normal bone.,Tetsucabra
https://static.wikia.nocookie.net/monsterhunter/images/c/c7/MH4G-Medicine_Icon_Yellow.png,Paddock Oil,4,200,A mysterious oil found only in nature. Used at the Smithy as a lubricant and additive.,Tetsucabra
https://static.wikia.nocookie.net/monsterhunter/images/c/c7/MH4G-Medicine_Icon_Yellow.png,Paddock Oil+,6,600,A mysterious oil found only in nature. Purer oil yields higher forge temperatures.,Tetsucabra
https://static.wikia.nocookie.net/monsterhunter/images/2/21/MH4G-Scale_Icon_Red.png,Hyper Tetsu Scale,6,1150,"Darker than normal Tetsucabra scales, this Hyper scale emits an ominous glow.",Tetsucabra
https://static.wikia.nocookie.net/monsterhunter/images/0/09/FourthGen-Scale_Icon_Dark_Red.png,Drilltusk Scale,6,450,A Drilltusk Tetsucabra scale. It's hard and features a unique red and blue pattern.,Drilltusk Tetsucabra
https://static.wikia.nocookie.net/monsterhunter/images/0/09/FourthGen-Scale_Icon_Dark_Red.png,Drilltusk Scale+,7,1350,A hard scale of a Drilltusk Tetsucabra. It's sharp and features a unique pattern.,Drilltusk Tetsucabra
https://static.wikia.nocookie.net/monsterhunter/images/0/0f/FourthGen-Carapace_Icon_Dark_Red.png,Drilltusk Shell,6,310,A Drilltusk Tetsucabra shell. It's quite hard and has a unique red and blue pattern.,Drilltusk Tetsucabra
https://static.wikia.nocookie.net/monsterhunter/images/0/0f/FourthGen-Carapace_Icon_Dark_Red.png,Drilltusk Carapace,7,930,A Drilltusk Tetsucabra carapace. Its thickness makes it quite hard.,Drilltusk Tetsucabra
https://static.wikia.nocookie.net/monsterhunter/images/7/71/FourthGen-Claw_Icon_Dark_Red.png,Drilltusk Tusk,6,1430,The tusk of a Drilltusk Tetsucabra. Used to dig up large boulders.,Drilltusk Tetsucabra
https://static.wikia.nocookie.net/monsterhunter/images/7/71/FourthGen-Claw_Icon_Dark_Red.png,Drilltusk Tusk+,7,4290,A massive Drilltusk Tetsucabra tusk. An extension of its jaw and its brutality.,Drilltusk Tetsucabra
https://static.wikia.nocookie.net/monsterhunter/images/0/0f/MH4G-Scale_Icon_Yellow.png,Tigrex Scale,4,520,Scale from the incredibly violent Tigrex. Incredibly massive and sturdy.,Tigrex
https://static.wikia.nocookie.net/monsterhunter/images/0/0f/MH4G-Scale_Icon_Yellow.png,Tigrex Scale+,6,1560,A flawless Tigrex scale. Can be fastened with others to become harder than steel.,Tigrex
https://static.wikia.nocookie.net/monsterhunter/images/0/09/FourthGen-Carapace_Icon_Yellow.png,Tigrex Shell,4,750,A hard Tigrex shell capable of repelling any impact. Extreme tenacity.,Tigrex
https://static.wikia.nocookie.net/monsterhunter/images/0/09/FourthGen-Carapace_Icon_Yellow.png,Tigrex Carapace,6,2250,A material hardened by the sands of time. Sharp edges show the Tigrex's ferocity.,Tigrex
https://static.wikia.nocookie.net/monsterhunter/images/b/b1/MH4G-Monster_Parts_Icon_Yellow.png,Tigrex Tail,4,1250,This flexible and strong tail can make great equipment.,Tigrex
https://static.wikia.nocookie.net/monsterhunter/images/7/70/MH4G-Claw_Icon_Yellow.png,Tigrex Claw,4,700,A vicious foreclaw unique to the Tigrex. Other flying wyverns do not have it.,Tigrex
https://static.wikia.nocookie.net/monsterhunter/images/7/70/MH4G-Claw_Icon_Yellow.png,Tigrex Claw+,6,2100,A claw that time has sharpened into a horrible death sentence for prey.,Tigrex
https://static.wikia.nocookie.net/monsterhunter/images/7/70/MH4G-Claw_Icon_Yellow.png,Tigrex Fang,4,600,A terrifying fang used to crush prey. Makes all who see it quiver in fear.,Tigrex
https://static.wikia.nocookie.net/monsterhunter/images/7/70/MH4G-Claw_Icon_Yellow.png,Tigrex Fang+,6,1800,The sharp fang of a Tigrex. These fangs can cut any prey to shreds.,Tigrex
https://static.wikia.nocookie.net/monsterhunter/images/b/b1/MH4G-Monster_Parts_Icon_Yellow.png,Tigrex Scalp,5,2300,"Part of the head of a violent Tigrex. Looks terrifying, as if it is still alive.",Tigrex
https://static.wikia.nocookie.net/monsterhunter/images/b/b1/MH4G-Monster_Parts_Icon_Yellow.png,Tigrex Maw,7,6800,"The awe-inspiring jaws of a Tigrex, ready to crush both bone and spirit.",Tigrex
https://static.wikia.nocookie.net/monsterhunter/images/0/0f/MH4G-Scale_Icon_Yellow.png,Hyper Tigrex Scale,(?),(?),"Darker than normal Tigrex scales, this Hyper scale emits an ominous glow.",Tigrex
https://static.wikia.nocookie.net/monsterhunter/images/7/73/MH4G-Scale_Icon_Blue.png,Grimclaw Scale,6,730,A Grimclaw Tigrex scale. Dark and thickly layered. Features exceptional hardness.,Grimclaw Tigrex
https://static.wikia.nocookie.net/monsterhunter/images/7/73/MH4G-Scale_Icon_Blue.png,Grimclaw Scale+,7,2190,A superior Grimclaw Tigrex scale. A scale of the highest quality.,Grimclaw Tigrex
https://static.wikia.nocookie.net/monsterhunter/images/1/14/FourthGen-Carapace_Icon_Blue.png,Grimclaw Shell,6,1050,A Grimclaw Tigrex shell. You can see the thick blue blood vessels pulsating on its exterior.,Grimclaw Tigrex
https://static.wikia.nocookie.net/monsterhunter/images/1/14/FourthGen-Carapace_Icon_Blue.png,Grimclaw Carapace,7,3150,You can see the blue blood vessels pulsating on the exterior of the shell.,Grimclaw Tigrex
https://static.wikia.nocookie.net/monsterhunter/images/7/7f/FourthGen-Claw_Icon_Dark_Blue.png,Grimclaw Talon,6,980,A talon from a Grimclaw Tigrex. It's as frightening and deadly as it looks.,Grimclaw Tigrex
https://static.wikia.nocookie.net/monsterhunter/images/7/7f/FourthGen-Claw_Icon_Dark_Blue.png,Grimclaw Talon+,7,2940,A quality talon from a Grimclaw Tigrex. It's as frightening and deadly as it looks.,Grimclaw Tigrex
https://static.wikia.nocookie.net/monsterhunter/images/f/f0/MH4G-Ore_Icon_Light_Blue.png,Wyvern Crystal,6,4300,A mysterious crystal that glows with the energy of both light and dark spirits.,Ukanlos
https://static.wikia.nocookie.net/monsterhunter/images/4/45/FourthGen-Carapace_Icon_White.png,Ukanlos Carapace,6,5580,The minerals encrusted in this cold-infused shell make it surprisingly strong.,Ukanlos
https://static.wikia.nocookie.net/monsterhunter/images/3/3f/MH4G-Scale_Icon_White.png,Ukanlos Underscale,6,4500,"A thick, sharp belly scale. Cuts through snow, allowing Ukanlos to move easier.",Ukanlos
https://static.wikia.nocookie.net/monsterhunter/images/e/e4/MH4G-Claw_Icon_White.png,Ukanlos Digger,6,5700,An Ukanlos claw. Repeated voyages through the ice have twisted its shape.,Ukanlos
https://static.wikia.nocookie.net/monsterhunter/images/b/b4/MH4G-Monster_Parts_Icon_White.png,Ukanlos Fin+,6,8500,A huge dorsal fin with saw-like ridges at the tip that cut through anything.,Ukanlos
https://static.wikia.nocookie.net/monsterhunter/images/b/b4/MH4G-Monster_Parts_Icon_White.png,Ukanlos Tail,6,8000,The icy tail of Ukanlos. A single lash makes the air scream and the earth cry.,Ukanlos
https://static.wikia.nocookie.net/monsterhunter/images/b/b4/MH4G-Monster_Parts_Icon_White.png,Ukanlos Shoveljaw,6,9500,"Ukanlos's shovel-like jaw. Developed to shovel snow, one scoop can cause an avalanche.",Ukanlos
https://static.wikia.nocookie.net/monsterhunter/images/8/80/MH4G-Ball_Icon_Light_Blue.png,Ukanlos Gem,7,15000,A gem owned by a king who nearly ended the world. It seeks to destroy new owners.,Ukanlos
https://static.wikia.nocookie.net/monsterhunter/images/0/0f/MH4G-Scale_Icon_Yellow.png,Uragaan Scale,4,550,A hardened scale composed of ore that gives off a faint glow when exposed to light.,Uragaan
https://static.wikia.nocookie.net/monsterhunter/images/0/0f/MH4G-Scale_Icon_Yellow.png,Uragaan Scale+,6,1650,A strong scale formed by layers and layers of ore. Its hardness makes forging tricky.,Uragaan
https://static.wikia.nocookie.net/monsterhunter/images/0/09/FourthGen-Carapace_Icon_Yellow.png,Uragaan Shell,4,(?),"This strong, sturdy piece of exoskeleton makes armor that looks dull but works great.",Uragaan
https://static.wikia.nocookie.net/monsterhunter/images/0/09/FourthGen-Carapace_Icon_Yellow.png,Uragaan Carapace,6,2700,A hard Uragaan carapace. Its rigidity makes it quite a challenge to remove.,Uragaan
https://static.wikia.nocookie.net/monsterhunter/images/b/b1/MH4G-Monster_Parts_Icon_Yellow.png,Uragaan Jaw,4,1260,A crooked Uragaan jaw. Coated with melted minerals that have hardened over time.,Uragaan
https://static.wikia.nocookie.net/monsterhunter/images/b/b1/MH4G-Monster_Parts_Icon_Yellow.png,Uragaan Scute,4,1450,"Even more heat resistant than the Shell, this is said to protect sensitive organs.",Uragaan
https://static.wikia.nocookie.net/monsterhunter/images/b/b1/MH4G-Monster_Parts_Icon_Yellow.png,Uragaan Marrow,5,1800,Hard-to-obtain bone marrow used for special crafts as well as medicinal purposes.,Uragaan
https://static.wikia.nocookie.net/monsterhunter/images/1/16/MH4G-Ball_Icon_Yellow.png,Uragaan Ruby,7,7500,A precious Uragaan gem. Prized for its strengthening ability during the forging process.,Uragaan
https://static.wikia.nocookie.net/monsterhunter/images/0/0f/MH4G-Scale_Icon_Yellow.png,Hyper Uragaan Scale,6,1980,"Darker than normal Uragaan scales, this Hyper scale emits an ominous glow.",Uragaan
https://static.wikia.nocookie.net/monsterhunter/images/6/63/MH4G-Scale_Icon_Brown.png,Crystalbeard Scale,6,770,A Crystalbeard Uragaan scale. Contains unique ores that make it shine bright.,Crystalbeard Uragaan
https://static.wikia.nocookie.net/monsterhunter/images/6/63/MH4G-Scale_Icon_Brown.png,Crystalbeard Scale+,7,2310,A high-quality Crystalbeard Uragaan scale. Contains unique ores that make it shine bright.,Crystalbeard Uragaan
https://static.wikia.nocookie.net/monsterhunter/images/4/44/MH4G-Monster_Parts_Icon_Purple.png,Crystalbeard Jaw,6,1760,The jaw from a Crystalbeard Uragaan. Contains unique ores that make it shine bright.,Crystalbeard Uragaan
https://static.wikia.nocookie.net/monsterhunter/images/4/44/MH4G-Monster_Parts_Icon_Purple.png,Crystalbeard Maw,7,5280,A high-quality Crystalbeard Uragaan jaw. Contains unique ores that make it shine bright.,Crystalbeard Uragaan
https://static.wikia.nocookie.net/monsterhunter/images/9/9d/MH4G-Ore_Icon_Purple.png,Treasure Nugget,7,10000,A stone shard taken from a Crystalbeard Uragaan. Prized for the rare minerals within it.,Crystalbeard Uragaan
https://static.wikia.nocookie.net/monsterhunter/images/3/3e/MH4G-Hide_Icon_Blue.png,Velocidrome Hide,4,240,The hide of a Velociprey leader. It bears the scars of a leadership role.,Velocidrome
https://static.wikia.nocookie.net/monsterhunter/images/3/3e/MH4G-Hide_Icon_Blue.png,Velocidrome Hide+,6,720,(?),Velocidrome
https://static.wikia.nocookie.net/monsterhunter/images/a/a4/MH4G-Claw_Icon_Blue.png,Velocidrome Claw,4,200,The claw of an alpha Velocidrome. Sharp and blade-like.,Velocidrome
https://static.wikia.nocookie.net/monsterhunter/images/a/a4/MH4G-Claw_Icon_Blue.png,Velocidrome Claw+,6,600,The sharp claw of a Velocidrome. It can easily slice through prey.,Velocidrome
https://static.wikia.nocookie.net/monsterhunter/images/c/c2/MH4G-Monster_Parts_Icon_Blue.png,Velocidrome Head,5,560,A large head with a crest. You'd look pretty fierce if you put it on.,Velocidrome
https://static.wikia.nocookie.net/monsterhunter/images/a/ac/MH4G-Ball_Icon_Blue.png,Bird Wyvern Gem,7,4850,A valuable gem that can be harvested from Jaggi and other bird wyverns.,Velocidrome
https://static.wikia.nocookie.net/monsterhunter/images/9/9c/FourthGen-Carapace_Icon_Red.png,Volvidon Shell,4,350,The heat-resistant shell of a Volvidon. Unaffected even by boiling lava.,Volvidon
https://static.wikia.nocookie.net/monsterhunter/images/9/9c/FourthGen-Carapace_Icon_Red.png,Volvidon Carapace,6,1050,A thick Volvidon carapace. Extra elasticity means extreme pressure is required to forge it.,Volvidon
https://static.wikia.nocookie.net/monsterhunter/images/c/c9/MH4G-Claw_Icon_Red.png,Volvidon Claw,4,420,A claw from a Volvidon's forelegs. Dramatically increases the power of a wide swing.,Volvidon
https://static.wikia.nocookie.net/monsterhunter/images/c/c9/MH4G-Claw_Icon_Red.png,Volvidon Claw+,6,1260,"A hard, sharp Volvidon claw. Constant exposure to heat has tempered it like steel.",Volvidon
https://static.wikia.nocookie.net/monsterhunter/images/8/8b/MH4G-Monster_Parts_Icon_Red.png,Volvi Rickrack,4,750,The jagged shell of a Volvidon's back. Its high elasticity makes it ideal for crafting flexible gear.,Volvidon
https://static.wikia.nocookie.net/monsterhunter/images/a/aa/MH4G-Scale_Icon_Purple.png,Garuga Scale,4,490,Scale carved from Yian Garuga. It shines an ominous purple.,Yian Garuga
https://static.wikia.nocookie.net/monsterhunter/images/a/aa/MH4G-Scale_Icon_Purple.png,Garuga Scale+,6,1470,"Superior Garuga scale. Looks like a Kut-Ku scale, but it's much tougher.",Yian Garuga
https://static.wikia.nocookie.net/monsterhunter/images/1/1e/FourthGen-Carapace_Icon_Purple.png,Garuga Shell,4,650,"A rare item, also in great demand as a research material.",Yian Garuga
https://static.wikia.nocookie.net/monsterhunter/images/1/1e/FourthGen-Carapace_Icon_Purple.png,Garuga Carapace,6,1950,Garuga Shell that's become strong over the years. Great skill is needed to work.,Yian Garuga
https://static.wikia.nocookie.net/monsterhunter/images/4/44/MH4G-Monster_Parts_Icon_Purple.png,Garuga Ear,4,1500,Its shape and form show a different evolutionary path than Yian Kut-Ku.,Yian Garuga
https://static.wikia.nocookie.net/monsterhunter/images/4/44/MH4G-Monster_Parts_Icon_Purple.png,Garuga Auricle,6,3000,Well-developed Garuga Ear. It's said to heighten one's senses when crafted into armor.,Yian Garuga
https://static.wikia.nocookie.net/monsterhunter/images/5/5c/MH4G-Bone_Icon_Purple.png,Sharpened Beak,4,1800,The sharpened beak of a Yian Garuga. Looks fiercer than that of a Kut-Ku.,Yian Garuga
https://static.wikia.nocookie.net/monsterhunter/images/5/5c/MH4G-Bone_Icon_Purple.png,Rejuvenated Beak,6,3600,"A Yian Garuga beak. Its color, luster, and the jawline's angle have been restored.",Yian Garuga
https://static.wikia.nocookie.net/monsterhunter/images/4/44/MH4G-Monster_Parts_Icon_Purple.png,Garuga Wing,4,1950,A first class material that requires high crafting skills to work with.,Yian Garuga
https://static.wikia.nocookie.net/monsterhunter/images/4/44/MH4G-Monster_Parts_Icon_Purple.png,Garuga Tail,4,2000,The tail of a Yian Garuga. Responds to shocks by spouting a powerful venom.,Yian Garuga
https://static.wikia.nocookie.net/monsterhunter/images/4/44/MH4G-Monster_Parts_Icon_Purple.png,Garuga Mane,4,1800,Mane from a Yian Garuga. Unusually intimidating.,Yian Garuga
https://static.wikia.nocookie.net/monsterhunter/images/a/aa/MH4G-Scale_Icon_Purple.png,Hyper Garuga Scale,(?),(?),"Darker than normal Garuga scales, this Hyper scale emits an ominous glow.",Yian Garuga
https://static.wikia.nocookie.net/monsterhunter/images/e/e7/FourthGen-Scale_Icon_Dark_Purple.png,Deadeye Scale,6,690,A scale taken from a Deadeye Yian Garuga. Bears the scars of many hard-fought battles.,Deadeye Yian Garuga
https://static.wikia.nocookie.net/monsterhunter/images/e/e7/FourthGen-Scale_Icon_Dark_Purple.png,Deadeye Scale+,7,2070,A hardened scale of a Deadeye Yian Garuga. Bears the scars of many hard-fought battles.,Deadeye Yian Garuga
https://static.wikia.nocookie.net/monsterhunter/images/5/5d/FourthGen-Carapace_Icon_Dark_Purple.png,Deadeye Shell,6,910,The shell of a Deadeye Yian Garuga. Bears the scars of many hard-fought battles.,Deadeye Yian Garuga
https://static.wikia.nocookie.net/monsterhunter/images/5/5d/FourthGen-Carapace_Icon_Dark_Purple.png,Deadeye Carapace,7,2730,A hardened shell of a Deadeye Yian Garuga. Bears the scars of many hard-fought battles.,Deadeye Yian Garuga
https://static.wikia.nocookie.net/monsterhunter/images/3/32/MH4G-Scale_Icon_Pink.png,Kut-Ku Scale,4,250,Pink scale from a Kut-Ku. Fire resistant. Can be found in the field.,Yian Kut-Ku
https://static.wikia.nocookie.net/monsterhunter/images/3/32/MH4G-Scale_Icon_Pink.png,Kut-Ku Scale+,6,750,Superior scale from a Kut-Ku. Its size and weight make it look classier than normal.,Yian Kut-Ku
https://static.wikia.nocookie.net/monsterhunter/images/b/b7/FourthGen-Carapace_Icon_Pink.png,Kut-Ku Shell,4,345,The Fire-resistant shell of a Kut-Ku.,Yian Kut-Ku
https://static.wikia.nocookie.net/monsterhunter/images/b/b7/FourthGen-Carapace_Icon_Pink.png,Kut-Ku Carapace,6,1035,"Harder than Kut-Ku Shell, this material is also known as Gravite.",Yian Kut-Ku
https://static.wikia.nocookie.net/monsterhunter/images/9/9f/MH4G-Monster_Parts_Icon_Pink.png,Kut-Ku Ear,4,1280,The Fire-resistant ear of a Kut-Ku. Used to prevent Bowguns backfiring.,Yian Kut-Ku
https://static.wikia.nocookie.net/monsterhunter/images/9/9f/MH4G-Monster_Parts_Icon_Pink.png,Kut-Ku Auricle,6,2560,A Kut-Ku's Fire-resistant ear. The flexible material is a good base for armor.,Yian Kut-Ku
https://static.wikia.nocookie.net/monsterhunter/images/2/23/MH4G-Bone_Icon_Pink.png,Giant Beak,4,1500,"The huge, sturdy beak of a Yian Kut-Ku.",Yian Kut-Ku
https://static.wikia.nocookie.net/monsterhunter/images/2/23/MH4G-Bone_Icon_Pink.png,Splendid Beak,6,3000,"Finding a large, beautiful beak in this condition is quite rare! Splendid!",Yian Kut-Ku
https://static.wikia.nocookie.net/monsterhunter/images/c/c3/MH4G-Webbing_Icon_Pink.png,Kut-Ku Webbing,4,650,Webbing from a Kut-Ku wing. Better than animal skin as a fusing material.,Yian Kut-Ku
https://static.wikia.nocookie.net/monsterhunter/images/3/32/MH4G-Scale_Icon_Pink.png,Hyper Kut-Ku Scale,6,900,"Darker than normal Kut-Ku scales, this Hyper scale emits an ominous glow.",Yian Kut-Ku
https://static.wikia.nocookie.net/monsterhunter/images/4/4b/MH4G-Hide_Icon_Light_Blue.png,Zamtrios Hide+,6,1230,"A fine, stretchy hide. It tears only after new, harder skin has formed underneath.",Zamtrios
https://static.wikia.nocookie.net/monsterhunter/images/8/80/MH4G-Scale_Icon_Light_Blue.png,Zamtrios Scale+,6,2220,A fine scale that functions like sandpaper. Used to hone the edges of weapons.,Zamtrios
https://static.wikia.nocookie.net/monsterhunter/images/f/f8/MH4G-Monster_Parts_Icon_Light_Blue.png,Zamtrios Fin+,6,2490,A quality dorsal fin that's in high demand. Big fins go for a premium at market,Zamtrios
https://static.wikia.nocookie.net/monsterhunter/images/d/d7/MH4G-Claw_Icon_Light_Blue.png,Zamtrios Sawtooth,6,3600,(?),Zamtrios
https://static.wikia.nocookie.net/monsterhunter/images/f/f8/MH4G-Monster_Parts_Icon_Light_Blue.png,Zamtrios Tailblade,6,3240,(?),Zamtrios
https://static.wikia.nocookie.net/monsterhunter/images/4/4b/MH4G-Hide_Icon_Light_Blue.png,Hyper Zamtrios Hide,(?),(?),"Darker than normal Zamtrios hide, this Hyper hide emits an ominous glow.",Zamtrios
https://static.wikia.nocookie.net/monsterhunter/images/1/1f/FourthGen-Carapace_Icon_Teal.png,Zinogre Shell,4,650,A blue-green shell which stores electricity and works as a protective insulator.,Zinogre
https://static.wikia.nocookie.net/monsterhunter/images/1/1f/FourthGen-Carapace_Icon_Teal.png,Zinogre Carapace,6,1950,The teal carapace of a Zinogre. Its magnificence reveals the futility of facing the monarch.,Zinogre
https://static.wikia.nocookie.net/monsterhunter/images/3/39/MH4G-Hide_Icon_White.png,Zinogre Shockfur,4,490,"White fur that stores and magnifies electricity, which it retains even after carving.",Zinogre
https://static.wikia.nocookie.net/monsterhunter/images/3/39/MH4G-Hide_Icon_White.png,Zinogre Electrofur,6,1470,Zinogre fur said to store a high amount of electricity. Shines white from the charge.,Zinogre
https://static.wikia.nocookie.net/monsterhunter/images/0/0c/MH4G-Claw_Icon_Teal.png,Zinogre Horn,4,840,"The Zinogre's magnificent horn, which sends most of nature running for cover.",Zinogre
https://static.wikia.nocookie.net/monsterhunter/images/0/0c/MH4G-Claw_Icon_Teal.png,Zinogre Horn+,6,2520,"A pointed Zinogre horn. When carved, it can be used to grant equipment incomparable power.",Zinogre
https://static.wikia.nocookie.net/monsterhunter/images/0/0c/MH4G-Claw_Icon_Teal.png,Zinogre Claw,4,700,A sharp and tremendously powerful claw capable of quickly dicing up prey.,Zinogre
https://static.wikia.nocookie.net/monsterhunter/images/0/0c/MH4G-Claw_Icon_Teal.png,Zinogre Claw+,6,2100,"A sharp, high-voltage Zinogre claw. Its electrified attacks are truly brutal.",Zinogre
https://static.wikia.nocookie.net/monsterhunter/images/6/69/MH4G-Monster_Parts_Icon_Teal.png,Zinogre Tail,4,1200,The plate-covered tail of a Zinogre. It wields deadly force when swung.,Zinogre
https://static.wikia.nocookie.net/monsterhunter/images/6/69/MH4G-Monster_Parts_Icon_Teal.png,Zinogre Shocker,4,800,The ocher shell that once lined a Zinogre's body. Contains conductive lipids.,Zinogre
https://static.wikia.nocookie.net/monsterhunter/images/6/69/MH4G-Monster_Parts_Icon_Teal.png,Zinogre Shocker+,6,2400,A Zinogre shell that stores and releases electricity. Grants a thunder god's power to gear.,Zinogre
https://static.wikia.nocookie.net/monsterhunter/images/9/99/MH4G-Scale_Icon_Teal.png,Zinogre Plate,5,4850,A rare and intimidating trophy that seems to pulse with residual fury.,Zinogre
https://static.wikia.nocookie.net/monsterhunter/images/0/06/MH4G-Ball_Icon_Teal.png,Zinogre Jasper,7,9700,A rare gem sometimes produced inside a Zinogre's body. The monarch's power swells within.,Zinogre
https://static.wikia.nocookie.net/monsterhunter/images/1/1f/FourthGen-Carapace_Icon_Teal.png,Hyper Zinogre Shell,(?),(?),"Darker than normal Zinogre shell, this Hyper shell emits an ominous glow.",Zinogre
https://static.wikia.nocookie.net/monsterhunter/images/1/1c/FourthGen-Carapace_Icon_Light_Green.png,Thunderlord Shell,6,910,"A Thunderlord Zinogre shell. Even on its own, it shines a brilliant gold.",Thunderlord Zinogre
https://static.wikia.nocookie.net/monsterhunter/images/1/1c/FourthGen-Carapace_Icon_Light_Green.png,Thunderlord Carapace,7,2730,"A hardened Thunderlord Zinogre shell. Even on its own, it shines a brilliant gold.",Thunderlord Zinogre
https://static.wikia.nocookie.net/monsterhunter/images/1/18/MH4G-Hide_Icon_Light_Green.png,Thunderlord Shockfur,6,680,"A Thunderlord Zinogre pelt. Even on its own, it continues to give off electricity.",Thunderlord Zinogre
https://static.wikia.nocookie.net/monsterhunter/images/1/18/MH4G-Hide_Icon_Light_Green.png,Thunderlord Electrofur,7,2070,"A gold Thunderlord Zinogre pelt. Even on its own, it continues to give off electricity.",Thunderlord Zinogre
https://static.wikia.nocookie.net/monsterhunter/images/7/70/MH4G-Claw_Icon_Yellow.png,Thunderlord Horn,6,1170,"A Thunderlord Zinogre horn. Even on its own, it shines a brilliant gold.",Thunderlord Zinogre
https://static.wikia.nocookie.net/monsterhunter/images/7/70/MH4G-Claw_Icon_Yellow.png,Thunderlord Horn+,7,3510,"A fine Thunderlord Zinogre horn. Even on its own, it shines a brilliant gold.",Thunderlord Zinogre
https://static.wikia.nocookie.net/monsterhunter/images/1/1e/FourthGen-Carapace_Icon_Purple.png,Alatreon Scute,6,(?),"A unique plating that can protect against attacks, and even deflect blows.",Alatreon
https://static.wikia.nocookie.net/monsterhunter/images/a/aa/MH4G-Scale_Icon_Purple.png,Alatreon Plate,6,(?),This particular Alatreon scale grows in backwards. It is as sharp as a blade.,Alatreon
https://static.wikia.nocookie.net/monsterhunter/images/7/7c/MH4G-Claw_Icon_Purple.png,Alatreon Talon,6,(?),A talon capable of making weapons of untold power. Ridiculously sharp.,Alatreon
https://static.wikia.nocookie.net/monsterhunter/images/4/44/MH4G-Monster_Parts_Icon_Purple.png,Alatreon Webbing,6,(?),"At times this looks like a dark abyss; at others, like the coming of first light.",Alatreon
https://static.wikia.nocookie.net/monsterhunter/images/4/44/MH4G-Monster_Parts_Icon_Purple.png,Alatreon Tail,6,(?),"The tail from an Alatreon, previously thought to only have existed in legend.",Alatreon
https://static.wikia.nocookie.net/monsterhunter/images/7/7c/MH4G-Claw_Icon_Purple.png,Brkn Skypiercer,6,(?),A piece of the horn from atop an Alatreon's head. Broken due to the difficulty harvesting it.,Alatreon
https://static.wikia.nocookie.net/monsterhunter/images/7/7c/MH4G-Claw_Icon_Purple.png,Skypiercer,6,(?),Part of an Alatreon's convoluted horns.,Alatreon
https://static.wikia.nocookie.net/monsterhunter/images/f/f0/MH4G-Mantle_Icon_Blue.png,Azure Dragongem,7,(?),The legend to beat all legends. It is said to bring about the end of those who obtain it.,Alatreon
https://static.wikia.nocookie.net/monsterhunter/images/4/45/FourthGen-Carapace_Icon_White.png,Amatsu Carapace,6,5000,Black armor beaten by fierce winds into powerful defense for a celestial god.,Amatsu
https://static.wikia.nocookie.net/monsterhunter/images/9/98/MH4G-Webbing_Icon_White.png,Amatsu Webbing,6,4000,"Ethereal robes that make one appear to float, like something out of a fable.",Amatsu
https://static.wikia.nocookie.net/monsterhunter/images/e/e4/MH4G-Claw_Icon_White.png,Amatsu Horn,6,10000,A horn carved from an Amatsu. The unblemished horns are proof of its strength.,Amatsu
https://static.wikia.nocookie.net/monsterhunter/images/e/e4/MH4G-Claw_Icon_White.png,Amatsu Claw+,6,6000,The incredibly sharp claw of an Amatsu. Just seeing the claw will instill fear of its owner.,Amatsu
https://static.wikia.nocookie.net/monsterhunter/images/b/b4/MH4G-Monster_Parts_Icon_White.png,Amatsu Tail,6,9500,"The tail of the Storm Dragon. It is very tough, which helps maneuverability in the storm.",Amatsu
https://static.wikia.nocookie.net/monsterhunter/images/b/b4/MH4G-Monster_Parts_Icon_White.png,Amatsu Pleura,6,9000,A chestplate that is said to steal the future of those who bathe in its passionate light.,Amatsu
https://static.wikia.nocookie.net/monsterhunter/images/8/82/MH4G-Sac_Icon_White.png,Storm Vesicle,6,4800,Unique organ that stores large amounts of water. Even a sliver can power up your gear.,Amatsu
https://static.wikia.nocookie.net/monsterhunter/images/e/e5/MH4G-Mantle_Icon_Light_Blue.png,Heavenly Dragongem,7,20000,The root of the celestial gods' power. It grants their far-reaching vision.,Amatsu
https://static.wikia.nocookie.net/monsterhunter/images/1/1f/MH4G-Medicine_Icon_Red.png,Elder Dragon Blood,5,1500,"Contains an unknown ingredient, the object of much scholarly research.",Chameleos
https://static.wikia.nocookie.net/monsterhunter/images/c/c6/MH4G-Hide_Icon_Purple.png,Chameleos Hide,4,1250,"This hide is so strange to the touch, you'll want to rub it all over your face.",Chameleos
https://static.wikia.nocookie.net/monsterhunter/images/c/c6/MH4G-Hide_Icon_Purple.png,Chameleos Hide+,6,3750,"Superior hide of Chameleos. Strange to the touch, but very durable.",Chameleos
https://static.wikia.nocookie.net/monsterhunter/images/7/7c/MH4G-Claw_Icon_Purple.png,Chameleos Horn,4,2680,Faintly glows with a white light. Great for interior decorating.,Chameleos
https://static.wikia.nocookie.net/monsterhunter/images/7/7c/MH4G-Claw_Icon_Purple.png,Chameleos Spike,6,22250,"A sharp horn of a Chameleos. Strong and hard, but strangely easy to work with.",Chameleos
https://static.wikia.nocookie.net/monsterhunter/images/7/7c/MH4G-Claw_Icon_Purple.png,Chameleos Claw,4,(?),"Thin, yet incredibly strong and very easy to work with during crafting.",Chameleos
https://static.wikia.nocookie.net/monsterhunter/images/7/7c/MH4G-Claw_Icon_Purple.png,Chameleos Claw+,6,8400,"Sharpened claw of a Chameleos. Small and sharp, but still valued for being easy to work with.",Chameleos
https://static.wikia.nocookie.net/monsterhunter/images/e/e1/MH4G-Webbing_Icon_Purple.png,Chameleos Webbing,4,1760,"Thin, light wing webbing. The inner part of the webbing is highly durable.",Chameleos
https://static.wikia.nocookie.net/monsterhunter/images/4/44/MH4G-Monster_Parts_Icon_Purple.png,Chameleos Tail,4,(?),The distinctive tail of Chameleos. Feels very strange.,Chameleos
https://static.wikia.nocookie.net/monsterhunter/images/7/75/MH4G-Ball_Icon_Purple.png,Chameleos Gem,6,12000,A rare gem formed inside Chameleos. It has a multi-colored glow.,Chameleos
https://static.wikia.nocookie.net/monsterhunter/images/3/39/MH4G-Hide_Icon_White.png,Kirin Hide,4,680,"A rare and lovely hide, but difficult to carve loose and dangerous to handle.",Kirin
https://static.wikia.nocookie.net/monsterhunter/images/3/39/MH4G-Hide_Icon_White.png,Kirin Hide+,6,2100,A rare and lovely hide. This one is undamaged: proof of its former owner's strength.,Kirin
https://static.wikia.nocookie.net/monsterhunter/images/b/b4/MH4G-Monster_Parts_Icon_White.png,Kirin Mane,4,2500,"A rare, dashing mane that retains its dignity even after being cut free.",Kirin
https://static.wikia.nocookie.net/monsterhunter/images/b/b4/MH4G-Monster_Parts_Icon_White.png,Kirin Thundertail,4,4000,"A rare tail, overflowing with elegance, charged with electricity.",Kirin
https://static.wikia.nocookie.net/monsterhunter/images/e/e4/MH4G-Claw_Icon_White.png,Kirin Thunderhorn,4,1800,"The horn of Kirin, as powerful as a lightning bolt. Exquisite material.",Kirin
https://static.wikia.nocookie.net/monsterhunter/images/a/a4/MH4G-Claw_Icon_Blue.png,Kirin Azure Horn,6,5400,"An azure horn, rare even among Kirin Horns. Gives off a divine light.",Kirin
https://static.wikia.nocookie.net/monsterhunter/images/1/1c/FourthGen-Carapace_Icon_Grey.png,Daora Shell,4,1300,The shining silver Kushala Daora shell is solid and highly useful.,Kushala Daora
https://static.wikia.nocookie.net/monsterhunter/images/1/1c/FourthGen-Carapace_Icon_Grey.png,Daora Carapace,6,3900,A shell hardened by time. Crafting it is incredibly difficult.,Kushala Daora
https://static.wikia.nocookie.net/monsterhunter/images/d/d3/MH4G-Scale_Icon_Grey.png,Daora Scale,4,800,A scale that glows a dull silver. Hard enough to serve as an abrasive for weapons.,Kushala Daora
https://static.wikia.nocookie.net/monsterhunter/images/d/d3/MH4G-Scale_Icon_Grey.png,Daora Dragon Scale+,6,2000,High-quality scale from Kushala Daora. It is said to surpass steel.,Kushala Daora
https://static.wikia.nocookie.net/monsterhunter/images/0/07/MH4G-Webbing_Icon_Grey.png,Daora Webbing,4,1800,Hard to craft but highly compatible with metals. Valued for its light weight.,Kushala Daora
https://static.wikia.nocookie.net/monsterhunter/images/5/5c/MH4G-Claw_Icon_Grey.png,Daora Horn,4,2450,The gallant horn of Daora. Using it requires extra-ordinary experience.,Kushala Daora
https://static.wikia.nocookie.net/monsterhunter/images/5/5c/MH4G-Claw_Icon_Grey.png,Daora Horn+,6,9000,A fierce-looking horn that instantly robs the body of cold if handled improperly.,Kushala Daora
https://static.wikia.nocookie.net/monsterhunter/images/e/e8/MH4G-Monster_Parts_Icon_Grey.png,Daora Tail,6,7000,Cut from Kushala Daora. Incredibly destructive power contained within.,Kushala Daora
https://static.wikia.nocookie.net/monsterhunter/images/5/5c/MH4G-Claw_Icon_Grey.png,Daora Claw,4,2100,"Kushala Daora's claw. As hard as ore, it cannot be used by ordinary crafters.",Kushala Daora
https://static.wikia.nocookie.net/monsterhunter/images/5/5c/MH4G-Claw_Icon_Grey.png,Daora Claw+,6,6300,Even now the black gleam of this claw seems to emit a life force.,Kushala Daora
https://static.wikia.nocookie.net/monsterhunter/images/5/5b/MH4G-Ball_Icon_Grey.png,Daora Gem,7,12000,A rare gem formed inside a Daora. Its glow is breathtaking.,Kushala Daora
https://static.wikia.nocookie.net/monsterhunter/images/f/ff/MH4G-Bone_Icon_White.png,Nakarkos Husk,4,1760,"The outer shell covering the Nakarkos. Used for crafting, but not much else is known.",Nakarkos
https://static.wikia.nocookie.net/monsterhunter/images/f/ff/MH4G-Bone_Icon_White.png,Nakarkos Husk+,6,5300,Bones that have become hardened somehow due to the fluid of a Nakarkos.,Nakarkos
https://static.wikia.nocookie.net/monsterhunter/images/4/45/FourthGen-Carapace_Icon_White.png,Nakarkos Shell,4,1360,The outer shell covering the Nakarkos. Its properties make for great armor.,Nakarkos
https://static.wikia.nocookie.net/monsterhunter/images/4/45/FourthGen-Carapace_Icon_White.png,Nakarkos Shell+,6,4100,"A spiny outer shell, it has undergone many changes overtime, making it quite unique.",Nakarkos
https://static.wikia.nocookie.net/monsterhunter/images/f/ff/MH4G-Bone_Icon_White.png,Nakarkos Skull,4,3000,A horrifying skull that strikes fear into the hearts of all who see it.,Nakarkos
https://static.wikia.nocookie.net/monsterhunter/images/f/ff/MH4G-Bone_Icon_White.png,Nakarkos Vertabra,4,2400,The sound of this bone terrifies all who hear it. Surprisingly easy to work with.,Nakarkos
https://static.wikia.nocookie.net/monsterhunter/images/1/14/FourthGen-Hide_Icon_Dark_Blue.png,Nakarkos Hide,6,4000,The beautiful blue hide of a Nakarkos. It is hard to tear despite its elasticity.,Nakarkos
https://static.wikia.nocookie.net/monsterhunter/images/a/ac/FourthGen-Carapace_Icon_Dark_Blue.png,Nakarkos Arm Brace,6,5800,A keratinized brace from the oral arm of a Nakarkos. Hard and oozing a strong adhesive.,Nakarkos
https://static.wikia.nocookie.net/monsterhunter/images/e/e4/MH4G-Claw_Icon_White.png,Nakarkos Fang,6,6600,One of countless fangs in the mouth of a Nakarkos. It can crunch through bone with ease.,Nakarkos
https://static.wikia.nocookie.net/monsterhunter/images/f/ff/MH4G-Bone_Icon_White.png,Nakarkos Cuttlebone,6,6100,A small white bone that is found inside the body of a Nakarkos.,Nakarkos
https://static.wikia.nocookie.net/monsterhunter/images/a/ac/MH4G-Ball_Icon_Blue.png,Nakarkos Soul Orb,7,20000,A jewel formed in a Nakarkos from the remains of the endless prey it has devoured.,Nakarkos
https://static.wikia.nocookie.net/monsterhunter/images/c/c9/MH4G-Medicine_Icon_Blue.png,Radiant Mucus,4,1660,A viscous liquid produced by the Nakarkos. It gives off an ominous glow.,Nakarkos
https://static.wikia.nocookie.net/monsterhunter/images/c/c9/MH4G-Medicine_Icon_Blue.png,Radiant Mucus+,6,4000,Nakarkos mucus is said to help prevent the deterioration of bone materials.,Nakarkos
https://static.wikia.nocookie.net/monsterhunter/images/3/3f/MH4G-Scale_Icon_White.png,S.Magala Scale,4,700,"A shining scale just shy of blinding white. Dignified, like an ancient dragon.",Shagaru Magala
https://static.wikia.nocookie.net/monsterhunter/images/3/3f/MH4G-Scale_Icon_White.png,S.Magala Scale+,6,1650,A golden-white scale whose light stays with the eye through a thousand nights.,Shagaru Magala
https://static.wikia.nocookie.net/monsterhunter/images/4/45/FourthGen-Carapace_Icon_White.png,S.Magala Shell,4,550,A layered shell from which scratches seem to disappear before one's very eyes.,Shagaru Magala
https://static.wikia.nocookie.net/monsterhunter/images/4/45/FourthGen-Carapace_Icon_White.png,S.Magala Carapace,6,1500,Celestial armor the Shagaru Magala once wore: an impervious font of light.,Shagaru Magala
https://static.wikia.nocookie.net/monsterhunter/images/b/b4/MH4G-Monster_Parts_Icon_White.png,S.Magala Prismwing,4,1270,A newly grown wing whose seemingly airy membranes belie rock-like strength.,Shagaru Magala
https://static.wikia.nocookie.net/monsterhunter/images/b/b4/MH4G-Monster_Parts_Icon_White.png,S.Magala Prismwing+,6,2730,A wing that casts iridescent light in the sun. Thinner wings sell at higher prices.,Shagaru Magala
https://static.wikia.nocookie.net/monsterhunter/images/e/e4/MH4G-Claw_Icon_White.png,S.Magala Caress,4,880,A claw with a mystic shimmer that hardens with age. Used like a tree's growth rings.,Shagaru Magala
https://static.wikia.nocookie.net/monsterhunter/images/e/e4/MH4G-Claw_Icon_White.png,S.Magala Caress+,6,2050,"A tender claw that hardens only in the face of danger, then kills softly.",Shagaru Magala
https://static.wikia.nocookie.net/monsterhunter/images/b/b4/MH4G-Monster_Parts_Icon_White.png,S.Magala Tail,4,1430,A white tail whose sheer muscularity is concealed by a coat of bristly scales.,Shagaru Magala
https://static.wikia.nocookie.net/monsterhunter/images/3/3f/MH4G-Scale_Icon_White.png,S.Magala Plate,6,6550,A back scale claimed only by hunters who stand beneath the beast's wings and survive.,Shagaru Magala
https://static.wikia.nocookie.net/monsterhunter/images/3/38/MH4G-Ball_Icon_White.png,S.Magala Phosgem,7,10000,A pure jewel of light that ignites the skies and eradicates all darkness.,Shagaru Magala
https://static.wikia.nocookie.net/monsterhunter/images/e/e4/MH4G-Claw_Icon_White.png,S.Magala Horn,4,1600,A hardened sensory organ. The Frenzy's madness is still locked inside.,Shagaru Magala
https://static.wikia.nocookie.net/monsterhunter/images/e/e4/MH4G-Claw_Icon_White.png,S.Magala Horn+,6,3000,A heroic arch whose hues have been changed; even now the Frenzy pollutes it.,Shagaru Magala
https://static.wikia.nocookie.net/monsterhunter/images/3/3f/MH4G-Scale_Icon_White.png,Pure Scale,4,720,A scale of forbidden white whose complete lack of impurities is truly rare.,Shagaru Magala
https://static.wikia.nocookie.net/monsterhunter/images/9/9c/FourthGen-Carapace_Icon_Red.png,Teostra Shell,4,1800,The red hot shell of Teostra. It proves its domain over all fire.,Teostra
https://static.wikia.nocookie.net/monsterhunter/images/9/9c/FourthGen-Carapace_Icon_Red.png,Teostra Carapace,6,4500,Harder than Teostra Shell. Looks like red-hot steel; particularly eye catching.,Teostra
https://static.wikia.nocookie.net/monsterhunter/images/8/8b/MH4G-Monster_Parts_Icon_Red.png,Teostra Mane,4,1900,This majestic mane is a sure sign of Teostra's regality.,Teostra
https://static.wikia.nocookie.net/monsterhunter/images/8/8b/MH4G-Monster_Parts_Icon_Red.png,Teostra Tail,4,2500,"Covered in red scales, the tree like tail of Teostra is incredibly hard to cut.",Teostra
https://static.wikia.nocookie.net/monsterhunter/images/c/c9/MH4G-Claw_Icon_Red.png,Teostra Horn,4,2000,A horn that displays the power of Teostra. Hunters wither before its might.,Teostra
https://static.wikia.nocookie.net/monsterhunter/images/c/c9/MH4G-Claw_Icon_Red.png,Teostra Horn+,6,6000,A sharp horn that burns with the fury of Teostra. It is tinged with fire.,Teostra
https://static.wikia.nocookie.net/monsterhunter/images/2/21/MH4G-Scale_Icon_Red.png,Fire Dragon Scale,4,1050,A scalding hot scale. It'll take your fingerprints right off.,Teostra
https://static.wikia.nocookie.net/monsterhunter/images/2/21/MH4G-Scale_Icon_Red.png,Fire Dragon Scale+,6,2100,A scale from a majestic fire dragon. It burns with hot fire from within.,Teostra
https://static.wikia.nocookie.net/monsterhunter/images/c/c9/MH4G-Claw_Icon_Red.png,Fire Dragon Claw,4,1200,"A sharp, glowing Fire Dragon claw. Hard even for experts to craft.",Teostra
https://static.wikia.nocookie.net/monsterhunter/images/c/c9/MH4G-Claw_Icon_Red.png,Teostra Claw+,6,5300,A death sentence to he who tries to elude the dragon's flames. Still feels hot.,Teostra
https://static.wikia.nocookie.net/monsterhunter/images/b/b9/MH4G-Webbing_Icon_Red.png,Teostra Webbing,4,1600,Wing webbing carved from a fire dragon. A marvelous material with many uses.,Teostra
https://static.wikia.nocookie.net/monsterhunter/images/1/15/MH4G-Sac_Icon_Red.png,Teostra Powder,6,3250,Powder from fire dragon wings. Said to magnify a material's abilities.,Teostra
https://static.wikia.nocookie.net/monsterhunter/images/3/35/MH4G-Ball_Icon_Red.png,Teostra Gem,7,12000,A rare gem formed inside a fire dragon. Flickers with ferocious flames.,Teostra
